potential,mode,method,n_frames,stride,n_trajs,seed,k_true,k_visited,min_basin_frac,k_bic,ari_bic,nmi_bic,hit_ceiling_bic,k_aic,ari_aic,nmi_aic,hit_ceiling_aic,k_icl,ari_icl,nmi_icl,hit_ceiling_icl,k_silhouette,ari_silhouette,nmi_silhouette,hit_ceiling_silhouette,k_elbow_gap,ari_elbow_gap,nmi_elbow_gap,hit_ceiling_elbow_gap,ari_oracle_k,nmi_oracle_k,pop_l1_bic,bic_curve,runtime_s
mueller_brown,short,pca,250,10,1,0,3,1,0.0,1,1.0,1.0,0,14,0.0,0.0,0,1,1.0,1.0,0,2,0.0,0.0,0,2,0.0,0.0,0,0.0,0.0,0.0,"{""1"": 1276.3498839543904, ""2"": 1287.2166031910856, ""3"": 1292.2316175484368, ""4"": 1316.0755931352376, ""5"": 1339.2561719687121, ""6"": 1364.33133361998, ""7"": 1387.8526755181258, ""8"": 1410.8893335038024, ""9"": 1432.1960642201734, ""10"": 1444.7007179943425, ""11"": 1475.3258882000562, ""12"": 1490.945549109643, ""13"": 1514.1955090164042, ""14"": 1517.5811465211495, ""15"": 1548.9341155722273}",1.6258530616760254
mueller_brown,short,pca,250,10,1,1,3,2,0.0,6,0.2577789161780311,0.4375583822565995,0,12,0.1486367620806248,0.37547881895701907,0,5,0.2949372830176006,0.46590771785965324,0,3,0.3865968996362428,0.5044040173042852,0,2,0.5863492385538849,0.564255080908446,0,0.3865968996362428,0.5044040173042852,0.9359999999999999,"{""1"": 1683.2798323842644, ""2"": 1234.6929976732138, ""3"": 1101.0967443076943, ""4"": 1013.6981202448853, ""5"": 985.4775124225637, ""6"": 978.0895633470392, ""7"": 983.5768043175694, ""8"": 991.8466468643384, ""9"": 1006.1655139048066, ""10"": 1021.0126188274799, ""11"": 1021.4275894131019, ""12"": 1032.2113351238886, ""13"": 1057.7052701524387, ""14"": 1081.6719909749033, ""15"": 1116.0234085708535}",1.0211687088012695
mueller_brown,short,pca,250,10,1,2,3,1,0.0,2,0.0,0.0,0,2,0.0,0.0,0,1,1.0,1.0,0,2,0.0,0.0,0,2,0.0,0.0,0,0.0,0.0,0.784,"{""1"": 1261.813622850289, ""2"": 1250.3979732922692, ""3"": 1273.9135098495287, ""4"": 1296.3231836137575, ""5"": 1325.1502207831418, ""6"": 1345.464171202165, ""7"": 1372.6624335554905, ""8"": 1378.1865954441573, ""9"": 1406.9308344653523, ""10"": 1441.0523579400744, ""11"": 1457.8064513615038, ""12"": 1482.969537127128, ""13"": 1505.4136461747753, ""14"": 1519.2901124850664, ""15"": 1554.6699339046145}",1.0918941497802734
mueller_brown,short,pca,250,10,1,3,3,2,0.0,2,0.0016989719359599192,0.008916846026233535,0,11,0.0016747329064521134,0.01289788309070715,0,1,0.0,0.0,0,2,0.0016989719359599192,0.008916846026233535,0,2,0.0016989719359599192,0.008916846026233535,0,0.0017454371066538367,0.009489575834769283,0.8959999999999999,"{""1"": 1299.828879405748, ""2"": 1271.4552981103136, ""3"": 1283.4544860244664, ""4"": 1312.1255162591208, ""5"": 1323.3840349563577, ""6"": 1345.962988882497, ""7"": 1364.9830525093805, ""8"": 1386.586376672019, ""9"": 1396.9730476984837, ""10"": 1426.5210844757487, ""11"": 1427.5052129488777, ""12"": 1459.5234616005578, ""13"": 1492.5058879264227, ""14"": 1509.765295830022, ""15"": 1519.0500850445037}",1.1641716957092285
mueller_brown,short,pca,250,10,1,4,3,1,0.0,1,1.0,1.0,0,10,0.0,0.0,0,1,1.0,1.0,0,2,0.0,0.0,0,2,0.0,0.0,0,0.0,0.0,0.0,"{""1"": 1224.4138866467856, ""2"": 1238.9891398501663, ""3"": 1260.3252403190293, ""4"": 1277.9661234901482, ""5"": 1303.8316692973528, ""6"": 1324.8386076105876, ""7"": 1351.0209216160513, ""8"": 1380.6346860828567, ""9"": 1408.8741605598088, ""10"": 1404.084181376916, ""11"": 1431.4995668644328, ""12"": 1451.3992674221847, ""13"": 1488.7363925476689, ""14"": 1521.4175455650827, ""15"": 1516.8325282980568}",0.9907019138336182
mueller_brown,short,pca,250,10,1,5,3,1,0.0,1,1.0,1.0,0,7,0.0,0.0,0,1,1.0,1.0,0,2,0.0,0.0,0,2,0.0,0.0,0,0.0,0.0,0.0,"{""1"": 1175.317619791821, ""2"": 1194.9229431345882, ""3"": 1205.3981089632978, ""4"": 1227.5589574538317, ""5"": 1253.8079974663674, ""6"": 1267.9301706296824, ""7"": 1287.2385863446746, ""8"": 1315.218354837104, ""9"": 1349.781298065372, ""10"": 1372.5199406173622, ""11"": 1393.0042268764066, ""12"": 1405.3912924483075, ""13"": 1439.0701945647802, ""14"": 1449.5515530199968, ""15"": 1488.648402978325}",1.1063652038574219
mueller_brown,short,pca,250,10,1,6,3,1,0.0,1,1.0,1.0,0,5,0.0,0.0,0,1,1.0,1.0,0,2,0.0,0.0,0,2,0.0,0.0,0,0.0,0.0,0.0,"{""1"": 1189.864257704206, ""2"": 1191.0493265072098, ""3"": 1213.9892885316017, ""4"": 1225.9422035123184, ""5"": 1245.1629706611318, ""6"": 1277.3343445659034, ""7"": 1300.469568582869, ""8"": 1315.3864288209602, ""9"": 1334.2395001781042, ""10"": 1356.7078382473733, ""11"": 1392.267276953961, ""12"": 1419.5167591189534, ""13"": 1435.897119317879, ""14"": 1435.75285733348, ""15"": 1478.4402856372462}",1.1172120571136475
mueller_brown,short,pca,250,10,1,7,3,1,0.0,1,1.0,1.0,0,13,0.0,0.0,0,1,1.0,1.0,0,4,0.0,0.0,0,2,0.0,0.0,0,0.0,0.0,0.0,"{""1"": 1171.2257044197095, ""2"": 1175.8694775130982, ""3"": 1203.3194918141119, ""4"": 1218.1645948998198, ""5"": 1251.0459143999635, ""6"": 1267.7347168160918, ""7"": 1297.3954966226536, ""8"": 1321.444454068198, ""9"": 1343.2157812243508, ""10"": 1370.0385485818115, ""11"": 1385.133206138307, ""12"": 1404.114712825495, ""13"": 1408.0672008625177, ""14"": 1443.068815974932, ""15"": 1460.7678409415394}",1.1164357662200928
mueller_brown,short,pca,250,10,1,8,3,1,0.0,2,0.0,0.0,0,5,0.0,0.0,0,1,1.0,1.0,0,2,0.0,0.0,0,2,0.0,0.0,0,0.0,0.0,0.8720000000000001,"{""1"": 1272.6699417918326, ""2"": 1267.295523933958, ""3"": 1279.5491666488635, ""4"": 1299.988669225273, ""5"": 1319.0568058859371, ""6"": 1341.4719060373068, ""7"": 1370.7459343860662, ""8"": 1395.1097050839699, ""9"": 1408.7430699966035, ""10"": 1441.3585198478384, ""11"": 1468.0835932782784, ""12"": 1474.6595546784251, ""13"": 1498.3801625286583, ""14"": 1534.490932634847, ""15"": 1544.0724279097726}",1.1273040771484375
mueller_brown,short,pca,250,10,1,9,3,2,0.0,6,0.20478801217865822,0.3947282133285799,0,10,0.1299369624127,0.3552080513936425,0,5,0.21619993787510386,0.40909844674608636,0,2,0.7468260971377505,0.671987983517153,0,2,0.7468260971377505,0.671987983517153,0,0.3514736503363101,0.4813980137099234,1.0,"{""1"": 1710.4921679816855, ""2"": 1206.4302639188643, ""3"": 1086.4741872116917, ""4"": 978.1450111165202, ""5"": 954.7698136463893, ""6"": 948.4674347484674, ""7"": 952.3885779305745, ""8"": 960.8888351998322, ""9"": 966.7049175817485, ""10"": 981.1949069924874, ""11"": 1005.9699275372841, ""12"": 1036.8403066705278, ""13"": 1045.1442030180472, ""14"": 1069.6548741398387, ""15"": 1097.0282448210005}",1.1366057395935059
mueller_brown,short,pca,250,10,1,10,3,2,0.0,5,0.23294173998790504,0.43498565758247587,0,15,0.09452096764208974,0.32119728493546795,1,3,0.368886378284826,0.5230393036354005,0,2,0.7582184505088329,0.6792277368117994,0,2,0.7582184505088329,0.6792277368117994,0,0.368886378284826,0.5230393036354005,0.984,"{""1"": 1636.254152010657, ""2"": 1172.813868077815, ""3"": 1018.876243430656, ""4"": 1008.4594189852694, ""5"": 973.0366845292181, ""6"": 982.3900194586741, ""7"": 981.4574710520264, ""8"": 994.6170467470495, ""9"": 997.233934211259, ""10"": 1043.0444633106438, ""11"": 1061.7873577850885, ""12"": 1060.8105184759338, ""13"": 1083.8730364581418, ""14"": 1109.6482592566742, ""15"": 1107.3918978571728}",1.1686618328094482
mueller_brown,short,pca,250,10,1,11,3,1,0.0,1,1.0,1.0,0,3,0.0,0.0,0,1,1.0,1.0,0,2,0.0,0.0,0,2,0.0,0.0,0,0.0,0.0,0.0,"{""1"": 1161.2346711235928, ""2"": 1181.6925183543935, ""3"": 1192.548792271218, ""4"": 1216.5198519383664, ""5"": 1244.0716510474915, ""6"": 1268.4339073332267, ""7"": 1294.0198775237218, ""8"": 1327.349445389751, ""9"": 1351.0695347038945, ""10"": 1372.5294574409916, ""11"": 1378.9536722796797, ""12"": 1431.1343299778378, ""13"": 1439.603220137102, ""14"": 1459.1783712732272, ""15"": 1465.4763354136667}",0.9955832958221436
mueller_brown,short,pca,250,10,1,12,3,1,0.0,2,0.0,0.0,0,13,0.0,0.0,0,1,1.0,1.0,0,2,0.0,0.0,0,2,0.0,0.0,0,0.0,0.0,0.784,"{""1"": 1286.0972893564103, ""2"": 1251.022288163607, ""3"": 1258.3474399565748, ""4"": 1279.9150909984737, ""5"": 1293.565564442745, ""6"": 1324.195027763245, ""7"": 1338.6398174189317, ""8"": 1380.4333882171045, ""9"": 1394.829550805141, ""10"": 1388.4585777512807, ""11"": 1444.4309727021862, ""12"": 1474.389653887419, ""13"": 1448.0736517083099, ""14"": 1494.5523173825934, ""15"": 1510.7014233442278}",0.9207510948181152
mueller_brown,short,pca,250,10,1,13,3,1,0.0,2,0.0,0.0,0,6,0.0,0.0,0,1,1.0,1.0,0,2,0.0,0.0,0,2,0.0,0.0,0,0.0,0.0,0.6559999999999999,"{""1"": 1274.1125224543705, ""2"": 1254.953056138387, ""3"": 1262.4563971379387, ""4"": 1265.6202275353257, ""5"": 1283.8738926826397, ""6"": 1286.2070768131339, ""7"": 1309.7034956961243, ""8"": 1339.9512813909555, ""9"": 1371.1928244640058, ""10"": 1387.8843702970082, ""11"": 1421.8996295674829, ""12"": 1441.6113865422324, ""13"": 1477.390813243474, ""14"": 1469.5937889858474, ""15"": 1503.5614321715861}",1.0697028636932373
mueller_brown,short,pca,250,10,1,14,3,1,0.0,2,0.0,0.0,0,4,0.0,0.0,0,1,1.0,1.0,0,2,0.0,0.0,0,2,0.0,0.0,0,0.0,0.0,0.8720000000000001,"{""1"": 1284.2791609029287, ""2"": 1283.9843503782877, ""3"": 1297.6973017380478, ""4"": 1303.2591720306154, ""5"": 1328.2303206163824, ""6"": 1355.521836884077, ""7"": 1378.4772698337283, ""8"": 1401.0046591396203, ""9"": 1416.6398323869817, ""10"": 1449.411207450474, ""11"": 1468.8924465049165, ""12"": 1500.3311817199058, ""13"": 1513.1833336166285, ""14"": 1541.428772875595, ""15"": 1565.899000223401}",0.958458423614502
mueller_brown,short,pca,250,10,1,15,3,1,0.0,2,0.0,0.0,0,12,0.0,0.0,0,1,1.0,1.0,0,2,0.0,0.0,0,2,0.0,0.0,0,0.0,0.0,0.784,"{""1"": 1330.5060331036498, ""2"": 1287.8347862595517, ""3"": 1289.329472045848, ""4"": 1290.7964672252056, ""5"": 1336.8997486822957, ""6"": 1331.6589863974077, ""7"": 1327.3488149337784, ""8"": 1343.1612013469712, ""9"": 1378.3632836072015, ""10"": 1394.1939313081602, ""11"": 1416.8458672064826, ""12"": 1426.1851042700732, ""13"": 1455.9941833683283, ""14"": 1479.5783730276567, ""15"": 1493.1684127993497}",1.0819473266601562
mueller_brown,short,pca,250,10,1,16,3,2,0.0,3,0.028355258077533974,0.058942286405126824,0,10,0.007888863484499797,0.061584743873020105,0,2,0.05832729655052379,0.061007043169975496,0,3,0.028355258077533974,0.058942286405126824,0,2,0.05832729655052379,0.061007043169975496,0,0.028355258077533974,0.058942286405126824,0.9759999999999999,"{""1"": 1444.9584371173319, ""2"": 1328.1583508315223, ""3"": 1311.1782140944142, ""4"": 1332.2658211930438, ""5"": 1352.6372859627734, ""6"": 1368.179358855507, ""7"": 1390.782863055429, ""8"": 1403.7732229038998, ""9"": 1421.191150082263, ""10"": 1435.262073724871, ""11"": 1458.3031297521966, ""12"": 1491.4916342515567, ""13"": 1513.3860957603415, ""14"": 1534.1321736951663, ""15"": 1564.6301370520573}",0.9922871589660645
mueller_brown,short,pca,250,10,1,17,3,1,0.0,2,0.0,0.0,0,7,0.0,0.0,0,2,0.0,0.0,0,2,0.0,0.0,0,2,0.0,0.0,0,0.0,0.0,0.544,"{""1"": 1371.2733319998881, ""2"": 1284.5668361618164, ""3"": 1302.678444797006, ""4"": 1287.7804009571323, ""5"": 1303.570326616763, ""6"": 1327.1770855428517, ""7"": 1331.6604756781956, ""8"": 1365.1915272486922, ""9"": 1382.3540063259097, ""10"": 1403.084152436952, ""11"": 1426.385023299966, ""12"": 1448.2017597537538, ""13"": 1467.8781437613593, ""14"": 1484.6517633507, ""15"": 1509.8008789237329}",1.2065818309783936
mueller_brown,short,pca,250,10,1,18,3,2,0.0,5,0.19138597051002418,0.3830570517661762,0,15,0.08583583546361939,0.2842366695635488,1,5,0.19138597051002418,0.3830570517661762,0,2,0.36080884374398164,0.3675990346263914,0,2,0.36080884374398164,0.3675990346263914,0,0.1775998029118052,0.31748450807337225,1.024,"{""1"": 1553.887741883847, ""2"": 1166.1555405492898, ""3"": 1096.4730449351473, ""4"": 1018.5421322946456, ""5"": 1013.6650519046711, ""6"": 1019.6718984040538, ""7"": 1030.9925334251736, ""8"": 1037.9707953530592, ""9"": 1034.2009194632246, ""10"": 1038.7825155880582, ""11"": 1054.257905338734, ""12"": 1076.8602390945848, ""13"": 1093.6051178995851, ""14"": 1114.0912844544328, ""15"": 1125.696127049644}",1.1261756420135498
mueller_brown,short,pca,250,10,1,19,3,2,0.0,6,0.29996924427337546,0.48404526016203225,0,15,0.17303639043655508,0.4112881006060847,1,6,0.29996924427337546,0.48404526016203225,0,2,0.8301174767695827,0.7710857969663111,0,2,0.8301174767695827,0.7710857969663111,0,0.5750048941857073,0.6431685210517484,1.04,"{""1"": 1750.85497809931, ""2"": 1140.9371663563008, ""3"": 1005.3258084577536, ""4"": 951.7442049476231, ""5"": 893.1054259674918, ""6"": 858.4113412632607, ""7"": 876.7436237790985, ""8"": 898.340277603701, ""9"": 919.4980647581699, ""10"": 938.4160400429225, ""11"": 958.7491842225211, ""12"": 988.7454781812221, ""13"": 1003.1896893005696, ""14"": 1018.1261981473117, ""15"": 1036.8414890783863}",1.2210562229156494
mueller_brown,short,pca,500,10,1,0,3,1,0.0,2,0.0,0.0,0,9,0.0,0.0,0,1,1.0,1.0,0,2,0.0,0.0,0,2,0.0,0.0,0,0.0,0.0,0.8640000000000001,"{""1"": 2540.0191704187414, ""2"": 2510.03338521695, ""3"": 2522.601647937308, ""4"": 2547.410975137529, ""5"": 2569.9909960421037, ""6"": 2584.9490413344656, ""7"": 2613.587149455077, ""8"": 2641.2674360046185, ""9"": 2660.182922463604, ""10"": 2693.0400215907753, ""11"": 2735.779199889106, ""12"": 2741.7234753354182, ""13"": 2786.2197733508906, ""14"": 2814.6460481897516, ""15"": 2837.9474834513176}",1.4756379127502441
mueller_brown,short,pca,500,10,1,1,3,2,0.0,8,0.17787847366000714,0.3825607987261796,0,15,0.13018900733053812,0.35219009881319485,1,6,0.22955708100243177,0.41593750314946076,0,2,0.5853075396104912,0.5577637487754797,0,2,0.5853075396104912,0.5577637487754797,0,0.43229041444099375,0.5375028065701248,1.1440000000000001,"{""1"": 3346.701198379191, ""2"": 2381.521958251139, ""3"": 2153.332675693093, ""4"": 1991.0083191320566, ""5"": 1903.9863038779024, ""6"": 1883.8813942393929, ""7"": 1848.910560729317, ""8"": 1841.8538067958953, ""9"": 1847.0098988844882, ""10"": 1882.9516871828332, ""11"": 1886.741694495917, ""12"": 1903.9642348251039, ""13"": 1942.6285403134889, ""14"": 1960.4874658096628, ""15"": 1959.1335119776672}",1.9151122570037842
mueller_brown,short,pca,500,10,1,2,3,2,0.0,7,0.05356045565310302,0.2014699955471492,0,14,0.025974824175951903,0.15310518299777184,0,2,0.5271564267730829,0.42799718008835785,0,2,0.5271564267730829,0.42799718008835785,0,3,0.16832436960902564,0.332054297783199,0,0.16832436960902564,0.332054297783199,1.34,"{""1"": 3300.2683989833763, ""2"": 2497.472071962885, ""3"": 2376.8665461574014, ""4"": 2330.5147888703546, ""5"": 2321.9815372942367, ""6"": 2312.5836477089238, ""7"": 2307.7720608606096, ""8"": 2325.380310225647, ""9"": 2349.8635895082152, ""10"": 2363.8403595602736, ""11"": 2386.948175201137, ""12"": 2423.5508777303103, ""13"": 2446.712103057958, ""14"": 2461.826199323144, ""15"": 2504.6476115659957}",1.6444506645202637
mueller_brown,short,pca,500,10,1,3,3,2,0.0,2,0.0029871533343214995,0.0060428868038408644,0,9,0.0006591452063323678,0.005383719527962929,0,1,0.0,0.0,0,2,0.0029871533343214995,0.0060428868038408644,0,2,0.0029871533343214995,0.0060428868038408644,0,0.0019084536126999895,0.005909171483193541,0.724,"{""1"": 2499.125244786511, ""2"": 2449.712386223274, ""3"": 2460.139061858492, ""4"": 2474.7690530600667, ""5"": 2504.236692276462, ""6"": 2534.4678675598266, ""7"": 2551.259133289378, ""8"": 2574.884985055343, ""9"": 2599.62197040815, ""10"": 2630.5868034798727, ""11"": 2657.4554488678905, ""12"": 2687.0015799969738, ""13"": 2724.6226369874944, ""14"": 2740.7241434577954, ""15"": 2775.6573338362386}",1.4155793190002441
mueller_brown,short,pca,500,10,1,4,3,3,0.018,6,0.13051640230541997,0.32879637056070954,0,13,0.057300670108335214,0.26827527911224314,0,2,0.9412702881874122,0.8377954244131575,0,2,0.9412702881874122,0.8377954244131575,0,2,0.9412702881874122,0.8377954244131575,0,0.30142291842793845,0.48616548522339,1.036,"{""1"": 3382.64324273987, ""2"": 2402.2552665663598, ""3"": 2305.1455391514523, ""4"": 2292.0235258530874, ""5"": 2246.6693185325785, ""6"": 2202.9906407056624, ""7"": 2216.3555232238123, ""8"": 2230.71430934404, ""9"": 2253.742509451343, ""10"": 2282.2210545846683, ""11"": 2312.927639309508, ""12"": 2324.0851195482346, ""13"": 2346.8685457965394, ""14"": 2374.7680304132327, ""15"": 2403.9900633609377}",1.751439094543457
mueller_brown,short,pca,500,10,1,5,3,1,0.0,1,1.0,1.0,0,8,0.0,0.0,0,1,1.0,1.0,0,2,0.0,0.0,0,2,0.0,0.0,0,0.0,0.0,0.0,"{""1"": 2417.903519880309, ""2"": 2428.113169015135, ""3"": 2452.432748814895, ""4"": 2461.891099011511, ""5"": 2462.5827070971936, ""6"": 2490.7585172947447, ""7"": 2525.105179853941, ""8"": 2538.3691722300746, ""9"": 2580.8358629191684, ""10"": 2593.962010770412, ""11"": 2627.5954893402522, ""12"": 2657.2310605673315, ""13"": 2676.2072077158346, ""14"": 2702.8107437768804, ""15"": 2734.751176414445}",1.6106219291687012
mueller_brown,short,pca,500,10,1,6,3,1,0.0,2,0.0,0.0,0,4,0.0,0.0,0,1,1.0,1.0,0,2,0.0,0.0,0,2,0.0,0.0,0,0.0,0.0,0.992,"{""1"": 2395.7571218754833, ""2"": 2352.3943243172043, ""3"": 2377.4612048345984, ""4"": 2373.7301053818323, ""5"": 2406.178401352351, ""6"": 2438.6870468028237, ""7"": 2461.7856016093624, ""8"": 2490.8975235339853, ""9"": 2512.0397591575843, ""10"": 2558.3962586073394, ""11"": 2587.7552446554446, ""12"": 2610.247472012958, ""13"": 2647.097226530634, ""14"": 2670.0121637016077, ""15"": 2687.664048545494}",1.5946834087371826
mueller_brown,short,pca,500,10,1,7,3,2,0.0,6,0.01062858469354092,0.05005310020840669,0,15,0.002972145757399772,0.030348533022131426,1,2,0.0797578764402818,0.07055516399580979,0,2,0.0797578764402818,0.07055516399580979,0,2,0.0797578764402818,0.07055516399580979,0,0.023371788182194972,0.05250031540196448,1.272,"{""1"": 2671.2213629328744, ""2"": 2394.4326351816535, ""3"": 2329.4785832317248, ""4"": 2332.7523661575106, ""5"": 2324.825466232337, ""6"": 2323.941163421335, ""7"": 2337.0242484682585, ""8"": 2375.3381881585115, ""9"": 2381.1580975775246, ""10"": 2404.233913349, ""11"": 2424.0984933411355, ""12"": 2460.1172355173717, ""13"": 2482.845772652005, ""14"": 2503.8338117081084, ""15"": 2524.9470310109737}",1.59787917137146
mueller_brown,short,pca,500,10,1,8,3,3,0.116,9,0.287821058715972,0.5617032504505108,0,15,0.20928388806312537,0.5027918221873583,1,5,0.46137122919484813,0.6898877775373418,0,2,0.9021111364960117,0.8561066431132552,0,2,0.9021111364960117,0.8561066431132552,0,0.5507918203979966,0.6773938447507433,0.8360000000000001,"{""1"": 3848.377556300396, ""2"": 2327.787663955234, ""3"": 2094.3595930256033, ""4"": 2004.633661683108, ""5"": 1929.7221221131074, ""6"": 1923.9105397545661, ""7"": 1913.1543499286697, ""8"": 1941.563263988355, ""9"": 1903.301458632724, ""10"": 1924.0300644740792, ""11"": 1950.093473272831, ""12"": 1964.4965523584608, ""13"": 1972.3668574410608, ""14"": 1990.0227986394093, ""15"": 1997.2422533794172}",1.7666616439819336
mueller_brown,short,pca,500,10,1,9,3,3,0.164,7,0.509615425994519,0.6710742745881733,0,15,0.2846016392962561,0.5526393436072151,1,4,0.7588370017282859,0.800296850474109,0,3,0.8918966186790273,0.8772100194552006,0,2,0.7220965010467758,0.7951721587305686,0,0.8918966186790273,0.8772100194552006,0.716,"{""1"": 4050.3672704178352, ""2"": 2368.0767372099003, ""3"": 2051.4354345804554, ""4"": 1935.8369021028336, ""5"": 1854.0151541194389, ""6"": 1842.7429215622187, ""7"": 1834.8803531694543, ""8"": 1835.4190735635136, ""9"": 1857.3346429274197, ""10"": 1855.1695703659752, ""11"": 1840.7602867247683, ""12"": 1843.3872740732133, ""13"": 1866.3181024374708, ""14"": 1882.6377793666825, ""15"": 1900.9759978200163}",1.948829174041748
mueller_brown,short,pca,500,10,1,10,3,3,0.152,9,0.3868971935274101,0.6325510885721964,0,14,0.2770662874695506,0.5508497361304198,0,4,0.6483670917524297,0.7837740305485023,0,2,0.6740664447228845,0.7686094748337776,0,2,0.6740664447228845,0.7686094748337776,0,0.7767839589692928,0.8062707321555219,0.904,"{""1"": 4001.868408158593, ""2"": 2437.7983755690348, ""3"": 2027.724981835152, ""4"": 1789.4699720601163, ""5"": 1735.9257093682397, ""6"": 1687.0548291481193, ""7"": 1684.0688499349358, ""8"": 1690.2404652384034, ""9"": 1658.733428442609, ""10"": 1658.824977526856, ""11"": 1679.1436549917223, ""12"": 1696.2230093519393, ""13"": 1725.2980274826914, ""14"": 1733.6148270439796, ""15"": 1777.951831192749}",1.7811214923858643
mueller_brown,short,pca,500,10,1,11,3,2,0.0,7,0.022327493103646047,0.08916056427881842,0,10,0.023764150631748016,0.11952677095907832,0,2,0.23873740143414893,0.20294137853658456,0,2,0.23873740143414893,0.20294137853658456,0,2,0.23873740143414893,0.20294137853658456,0,0.10950840517003732,0.16514452234760246,1.352,"{""1"": 3056.377547632002, ""2"": 2274.1661262837024, ""3"": 2244.3062238418984, ""4"": 2178.4317115076965, ""5"": 2225.768734339559, ""6"": 2179.1061334707874, ""7"": 2156.828526764024, ""8"": 2184.849049718041, ""9"": 2204.6584284037085, ""10"": 2218.525708815343, ""11"": 2247.290516598395, ""12"": 2289.356449378087, ""13"": 2310.6392255013957, ""14"": 2325.615960975752, ""15"": 2355.4110774658543}",1.9702463150024414
mueller_brown,short,pca,500,10,1,12,3,1,0.0,2,0.0,0.0,0,4,0.0,0.0,0,1,1.0,1.0,0,2,0.0,0.0,0,2,0.0,0.0,0,0.0,0.0,0.8600000000000001,"{""1"": 2425.3611451943434, ""2"": 2401.6472247500824, ""3"": 2418.141137927027, ""4"": 2436.8490525065185, ""5"": 2465.904694211761, ""6"": 2499.2103607543236, ""7"": 2529.906185769033, ""8"": 2553.329957169287, ""9"": 2568.255466452474, ""10"": 2610.4722908961417, ""11"": 2638.5944444653032, ""12"": 2666.699096515872, ""13"": 2688.605410750904, ""14"": 2698.9170021686787, ""15"": 2734.519875588836}",1.402308702468872
mueller_brown,short,pca,500,10,1,13,3,1,0.0,4,0.0,0.0,0,10,0.0,0.0,0,1,1.0,1.0,0,2,0.0,0.0,0,2,0.0,0.0,0,0.0,0.0,1.36,"{""1"": 2426.04025471214, ""2"": 2418.1446445924303, ""3"": 2410.5477428525887, ""4"": 2410.5151985662606, ""5"": 2436.40913980889, ""6"": 2469.584131445415, ""7"": 2498.2253092408937, ""8"": 2530.6186718286963, ""9"": 2536.4124192574313, ""10"": 2550.5965574491906, ""11"": 2587.465758365809, ""12"": 2617.5563133057485, ""13"": 2638.7700959511944, ""14"": 2664.539805966564, ""15"": 2698.426617625329}",1.446117639541626
mueller_brown,short,pca,500,10,1,14,3,2,0.0,6,0.042115997147484985,0.1713660224200781,0,15,0.014295318708124656,0.11480996247571966,1,3,0.1487140124235438,0.28689064025594296,0,3,0.1487140124235438,0.28689064025594296,0,3,0.1487140124235438,0.28689064025594296,0,0.1487140124235438,0.28689064025594296,1.3479999999999999,"{""1"": 3283.258714375624, ""2"": 2558.7389537805407, ""3"": 2437.5502542512354, ""4"": 2355.857135823207, ""5"": 2327.0955677184907, ""6"": 2290.9328569823356, ""7"": 2315.9612628323243, ""8"": 2327.4234844527323, ""9"": 2322.048949633366, ""10"": 2337.7760289050775, ""11"": 2352.0179934484686, ""12"": 2376.0307067805425, ""13"": 2406.8234848044685, ""14"": 2424.899117684812, ""15"": 2445.018010130986}",1.6442766189575195
mueller_brown,short,pca,500,10,1,15,3,2,0.0,8,0.002916169563485886,0.015296643797308869,0,14,0.001483417318553371,0.01209179867306123,0,3,0.0080617455637062,0.01753099908151494,0,2,0.009167276957833226,0.01412297384609461,0,2,0.009167276957833226,0.01412297384609461,0,0.0080617455637062,0.01753099908151494,1.412,"{""1"": 2836.8569135832604, ""2"": 2287.2211061859225, ""3"": 2025.0554898447335, ""4"": 2032.559431375197, ""5"": 2008.2572647156865, ""6"": 1954.4418838175923, ""7"": 1959.876874069144, ""8"": 1950.1806376004665, ""9"": 1968.4355970390375, ""10"": 2006.045022644335, ""11"": 2037.5435661409156, ""12"": 2044.2588594733495, ""13"": 2082.9601540538956, ""14"": 2074.6228371565003, ""15"": 2117.02257925211}",1.7573983669281006
mueller_brown,short,pca,500,10,1,16,3,2,0.0,4,0.0240614519702032,0.07201848802118557,0,9,0.01061968347954723,0.07175032203136673,0,2,0.11170226766524344,0.10257811027838674,0,2,0.11170226766524344,0.10257811027838674,0,2,0.11170226766524344,0.10257811027838674,0,0.04445350194566551,0.09374604979635773,1.216,"{""1"": 2867.048184307745, ""2"": 2526.3094965822816, ""3"": 2457.909899689466, ""4"": 2449.928196952503, ""5"": 2459.028540206713, ""6"": 2463.1889932718927, ""7"": 2483.0121887662044, ""8"": 2507.9347935816327, ""9"": 2523.5267378932595, ""10"": 2555.4068166007496, ""11"": 2579.035428728006, ""12"": 2604.0773316229943, ""13"": 2629.397617251911, ""14"": 2663.410364090817, ""15"": 2678.4067781773974}",1.5120351314544678
mueller_brown,short,pca,500,10,1,17,3,3,0.204,7,0.3945470891448767,0.6194743043060824,0,15,0.24211233057668688,0.5324080937912109,1,7,0.3945470891448767,0.6194743043060824,0,3,0.9382298434651659,0.8900551762407648,0,2,0.8080670923598248,0.7929483507452547,0,0.9382298434651659,0.8900551762407648,0.844,"{""1"": 4092.4851384717317, ""2"": 2727.1308712080545, ""3"": 2502.5235925636593, ""4"": 2282.5876876277594, ""5"": 2211.954275593964, ""6"": 2107.471899602315, ""7"": 2075.3768004135513, ""8"": 2084.77841875565, ""9"": 2081.7967963079745, ""10"": 2095.122215526657, ""11"": 2085.894401188819, ""12"": 2106.4758495763617, ""13"": 2133.6784418522266, ""14"": 2148.7767484189194, ""15"": 2172.5095729709165}",1.6852445602416992
mueller_brown,short,pca,500,10,1,18,3,3,0.2,9,0.44529976889787726,0.6099078133675477,0,14,0.32459685616897094,0.5581916009060954,0,7,0.5191981017233954,0.6340817142370385,0,2,0.638242239927814,0.758589637028936,0,3,0.6711933952493612,0.7484917840070995,0,0.6711933952493612,0.7484917840070995,0.8680000000000001,"{""1"": 4067.9422965024078, ""2"": 2498.2829246838537, ""3"": 2061.295439204048, ""4"": 1983.3986476051778, ""5"": 1934.6863683572935, ""6"": 1863.4893186189681, ""7"": 1824.2835864782423, ""8"": 1851.0045034283712, ""9"": 1812.4645568385527, ""10"": 1836.8668030830136, ""11"": 1856.4990076566, ""12"": 1879.2552991665395, ""13"": 1888.596613197421, ""14"": 1904.1006485065363, ""15"": 1930.4697770352077}",1.6886584758758545
mueller_brown,short,pca,500,10,1,19,3,3,0.224,8,0.44757442401020375,0.6388610821957771,0,13,0.31884212649948884,0.5792107911088487,0,6,0.5585321336164195,0.684234352315591,0,3,0.8764709437262994,0.8617630921507197,0,3,0.8764709437262994,0.8617630921507197,0,0.8764709437262994,0.8617630921507197,0.8640000000000001,"{""1"": 4130.604639675004, ""2"": 2800.5940185364807, ""3"": 2363.0657576058156, ""4"": 2208.4263508116474, ""5"": 2059.0649948735545, ""6"": 1965.68051391778, ""7"": 1966.3239945921966, ""8"": 1951.0698701542547, ""9"": 1975.6813653163115, ""10"": 1976.7783068966996, ""11"": 1961.5186112272652, ""12"": 1995.0706230060487, ""13"": 1994.869103476145, ""14"": 2020.645977344573, ""15"": 2046.3229009872794}",2.017245292663574
mueller_brown,short,pca,1000,10,1,0,3,3,0.019,9,0.08402700450947509,0.3053145553130825,0,13,0.0686499029516797,0.28177766171768065,0,6,0.1694607031599803,0.3925606131446972,0,2,0.9829730847615472,0.9115034731596268,0,3,0.2666799574864326,0.4847085553464452,0,0.2666799574864326,0.4847085553464452,1.318,"{""1"": 6926.917979029289, ""2"": 4315.184799769086, ""3"": 3606.53144741959, ""4"": 3120.170288573126, ""5"": 2912.1127994334124, ""6"": 2712.6614628496013, ""7"": 2581.084377587925, ""8"": 2555.4022806963303, ""9"": 2527.313622677771, ""10"": 2535.128537547674, ""11"": 2549.861151401143, ""12"": 2570.960269766207, ""13"": 2575.3989390345328, ""14"": 2609.8159324372136, ""15"": 2641.745408037404}",2.5784597396850586
mueller_brown,short,pca,1000,10,1,1,3,3,0.004,8,0.18768818251791491,0.3918260679929419,0,14,0.11738674960955474,0.3387372932812626,0,5,0.28561719955838366,0.4712394990842854,0,3,0.4229679055428866,0.5282812111801651,0,2,0.6028742364798396,0.5565054300038575,0,0.4229679055428866,0.5282812111801651,1.05,"{""1"": 6811.886683707962, ""2"": 4869.581662273208, ""3"": 4371.432857245235, ""4"": 3883.6896987532064, ""5"": 3726.4942320763844, ""6"": 3693.6497433376894, ""7"": 3581.723627526613, ""8"": 3542.032869690217, ""9"": 3547.9451921796, ""10"": 3542.5008762461607, ""11"": 3556.914791942073, ""12"": 3557.0464848505967, ""13"": 3596.3474039369876, ""14"": 3591.897513333868, ""15"": 3634.6755462353854}",2.4523849487304688
mueller_brown,short,pca,1000,10,1,2,3,2,0.0,8,0.02260590607276416,0.11597343577586257,0,10,0.01762906283871612,0.10409174665082167,0,3,0.10170025858116774,0.23868095083617186,0,3,0.10170025858116774,0.23868095083617186,0,2,0.288866128694789,0.23531231053981375,0,0.10170025858116774,0.23868095083617186,1.486,"{""1"": 6023.426502524235, ""2"": 4848.7294223328945, ""3"": 4587.567576459152, ""4"": 4532.965231976081, ""5"": 4484.559312211811, ""6"": 4461.881824202273, ""7"": 4466.554573074526, ""8"": 4445.873293688872, ""9"": 4472.384657129495, ""10"": 4487.826872184851, ""11"": 4523.7600562876705, ""12"": 4553.418343333944, ""13"": 4589.391820550164, ""14"": 4622.89623674489, ""15"": 4645.976347550022}",2.176539421081543
mueller_brown,short,pca,1000,10,1,3,3,2,0.0,3,0.0008051635494949976,0.0028003659557872384,0,9,0.0006112531461807699,0.004037112271303732,0,1,0.0,0.0,0,2,0.0012767325921892226,0.002892237293340744,0,2,0.0012767325921892226,0.002892237293340744,0,0.0008051635494949976,0.0028003659557872384,1.194,"{""1"": 5223.957528919302, ""2"": 5033.803462305197, ""3"": 5001.983362424033, ""4"": 5025.5042475539485, ""5"": 5053.100876504165, ""6"": 5050.721519495085, ""7"": 5061.815553079767, ""8"": 5101.646315124796, ""9"": 5120.43358351461, ""10"": 5153.954086991942, ""11"": 5190.945144452273, ""12"": 5225.367103869756, ""13"": 5261.029213154753, ""14"": 5285.921194043626, ""15"": 5319.950101799766}",2.2303240299224854
mueller_brown,short,pca,1000,10,1,4,3,3,0.203,11,0.3478439379121571,0.5838921300751233,0,14,0.27234245914247984,0.5455356635786801,0,4,0.7816960238217439,0.7534569021742561,0,3,0.980232532025498,0.9599906703043232,0,3,0.980232532025498,0.9599906703043232,0,0.980232532025498,0.9599906703043232,1.0619999999999998,"{""1"": 8145.342289285799, ""2"": 4698.939246612219, ""3"": 4272.751720102272, ""4"": 3953.3710104726338, ""5"": 3874.5091989210896, ""6"": 3797.5344527216926, ""7"": 3622.3676211941656, ""8"": 3625.430345835461, ""9"": 3576.74268397708, ""10"": 3550.8962581941933, ""11"": 3517.400771182117, ""12"": 3558.8991906327105, ""13"": 3545.637701962636, ""14"": 3566.8844526420908, ""15"": 3609.164765158485}",2.249202251434326
mueller_brown,short,pca,1000,10,1,5,3,2,0.0,4,0.00045895120466808535,0.00253584754781965,0,12,0.00043520027192493776,0.004175287436135647,0,1,0.0,0.0,0,2,0.0005976624846566736,0.0024056681391982104,0,2,0.0005976624846566736,0.0024056681391982104,0,0.0010611165831429467,0.0030963411853800944,1.3980000000000001,"{""1"": 4987.615599950393, ""2"": 4931.01671161934, ""3"": 4910.97891784127, ""4"": 4896.733162735308, ""5"": 4913.895893210897, ""6"": 4924.806759209037, ""7"": 4935.529187323931, ""8"": 4969.012897435139, ""9"": 5004.87748435801, ""10"": 5040.787651186614, ""11"": 5079.363021150799, ""12"": 5079.2193798336275, ""13"": 5131.022901934334, ""14"": 5162.088475395341, ""15"": 5198.699404708141}",2.060131072998047
mueller_brown,short,pca,1000,10,1,6,3,2,0.0,4,0.0026766120205805924,0.007540073218818547,0,14,0.0006257701082478048,0.007039818339719202,0,1,0.0,0.0,0,2,0.0016230292382634997,0.005067684309134925,0,2,0.0016230292382634997,0.005067684309134925,0,0.0022081116649815373,0.006227025381804103,1.094,"{""1"": 5021.636079317574, ""2"": 4945.803948450924, ""3"": 4929.803216610829, ""4"": 4883.588523738457, ""5"": 4916.822179476066, ""6"": 4925.9646009221815, ""7"": 4955.679277947455, ""8"": 4987.136274511526, ""9"": 4993.974776283426, ""10"": 5027.844626489632, ""11"": 5069.248248933978, ""12"": 5105.72189913555, ""13"": 5137.917576725195, ""14"": 5131.544454684665, ""15"": 5165.957636553199}",2.059380531311035
mueller_brown,short,pca,1000,10,1,7,3,2,0.0,5,0.005305194538929941,0.02513312422413273,0,6,0.004352009703576105,0.02237000887662437,0,1,0.0,0.0,0,2,0.007563829347945127,0.012983851821004649,0,2,0.007563829347945127,0.012983851821004649,0,0.0053533272776846025,0.013601279948823684,1.394,"{""1"": 5104.78366164402, ""2"": 4926.180888731279, ""3"": 4864.841107502367, ""4"": 4806.801296619156, ""5"": 4801.993439248418, ""6"": 4816.931198467419, ""7"": 4860.094866310292, ""8"": 4899.331115410568, ""9"": 4929.0244619102705, ""10"": 4944.2748583733355, ""11"": 4982.983752885972, ""12"": 5015.878250398165, ""13"": 5038.166191526324, ""14"": 5070.817752155899, ""15"": 5100.467812631148}",2.167268991470337
mueller_brown,short,pca,1000,10,1,8,3,3,0.058,9,0.14289042987749792,0.42358876659699435,0,15,0.07106013057749193,0.3471083473791293,1,4,0.2584356466375153,0.4934726594269317,0,2,0.9683599532307009,0.8931234789454459,0,2,0.9683599532307009,0.8931234789454459,0,0.38411366071087766,0.5817749757760566,1.126,"{""1"": 7302.962093450624, ""2"": 5121.1184925809675, ""3"": 4553.793575513645, ""4"": 4406.001205869017, ""5"": 4323.052674284388, ""6"": 4267.376596620458, ""7"": 4169.868398622247, ""8"": 4159.508000593973, ""9"": 4159.418236310086, ""10"": 4163.844917952805, ""11"": 4175.781670323992, ""12"": 4202.165164002633, ""13"": 4205.396297957164, ""14"": 4224.304790347976, ""15"": 4234.317757777404}",2.3855278491973877
mueller_brown,short,pca,1000,10,1,9,3,3,0.082,12,0.22365608586414767,0.4909731416189191,0,15,0.18455667494413225,0.47044689480980334,1,6,0.34749013617288166,0.5995327947022708,0,2,0.9289086505057922,0.8743401339706715,0,2,0.9289086505057922,0.8743401339706715,0,0.5047228360175853,0.6616842790572923,1.012,"{""1"": 7539.096829972744, ""2"": 4604.134953198164, ""3"": 4005.02655268423, ""4"": 3606.2608639581867, ""5"": 3337.0264787765973, ""6"": 3235.667026474543, ""7"": 3232.0737101238515, ""8"": 3168.9471663455793, ""9"": 3167.6680402110223, ""10"": 3136.6133419670564, ""11"": 3126.9387033816406, ""12"": 3114.289617702039, ""13"": 3122.7799954625643, ""14"": 3125.782072073048, ""15"": 3141.1348028750413}",2.4011290073394775
mueller_brown,short,pca,1000,10,1,10,3,3,0.076,12,0.23906938599054522,0.512588500510558,0,15,0.20976208846520647,0.48634225948371385,1,7,0.38782600423590596,0.59302553449463,0,2,0.9162853529990876,0.8760484610334381,0,2,0.9162853529990876,0.8760484610334381,0,0.5644167532814487,0.6914465503147555,1.1019999999999999,"{""1"": 7513.359277599627, ""2"": 4032.0830880894473, ""3"": 3602.876913155206, ""4"": 3216.5212275911363, ""5"": 3042.353751538653, ""6"": 2896.8057318702936, ""7"": 2798.3173306090493, ""8"": 2770.5020278349944, ""9"": 2771.231183316431, ""10"": 2764.0166028540366, ""11"": 2752.327505112295, ""12"": 2748.220718750183, ""13"": 2770.696675377745, ""14"": 2785.8133247611477, ""15"": 2805.7849057132685}",2.4921822547912598
mueller_brown,short,pca,1000,10,1,11,3,2,0.0,7,0.013915671701438016,0.07494949236748806,0,13,0.0071378607387383875,0.06115596150752681,0,2,0.15277143075529478,0.130008330512676,0,2,0.15277143075529478,0.130008330512676,0,2,0.15277143075529478,0.130008330512676,0,0.035205968367397755,0.07186296790667836,1.4899999999999998,"{""1"": 5744.1734792351635, ""2"": 4624.730718486634, ""3"": 4426.361189765712, ""4"": 4358.19317392746, ""5"": 4375.149459327229, ""6"": 4296.737514996044, ""7"": 4274.772175214935, ""8"": 4303.177062798937, ""9"": 4299.6532959527685, ""10"": 4312.363567920818, ""11"": 4335.934959294888, ""12"": 4360.419969810182, ""13"": 4376.350315350437, ""14"": 4407.794696294045, ""15"": 4451.2667989035845}",2.510390520095825
mueller_brown,short,pca,1000,10,1,12,3,3,0.018,8,0.04211907710461049,0.1976481522503155,0,14,0.024222326140825815,0.17447142812577177,0,3,0.19112868640257208,0.3768489362159135,0,2,0.6566719187147904,0.5122675486382132,0,3,0.19112868640257208,0.3768489362159135,0,0.19112868640257208,0.3768489362159135,1.4640000000000002,"{""1"": 6428.09093043174, ""2"": 4458.563879591794, ""3"": 4006.8844957567067, ""4"": 3919.0957850389455, ""5"": 3819.238907507595, ""6"": 3748.730027874082, ""7"": 3734.064191551711, ""8"": 3722.762039861712, ""9"": 3739.683511321567, ""10"": 3740.2979401629705, ""11"": 3775.341706994628, ""12"": 3774.5853391273386, ""13"": 3807.874298186509, ""14"": 3824.7550083626556, ""15"": 3866.57091104369}",2.460184335708618
mueller_brown,short,pca,1000,10,1,13,3,2,0.0,6,0.015625889772582245,0.05020089260236911,0,15,0.004469823322891658,0.04190846191265051,1,2,0.08523093611790018,0.07943832219045899,0,3,0.037005850463532594,0.08311944632112721,0,2,0.08523093611790018,0.07943832219045899,0,0.037005850463532594,0.08311944632112721,1.108,"{""1"": 5546.250627126296, ""2"": 4522.815616066161, ""3"": 4300.702483236566, ""4"": 4166.223870761352, ""5"": 4140.88881181451, ""6"": 4113.368457746498, ""7"": 4134.28323712459, ""8"": 4146.9453658679495, ""9"": 4141.55142573381, ""10"": 4160.957750898306, ""11"": 4182.31445630041, ""12"": 4209.113160810912, ""13"": 4237.040076316107, ""14"": 4267.737238568379, ""15"": 4294.7393807608305}",3.2369742393493652
mueller_brown,short,pca,1000,10,1,14,3,2,0.0,9,0.013719045575920963,0.0868461071820025,0,15,0.0069708436099060415,0.0689977683431981,1,2,0.13098960553841768,0.12018414414858045,0,2,0.13098960553841768,0.12018414414858045,0,2,0.13098960553841768,0.12018414414858045,0,0.05327504503014047,0.11014738145339319,1.54,"{""1"": 6034.12477332687, ""2"": 4917.138347598673, ""3"": 4661.25384312342, ""4"": 4587.125055358871, ""5"": 4554.681064268966, ""6"": 4496.0421573071735, ""7"": 4475.859559389363, ""8"": 4477.284439041894, ""9"": 4473.021965659652, ""10"": 4490.341954757763, ""11"": 4513.748241466441, ""12"": 4539.079522088585, ""13"": 4571.597670086791, ""14"": 4616.616061304636, ""15"": 4612.951675228671}",3.5609288215637207
mueller_brown,short,pca,1000,10,1,15,3,2,0.0,8,0.004080744465897263,0.019006881652741437,0,15,0.001745117556855104,0.014210797237255936,1,5,0.007612504725362738,0.025060712086199546,0,2,0.02026574020770911,0.023697709740325937,0,2,0.02026574020770911,0.023697709740325937,0,0.010889485969745344,0.023724484249298506,1.458,"{""1"": 5598.184952813924, ""2"": 4303.2021291319215, ""3"": 3946.995174483692, ""4"": 3752.4097453295344, ""5"": 3694.761622090699, ""6"": 3628.237310290296, ""7"": 3655.108921990547, ""8"": 3616.8814786363223, ""9"": 3637.7912216964405, ""10"": 3669.9094158771436, ""11"": 3680.8519260051844, ""12"": 3687.535695789149, ""13"": 3725.1543207929, ""14"": 3758.2856546130643, ""15"": 3751.767568543182}",2.7784173488616943
mueller_brown,short,pca,1000,10,1,16,3,3,0.023,11,0.10994709638160266,0.35444399256436276,0,15,0.06899677423683899,0.3094777077158665,1,5,0.23447912979958932,0.46963591916530856,0,2,0.9746704113970781,0.9002799339951244,0,2,0.9746704113970781,0.9002799339951244,0,0.33676389750058283,0.5471245496733598,1.2019999999999997,"{""1"": 7094.236178429759, ""2"": 4051.021475412704, ""3"": 3305.3005707650454, ""4"": 2817.6862178976235, ""5"": 2560.835590315269, ""6"": 2452.147573223449, ""7"": 2385.723280677164, ""8"": 2323.6935561036958, ""9"": 2301.8227298212164, ""10"": 2302.178060021611, ""11"": 2291.8321052270057, ""12"": 2322.6298980367137, ""13"": 2357.8689842692297, ""14"": 2347.6073652964433, ""15"": 2372.455121530313}",3.4687137603759766
mueller_brown,short,pca,1000,10,1,17,3,3,0.191,12,0.293491116070283,0.5692996056950421,0,15,0.23736216574583524,0.5312167068289029,1,6,0.5417262369233293,0.6823334869936611,0,2,0.6168428401249962,0.718459423047952,0,3,0.7465927975007994,0.7890769776168456,0,0.7465927975007994,0.7890769776168456,1.142,"{""1"": 8036.442244694796, ""2"": 5149.936257331249, ""3"": 4256.064176746573, ""4"": 4062.0529834488807, ""5"": 3823.0770115427035, ""6"": 3617.4391623490087, ""7"": 3589.78336139102, ""8"": 3542.851150770922, ""9"": 3516.916063782837, ""10"": 3485.6627674994834, ""11"": 3491.3308090128576, ""12"": 3484.4382773051825, ""13"": 3523.961489009631, ""14"": 3531.6639464197415, ""15"": 3542.0797485371936}",2.845156192779541
mueller_brown,short,pca,1000,10,1,18,3,3,0.1,9,0.37584193219087514,0.5616047180700117,0,15,0.23857886328037878,0.5019790740989462,1,7,0.41213609051662753,0.5999570123044736,0,2,0.9069077924115011,0.8622109303790164,0,2,0.9069077924115011,0.8622109303790164,0,0.9427753967062777,0.8677051030213648,0.7540000000000001,"{""1"": 7576.526487464065, ""2"": 4137.0001524585505, ""3"": 3686.425153054343, ""4"": 3263.4160001559953, ""5"": 3066.477049571471, ""6"": 3009.4797822521537, ""7"": 2943.899568418994, ""8"": 2929.8615324550938, ""9"": 2905.6432568176024, ""10"": 2944.1298498926976, ""11"": 2938.8477284713745, ""12"": 2960.4596954822473, ""13"": 2949.2088487722294, ""14"": 2979.1482630553155, ""15"": 2986.038671657874}",2.6177666187286377
mueller_brown,short,pca,1000,10,1,19,3,3,0.176,11,0.2731769666859236,0.5641476324833236,0,15,0.21945356216154438,0.5175957806754935,1,7,0.4718349870511545,0.6510372216100899,0,3,0.9466230653674164,0.898054896273838,0,2,0.8499291612618355,0.8328279567440355,0,0.9466230653674164,0.898054896273838,1.0359999999999998,"{""1"": 8003.524647721317, ""2"": 5143.932505163296, ""3"": 4640.950745492502, ""4"": 4315.97513522553, ""5"": 3887.0476733430696, ""6"": 3779.4362476804836, ""7"": 3696.6047456070446, ""8"": 3612.3974264878293, ""9"": 3546.236800645455, ""10"": 3553.9894856260903, ""11"": 3526.981803996414, ""12"": 3546.8915962678852, ""13"": 3546.335909730564, ""14"": 3546.7285967776097, ""15"": 3557.3490607766726}",2.5875043869018555
mueller_brown,short,pca,2000,10,1,0,3,3,0.0885,13,0.24378878930946152,0.5370385214005927,0,14,0.24958564291933502,0.5173551792391586,0,6,0.4444819287989007,0.6365837220429681,0,2,0.8805802982192067,0.8508695871860269,0,2,0.8805802982192067,0.8508695871860269,0,0.9278962822506959,0.8720097190694748,1.174,"{""1"": 15548.060332057814, ""2"": 9408.90783360951, ""3"": 8113.638878146286, ""4"": 7280.390668541244, ""5"": 6601.666713909875, ""6"": 6304.642536823671, ""7"": 6188.455472822579, ""8"": 6130.3239295281055, ""9"": 6024.976900372588, ""10"": 6004.060554486239, ""11"": 5953.829613187701, ""12"": 5977.280544014493, ""13"": 5938.376013308263, ""14"": 5951.914534005322, ""15"": 5994.408999585123}",4.261368036270142
mueller_brown,short,pca,2000,10,1,1,3,3,0.0025,10,0.18107923570685683,0.40524926152905283,0,15,0.1612908496334095,0.36996080340032095,1,7,0.2581916173542033,0.4454370676881681,0,2,0.673590004756252,0.6248555669718473,0,2,0.673590004756252,0.6248555669718473,0,0.5142366888490593,0.5684596527736223,1.271,"{""1"": 13877.5646344345, ""2"": 9622.739757780231, ""3"": 8682.226947317153, ""4"": 8178.929082232806, ""5"": 7453.461083987826, ""6"": 7308.903030447957, ""7"": 7223.926173625539, ""8"": 7068.24169959907, ""9"": 7073.032794988057, ""10"": 7026.866498916458, ""11"": 7038.259184998653, ""12"": 7075.987840692089, ""13"": 7035.72678644182, ""14"": 7058.107893395869, ""15"": 7072.47618200933}",4.34567666053772
mueller_brown,short,pca,2000,10,1,2,3,2,0.0,9,0.019903456560995573,0.10160035616303958,0,14,0.01016585573645009,0.08109234576983453,0,3,0.09715488174450222,0.2129316937392864,0,2,0.21088531131351018,0.18040299592532782,0,2,0.21088531131351018,0.18040299592532782,0,0.09715488174450222,0.2129316937392864,1.43,"{""1"": 11946.614766706265, ""2"": 9640.779764078734, ""3"": 9136.311653920488, ""4"": 8967.608131792924, ""5"": 8796.636942513449, ""6"": 8756.16941943692, ""7"": 8676.481910585137, ""8"": 8710.734906011416, ""9"": 8665.941507400647, ""10"": 8670.06199096716, ""11"": 8708.99098350062, ""12"": 8736.531703547875, ""13"": 8770.681751228383, ""14"": 8773.111743848029, ""15"": 8823.789478644756}",3.7995383739471436
mueller_brown,short,pca,2000,10,1,3,3,3,0.0705,13,0.16664824329365122,0.46445230301258755,0,15,0.150253305301095,0.4465827072270783,1,6,0.3473839219629109,0.5666459104920633,0,2,0.941932605229637,0.8826978077740091,0,2,0.941932605229637,0.8826978077740091,0,0.47366118217260617,0.6480167296457205,1.1990000000000003,"{""1"": 15119.466360504306, ""2"": 9127.547100213234, ""3"": 7793.294133720089, ""4"": 7276.78147629989, ""5"": 6514.373636236435, ""6"": 6243.928848598676, ""7"": 5981.594034645492, ""8"": 5892.15020108676, ""9"": 5856.149245479174, ""10"": 5836.237530482802, ""11"": 5785.440232912897, ""12"": 5772.159139570273, ""13"": 5770.366347831745, ""14"": 5789.3326046826805, ""15"": 5796.253046188488}",3.6590795516967773
mueller_brown,short,pca,2000,10,1,4,3,3,0.102,15,0.20046408904941884,0.4635635117582088,1,15,0.20046408904941884,0.4635635117582088,1,5,0.3845388571693061,0.6009064929946876,0,2,0.923707888822204,0.8452847683762232,0,2,0.923707888822204,0.8452847683762232,0,0.46971902072571853,0.6385770320537174,0.9269999999999999,"{""1"": 14815.415054644407, ""2"": 8918.188155272608, ""3"": 7797.931689325151, ""4"": 7260.511814662423, ""5"": 6614.533696828241, ""6"": 6487.069229231334, ""7"": 6364.594933171787, ""8"": 6211.170370965076, ""9"": 6149.832092710485, ""10"": 6071.143505021083, ""11"": 6103.7824091841585, ""12"": 6067.2030605045275, ""13"": 6052.593498659084, ""14"": 6074.564089048394, ""15"": 6043.649159662519}",3.9548261165618896
mueller_brown,short,pca,2000,10,1,5,3,3,0.0585,12,0.08107428726102922,0.3115515294076773,0,14,0.06476795957968576,0.2973867660649978,0,5,0.22311000798770608,0.44348136998744675,0,2,0.8217326580566975,0.671340070020025,0,2,0.8217326580566975,0.671340070020025,0,0.26946171708372796,0.44484471322366653,1.3010000000000002,"{""1"": 13844.52454108226, ""2"": 9073.29179738894, ""3"": 8085.430801676283, ""4"": 7694.267306628419, ""5"": 7446.497040833948, ""6"": 7284.548695815383, ""7"": 7085.5626541913525, ""8"": 7016.316632197683, ""9"": 6945.677065650799, ""10"": 6950.259564162032, ""11"": 6921.086689362472, ""12"": 6876.065731565081, ""13"": 6876.905856928042, ""14"": 6887.192043257257, ""15"": 6935.002453452445}",4.294816017150879
mueller_brown,short,pca,2000,10,1,6,3,2,0.0,4,0.0004956221875270399,0.0024741099464939396,0,9,0.0005665252510668592,0.0035546960496026,0,1,0.0,0.0,0,2,0.0016272906941330533,0.0031430082817318424,0,2,0.0016272906941330533,0.0031430082817318424,0,0.001040723402548224,0.003078674313231651,1.267,"{""1"": 9993.444896467994, ""2"": 9773.727220746556, ""3"": 9733.734898042794, ""4"": 9712.196242369146, ""5"": 9721.235167095952, ""6"": 9729.686494565021, ""7"": 9725.883428179965, ""8"": 9752.494140029881, ""9"": 9756.608977728709, ""10"": 9822.221572995391, ""11"": 9829.95339464306, ""12"": 9868.519051412202, ""13"": 9901.786671078105, ""14"": 9943.618075617127, ""15"": 9986.17511727641}",3.9900920391082764
mueller_brown,short,pca,2000,10,1,7,3,2,0.0,7,0.008372200468462305,0.043624258206614405,0,10,0.005161208882111172,0.04399216811174847,0,2,0.03986985841637067,0.04381633739058426,0,2,0.03986985841637067,0.04381633739058426,0,2,0.03986985841637067,0.04381633739058426,0,0.03077261617631881,0.07213673854872175,1.3829999999999998,"{""1"": 10638.920680763473, ""2"": 9612.557845425361, ""3"": 9161.296428479696, ""4"": 9029.83491217015, ""5"": 8941.995637708465, ""6"": 8914.19061117583, ""7"": 8911.482407226, ""8"": 8952.22770290374, ""9"": 8963.906476716791, ""10"": 8973.2720967086, ""11"": 9007.32140992994, ""12"": 9050.79126286269, ""13"": 9085.089407835256, ""14"": 9117.928108870363, ""15"": 9153.641665689715}",4.450833559036255
mueller_brown,short,pca,2000,10,1,8,3,3,0.0295,13,0.055008057623457604,0.27529044288145654,0,13,0.055008057623457604,0.27529044288145654,0,4,0.19893890956190982,0.4134282174134138,0,2,0.6059381269447307,0.4829231037922456,0,3,0.35521053216891724,0.5317933919421255,0,0.35521053216891724,0.5317933919421255,1.458,"{""1"": 13725.819401608373, ""2"": 9845.080637856701, ""3"": 9077.654871381663, ""4"": 8650.445896001176, ""5"": 8415.802670830499, ""6"": 8371.227319568185, ""7"": 8297.336705009002, ""8"": 8209.48415166333, ""9"": 8174.74394608991, ""10"": 8180.811047888293, ""11"": 8193.294210776701, ""12"": 8210.595552068502, ""13"": 8088.844071291989, ""14"": 8175.029748658377, ""15"": 8220.8076557012}",4.598989486694336
mueller_brown,short,pca,2000,10,1,9,3,3,0.1725,15,0.27665718610261597,0.5620531362153938,1,15,0.27665718610261597,0.5620531362153938,1,8,0.42840932321850483,0.6278725850575188,0,3,0.9048425926654069,0.8629091981683109,0,2,0.7564318462853519,0.8062058002756574,0,0.9048425926654069,0.8629091981683109,1.228,"{""1"": 16181.109184358485, ""2"": 9849.432088442969, ""3"": 8511.13065839667, ""4"": 7853.83561545952, ""5"": 7627.6618329846515, ""6"": 7306.881767790713, ""7"": 7067.712346144332, ""8"": 6886.654590847044, ""9"": 6840.495152082661, ""10"": 6767.412297277683, ""11"": 6758.761663718597, ""12"": 6706.696131538705, ""13"": 6715.061921646367, ""14"": 6731.7179800521735, ""15"": 6705.986252568804}",4.372949838638306
mueller_brown,short,pca,2000,10,1,10,3,3,0.038,13,0.1052838292618114,0.3661526255077453,0,13,0.1052838292618114,0.3661526255077453,0,7,0.19948071549204607,0.4577172681949866,0,2,0.9677090946853995,0.8911970780446227,0,2,0.9677090946853995,0.8911970780446227,0,0.3679310150358511,0.5740877437391642,1.234,"{""1"": 14428.17818490322, ""2"": 8036.5082569453725, ""3"": 6535.846547540142, ""4"": 5915.500371163031, ""5"": 5412.817313350046, ""6"": 5436.7918763972, ""7"": 4993.186317370436, ""8"": 4944.454577813981, ""9"": 4864.181019736604, ""10"": 4826.124165390213, ""11"": 4840.246542526753, ""12"": 4848.910839818218, ""13"": 4751.382600803147, ""14"": 4811.902343997337, ""15"": 4837.09337310795}",4.12242579460144
mueller_brown,short,pca,2000,10,1,11,3,3,0.025,11,0.06462539689121287,0.2703240472462821,0,15,0.05312851137713849,0.25447687302805244,1,6,0.10624737872271776,0.3124719825411837,0,2,0.5831612306669829,0.4624447469170068,0,3,0.19385901728852925,0.3233298649201486,0,0.19385901728852925,0.3233298649201486,1.307,"{""1"": 13718.08778134966, ""2"": 8587.77316070433, ""3"": 7251.861449909858, ""4"": 6609.134492460911, ""5"": 6205.485299690873, ""6"": 5773.666041515118, ""7"": 5545.12441460061, ""8"": 5446.876767858471, ""9"": 5415.944710308773, ""10"": 5336.64884020276, ""11"": 5316.174295476322, ""12"": 5347.362573069251, ""13"": 5350.977390698401, ""14"": 5368.112750636097, ""15"": 5349.761323257449}",4.4757444858551025
mueller_brown,short,pca,2000,10,1,12,3,3,0.042,11,0.07104595917687447,0.28695447636833377,0,15,0.04289975823178885,0.2481577197312848,1,3,0.2915477322319826,0.4788530783561788,0,2,0.8763203112024538,0.7313037494368593,0,3,0.2915477322319826,0.4788530783561788,0,0.2915477322319826,0.4788530783561788,1.3199999999999996,"{""1"": 13382.806381138957, ""2"": 8683.021966343447, ""3"": 7696.839440167346, ""4"": 7336.319263359799, ""5"": 7111.509163033231, ""6"": 6953.033264509246, ""7"": 6862.960031433622, ""8"": 6849.67514104318, ""9"": 6825.5274921726905, ""10"": 6797.183873130032, ""11"": 6780.232856841224, ""12"": 6789.457000123561, ""13"": 6795.597536147414, ""14"": 6843.587228517115, ""15"": 6848.451955113101}",4.416450023651123
mueller_brown,short,pca,2000,10,1,13,3,3,0.074,15,0.1812412775551533,0.46114708383887876,1,15,0.1812412775551533,0.46114708383887876,1,6,0.3308722418554455,0.5616833915622611,0,2,0.8922647703150289,0.8109224799866124,0,2,0.8922647703150289,0.8109224799866124,0,0.5350931369890574,0.6618052089823939,1.1900000000000002,"{""1"": 15203.438062533465, ""2"": 9921.102421903912, ""3"": 8738.372084767427, ""4"": 7102.408013525328, ""5"": 6649.286291389479, ""6"": 6347.036825746116, ""7"": 6187.820504786817, ""8"": 6117.873702744304, ""9"": 6076.049039215907, ""10"": 6015.803987672259, ""11"": 5984.951998602706, ""12"": 5920.77610546438, ""13"": 5935.298413872968, ""14"": 5911.882638121489, ""15"": 5896.073528304175}",3.662466526031494
mueller_brown,short,pca,2000,10,1,14,3,3,0.137,15,0.23914563959488483,0.5234949040565792,1,15,0.23914563959488483,0.5234949040565792,1,6,0.4759085266852901,0.6670053223263418,0,3,0.9101848375074415,0.851429484059656,0,2,0.8342087327458878,0.8258633919500248,0,0.9101848375074415,0.851429484059656,1.1219999999999999,"{""1"": 15901.71300504114, ""2"": 9853.707385611486, ""3"": 8782.743838778884, ""4"": 7939.66851475176, ""5"": 7749.980474473481, ""6"": 7235.347168313294, ""7"": 7078.428031288195, ""8"": 6943.9580796613, ""9"": 6905.860338303859, ""10"": 6908.917860906434, ""11"": 6877.579942671353, ""12"": 6827.410666694184, ""13"": 6834.917772397752, ""14"": 6840.3767537369895, ""15"": 6796.826456842718}",3.7708516120910645
mueller_brown,short,pca,2000,10,1,15,3,2,0.0,6,0.003896334081074523,0.018038290392328314,0,15,0.0010465919938157883,0.01117166982216936,1,2,0.012657326269563384,0.015689567583682357,0,2,0.012657326269563384,0.015689567583682357,0,2,0.012657326269563384,0.015689567583682357,0,0.007382607094046316,0.015709198249213848,1.3730000000000002,"{""1"": 10455.627806602744, ""2"": 9246.310345476186, ""3"": 8875.885094210376, ""4"": 8809.453962312527, ""5"": 8723.198853866794, ""6"": 8650.598584704214, ""7"": 8675.685797827498, ""8"": 8652.2770656717, ""9"": 8662.986159387765, ""10"": 8696.405594918102, ""11"": 8725.459512754125, ""12"": 8757.861600327918, ""13"": 8794.242771249417, ""14"": 8830.80943791727, ""15"": 8852.288797569243}",4.099667072296143
mueller_brown,short,pca,2000,10,1,16,3,3,0.048,12,0.14176308002426058,0.41597542263707654,0,15,0.11415285758951733,0.39358965318925343,1,5,0.2842354857753088,0.5215950360439952,0,2,0.9290344319270095,0.828418252509039,0,2,0.9290344319270095,0.828418252509039,0,0.3774437391878331,0.5491827266678896,1.1400000000000001,"{""1"": 14643.004551839216, ""2"": 8928.332884528443, ""3"": 7728.640844789958, ""4"": 6332.798285093779, ""5"": 5834.058577326455, ""6"": 5653.546928279698, ""7"": 5392.304821946907, ""8"": 5364.963623729843, ""9"": 5188.284583486173, ""10"": 5159.750131993885, ""11"": 5123.104815564485, ""12"": 5099.904146072435, ""13"": 5145.3767304172725, ""14"": 5158.981466527237, ""15"": 5126.775394613936}",3.5079879760742188
mueller_brown,short,pca,2000,10,1,17,3,3,0.185,12,0.30427051906539726,0.5748277045061401,0,15,0.2479995414849605,0.5446450981758874,1,6,0.6059038906152223,0.7171186651175847,0,3,0.8922712091967627,0.8648458101149221,0,2,0.743255226761223,0.7914464362601789,0,0.8922712091967627,0.8648458101149221,1.192,"{""1"": 16173.688747757033, ""2"": 10142.51645873492, ""3"": 8899.811975616136, ""4"": 8120.861376490298, ""5"": 7887.919933611263, ""6"": 7604.092752354418, ""7"": 7400.102884868461, ""8"": 7323.37212447627, ""9"": 7211.700344033328, ""10"": 7226.556932026483, ""11"": 7220.945661450778, ""12"": 7179.781139333347, ""13"": 7226.915685165888, ""14"": 7190.842099673497, ""15"": 7191.635624912557}",3.737009048461914
mueller_brown,short,pca,2000,10,1,18,3,3,0.241,12,0.3498116121584849,0.5868577656556098,0,15,0.2911816033103584,0.5618970501850701,1,8,0.45117212369843546,0.6268315947601394,0,2,0.6035962461043648,0.7415294511122453,0,3,0.7246356619255178,0.7855948833715912,0,0.7246356619255178,0.7855948833715912,1.103,"{""1"": 16376.590632262058, ""2"": 9793.434384915416, ""3"": 8186.757835445598, ""4"": 7733.880407797769, ""5"": 7589.896000381008, ""6"": 7103.702095413824, ""7"": 6991.322900452769, ""8"": 6867.44208100456, ""9"": 6816.851287172133, ""10"": 6775.129140980612, ""11"": 6768.025086642489, ""12"": 6765.730883514006, ""13"": 6780.122703798105, ""14"": 6765.843225831088, ""15"": 6781.443631342759}",3.7658400535583496
mueller_brown,short,pca,2000,10,1,19,3,3,0.0985,13,0.1232954034773528,0.40226454980868226,0,15,0.11080955075234389,0.38576644388987735,1,7,0.22132816085272936,0.47831447457083137,0,2,0.8548822664695119,0.7297103655244942,0,2,0.8548822664695119,0.7297103655244942,0,0.4659784117909133,0.6051052542710719,1.195,"{""1"": 14730.862482709163, ""2"": 10078.745547817201, ""3"": 9186.153869530188, ""4"": 8037.449385951568, ""5"": 7638.401064291869, ""6"": 7313.540168627191, ""7"": 7129.094051483019, ""8"": 7093.844745680209, ""9"": 6988.206684341282, ""10"": 6845.900521175897, ""11"": 6840.963963719917, ""12"": 6815.861260293244, ""13"": 6786.617257685458, ""14"": 6801.615716628085, ""15"": 6799.7474482343505}",4.166226148605347
mueller_brown,short,pca,4000,10,1,0,3,3,0.0785,15,0.18882091706409196,0.4766770389304907,1,15,0.18882091706409196,0.4766770389304907,1,5,0.45736300444961087,0.6433587774844022,0,2,0.9101051056948736,0.86651257510552,0,2,0.9101051056948736,0.86651257510552,0,0.825901947452603,0.7721707791947904,1.2425000000000002,"{""1"": 30503.11189046002, ""2"": 19002.014111860728, ""3"": 16477.093168149295, ""4"": 14404.344966097118, ""5"": 12945.896489255681, ""6"": 12421.33877386511, ""7"": 12147.757464583758, ""8"": 11874.752625243209, ""9"": 11632.955851827852, ""10"": 11498.567971047638, ""11"": 11436.503641516503, ""12"": 11371.321704091219, ""13"": 11336.20160353366, ""14"": 11284.784844767226, ""15"": 11230.91147538636}",7.806521892547607
mueller_brown,short,pca,4000,10,1,1,3,3,0.166,14,0.2690123747965047,0.5405692877816292,0,14,0.2690123747965047,0.5405692877816292,0,6,0.6097345004892585,0.6993929026585063,0,2,0.7631450214505134,0.7927090451521507,0,2,0.7631450214505134,0.7927090451521507,0,0.8473262749473843,0.8104145251841245,1.2049999999999998,"{""1"": 32167.675475763655, ""2"": 19239.08795671065, ""3"": 16700.450567746357, ""4"": 14593.892955943178, ""5"": 14105.38903628803, ""6"": 13509.719725853294, ""7"": 13124.750727191102, ""8"": 12893.337133745312, ""9"": 12826.11753373287, ""10"": 12672.186971317646, ""11"": 12524.802665974328, ""12"": 12446.282277773415, ""13"": 12383.228368059008, ""14"": 12322.913728657772, ""15"": 12407.168757294212}",8.232584238052368
mueller_brown,short,pca,4000,10,1,2,3,3,0.01425,15,0.014713642814161296,0.11365802615498835,1,15,0.014713642814161296,0.11365802615498835,1,3,0.0942103811103163,0.18109345149106854,0,2,0.23538498140541508,0.19436458248496422,0,2,0.23538498140541508,0.19436458248496422,0,0.0942103811103163,0.18109345149106854,1.5535000000000003,"{""1"": 23558.936352241413, ""2"": 18160.372469960228, ""3"": 16690.595023453523, ""4"": 16015.570121981138, ""5"": 15757.488946279811, ""6"": 15341.979869539846, ""7"": 15070.068878978196, ""8"": 14922.456770558341, ""9"": 14862.177226693295, ""10"": 14889.098976858651, ""11"": 14815.36394563277, ""12"": 14834.123058221847, ""13"": 14805.637411060896, ""14"": 14750.918882726814, ""15"": 14728.359964275865}",7.478020906448364
mueller_brown,short,pca,4000,10,1,3,3,3,0.0535,14,0.09508871016995639,0.35540173350786386,0,14,0.09508871016995639,0.35540173350786386,0,7,0.1573078622378233,0.42017518215964006,0,2,0.9645660758696064,0.8763652192826207,0,2,0.9645660758696064,0.8763652192826207,0,0.36503468733387584,0.5634272709166602,1.242,"{""1"": 28907.80824455333, ""2"": 18656.746662011952, ""3"": 15628.300733920896, ""4"": 14073.908064668543, ""5"": 13277.239661174985, ""6"": 12530.768730585954, ""7"": 12103.360296742794, ""8"": 11822.580930604354, ""9"": 11636.356148310371, ""10"": 11567.861361362418, ""11"": 11477.194506134116, ""12"": 11439.231910319668, ""13"": 11470.581065755096, ""14"": 11387.449223849759, ""15"": 11426.157294590994}",7.767624855041504
mueller_brown,short,pca,4000,10,1,4,3,3,0.0545,15,0.06525304453773097,0.3056368633485429,1,15,0.06525304453773097,0.3056368633485429,1,5,0.24718260474311754,0.4833272305392939,0,2,0.7189891175966474,0.5776682758772652,0,2,0.7189891175966474,0.5776682758772652,0,0.3058614754378725,0.4660829333983964,1.3505,"{""1"": 28074.802481048202, ""2"": 18081.82143766318, ""3"": 15818.459510439316, ""4"": 14446.258869152485, ""5"": 13854.010914803492, ""6"": 13345.683458870833, ""7"": 12896.39999007358, ""8"": 12709.752422978823, ""9"": 12547.14925157788, ""10"": 12439.35250497655, ""11"": 12337.009088561806, ""12"": 12428.130737736215, ""13"": 12286.241140646163, ""14"": 12354.574313363579, ""15"": 12202.14678385708}",8.280186414718628
mueller_brown,short,pca,4000,10,1,5,3,3,0.0395,15,0.058118914763682784,0.2728383986621875,1,15,0.058118914763682784,0.2728383986621875,1,6,0.14220143519287456,0.370392241389469,0,2,0.7324358151981998,0.5854067017443613,0,3,0.23659575971071964,0.38874523468034144,0,0.23659575971071964,0.38874523468034144,1.3355,"{""1"": 27755.13254402489, ""2"": 17262.982828027634, ""3"": 14613.019951361395, ""4"": 13591.781707015502, ""5"": 12678.86351659335, ""6"": 12232.881411100334, ""7"": 12051.949759060488, ""8"": 11533.49861228691, ""9"": 11303.94178179221, ""10"": 11275.543989612957, ""11"": 11138.884441419768, ""12"": 11057.340987277827, ""13"": 11015.125180903176, ""14"": 10990.05647774335, ""15"": 10964.037745551735}",8.679725885391235
mueller_brown,short,pca,4000,10,1,6,3,3,0.0385,14,0.036524111660761735,0.219810057438849,0,15,0.030494078869715613,0.20918593304976524,1,7,0.09969795076669737,0.3065706195135542,0,2,0.6458650956596306,0.5036266838488653,0,3,0.25825956921574805,0.4625352265225466,0,0.25825956921574805,0.4625352265225466,1.531,"{""1"": 26546.68750046664, ""2"": 17257.207158057437, ""3"": 15454.408748876278, ""4"": 14427.383441752647, ""5"": 13734.635298897027, ""6"": 13345.386812093484, ""7"": 12973.456305872562, ""8"": 13007.753606190587, ""9"": 12693.069288355615, ""10"": 12555.183773967412, ""11"": 12532.464558811784, ""12"": 12497.058230135188, ""13"": 12458.712506401682, ""14"": 12412.256242752734, ""15"": 12445.99956112776}",8.5897536277771
mueller_brown,short,pca,4000,10,1,7,3,3,0.0785,14,0.08950048542364906,0.3459679346574945,0,15,0.08368775896807877,0.34001462314315006,1,6,0.2034758351843305,0.4487551064510559,0,2,0.7259964167963581,0.5924101891467446,0,2,0.7259964167963581,0.5924101891467446,0,0.30330078918671577,0.44813380273488235,1.2435,"{""1"": 28761.09925511703, ""2"": 19363.52549468701, ""3"": 17193.44765765, ""4"": 16214.532450996836, ""5"": 15023.587311576304, ""6"": 14578.316043571516, ""7"": 13999.526473298163, ""8"": 13791.211029415232, ""9"": 13676.709211936039, ""10"": 13364.367786319443, ""11"": 13329.896039435802, ""12"": 13301.814641233146, ""13"": 13253.249246081396, ""14"": 13247.508732265593, ""15"": 13266.23243879571}",7.697904825210571
mueller_brown,short,pca,4000,10,1,8,3,3,0.01475,14,0.025272364701392862,0.17196009711312465,0,15,0.022251137376274766,0.1664294787497177,1,4,0.11972764971732418,0.30030913374452495,0,2,0.45994666594398187,0.359071504639474,0,3,0.1814214742283707,0.353224569188045,0,0.1814214742283707,0.353224569188045,1.5735000000000001,"{""1"": 25415.703863927592, ""2"": 18784.17279211799, ""3"": 17600.24997911903, ""4"": 16670.15811833717, ""5"": 16220.328701848894, ""6"": 16016.426536657586, ""7"": 15964.741048806183, ""8"": 15756.210444112852, ""9"": 15665.527781905404, ""10"": 15578.01977721843, ""11"": 15532.67360036035, ""12"": 15635.841966865457, ""13"": 15542.219520687822, ""14"": 15456.51341659045, ""15"": 15486.927291010501}",8.19943904876709
mueller_brown,short,pca,4000,10,1,9,3,3,0.089,15,0.14311958914767794,0.44249209907197723,1,15,0.14311958914767794,0.44249209907197723,1,6,0.3417629736418905,0.5841341739107445,0,2,0.9318154893537205,0.8641068801480355,0,2,0.9318154893537205,0.8641068801480355,0,0.4458437643779776,0.6193268376866425,1.1590000000000003,"{""1"": 30010.17896860044, ""2"": 18731.060487523653, ""3"": 16273.31913495249, ""4"": 14281.531614274543, ""5"": 13319.152477450594, ""6"": 12703.709459235732, ""7"": 12446.214815811716, ""8"": 12313.808740909497, ""9"": 12085.441488826706, ""10"": 12147.915831577882, ""11"": 11947.766025410401, ""12"": 11812.590234536643, ""13"": 11864.42901079305, ""14"": 11716.898481804923, ""15"": 11681.683394169817}",7.9813408851623535
mueller_brown,short,pca,4000,10,1,10,3,3,0.021,15,0.03892979660751299,0.22611634350271523,1,15,0.03892979660751299,0.22611634350271523,1,7,0.0840335446321928,0.2850277050331228,0,2,0.7050554818581879,0.5623492013243235,0,3,0.2132174756672913,0.3663267281032582,0,0.2132174756672913,0.3663267281032582,1.5035,"{""1"": 27056.6556151436, ""2"": 15969.79698317636, ""3"": 12765.451423264363, ""4"": 11761.354132468925, ""5"": 10904.658996957804, ""6"": 10470.093166119326, ""7"": 10179.436530019797, ""8"": 9827.157304310098, ""9"": 9703.199325770232, ""10"": 9472.834253666753, ""11"": 9569.001149908107, ""12"": 9381.940800303464, ""13"": 9450.579094500456, ""14"": 9333.142124882823, ""15"": 9323.435169477803}",8.145315408706665
mueller_brown,short,pca,4000,10,1,11,3,3,0.084,13,0.12465764135378539,0.41466199731427905,0,15,0.10862472041293994,0.3959183915086716,1,6,0.29530631058807927,0.5320799727742708,0,2,0.9444410936963533,0.8559018815596809,0,2,0.9444410936963533,0.8559018815596809,0,0.4376340660505331,0.6016205205797847,1.194,"{""1"": 29538.168679069076, ""2"": 20080.194711884553, ""3"": 17461.868175288382, ""4"": 15377.316829885209, ""5"": 14596.160957325206, ""6"": 13852.926908708449, ""7"": 13541.39557673304, ""8"": 13415.529665097685, ""9"": 13158.419856862749, ""10"": 13083.30047769325, ""11"": 12948.86448207476, ""12"": 12931.885997288848, ""13"": 12741.61893079616, ""14"": 12758.599086506947, ""15"": 12760.247959107104}",7.929538011550903
mueller_brown,short,pca,4000,10,1,12,3,3,0.0405,15,0.04357097798775556,0.24872679621700836,1,15,0.04357097798775556,0.24872679621700836,1,5,0.13985094363898995,0.3430577889052477,0,2,0.719863463125825,0.5711230850131256,0,3,0.25797149043180323,0.39424191150162025,0,0.25797149043180323,0.39424191150162025,1.5225,"{""1"": 27007.63473503707, ""2"": 18361.567147018563, ""3"": 16666.64398964954, ""4"": 16083.580628810938, ""5"": 15218.825010608956, ""6"": 14952.2107336521, ""7"": 14736.779860844958, ""8"": 14587.40142721333, ""9"": 14552.665621450858, ""10"": 14333.098122808511, ""11"": 14238.723099573484, ""12"": 14132.099014048412, ""13"": 14101.911839548797, ""14"": 14073.900097278007, ""15"": 14033.164960373855}",7.958423376083374
mueller_brown,short,pca,4000,10,1,13,3,3,0.1825,14,0.2806860540070708,0.539335847351268,0,15,0.3166847431503069,0.556098613203787,1,8,0.44723493251096197,0.6249931645986224,0,2,0.7147488004660164,0.776369668171169,0,3,0.8351407666313966,0.8161021127941283,0,0.8351407666313966,0.8161021127941283,1.1855,"{""1"": 32447.69459616429, ""2"": 20858.719096906978, ""3"": 17824.352472951257, ""4"": 16167.180593789106, ""5"": 15714.284926108341, ""6"": 14979.988156922644, ""7"": 14519.832852544196, ""8"": 14327.83038546553, ""9"": 14231.589262971831, ""10"": 14139.819194632943, ""11"": 13862.937518569708, ""12"": 13821.433416262937, ""13"": 13728.640778899291, ""14"": 13718.436179280678, ""15"": 13731.873309851597}",7.695642948150635
mueller_brown,short,pca,4000,10,1,14,3,3,0.0985,14,0.1508182356387492,0.44592886328946013,0,15,0.13183035114536668,0.4283114955206242,1,6,0.3050100271454913,0.5546397019324667,0,2,0.9172002512543163,0.8303600422564367,0,2,0.9172002512543163,0.8303600422564367,0,0.4990522638728003,0.634101019022179,1.106,"{""1"": 29925.59932629342, ""2"": 19426.05151178956, ""3"": 16862.56352749593, ""4"": 14931.090438769292, ""5"": 13780.0780819667, ""6"": 13217.909318591715, ""7"": 13033.534292301265, ""8"": 12837.960780075153, ""9"": 12637.25065690959, ""10"": 12599.471719413132, ""11"": 12441.339648564008, ""12"": 12357.59794447746, ""13"": 12296.944094732784, ""14"": 12255.076924069786, ""15"": 12271.223020698413}",8.251685857772827
mueller_brown,short,pca,4000,10,1,15,3,3,0.0315,15,0.056894708077843324,0.27981604201738763,1,15,0.056894708077843324,0.27981604201738763,1,7,0.1497494469157419,0.37918940973369875,0,2,0.7635733134241464,0.6182415823202195,0,2,0.7635733134241464,0.6182415823202195,0,0.22918940951205097,0.3655517373264509,1.4235000000000002,"{""1"": 27662.88228913959, ""2"": 16992.218376386787, ""3"": 14093.458108775118, ""4"": 12807.975519631762, ""5"": 11883.677333212796, ""6"": 11415.026745778474, ""7"": 10671.854650480687, ""8"": 10480.344353361894, ""9"": 10229.034715466958, ""10"": 10112.087212822651, ""11"": 10089.174154402923, ""12"": 9965.564702448739, ""13"": 9936.205038515507, ""14"": 9885.0564216169, ""15"": 9875.719735029592}",7.8556883335113525
mueller_brown,short,pca,4000,10,1,16,3,3,0.06125,15,0.1042538211520139,0.3858311802679724,1,15,0.1042538211520139,0.3858311802679724,1,7,0.20478323016773323,0.4782377108691598,0,2,0.8188230105359827,0.6952323799546222,0,2,0.8188230105359827,0.6952323799546222,0,0.5473351360104023,0.6304031599959806,1.2894999999999999,"{""1"": 29590.14176731036, ""2"": 19261.44795525394, ""3"": 17151.82579496602, ""4"": 14035.682011452967, ""5"": 12962.26687191397, ""6"": 12389.566411870539, ""7"": 11990.553703500687, ""8"": 11808.82019468088, ""9"": 11639.161250378596, ""10"": 11603.544879798439, ""11"": 11438.403130850653, ""12"": 11465.460896968645, ""13"": 11342.922741911032, ""14"": 11276.59940615274, ""15"": 11203.116271041345}",7.503819704055786
mueller_brown,short,pca,4000,10,1,17,3,3,0.0925,15,0.14421610042347827,0.4513417834290778,1,15,0.14421610042347827,0.4513417834290778,1,5,0.3704145119406308,0.619165691496734,0,2,0.9318906429894698,0.8651154000984106,0,2,0.9318906429894698,0.8651154000984106,0,0.4794728814230121,0.6406702810180487,1.1704999999999999,"{""1"": 30189.48788689465, ""2"": 18998.44788918935, ""3"": 16019.729301018551, ""4"": 14581.264157273125, ""5"": 13252.586875792691, ""6"": 12819.479940049303, ""7"": 12511.856868782079, ""8"": 12280.331603571613, ""9"": 12234.684002093718, ""10"": 12041.59769366294, ""11"": 11944.813107081505, ""12"": 11922.367870970418, ""13"": 11801.026530050523, ""14"": 11879.87752787035, ""15"": 11800.05317997621}",8.394101858139038
mueller_brown,short,pca,4000,10,1,18,3,3,0.25525,15,0.30865743940012674,0.5596136938764302,1,15,0.30865743940012674,0.5596136938764302,1,6,0.5689181646810129,0.6818335904015063,0,2,0.6227276161714753,0.7431546639802254,0,3,0.7767996874565793,0.798543774505381,0,0.7767996874565793,0.798543774505381,1.1784999999999999,"{""1"": 32882.76854832703, ""2"": 19908.91134724315, ""3"": 17251.358830990353, ""4"": 16069.069682446547, ""5"": 15500.802832351794, ""6"": 14636.80663145528, ""7"": 14443.660892204809, ""8"": 14192.102278449383, ""9"": 14078.884725745442, ""10"": 13951.648464916387, ""11"": 13864.965149197524, ""12"": 13758.890858544959, ""13"": 13834.43265295737, ""14"": 13744.527630162462, ""15"": 13697.33305307014}",7.629851579666138
mueller_brown,short,pca,4000,10,1,19,3,3,0.05,15,0.04401283971114888,0.25261187487463804,1,15,0.04401283971114888,0.25261187487463804,1,5,0.14326197960984538,0.3424664479479839,0,2,0.6318381544604502,0.4982775515052059,0,3,0.28600222561300614,0.4178020425739008,0,0.28600222561300614,0.4178020425739008,1.515,"{""1"": 27193.16705318648, ""2"": 17881.384567840443, ""3"": 16016.65594463018, ""4"": 14811.890213115252, ""5"": 14116.038723332074, ""6"": 13875.519405930641, ""7"": 13431.401941389078, ""8"": 13102.67384424251, ""9"": 12842.099027629167, ""10"": 12792.205206052997, ""11"": 12604.534212837261, ""12"": 12601.4261258472, ""13"": 12583.348772188512, ""14"": 12597.759639956232, ""15"": 12576.95122700099}",8.50342607498169
mueller_brown,short,pca,8000,10,1,0,3,3,0.146625,15,0.25989919790917027,0.5419661426923877,1,15,0.25989919790917027,0.5419661426923877,1,7,0.4710700303711766,0.6507690468722804,0,3,0.9061910893634786,0.8542823088660987,0,2,0.8166908926792061,0.815960632931138,0,0.9061910893634786,0.8542823088660987,1.1940000000000002,"{""1"": 63604.73054437743, ""2"": 38108.858379310615, ""3"": 33293.48099415124, ""4"": 29512.08925511048, ""5"": 28528.69810969959, ""6"": 27502.4828571558, ""7"": 26578.159628018497, ""8"": 26015.22203128962, ""9"": 25569.70012286533, ""10"": 25393.06237049449, ""11"": 25184.128166845552, ""12"": 25015.512349924105, ""13"": 24867.54881595828, ""14"": 24822.702256930075, ""15"": 24760.03688211319}",18.1318998336792
mueller_brown,short,pca,8000,10,1,1,3,3,0.104625,15,0.14470337277663062,0.4499788870641347,1,15,0.14470337277663062,0.4499788870641347,1,6,0.31269491047546877,0.5581475834092074,0,2,0.9122174064138865,0.8374580744256146,0,2,0.9122174064138865,0.8374580744256146,0,0.5437038235323696,0.6554943950573342,1.2129999999999996,"{""1"": 61005.04790528184, ""2"": 40630.14610156722, ""3"": 35150.88627576095, ""4"": 31060.32565508517, ""5"": 28544.454987768004, ""6"": 27312.21669432613, ""7"": 26711.5781250079, ""8"": 26438.892629774866, ""9"": 26081.629586382496, ""10"": 25785.738599025663, ""11"": 25689.009715296594, ""12"": 25355.740855171516, ""13"": 25131.501583973026, ""14"": 25006.225728516132, ""15"": 24857.781988509207}",18.520212650299072
mueller_brown,short,pca,8000,10,1,2,3,3,0.044125,15,0.08648362458220746,0.35620650477980975,1,15,0.08648362458220746,0.35620650477980975,1,8,0.16574987448245188,0.42035883348318,0,2,0.7942142792994001,0.6641921450122579,0,2,0.7942142792994001,0.6641921450122579,0,0.3649438552777089,0.5172227881946663,1.34525,"{""1"": 58182.716853629645, ""2"": 34880.930860856715, ""3"": 29521.10786751887, ""4"": 26653.912167648814, ""5"": 23418.80346942548, ""6"": 22480.317169401314, ""7"": 21660.66208164162, ""8"": 20773.038273900023, ""9"": 20390.26581259639, ""10"": 20561.107457368227, ""11"": 20039.466504293847, ""12"": 19991.3301609327, ""13"": 19703.566641831134, ""14"": 19729.161741650067, ""15"": 19650.143205091987}",18.036871910095215
mueller_brown,short,pca,8000,10,1,3,3,3,0.0285,15,0.037064149121238114,0.22044861991187514,1,15,0.037064149121238114,0.22044861991187514,1,5,0.11267039658019573,0.30828916791372646,0,2,0.5867683079951688,0.4585755884969188,0,3,0.19612360744910487,0.32158868798871265,0,0.19612360744910487,0.32158868798871265,1.4792499999999997,"{""1"": 53717.723295260985, ""2"": 34172.56474055491, ""3"": 28994.627660662558, ""4"": 26929.76966428744, ""5"": 25238.50120630705, ""6"": 24409.832320119, ""7"": 23723.15677409717, ""8"": 23709.31119301426, ""9"": 22757.10550321648, ""10"": 22188.62666483319, ""11"": 21957.22862800216, ""12"": 22040.791875173847, ""13"": 21860.725971527983, ""14"": 21763.770491624156, ""15"": 21615.18262162975}",19.270596742630005
mueller_brown,short,pca,8000,10,1,4,3,3,0.028625,15,0.028862247591418238,0.19267322444308038,1,15,0.028862247591418238,0.19267322444308038,1,5,0.10105098194439167,0.2809245057665512,0,2,0.5157850142284239,0.4014298959891546,0,3,0.1616132518416524,0.28322281015718476,0,0.1616132518416524,0.28322281015718476,1.53025,"{""1"": 52195.58524494691, ""2"": 34933.50680606177, ""3"": 30610.95009044928, ""4"": 28710.83944454599, ""5"": 27273.927009782306, ""6"": 26682.889787590822, ""7"": 25990.662031938926, ""8"": 25677.277299339254, ""9"": 25220.210761010378, ""10"": 24908.539476209244, ""11"": 24665.020915982204, ""12"": 24715.205555782883, ""13"": 24538.697127720876, ""14"": 24506.059914723643, ""15"": 24403.31194366921}",18.851890325546265
mueller_brown,short,pca,8000,10,1,5,3,3,0.0205,15,0.02342372046607979,0.1634484675024598,1,15,0.02342372046607979,0.1634484675024598,1,5,0.08531230027051764,0.25376668823079035,0,2,0.5859283674096738,0.4523778928597436,0,3,0.1490525389702505,0.27261607818564776,0,0.1490525389702505,0.27261607818564776,1.55775,"{""1"": 51129.018203833395, ""2"": 33382.62463021806, ""3"": 28138.581686059602, ""4"": 26554.943130449275, ""5"": 25074.93804778275, ""6"": 24249.584488194218, ""7"": 23968.68606338253, ""8"": 23125.067863604316, ""9"": 22748.97962553379, ""10"": 22450.524388641632, ""11"": 22110.247296908794, ""12"": 22036.498449621093, ""13"": 22044.79090707859, ""14"": 21899.879423318656, ""15"": 21854.08750523942}",18.78421974182129
mueller_brown,short,pca,8000,10,1,6,3,3,0.07525,14,0.1322628279495329,0.422162313766282,0,14,0.1322628279495329,0.422162313766282,0,7,0.2443200257743943,0.5054044958354111,0,2,0.9377584921512809,0.8464382861670384,0,2,0.9377584921512809,0.8464382861670384,0,0.43992496478689574,0.6035866260556992,1.1787499999999997,"{""1"": 58769.289635284134, ""2"": 37378.810167063835, ""3"": 31834.288890538937, ""4"": 28384.053332193896, ""5"": 26460.394238296092, ""6"": 24975.153861474773, ""7"": 24315.284183330634, ""8"": 23630.927459252587, ""9"": 23537.120867076643, ""10"": 23081.742638387062, ""11"": 23007.91314442217, ""12"": 22958.78916112305, ""13"": 22880.997845826627, ""14"": 22592.08330916632, ""15"": 22814.55346500008}",18.745795488357544
mueller_brown,short,pca,8000,10,1,7,3,3,0.06375,15,0.06911656253118961,0.3086931686591049,1,15,0.06911656253118961,0.3086931686591049,1,6,0.17808581487512568,0.40623921898202997,0,2,0.7089961096214094,0.5706286695000675,0,2,0.7089961096214094,0.5706286695000675,0,0.2750949638056987,0.4165183605241397,1.3467500000000001,"{""1"": 56556.946027087295, ""2"": 37618.03276923806, ""3"": 33164.817349301644, ""4"": 30709.058653593893, ""5"": 28959.28967026407, ""6"": 28076.37269637771, ""7"": 26968.533460079307, ""8"": 26478.72172130473, ""9"": 26178.83870591556, ""10"": 25704.43616765363, ""11"": 25718.156621846934, ""12"": 25684.691739402984, ""13"": 25527.04625680844, ""14"": 25265.616308958477, ""15"": 25172.66954801643}",18.518698930740356
mueller_brown,short,pca,8000,10,1,8,3,3,0.023,15,0.02214681446795529,0.16314734645185086,1,15,0.02214681446795529,0.16314734645185086,1,4,0.12529138512716803,0.30006297630124185,0,2,0.44581199718604697,0.34742949414173335,0,3,0.138935627637726,0.2532359977910039,0,0.138935627637726,0.2532359977910039,1.5895000000000001,"{""1"": 51056.70242845334, ""2"": 36790.84282907589, ""3"": 33075.542641938846, ""4"": 31565.465124633647, ""5"": 30663.786524701383, ""6"": 29767.207431711, ""7"": 29372.962592509622, ""8"": 28953.570523260907, ""9"": 28637.461365381085, ""10"": 28408.26614544377, ""11"": 28293.546095355912, ""12"": 28371.305137083993, ""13"": 28032.812157815453, ""14"": 27982.62105842878, ""15"": 27949.36512843332}",17.955811262130737
mueller_brown,short,pca,8000,10,1,9,3,3,0.059,14,0.08029254991197964,0.33397088010658726,0,14,0.08029254991197964,0.33397088010658726,0,7,0.15385361691029717,0.41753516711521715,0,2,0.9565876215370388,0.8564599024137779,0,2,0.9565876215370388,0.8564599024137779,0,0.2738448711247486,0.42147836086048096,1.3585,"{""1"": 56864.14635155026, ""2"": 38982.62564234118, ""3"": 32495.002074615735, ""4"": 31089.915086534802, ""5"": 27739.45610293072, ""6"": 26784.26779484501, ""7"": 25481.69382745875, ""8"": 25060.22982900142, ""9"": 24605.016390231933, ""10"": 24384.46677842089, ""11"": 24578.124123357975, ""12"": 24214.743244348672, ""13"": 24051.742470718327, ""14"": 23744.159975783336, ""15"": 23828.192770417754}",18.30977988243103
mueller_brown,short,pca,8000,10,1,10,3,3,0.040875,15,0.07851274152277443,0.32279984534041406,1,15,0.07851274152277443,0.32279984534041406,1,5,0.23317266117166885,0.44983874256335105,0,2,0.9729580541662116,0.8901968620993582,0,2,0.9729580541662116,0.8901968620993582,0,0.2756656514106067,0.43403353502782704,1.3120000000000003,"{""1"": 57040.46749344411, ""2"": 37128.82166529968, ""3"": 29777.49831109592, ""4"": 27017.1621954428, ""5"": 24529.792855180818, ""6"": 23760.745978302195, ""7"": 22486.726676001035, ""8"": 22364.044126067674, ""9"": 21987.6256796246, ""10"": 21655.18601648438, ""11"": 21567.93900982652, ""12"": 21204.936184807473, ""13"": 21204.47993817377, ""14"": 21004.82503523135, ""15"": 20822.106610250205}",18.584686279296875
mueller_brown,short,pca,8000,10,1,11,3,3,0.057125,15,0.09133530107467529,0.34779540462708564,1,15,0.09133530107467529,0.34779540462708564,1,5,0.2587448240679578,0.4870685198362994,0,2,0.761501510227994,0.6242457523718888,0,2,0.761501510227994,0.6242457523718888,0,0.3222978512399828,0.4831374837216804,1.2500000000000002,"{""1"": 57316.742126834986, ""2"": 36295.31145152469, ""3"": 31239.63635180023, ""4"": 28856.615741496917, ""5"": 26044.91878081069, ""6"": 25322.9395500984, ""7"": 24880.81192391757, ""8"": 23824.536334524542, ""9"": 23847.198812810744, ""10"": 23392.64540741959, ""11"": 22898.956705885328, ""12"": 22790.364897394895, ""13"": 22691.39556543004, ""14"": 22537.837380574667, ""15"": 22460.485727986837}",18.47157311439514
mueller_brown,short,pca,8000,10,1,12,3,3,0.046125,15,0.0453759192464652,0.24862594714572758,1,15,0.0453759192464652,0.24862594714572758,1,5,0.1462877539797983,0.3440598536424619,0,2,0.7363535342427998,0.584651336878089,0,3,0.23157954700645203,0.37983767616479713,0,0.23157954700645203,0.37983767616479713,1.4639999999999997,"{""1"": 53915.097053166, ""2"": 35015.210223338996, ""3"": 30764.974430399543, ""4"": 28841.06730403496, ""5"": 27204.572577979317, ""6"": 26640.52703331731, ""7"": 25641.065543298035, ""8"": 25154.997783508694, ""9"": 24701.43403614633, ""10"": 24289.461359980454, ""11"": 24134.87898755962, ""12"": 24082.111979712296, ""13"": 24051.404467276756, ""14"": 23952.30307329038, ""15"": 23883.171501795252}",18.54098653793335
mueller_brown,short,pca,8000,10,1,13,3,3,0.09775,15,0.15420595058875916,0.448240956482129,1,15,0.15420595058875916,0.448240956482129,1,6,0.32939115320401197,0.57888260748609,0,2,0.9105212326486632,0.8382354959709138,0,2,0.9105212326486632,0.8382354959709138,0,0.5006558114639224,0.63885135166612,1.1895,"{""1"": 60881.52395658324, ""2"": 39709.72537800532, ""3"": 34959.6309034925, ""4"": 29970.95901805034, ""5"": 27817.457752612423, ""6"": 26559.31608805362, ""7"": 25909.77614164045, ""8"": 25630.280721856823, ""9"": 25233.643178548875, ""10"": 24978.75307607879, ""11"": 24803.79019817081, ""12"": 24427.663966229724, ""13"": 24264.17128780408, ""14"": 24254.528569285758, ""15"": 23968.111200221083}",18.08875608444214
mueller_brown,short,pca,8000,10,1,14,3,3,0.1175,15,0.16415830538440418,0.46732525888924886,1,15,0.16415830538440418,0.46732525888924886,1,6,0.3448613027698259,0.5869568019223655,0,2,0.9029188240250711,0.8446946887187047,0,2,0.9029188240250711,0.8446946887187047,0,0.7985656292328683,0.7688276849271757,1.2094999999999998,"{""1"": 61704.895534591626, ""2"": 40020.51995880019, ""3"": 35128.61376872421, ""4"": 32090.18392006685, ""5"": 28603.395325986676, ""6"": 27342.580878250443, ""7"": 26899.30235647949, ""8"": 26606.103083542253, ""9"": 26393.10720687491, ""10"": 26014.360520683873, ""11"": 25752.372216823853, ""12"": 25603.600702868913, ""13"": 25535.687837555364, ""14"": 25435.87628267103, ""15"": 25156.36421681903}",18.227595567703247
mueller_brown,short,pca,8000,10,1,15,3,3,0.09,15,0.14497688050750485,0.45013556091724566,1,15,0.14497688050750485,0.45013556091724566,1,6,0.32522648778549446,0.5664839385718663,0,2,0.9252055364164102,0.8536646665443397,0,2,0.9252055364164102,0.8536646665443397,0,0.8105164976860829,0.7787665079455696,1.21725,"{""1"": 60453.30365874683, ""2"": 39448.20562431738, ""3"": 33906.050902056966, ""4"": 29277.25530093088, ""5"": 26996.59213920424, ""6"": 25623.868087582272, ""7"": 25054.75633493328, ""8"": 24663.706769596454, ""9"": 24468.866843220596, ""10"": 23930.758554062, ""11"": 23856.34585348264, ""12"": 23658.503921029278, ""13"": 23306.663954519372, ""14"": 23265.930293145826, ""15"": 23220.993313371324}",18.72908043861389
mueller_brown,short,pca,8000,10,1,16,3,3,0.041375,15,0.09127353089284855,0.35355144690712964,1,15,0.09127353089284855,0.35355144690712964,1,7,0.19166239588935477,0.45396793225797627,0,2,0.8245914155751763,0.6963403509417294,0,2,0.8245914155751763,0.6963403509417294,0,0.4235194088709177,0.5939858098792501,1.288,"{""1"": 58553.03654582283, ""2"": 36437.0004113327, ""3"": 32768.978567326405, ""4"": 25978.105922652034, ""5"": 23538.635706521407, ""6"": 22567.592270722496, ""7"": 21661.04005883766, ""8"": 21308.038699813256, ""9"": 21053.073225020784, ""10"": 20886.765335581516, ""11"": 20850.65274457794, ""12"": 20138.555874106434, ""13"": 20074.505897803185, ""14"": 19826.665830042384, ""15"": 19824.300635145268}",17.87454319000244
mueller_brown,short,pca,8000,10,1,17,3,3,0.060875,15,0.09827948770829709,0.37837670912397675,1,15,0.09827948770829709,0.37837670912397675,1,7,0.18933188653066413,0.46661006969816315,0,2,0.9599461841192426,0.8795778734789078,0,2,0.9599461841192426,0.8795778734789078,0,0.39124080958893453,0.5777683854762051,1.2495000000000003,"{""1"": 58543.085531822304, ""2"": 37098.75717174996, ""3"": 31164.714559950506, ""4"": 27111.083368161835, ""5"": 25391.337091812646, ""6"": 24086.86247885266, ""7"": 23139.73060478615, ""8"": 22514.070554605405, ""9"": 22432.624187511323, ""10"": 22087.146048558756, ""11"": 21967.994860982617, ""12"": 21475.182801482, ""13"": 21511.703123525054, ""14"": 21413.573698379078, ""15"": 21293.252987222673}",19.02760601043701
mueller_brown,short,pca,8000,10,1,18,3,3,0.166375,15,0.24172228969740459,0.5115303158309006,1,15,0.24172228969740459,0.5115303158309006,1,7,0.4299347334742933,0.6262639002737386,0,2,0.8542975124108751,0.8218309961555046,0,2,0.8542975124108751,0.8218309961555046,0,0.5896631414142146,0.6810338234986263,1.0705,"{""1"": 62824.6859314839, ""2"": 38031.38444185333, ""3"": 33366.95264492098, ""4"": 31641.017778761936, ""5"": 28505.561691943538, ""6"": 27842.048185213673, ""7"": 27127.940065369974, ""8"": 26288.33970716423, ""9"": 25773.402928182877, ""10"": 25547.708799234202, ""11"": 25345.23632053175, ""12"": 25391.24874909117, ""13"": 25164.248589516395, ""14"": 25185.98653175318, ""15"": 25086.932854999195}",17.913845539093018
mueller_brown,short,pca,8000,10,1,19,3,3,0.087875,15,0.14389201274801747,0.42865687319447465,1,15,0.14389201274801747,0.42865687319447465,1,6,0.3315649325664369,0.553518042479452,0,2,0.925958087829314,0.8448571705866756,0,2,0.925958087829314,0.8448571705866756,0,0.5241348794501112,0.6475425623798213,1.145,"{""1"": 59588.451121931554, ""2"": 38060.50630137936, ""3"": 33069.62698923684, ""4"": 28646.136980222942, ""5"": 26739.2120344868, ""6"": 25268.23041857695, ""7"": 24724.086863788754, ""8"": 24504.24182515356, ""9"": 24299.3756604785, ""10"": 23856.95491799829, ""11"": 23539.02605910019, ""12"": 23267.560650126394, ""13"": 23044.94873634356, ""14"": 23105.334916031203, ""15"": 22708.22075152768}",17.9405415058136
mueller_brown,short,pca,16000,10,1,0,3,3,0.1068125,15,0.19370160756493754,0.4903850835689431,1,15,0.19370160756493754,0.4903850835689431,1,5,0.4472559482514208,0.6425279300331448,0,2,0.89824761800489,0.8482172453496732,0,2,0.89824761800489,0.8482172453496732,0,0.8507405785371986,0.7903273324864383,1.1206249999999998,"{""1"": 122675.99400030592, ""2"": 75093.47907513335, ""3"": 66619.8048303046, ""4"": 59702.92711363412, ""5"": 53541.19843387759, ""6"": 51473.96731459413, ""7"": 50650.71930864479, ""8"": 49109.617097959395, ""9"": 48280.398960909464, ""10"": 47720.22170691057, ""11"": 47338.032184025054, ""12"": 47318.72106336825, ""13"": 47057.554605268124, ""14"": 46444.15634666756, ""15"": 46295.879156144525}",60.61806631088257
mueller_brown,short,pca,16000,10,1,1,3,3,0.0954375,15,0.14682601474658782,0.4464322667285601,1,15,0.14682601474658782,0.4464322667285601,1,6,0.30603121371745834,0.5548657128597264,0,2,0.9218642722960654,0.8423197264633284,0,2,0.9218642722960654,0.8423197264633284,0,0.5102992229048737,0.6426374432527345,1.155,"{""1"": 120843.79421103091, ""2"": 79752.98117628474, ""3"": 69053.14746953835, ""4"": 60410.26212955414, ""5"": 55954.757431228165, ""6"": 53211.24043507887, ""7"": 51765.35881948008, ""8"": 51233.362505254794, ""9"": 50710.72241352243, ""10"": 50160.27734290814, ""11"": 49476.372731364696, ""12"": 49134.832889648686, ""13"": 48508.44017500637, ""14"": 48364.96763259493, ""15"": 48089.76075510892}",61.39078640937805
mueller_brown,short,pca,16000,10,1,2,3,3,0.0846875,15,0.15293628861252728,0.44118116012937775,1,15,0.15293628861252728,0.44118116012937775,1,6,0.31443638697233967,0.557121155298503,0,2,0.9188570193789918,0.8434023620344205,0,2,0.9188570193789918,0.8434023620344205,0,0.5288980446058755,0.6540700737815085,1.21675,"{""1"": 120724.71591291681, ""2"": 79220.42932997401, ""3"": 68611.44058105777, ""4"": 57644.880742657864, ""5"": 53745.68272509906, ""6"": 50798.9192361095, ""7"": 49679.35432698583, ""8"": 49090.18077923141, ""9"": 48485.1271015341, ""10"": 47202.80901322762, ""11"": 47027.90855908668, ""12"": 46845.63300066951, ""13"": 46448.792574570354, ""14"": 46229.62489577672, ""15"": 45984.30951439604}",63.29551601409912
mueller_brown,short,pca,16000,10,1,3,3,3,0.0561875,15,0.07989143412133272,0.33001705686710187,1,15,0.07989143412133272,0.33001705686710187,1,6,0.19531040872147268,0.4529132564335892,0,2,0.7440573900588976,0.6041946233105364,0,2,0.7440573900588976,0.6041946233105364,0,0.36899178030027585,0.5555913547793827,1.319625,"{""1"": 114246.78558247999, ""2"": 73376.47357997482, ""3"": 64205.3308019364, ""4"": 57278.95880191182, ""5"": 54203.5805269069, ""6"": 51228.11229527259, ""7"": 49721.43225744389, ""8"": 49009.20656513796, ""9"": 47297.47904047923, ""10"": 47043.84448139102, ""11"": 46897.63297526834, ""12"": 46364.02756258053, ""13"": 46077.97729688201, ""14"": 45892.580808756094, ""15"": 45681.42017954915}",63.00540208816528
mueller_brown,short,pca,16000,10,1,4,3,3,0.026875,15,0.024703148523180493,0.16966256168129415,1,15,0.024703148523180493,0.16966256168129415,1,4,0.13099242899862693,0.30341585061927023,0,2,0.5235975789156654,0.4035808375878487,0,3,0.14541766710162213,0.2551710256225061,0,0.14541766710162213,0.2551710256225061,1.584,"{""1"": 101888.42493547792, ""2"": 69928.49585871406, ""3"": 62345.11147744095, ""4"": 59018.94879827064, ""5"": 56611.71853076792, ""6"": 55525.8065758978, ""7"": 54272.52039092019, ""8"": 53030.1618961631, ""9"": 52484.71571298943, ""10"": 52065.08967433505, ""11"": 51824.981879062165, ""12"": 51511.40787079418, ""13"": 51313.84610560317, ""14"": 50904.73885216212, ""15"": 50808.22952733157}",62.238699436187744
mueller_brown,short,pca,16000,10,1,5,3,3,0.0628125,15,0.12338225677254512,0.4034687462559799,1,15,0.12338225677254512,0.4034687462559799,1,6,0.30213044781914483,0.5399260298886308,0,2,0.9389535793173696,0.8550632956844216,0,2,0.9389535793173696,0.8550632956844216,0,0.4329199293734098,0.6062645616741946,1.237375,"{""1"": 118481.29168109933, ""2"": 72752.62050442527, ""3"": 61379.23574929984, ""4"": 55631.42015466091, ""5"": 49231.49279303068, ""6"": 46800.01201860532, ""7"": 45155.89123594974, ""8"": 44046.41718762086, ""9"": 43168.906887827456, ""10"": 42548.30401901439, ""11"": 41951.31492706837, ""12"": 41522.343443347876, ""13"": 41433.87509516895, ""14"": 41223.4468826392, ""15"": 41123.44396430187}",65.0850818157196
mueller_brown,short,pca,16000,10,1,6,3,3,0.0763125,15,0.10949170623523109,0.3890585670322475,1,15,0.10949170623523109,0.3890585670322475,1,7,0.22973025556271923,0.49029603056303944,0,2,0.9332468809184608,0.8324336054478851,0,2,0.9332468809184608,0.8324336054478851,0,0.41746386966986904,0.591796577766968,1.220875,"{""1"": 117263.19185706627, ""2"": 76767.2574270491, ""3"": 65722.98910284118, ""4"": 58605.25266410765, ""5"": 54950.7333951622, ""6"": 51921.911000004846, ""7"": 50493.46365525103, ""8"": 49052.52835126833, ""9"": 48719.81012961903, ""10"": 48120.36755554817, ""11"": 47696.91765266947, ""12"": 47480.159570835436, ""13"": 47127.44033298708, ""14"": 46813.7905906137, ""15"": 46577.29219502588}",63.121161460876465
mueller_brown,short,pca,16000,10,1,7,3,3,0.0468125,15,0.0442826464452976,0.24649191575118948,1,15,0.0442826464452976,0.24649191575118948,1,5,0.13905943936532816,0.3359769986953158,0,2,0.6018855666276285,0.4746489488946998,0,3,0.2141323197251656,0.3402633452503661,0,0.2141323197251656,0.3402633452503661,1.4946249999999999,"{""1"": 109349.35347666449, ""2"": 73278.2398735904, ""3"": 64632.09592302665, ""4"": 61593.85321947681, ""5"": 57055.640670318855, ""6"": 55544.73294288043, ""7"": 54490.87131345267, ""8"": 52941.494167073964, ""9"": 51720.684411076574, ""10"": 50910.69810497248, ""11"": 51042.57842078627, ""12"": 50428.82113476826, ""13"": 49907.67515279346, ""14"": 50011.37453082004, ""15"": 49684.149182166526}",60.33815002441406
mueller_brown,short,pca,16000,10,1,8,3,3,0.0675625,15,0.08603228720794695,0.35388438286480883,1,15,0.08603228720794695,0.35388438286480883,1,6,0.227474734012392,0.48637383968415554,0,2,0.7690363749176217,0.6335891931846382,0,2,0.7690363749176217,0.6335891931846382,0,0.3206583604838886,0.4748344057235853,1.2983749999999998,"{""1"": 115738.55156815374, ""2"": 75178.78574433333, ""3"": 64915.25435960177, ""4"": 58143.7587753536, ""5"": 54906.04593041098, ""6"": 52458.91892655372, ""7"": 50774.60294424334, ""8"": 49686.52191378333, ""9"": 48463.52759861099, ""10"": 48235.72553906823, ""11"": 47997.1305608205, ""12"": 47353.282398555595, ""13"": 47085.26480906415, ""14"": 46579.95640080776, ""15"": 46497.80999421331}",62.76273822784424
mueller_brown,short,pca,16000,10,1,9,3,3,0.0618125,15,0.1071468924275011,0.3753078756137837,1,15,0.1071468924275011,0.3753078756137837,1,8,0.1729303128668353,0.4394976470606322,0,2,0.7713081247676523,0.6399135294753074,0,2,0.7713081247676523,0.6399135294753074,0,0.40543504377321765,0.5863336374065343,1.2248750000000002,"{""1"": 116457.6557863301, ""2"": 75267.13828386365, ""3"": 66598.85026682963, ""4"": 56129.57008312019, ""5"": 52577.3646504345, ""6"": 50520.959024079224, ""7"": 48839.25609080885, ""8"": 47303.06791649718, ""9"": 46525.24911870415, ""10"": 46599.68793900677, ""11"": 45577.58509855535, ""12"": 44810.40286934891, ""13"": 44238.937329902954, ""14"": 44091.46053863584, ""15"": 44051.70895781891}",62.279754877090454
mueller_brown,short,pca,16000,10,1,10,3,3,0.137125,15,0.1951747239464624,0.49652892671803234,1,15,0.1951747239464624,0.49652892671803234,1,8,0.3753119234763413,0.5943076770958091,0,2,0.860821769725601,0.8321928108970529,0,2,0.860821769725601,0.8321928108970529,0,0.8548897077866635,0.8105383044701842,1.2563750000000002,"{""1"": 125704.92078273554, ""2"": 81085.98999049018, ""3"": 70905.13697404326, ""4"": 64634.26388220434, ""5"": 59064.81841681993, ""6"": 57887.341859577005, ""7"": 55850.11514376765, ""8"": 54147.98787616873, ""9"": 53199.17651485318, ""10"": 53000.092704075985, ""11"": 52499.24370491684, ""12"": 52219.73711099972, ""13"": 51862.48786053886, ""14"": 51493.25775941594, ""15"": 51248.31303515944}",61.47036910057068
mueller_brown,short,pca,16000,10,1,11,3,3,0.0455625,15,0.05761101547599547,0.285004661407202,1,15,0.05761101547599547,0.285004661407202,1,5,0.20608266710089077,0.41696727273818746,0,2,0.6823203430255219,0.5456367845353943,0,3,0.26204722955171694,0.4056913836144098,0,0.26204722955171694,0.4056913836144098,1.4286249999999998,"{""1"": 111712.21982565388, ""2"": 71141.8744316598, ""3"": 61623.93849436102, ""4"": 56448.39759177603, ""5"": 52088.163841710055, ""6"": 50440.56560767815, ""7"": 49585.705223094825, ""8"": 47568.67425032183, ""9"": 46163.61353082241, ""10"": 46584.10247290006, ""11"": 45242.88671159026, ""12"": 44864.76871103584, ""13"": 45020.98607709606, ""14"": 44566.70526283821, ""15"": 44426.37013587185}",61.68118071556091
mueller_brown,short,pca,16000,10,1,12,3,3,0.0785,15,0.10210773662406884,0.3865813620714252,1,15,0.10210773662406884,0.3865813620714252,1,7,0.2270898726900191,0.48496139050826814,0,2,0.9342098442065119,0.8345038589668846,0,2,0.9342098442065119,0.8345038589668846,0,0.4016047954338549,0.577448406826896,1.2725,"{""1"": 116220.6792274545, ""2"": 73136.07514257578, ""3"": 62955.3191153956, ""4"": 57344.82288591199, ""5"": 52941.61439442945, ""6"": 50107.315659163614, ""7"": 48718.40376465487, ""8"": 48152.882723091, ""9"": 47635.87059896733, ""10"": 46490.82843046099, ""11"": 46216.41544769821, ""12"": 45675.620893296524, ""13"": 45515.473667472026, ""14"": 45158.43766947434, ""15"": 44859.52704023389}",61.03159761428833
mueller_brown,short,pca,16000,10,1,13,3,3,0.07175,15,0.10752737299062398,0.38279140952882923,1,15,0.10752737299062398,0.38279140952882923,1,7,0.206620326306749,0.476270634130596,0,2,0.9047935851444591,0.7894148520335995,0,2,0.9047935851444591,0.7894148520335995,0,0.3716078716484106,0.5377029171993645,1.2258749999999998,"{""1"": 117314.80354612382, ""2"": 76907.44765112926, ""3"": 65959.35844816652, ""4"": 57725.09027887425, ""5"": 54054.778796976454, ""6"": 52378.45105036238, ""7"": 49868.24064365231, ""8"": 48840.78619247366, ""9"": 47688.35437078965, ""10"": 47523.072952975876, ""11"": 46831.978175318916, ""12"": 46304.94352848773, ""13"": 45889.9295917749, ""14"": 45883.59897330282, ""15"": 45373.5390215153}",62.48238205909729
mueller_brown,short,pca,16000,10,1,14,3,3,0.0706875,15,0.09322826288606832,0.3676926241434994,1,15,0.09322826288606832,0.3676926241434994,1,6,0.22984464810521704,0.4926326217569546,0,2,0.8107860971740689,0.6781869007056902,0,2,0.8107860971740689,0.6781869007056902,0,0.4360663484259979,0.5945203699316293,1.2932499999999998,"{""1"": 116510.27886886583, ""2"": 76108.35082505386, ""3"": 67612.23155753358, ""4"": 58200.97395953435, ""5"": 54764.18112049648, ""6"": 51902.76831759296, ""7"": 50596.16043037776, ""8"": 50036.60934519359, ""9"": 49503.79490887235, ""10"": 48087.96836593153, ""11"": 47812.255643798184, ""12"": 47349.70981528896, ""13"": 47099.28400090186, ""14"": 46690.471012376605, ""15"": 46426.97496370232}",61.609265089035034
mueller_brown,short,pca,16000,10,1,15,3,3,0.0789375,15,0.11369184033553281,0.4055353554766172,1,15,0.11369184033553281,0.4055353554766172,1,6,0.2685590142768218,0.5276918062732188,0,2,0.9339203612532321,0.8436397281745793,0,2,0.9339203612532321,0.8436397281745793,0,0.49358427268697935,0.6261528672427,1.2248750000000004,"{""1"": 119153.12201946077, ""2"": 80293.4285024295, ""3"": 68660.08355129376, ""4"": 58181.632458768254, ""5"": 54718.49325001634, ""6"": 51762.62253411928, ""7"": 50230.1225579297, ""8"": 49911.45402430251, ""9"": 49236.37736132922, ""10"": 48484.50906411115, ""11"": 47909.01747284556, ""12"": 47420.65813083115, ""13"": 46710.79970709187, ""14"": 46546.790311643446, ""15"": 46267.40557665224}",67.00198888778687
mueller_brown,short,pca,16000,10,1,16,3,3,0.082625,15,0.1567786075816774,0.44488306586693327,1,15,0.1567786075816774,0.44488306586693327,1,6,0.32381132207820706,0.56690243575511,0,2,0.9252711738231453,0.8522290151621726,0,2,0.9252711738231453,0.8522290151621726,0,0.5216711465657505,0.6517915121537228,1.1342500000000002,"{""1"": 120299.50009470072, ""2"": 78683.00576616437, ""3"": 68755.7345517734, ""4"": 56655.817126396454, ""5"": 52923.52383519249, ""6"": 49822.2452695133, ""7"": 48488.98962886623, ""8"": 48042.45390671025, ""9"": 47701.7939026585, ""10"": 46283.444990973956, ""11"": 45866.09485254551, ""12"": 45715.150626457515, ""13"": 45326.58133698636, ""14"": 45228.670633243426, ""15"": 44946.24245975534}",63.59689497947693
mueller_brown,short,pca,16000,10,1,17,3,3,0.05775,15,0.08512960938661457,0.3570718086743919,1,15,0.08512960938661457,0.3570718086743919,1,6,0.22262846291455957,0.48893427967959174,0,2,0.9408504428982832,0.837316519107344,0,2,0.9408504428982832,0.837316519107344,0,0.3676130313495857,0.5534034048482944,1.302625,"{""1"": 115866.54214972752, ""2"": 72882.6619230967, ""3"": 61129.21594624487, ""4"": 54003.775997408426, ""5"": 50408.317722107575, ""6"": 47638.09314196818, ""7"": 46565.98146434622, ""8"": 45024.07634094085, ""9"": 44190.70134664446, ""10"": 43670.99311169105, ""11"": 43459.57640292956, ""12"": 43155.36040242383, ""13"": 42850.400083059016, ""14"": 42377.185369951796, ""15"": 42182.244361585734}",62.24001216888428
mueller_brown,short,pca,16000,10,1,18,3,3,0.1055,15,0.13307944375617223,0.41832806209425516,1,15,0.13307944375617223,0.41832806209425516,1,6,0.2976898402135017,0.5530219712054857,0,2,0.9120929198543921,0.8192016135973031,0,2,0.9120929198543921,0.8192016135973031,0,0.46575353222427196,0.6196450029689582,1.1282500000000002,"{""1"": 118904.77809547153, ""2"": 76464.38826861321, ""3"": 66884.53287214148, ""4"": 60143.22589545832, ""5"": 56230.11869581676, ""6"": 53560.90369971957, ""7"": 52251.45776578476, ""8"": 51674.81360478186, ""9"": 50262.56878489942, ""10"": 49917.553868989635, ""11"": 49441.27411602658, ""12"": 49082.126816134165, ""13"": 48841.87238745779, ""14"": 48535.5367188478, ""15"": 48216.03362085743}",61.819162130355835
mueller_brown,short,pca,16000,10,1,19,3,3,0.0556875,15,0.07713542261927507,0.33252445343937115,1,15,0.07713542261927507,0.33252445343937115,1,6,0.1956802881456179,0.4374859957452728,0,2,0.7439940997327599,0.6075233560203095,0,2,0.7439940997327599,0.6075233560203095,0,0.29421939850465634,0.4431254812268705,1.362375,"{""1"": 114383.14632188895, ""2"": 71951.90540841829, ""3"": 61859.437509413365, ""4"": 56185.64684837372, ""5"": 51703.526048084044, ""6"": 49812.551266625924, ""7"": 48211.19108284746, ""8"": 47123.842838386314, ""9"": 46497.10127196919, ""10"": 46199.150178542965, ""11"": 46060.227475292675, ""12"": 44528.65631828031, ""13"": 44105.21624663064, ""14"": 43850.56293109553, ""15"": 43637.46483371715}",62.007816553115845
mueller_brown,short,pca,32000,10,1,0,3,3,0.0914375,15,0.1453455854403909,0.44651360529966094,1,15,0.1453455854403909,0.44651360529966094,1,6,0.3233619956081557,0.5711868398209705,0,2,0.921214087485911,0.8546227320068395,0,2,0.921214087485911,0.8546227320068395,0,0.5067352033526205,0.6506085545992019,1.2210000000000003,"{""1"": 241428.87515511384, ""2"": 151724.84709844153, ""3"": 132696.3681237693, ""4"": 115370.41926670336, ""5"": 105818.98657868496, ""6"": 100549.53510020266, ""7"": 98073.38353371974, ""8"": 96906.80891244153, ""9"": 95260.74726384696, ""10"": 94054.47852515132, ""11"": 92204.66802619137, ""12"": 91476.78138713047, ""13"": 90538.06642949389, ""14"": 89924.07164914538, ""15"": 89262.38277631575}",165.6412913799286
mueller_brown,short,pca,32000,10,1,1,3,3,0.07234375,15,0.10575774940812183,0.37791231228628996,1,15,0.10575774940812183,0.37791231228628996,1,6,0.24089118624860895,0.5033628367926579,0,2,0.8207124926209857,0.6899036532408407,0,2,0.8207124926209857,0.6899036532408407,0,0.4187253791116323,0.5862805754977098,1.2379999999999998,"{""1"": 234281.27982890807, ""2"": 153071.86394095098, ""3"": 133632.8817801375, ""4"": 116564.3374730543, ""5"": 108762.65100516906, ""6"": 103747.95007631854, ""7"": 100161.16438393854, ""8"": 98473.97402257856, ""9"": 97597.69779872379, ""10"": 97004.69620306893, ""11"": 96497.365577872, ""12"": 95522.21805025873, ""13"": 92973.5629538635, ""14"": 92367.00329176777, ""15"": 92289.35666448252}",154.98345732688904
mueller_brown,short,pca,32000,10,1,2,3,3,0.1023125,15,0.18250941506561505,0.4716813209804796,1,15,0.18250941506561505,0.4716813209804796,1,6,0.348485850915833,0.580504528673155,0,2,0.8993804716529736,0.8380614758365919,0,2,0.8993804716529736,0.8380614758365919,0,0.8150050970547131,0.7715657003575317,1.1230625,"{""1"": 244892.12573586596, ""2"": 158945.7968000203, ""3"": 135834.52750532053, ""4"": 119217.16169984895, ""5"": 110176.32163463296, ""6"": 105057.80548956811, ""7"": 103172.4573026925, ""8"": 102076.82062600167, ""9"": 100697.80547634719, ""10"": 99429.72283136117, ""11"": 98606.32528643668, ""12"": 97694.02878733512, ""13"": 95923.73567234511, ""14"": 95247.61947700694, ""15"": 94481.81830036489}",156.5892050266266
mueller_brown,short,pca,32000,10,1,3,3,3,0.0595,15,0.0719005884973132,0.32108421322604236,1,15,0.0719005884973132,0.32108421322604236,1,6,0.200792162449463,0.4615025477118782,0,2,0.7447896962042213,0.6059954011871564,0,2,0.7447896962042213,0.6059954011871564,0,0.3765358063408955,0.5542097266875193,1.3699375,"{""1"": 228493.772875757, ""2"": 146637.44241254215, ""3"": 129610.92510953239, ""4"": 114986.01906693945, ""5"": 109053.72338208895, ""6"": 102838.01101231446, ""7"": 100115.73326725242, ""8"": 97444.21103087423, ""9"": 95517.81370682905, ""10"": 95318.73773378614, ""11"": 92926.82276548404, ""12"": 92525.23436813559, ""13"": 92537.04258980553, ""14"": 91779.81012192156, ""15"": 91244.28195875464}",158.13959980010986
mueller_brown,short,pca,32000,10,1,4,3,3,0.026625,14,0.03761598954105685,0.20872241884735113,0,15,0.034154583127710345,0.20140044748570407,1,8,0.06977357310902484,0.24649780113598477,0,2,0.606618402483023,0.4720660526376446,0,3,0.17377995727192583,0.29859303085976346,0,0.17377995727192583,0.29859303085976346,1.465375,"{""1"": 210108.88421005447, ""2"": 135336.21768716598, ""3"": 116251.21340447794, ""4"": 108507.90310478664, ""5"": 101819.98477741511, ""6"": 98847.77143146352, ""7"": 97473.87274835285, ""8"": 93981.34276938114, ""9"": 91703.41220785442, ""10"": 90188.05522350475, ""11"": 88739.19672922323, ""12"": 88251.44050487346, ""13"": 87764.14117320634, ""14"": 87169.76891718667, ""15"": 87173.8465600736}",153.5101935863495
mueller_brown,short,pca,32000,10,1,5,3,3,0.06478125,15,0.09934982295434978,0.3817286676205018,1,15,0.09934982295434978,0.3817286676205018,1,6,0.2570560060042775,0.517920956954209,0,2,0.920240868556997,0.8147671545135048,0,2,0.920240868556997,0.8147671545135048,0,0.3951716272818103,0.5691208767978784,1.266,"{""1"": 234589.03127938308, ""2"": 147054.57980568672, ""3"": 124541.11932902929, ""4"": 108800.61686632253, ""5"": 101586.72940260729, ""6"": 95811.16744710541, ""7"": 92476.08891362831, ""8"": 90127.65637066645, ""9"": 89208.01613842793, ""10"": 86922.33410484553, ""11"": 86213.12326991209, ""12"": 85379.97030302708, ""13"": 85007.19768169548, ""14"": 84791.44313573629, ""15"": 84513.75678251525}",159.75290870666504
mueller_brown,short,pca,32000,10,1,6,3,3,0.066625,15,0.08250444212320826,0.3512486752837257,1,15,0.08250444212320826,0.3512486752837257,1,9,0.1467443315472508,0.4114402816102494,0,2,0.7663744390584449,0.6303967871596077,0,2,0.7663744390584449,0.6303967871596077,0,0.3855760899264361,0.569573157362753,1.33125,"{""1"": 231202.92710258678, ""2"": 151615.6862053851, ""3"": 134678.9110641503, ""4"": 118341.23643440314, ""5"": 111222.68542897585, ""6"": 107513.26675310225, ""7"": 103385.8764250738, ""8"": 99227.07745242382, ""9"": 97506.59265406268, ""10"": 96674.05623373933, ""11"": 96166.44534074508, ""12"": 95140.53371707801, ""13"": 95072.33398953336, ""14"": 94252.29277449522, ""15"": 93833.72059767046}",157.4155559539795
mueller_brown,short,pca,32000,10,1,7,3,3,0.06875,15,0.08636836447190821,0.3544515378500375,1,15,0.08636836447190821,0.3544515378500375,1,5,0.27101107877363506,0.49150720124737746,0,2,0.7441814687336168,0.6116034458034415,0,2,0.7441814687336168,0.6116034458034415,0,0.4224356990008364,0.5816036982450753,1.3136250000000003,"{""1"": 231262.44093934185, ""2"": 151279.03474562868, ""3"": 135880.1092712289, ""4"": 117541.13823206979, ""5"": 110594.92302319493, ""6"": 107190.86414724776, ""7"": 102783.50215429411, ""8"": 99642.97781228599, ""9"": 97364.78754383497, ""10"": 96582.2082768554, ""11"": 96149.37942436266, ""12"": 95469.68239132849, ""13"": 94783.02015613734, ""14"": 94225.89470570073, ""15"": 93722.94214930608}",159.99832677841187
mueller_brown,short,pca,32000,10,1,8,3,3,0.07684375,15,0.09549119729556177,0.3750979134864168,1,15,0.09549119729556177,0.3750979134864168,1,6,0.25101118661824984,0.5112428226520043,0,2,0.8372914705522013,0.707348817764789,0,2,0.8372914705522013,0.707348817764789,0,0.3604582189413751,0.5147761841692858,1.2439375000000001,"{""1"": 234256.11623467825, ""2"": 153640.91811550388, ""3"": 132482.7547924247, ""4"": 120313.71104337489, ""5"": 110922.19612020193, ""6"": 105276.19227664878, ""7"": 103360.72750167656, ""8"": 99995.16079457398, ""9"": 98072.88903850154, ""10"": 97323.92175585339, ""11"": 96586.76364782969, ""12"": 95787.30137970448, ""13"": 95172.06187960724, ""14"": 94123.07211529814, ""15"": 93332.1151341576}",170.1114649772644
mueller_brown,short,pca,32000,10,1,9,3,3,0.07184375,14,0.10502968804162634,0.3795607730697333,0,14,0.10502968804162634,0.3795607730697333,0,5,0.2903686408826394,0.515737639954763,0,2,0.8100265244739697,0.6768747146417162,0,2,0.8100265244739697,0.6768747146417162,0,0.4048684368330942,0.5854266216239242,1.2216249999999997,"{""1"": 232432.20353851136, ""2"": 151692.9488219528, ""3"": 134911.49026204422, ""4"": 118254.06483735723, ""5"": 109306.99708826344, ""6"": 105854.37273201569, ""7"": 101666.26721623076, ""8"": 98224.65834557476, ""9"": 97195.31227770378, ""10"": 97259.21982713709, ""11"": 94822.18271499893, ""12"": 93605.65513387213, ""13"": 92664.97792076705, ""14"": 92049.90298514873, ""15"": 92290.52196053637}",178.59180521965027
mueller_brown,short,pca,32000,10,1,10,3,3,0.13165625,15,0.19758268023704145,0.4889780969681941,1,15,0.19758268023704145,0.4889780969681941,1,5,0.45505589630117066,0.6420395839310759,0,2,0.8739976237736788,0.830151220738981,0,2,0.8739976237736788,0.830151220738981,0,0.8325744166673521,0.7924393862065281,1.167875,"{""1"": 249292.25298232347, ""2"": 160995.80451361046, ""3"": 141008.35209164934, ""4"": 127158.44885394964, ""5"": 115741.85473689866, ""6"": 111359.53227006097, ""7"": 109522.62161738504, ""8"": 106490.20080956588, ""9"": 104868.05560626913, ""10"": 103815.58652612858, ""11"": 102571.61258480205, ""12"": 102392.20182087604, ""13"": 101344.28844874763, ""14"": 100433.60140938936, ""15"": 99964.80103406297}",166.81128525733948
mueller_brown,short,pca,32000,10,1,11,3,3,0.0620625,14,0.09250245363584442,0.3495900818213147,0,14,0.09250245363584442,0.3495900818213147,0,5,0.2532405102594181,0.4785732205525063,0,2,0.7568076108763518,0.619286184009885,0,2,0.7568076108763518,0.619286184009885,0,0.3324685672810884,0.4831112946505647,1.2491249999999998,"{""1"": 229410.41011119817, ""2"": 146957.40185381766, ""3"": 127255.36656445828, ""4"": 114051.07896124171, ""5"": 106990.48017376753, ""6"": 103839.39371241514, ""7"": 101287.6426238286, ""8"": 97805.6255531429, ""9"": 96891.66602535917, ""10"": 94743.34652875345, ""11"": 92788.9813417202, ""12"": 92285.97147787776, ""13"": 92287.74853984843, ""14"": 90994.38409608268, ""15"": 91402.8736560127}",170.29041862487793
mueller_brown,short,pca,32000,10,1,12,3,3,0.0514375,14,0.06748694007701565,0.3062129238703029,0,14,0.06748694007701565,0.3062129238703029,0,5,0.2193437747032589,0.43752006176507674,0,2,0.7328931434085317,0.5890065568951848,0,2,0.7328931434085317,0.5890065568951848,0,0.2787198207357803,0.4327966291775636,1.3652500000000003,"{""1"": 224171.54997455463, ""2"": 142149.65380735797, ""3"": 122544.2311804116, ""4"": 113116.46665556973, ""5"": 106164.62786672873, ""6"": 102590.75303157674, ""7"": 97666.29600670346, ""8"": 95391.07163925526, ""9"": 94353.76134000898, ""10"": 92713.76237575657, ""11"": 93491.50588251324, ""12"": 90930.55268709423, ""13"": 90586.65615180167, ""14"": 89319.91445239763, ""15"": 90077.98253569528}",159.29892134666443
mueller_brown,short,pca,32000,10,1,13,3,3,0.05203125,15,0.08407715838269683,0.33680200125240844,1,15,0.08407715838269683,0.33680200125240844,1,8,0.14529171219386988,0.39612673703798895,0,2,0.7654728638602263,0.6269902758260668,0,2,0.7654728638602263,0.6269902758260668,0,0.2993024338775904,0.45526061010911195,1.293875,"{""1"": 229300.19978629888, ""2"": 144686.7983522289, ""3"": 123679.93985445511, ""4"": 112305.42751421056, ""5"": 102394.14821522176, ""6"": 98404.66445517905, ""7"": 95972.71050136897, ""8"": 91097.75004925941, ""9"": 89234.63192609903, ""10"": 89235.372343247, ""11"": 87003.13034446065, ""12"": 86472.23440093863, ""13"": 86784.55212112854, ""14"": 84829.48709978383, ""15"": 84528.6505405083}",157.75829219818115
mueller_brown,short,pca,32000,10,1,14,3,3,0.06275,15,0.082830403505458,0.3489133353408596,1,15,0.082830403505458,0.3489133353408596,1,7,0.16852267591488426,0.4369087649821193,0,2,0.8031329316796431,0.6658376014217738,0,2,0.8031329316796431,0.6658376014217738,0,0.3235471772876311,0.47694429252890785,1.3308125,"{""1"": 230511.10976174872, ""2"": 147372.8463243365, ""3"": 126854.86175410105, ""4"": 112749.24219382202, ""5"": 105919.40599745655, ""6"": 103003.09661736923, ""7"": 97762.38232185085, ""8"": 95505.06066810813, ""9"": 95598.09695499077, ""10"": 92812.65010268547, ""11"": 94622.70278290882, ""12"": 91578.24852834524, ""13"": 92455.5116924971, ""14"": 89469.448259228, ""15"": 89221.93832579335}",158.06421446800232
mueller_brown,short,pca,32000,10,1,15,3,3,0.07546875,15,0.10561293840690668,0.3871156638412589,1,15,0.10561293840690668,0.3871156638412589,1,7,0.23329196397253107,0.48750755446629784,0,2,0.8220955882695985,0.6955390754878081,0,2,0.8220955882695985,0.6955390754878081,0,0.4442340542885829,0.6032134646495232,1.223875,"{""1"": 235185.44609678932, ""2"": 152724.12219212577, ""3"": 134384.6490960374, ""4"": 115584.36470103203, ""5"": 109059.89674984383, ""6"": 103081.22766630304, ""7"": 100300.72982211369, ""8"": 98757.68665397893, ""9"": 97852.02162109838, ""10"": 97345.77103886532, ""11"": 95473.89990328175, ""12"": 95860.85266321493, ""13"": 92351.7489871846, ""14"": 92586.37236230735, ""15"": 91360.68727921238}",160.95450258255005
mueller_brown,short,pca,32000,10,1,16,3,3,0.07465625,15,0.12847074071259987,0.41639099079376063,1,15,0.12847074071259987,0.41639099079376063,1,6,0.2850438239137724,0.5387649830583351,0,2,0.8473473923688956,0.7334741160922579,0,2,0.8473473923688956,0.7334741160922579,0,0.4720511706181687,0.6271795073222034,1.2134375000000006,"{""1"": 237666.23564254705, ""2"": 152360.96755130938, ""3"": 134092.3171009803, ""4"": 112020.28035051044, ""5"": 104511.22443124773, ""6"": 98753.43057404096, ""7"": 95849.38493586623, ""8"": 95391.02588580504, ""9"": 94282.20674669124, ""10"": 93303.59012670384, ""11"": 92436.82393071186, ""12"": 91294.87482678353, ""13"": 90010.9732899341, ""14"": 90986.76483984341, ""15"": 88955.79211895786}",152.5202395915985
mueller_brown,short,pca,32000,10,1,17,3,3,0.0536875,15,0.07996948841296848,0.34377058654625803,1,15,0.07996948841296848,0.34377058654625803,1,7,0.17257736380393218,0.44015551798870517,0,2,0.8101785790175163,0.6743170468654828,0,2,0.8101785790175163,0.6743170468654828,0,0.32511619278469456,0.4824106393851096,1.3706875,"{""1"": 231638.37022923498, ""2"": 145478.21169666405, ""3"": 123622.7936462885, ""4"": 111940.92694355847, ""5"": 101080.38846758995, ""6"": 96447.89244250068, ""7"": 92862.73006079119, ""8"": 90998.25405334421, ""9"": 88587.92861241709, ""10"": 87976.25597398487, ""11"": 87351.8737167077, ""12"": 87077.94625117465, ""13"": 85966.77434543919, ""14"": 85648.45522689693, ""15"": 84817.48436407764}",156.84750866889954
mueller_brown,short,pca,32000,10,1,18,3,3,0.08290625,15,0.10774379878949954,0.3930730926244004,1,15,0.10774379878949954,0.3930730926244004,1,6,0.2625144182948938,0.5242662079190651,0,2,0.9124771489862178,0.8048571116935804,0,2,0.9124771489862178,0.8048571116935804,0,0.412798241793788,0.5689886579673056,1.22375,"{""1"": 235285.30085538124, ""2"": 153350.03132242346, ""3"": 132343.67141015534, ""4"": 117519.94330289934, ""5"": 110159.61762953263, ""6"": 104657.40053633774, ""7"": 101408.82325111711, ""8"": 100239.42258667313, ""9"": 98145.44804638725, ""10"": 96516.16389242365, ""11"": 95625.58365787657, ""12"": 95063.7732599023, ""13"": 93960.4276964909, ""14"": 93378.60935218133, ""15"": 92868.5868207988}",163.57210326194763
mueller_brown,short,pca,32000,10,1,19,3,3,0.05671875,15,0.07631963194554411,0.33335674814246263,1,15,0.07631963194554411,0.33335674814246263,1,5,0.2552737299309332,0.4813701635737103,0,2,0.7496951090979739,0.6111968843218563,0,2,0.7496951090979739,0.6111968843218563,0,0.3282272688212602,0.48299413662239576,1.3890625000000003,"{""1"": 228723.27987130618, ""2"": 145564.7386921366, ""3"": 125691.20011777134, ""4"": 113646.25133481852, ""5"": 105157.59607985229, ""6"": 101856.58814831654, ""7"": 98187.0971231242, ""8"": 95120.74889746205, ""9"": 94403.96757381975, ""10"": 93833.68259983146, ""11"": 90914.23317391687, ""12"": 90470.23820670057, ""13"": 89136.55347202363, ""14"": 88829.91340521083, ""15"": 88262.9542154656}",161.06256341934204
mueller_brown,short,tica,250,10,1,0,3,1,0.0,2,0.0,0.0,0,2,0.0,0.0,0,1,1.0,1.0,0,2,0.0,0.0,0,3,0.0,0.0,0,0.0,0.0,0.16799999999999998,"{""1"": 1475.2501357234241, ""2"": 1416.826310528816, ""3"": 1443.840297732899, ""4"": 1461.6311383744764, ""5"": 1491.706348613043, ""6"": 1520.2232016263133, ""7"": 1550.3989628620964, ""8"": 1576.0259922157352, ""9"": 1602.2900597702605, ""10"": 1609.432574685043, ""11"": 1636.1061721412611, ""12"": 1673.7319140230366, ""13"": 1683.225851214484, ""14"": 1725.041245271858, ""15"": 1717.3331563316565}",0.9864547252655029
mueller_brown,short,tica,250,10,1,1,3,2,0.0,2,0.6610986606402719,0.57734263686248,0,3,0.37321888048229956,0.45440458987877086,0,1,0.0,0.0,0,3,0.37321888048229956,0.45440458987877086,0,3,0.37321888048229956,0.45440458987877086,0,0.37321888048229956,0.45440458987877086,0.15199999999999997,"{""1"": 1444.5565614885386, ""2"": 1407.0012165535143, ""3"": 1428.0809231759238, ""4"": 1452.8133096019603, ""5"": 1478.577728182851, ""6"": 1509.5114367291264, ""7"": 1531.7126369396653, ""8"": 1558.366571930796, ""9"": 1573.184418433556, ""10"": 1617.1828226996201, ""11"": 1625.4458325925116, ""12"": 1643.0633406740826, ""13"": 1673.2207725326887, ""14"": 1697.8184338184653, ""15"": 1723.7316703833449}",1.0762240886688232
mueller_brown,short,tica,250,10,1,2,3,1,0.0,1,1.0,1.0,0,1,1.0,1.0,0,1,1.0,1.0,0,6,0.0,0.0,0,3,0.0,0.0,0,0.0,0.0,0.0,"{""1"": 1438.32569046713, ""2"": 1462.5362491972173, ""3"": 1483.983278291157, ""4"": 1507.631118710138, ""5"": 1539.0326589632589, ""6"": 1569.1212365308095, ""7"": 1570.5902983589742, ""8"": 1610.1936721012935, ""9"": 1623.9975188892467, ""10"": 1669.5981237102335, ""11"": 1678.1873240286918, ""12"": 1722.9107353084457, ""13"": 1721.9107555888854, ""14"": 1746.6048895883164, ""15"": 1771.542675281814}",1.10176682472229
mueller_brown,short,tica,250,10,1,3,3,2,0.0,1,0.0,0.0,0,2,-0.001611287723729478,0.006604653731239709,0,1,0.0,0.0,0,3,0.00040692942681083596,0.008172475000641433,0,3,0.00040692942681083596,0.008172475000641433,0,0.00040692942681083596,0.008172475000641433,0.008000000000000004,"{""1"": 1448.6504527303769, ""2"": 1468.545718446055, ""3"": 1497.1165139153934, ""4"": 1525.9505628879222, ""5"": 1552.8828869171089, ""6"": 1574.9360426514806, ""7"": 1601.3476198749524, ""8"": 1618.7738645115887, ""9"": 1649.5015978948518, ""10"": 1659.9041903024304, ""11"": 1684.2585071657152, ""12"": 1718.4988561665111, ""13"": 1742.3734529960848, ""14"": 1760.0165797620693, ""15"": 1793.5288325452593}",1.0576324462890625
mueller_brown,short,tica,250,10,1,4,3,1,0.0,1,1.0,1.0,0,1,1.0,1.0,0,1,1.0,1.0,0,4,0.0,0.0,0,2,0.0,0.0,0,0.0,0.0,0.0,"{""1"": 1443.6290378595284, ""2"": 1466.9591927981858, ""3"": 1493.8223921690349, ""4"": 1524.4164959353727, ""5"": 1551.3848438628468, ""6"": 1580.4402379626652, ""7"": 1608.7619575237065, ""8"": 1629.452336248979, ""9"": 1644.9880344327248, ""10"": 1676.8801870972432, ""11"": 1703.0440220616472, ""12"": 1720.6972998638757, ""13"": 1729.4364515560605, ""14"": 1730.6165480149796, ""15"": 1788.9230675690183}",1.0505280494689941
mueller_brown,short,tica,250,10,1,5,3,1,0.0,1,1.0,1.0,0,2,0.0,0.0,0,1,1.0,1.0,0,2,0.0,0.0,0,3,0.0,0.0,0,0.0,0.0,0.0,"{""1"": 1449.796049836417, ""2"": 1470.2193852086068, ""3"": 1500.2296718427194, ""4"": 1517.0527230928797, ""5"": 1544.303498108575, ""6"": 1564.161378905033, ""7"": 1587.579704843009, ""8"": 1626.0878680788846, ""9"": 1638.1372094272201, ""10"": 1667.2742745141197, ""11"": 1697.8222476486203, ""12"": 1716.8246598149437, ""13"": 1725.6631822283662, ""14"": 1749.9905916512032, ""15"": 1778.1757509603913}",1.0832901000976562
mueller_brown,short,tica,250,10,1,6,3,1,0.0,2,0.0,0.0,0,15,0.0,0.0,1,2,0.0,0.0,0,2,0.0,0.0,0,2,0.0,0.0,0,0.0,0.0,0.032000000000000015,"{""1"": 1439.2385753091469, ""2"": 1398.4871114858067, ""3"": 1423.3001432061703, ""4"": 1443.1949687835604, ""5"": 1474.8934576649146, ""6"": 1497.902908836074, ""7"": 1528.223198827087, ""8"": 1547.5739336968786, ""9"": 1540.4886758573216, ""10"": 1580.5242210212223, ""11"": 1579.0290420203382, ""12"": 1614.0244208289002, ""13"": 1624.3059371409151, ""14"": 1650.2303887449368, ""15"": 1649.934451350382}",0.8910479545593262
mueller_brown,short,tica,250,10,1,7,3,1,0.0,1,1.0,1.0,0,6,0.0,0.0,0,1,1.0,1.0,0,2,0.0,0.0,0,3,0.0,0.0,0,0.0,0.0,0.0,"{""1"": 1466.1833966078511, ""2"": 1474.8405462230667, ""3"": 1501.6420536014848, ""4"": 1529.0737305659463, ""5"": 1540.6562297799012, ""6"": 1543.4886660214156, ""7"": 1572.5699092083155, ""8"": 1612.9164894043743, ""9"": 1629.4003282136905, ""10"": 1645.1983708088017, ""11"": 1657.0635136284482, ""12"": 1682.6044877250354, ""13"": 1723.71517947191, ""14"": 1738.1593048252973, ""15"": 1760.8018265684996}",1.103450059890747
mueller_brown,short,tica,250,10,1,8,3,1,0.0,1,1.0,1.0,0,2,0.0,0.0,0,1,1.0,1.0,0,3,0.0,0.0,0,3,0.0,0.0,0,0.0,0.0,0.0,"{""1"": 1444.1065002649525, ""2"": 1451.6345017661129, ""3"": 1480.967346529919, ""4"": 1503.9896278241783, ""5"": 1536.2265970116894, ""6"": 1561.184489672782, ""7"": 1578.095671819665, ""8"": 1613.1760103859078, ""9"": 1632.905521139376, ""10"": 1669.669522857388, ""11"": 1691.0459097027804, ""12"": 1719.9418617086124, ""13"": 1742.679163276006, ""14"": 1771.833205288817, ""15"": 1782.739636331377}",1.001307487487793
mueller_brown,short,tica,250,10,1,9,3,2,0.0,2,0.6869214134769687,0.5220622790115813,0,5,0.3476934951961883,0.378793322587411,0,1,0.0,0.0,0,2,0.6869214134769687,0.5220622790115813,0,2,0.6869214134769687,0.5220622790115813,0,0.6209781349793525,0.43173884551275876,0.040000000000000036,"{""1"": 1445.1556832083113, ""2"": 1404.0170403804907, ""3"": 1424.3456817145272, ""4"": 1449.4809723926446, ""5"": 1462.7012979016345, ""6"": 1504.0857345378117, ""7"": 1519.2831908378123, ""8"": 1528.6957017683567, ""9"": 1551.2697554768151, ""10"": 1585.0094673421515, ""11"": 1598.0829425417057, ""12"": 1635.988439532369, ""13"": 1652.6550771965628, ""14"": 1670.118199530174, ""15"": 1706.5621627233959}",0.9732003211975098
mueller_brown,short,tica,250,10,1,10,3,2,0.0,1,0.0,0.0,0,1,0.0,0.0,0,1,0.0,0.0,0,3,0.04211722136501378,0.021314099851784635,0,3,0.04211722136501378,0.021314099851784635,0,0.04211722136501378,0.021314099851784635,0.43199999999999994,"{""1"": 1440.5522523461236, ""2"": 1464.5484785749184, ""3"": 1493.6247183006778, ""4"": 1514.0976924922197, ""5"": 1540.7076385149549, ""6"": 1564.6511542930434, ""7"": 1591.7734589096196, ""8"": 1618.4470456293898, ""9"": 1643.448421593706, ""10"": 1665.7736445098396, ""11"": 1686.0594268402901, ""12"": 1714.972497361838, ""13"": 1719.8690507550905, ""14"": 1726.0357783017764, ""15"": 1777.1753539903807}",1.0021512508392334
mueller_brown,short,tica,250,10,1,11,3,1,0.0,1,1.0,1.0,0,12,0.0,0.0,0,1,1.0,1.0,0,15,0.0,0.0,1,3,0.0,0.0,0,0.0,0.0,0.0,"{""1"": 1456.9561347141691, ""2"": 1476.121529212328, ""3"": 1501.0375929572594, ""4"": 1525.7189286353075, ""5"": 1546.4582482516525, ""6"": 1570.131714909093, ""7"": 1598.9828185996846, ""8"": 1612.2408404399725, ""9"": 1633.0674547864246, ""10"": 1655.2796631679428, ""11"": 1674.354786264815, ""12"": 1679.7499352253092, ""13"": 1724.0924216369003, ""14"": 1739.6368059589458, ""15"": 1757.8409426933154}",1.056715726852417
mueller_brown,short,tica,250,10,1,12,3,1,0.0,1,1.0,1.0,0,9,0.0,0.0,0,1,1.0,1.0,0,3,0.0,0.0,0,3,0.0,0.0,0,0.0,0.0,0.0,"{""1"": 1444.6194320337768, ""2"": 1461.8637740251136, ""3"": 1494.456468367527, ""4"": 1520.4184085545517, ""5"": 1530.7352212722235, ""6"": 1558.6679547653334, ""7"": 1585.854793106433, ""8"": 1606.103463470999, ""9"": 1609.6145199103198, ""10"": 1632.8615368528706, ""11"": 1653.6666983145203, ""12"": 1676.6391505280044, ""13"": 1713.2420889805826, ""14"": 1733.9959361528843, ""15"": 1758.487897807824}",1.2515101432800293
mueller_brown,short,tica,250,10,1,13,3,1,0.0,1,1.0,1.0,0,1,1.0,1.0,0,1,1.0,1.0,0,3,0.0,0.0,0,2,0.0,0.0,0,0.0,0.0,0.0,"{""1"": 1443.9295965129054, ""2"": 1465.4871878700428, ""3"": 1494.6668570043148, ""4"": 1525.655085601705, ""5"": 1552.9023555767496, ""6"": 1583.931159550917, ""7"": 1616.9905119079792, ""8"": 1634.4709728371304, ""9"": 1658.7497415508892, ""10"": 1684.7243434968705, ""11"": 1695.9719447130594, ""12"": 1720.1489574385903, ""13"": 1750.5265715995704, ""14"": 1763.3094841881618, ""15"": 1772.972834564795}",1.0998082160949707
mueller_brown,short,tica,250,10,1,14,3,1,0.0,1,1.0,1.0,0,14,0.0,0.0,0,1,1.0,1.0,0,8,0.0,0.0,0,3,0.0,0.0,0,0.0,0.0,0.0,"{""1"": 1455.1197515889417, ""2"": 1460.9391995037427, ""3"": 1485.013027556095, ""4"": 1514.8732349836894, ""5"": 1537.4408716297955, ""6"": 1565.2629945263297, ""7"": 1588.6891852850179, ""8"": 1597.0523561455261, ""9"": 1620.4253596251237, ""10"": 1645.355118690861, ""11"": 1672.6204335180992, ""12"": 1677.6682946926546, ""13"": 1705.7652950903748, ""14"": 1697.0592862743392, ""15"": 1739.454609780434}",1.216892957687378
mueller_brown,short,tica,250,10,1,15,3,1,0.0,1,1.0,1.0,0,12,0.0,0.0,0,1,1.0,1.0,0,14,0.0,0.0,0,3,0.0,0.0,0,0.0,0.0,0.0,"{""1"": 1450.2279872968297, ""2"": 1467.402249465367, ""3"": 1493.077443375596, ""4"": 1513.2766586915575, ""5"": 1551.7194453452605, ""6"": 1561.8828926609976, ""7"": 1582.3413388446136, ""8"": 1618.0402168752385, ""9"": 1636.7991196610747, ""10"": 1661.7208356206363, ""11"": 1683.0031067614846, ""12"": 1670.718892371823, ""13"": 1697.5904706431825, ""14"": 1733.3096252346484, ""15"": 1742.3329873868752}",1.0715947151184082
mueller_brown,short,tica,250,10,1,16,3,2,0.0,1,0.0,0.0,0,1,0.0,0.0,0,1,0.0,0.0,0,2,-0.0012951609028524875,0.00015671003784029222,0,2,-0.0012951609028524875,0.00015671003784029222,0,-0.0005578243749302438,0.009130751822797104,0.02400000000000001,"{""1"": 1442.9561529475, ""2"": 1464.5877845383727, ""3"": 1493.7659234116434, ""4"": 1521.3334071588235, ""5"": 1551.1219515431283, ""6"": 1569.9584554633952, ""7"": 1587.284729412939, ""8"": 1626.116969875793, ""9"": 1625.0489013069678, ""10"": 1642.3296129801179, ""11"": 1662.169307246399, ""12"": 1702.946448813975, ""13"": 1732.8061759576894, ""14"": 1736.3411233084928, ""15"": 1751.3683602890374}",1.1703219413757324
mueller_brown,short,tica,250,10,1,17,3,1,0.0,2,0.0,0.0,0,9,0.0,0.0,0,1,1.0,1.0,0,2,0.0,0.0,0,3,0.0,0.0,0,0.0,0.0,0.36800000000000005,"{""1"": 1440.6590320487257, ""2"": 1330.320562597852, ""3"": 1352.0658919169998, ""4"": 1374.212568573618, ""5"": 1404.5623421516457, ""6"": 1431.6807647636301, ""7"": 1451.499096858446, ""8"": 1464.8116960961338, ""9"": 1454.0983039948728, ""10"": 1513.9295653338843, ""11"": 1528.0218318616833, ""12"": 1534.6426735083162, ""13"": 1548.786651621594, ""14"": 1572.3048279967081, ""15"": 1601.7679122165418}",1.0550119876861572
mueller_brown,short,tica,250,10,1,18,3,2,0.0,1,0.0,0.0,0,1,0.0,0.0,0,1,0.0,0.0,0,3,0.08125765925203518,0.07297409189293362,0,3,0.08125765925203518,0.07297409189293362,0,0.08125765925203518,0.07297409189293362,0.32000000000000006,"{""1"": 1449.9623342604282, ""2"": 1474.6837601118154, ""3"": 1501.082620161613, ""4"": 1515.3004652742643, ""5"": 1548.8807328382193, ""6"": 1562.7854031182164, ""7"": 1601.5537267777443, ""8"": 1626.9140676218199, ""9"": 1637.18816744684, ""10"": 1660.91742214501, ""11"": 1698.7711874657848, ""12"": 1694.413731265369, ""13"": 1716.3423416255132, ""14"": 1738.7202418342536, ""15"": 1771.7773201542154}",1.155148983001709
mueller_brown,short,tica,250,10,1,19,3,2,0.0,2,0.8435387773494217,0.7493336852943211,0,3,0.46859443445422144,0.5419284353582501,0,2,0.8435387773494217,0.7493336852943211,0,3,0.46859443445422144,0.5419284353582501,0,3,0.46859443445422144,0.5419284353582501,0,0.46859443445422144,0.5419284353582501,0.04799999999999993,"{""1"": 1453.5880468427727, ""2"": 1409.1887290154311, ""3"": 1430.219033226391, ""4"": 1460.3664726170714, ""5"": 1494.661490039871, ""6"": 1507.7396393245735, ""7"": 1533.6248735641439, ""8"": 1550.5800172200557, ""9"": 1582.6389039524715, ""10"": 1606.9504503405562, ""11"": 1625.1415890000649, ""12"": 1656.6421518753943, ""13"": 1663.2933475693985, ""14"": 1666.5017316441704, ""15"": 1698.7742715456325}",0.9963734149932861
mueller_brown,short,tica,500,10,1,0,3,1,0.0,2,0.0,0.0,0,2,0.0,0.0,0,1,1.0,1.0,0,2,0.0,0.0,0,2,0.0,0.0,0,0.0,0.0,0.10000000000000005,"{""1"": 2896.267024267225, ""2"": 2814.015436192291, ""3"": 2846.6999202742813, ""4"": 2880.8938801524528, ""5"": 2902.9842939459068, ""6"": 2936.5557940614503, ""7"": 2963.7217863283786, ""8"": 2998.7300904953595, ""9"": 3033.1845078003835, ""10"": 3065.7288085986097, ""11"": 3100.8146976268063, ""12"": 3130.8665256653803, ""13"": 3160.781626069122, ""14"": 3189.0139999569715, ""15"": 3193.9153367552085}",1.331139087677002
mueller_brown,short,tica,500,10,1,1,3,2,0.0,3,0.4362750132761042,0.4643239088933181,0,4,0.3888794037145013,0.43257727497853354,0,2,0.6137685748367967,0.514637259075982,0,2,0.6137685748367967,0.514637259075982,0,2,0.6137685748367967,0.514637259075982,0,0.4362750132761042,0.4643239088933181,0.36399999999999993,"{""1"": 2867.1424062950086, ""2"": 2515.0326022445656, ""3"": 2488.937611376327, ""4"": 2500.2513724078553, ""5"": 2537.931369134554, ""6"": 2568.2535400836446, ""7"": 2597.417282081429, ""8"": 2630.83453854505, ""9"": 2637.9967806520517, ""10"": 2667.8222707373843, ""11"": 2694.0891631277227, ""12"": 2729.910603336381, ""13"": 2768.7111040829477, ""14"": 2791.0952084125897, ""15"": 2814.0742023684147}",1.5866034030914307
mueller_brown,short,tica,500,10,1,2,3,2,0.0,3,0.1564200266557182,0.2649587641263561,0,4,0.16850533419776217,0.303294883990279,0,2,0.5824263095103194,0.4740532515799283,0,2,0.5824263095103194,0.4740532515799283,0,3,0.1564200266557182,0.2649587641263561,0,0.1564200266557182,0.2649587641263561,0.712,"{""1"": 2857.848603606293, ""2"": 1945.9140467274865, ""3"": 1933.6756554584135, ""4"": 1936.775034079653, ""5"": 1970.777274738447, ""6"": 1996.813882970112, ""7"": 2030.28914993714, ""8"": 2070.466324735255, ""9"": 2076.426506889917, ""10"": 2116.778073687356, ""11"": 2128.953869936765, ""12"": 2159.390658230223, ""13"": 2196.3640749729293, ""14"": 2202.437413589305, ""15"": 2219.745167772047}",1.3967814445495605
mueller_brown,short,tica,500,10,1,3,3,2,0.0,1,0.0,0.0,0,1,0.0,0.0,0,1,0.0,0.0,0,3,-0.00030344635707700834,0.0036670279979721305,0,3,-0.00030344635707700834,0.0036670279979721305,0,-0.00030344635707700834,0.0036670279979721305,0.004000000000000002,"{""1"": 2876.956623428226, ""2"": 2907.95543168716, ""3"": 2938.7402036585986, ""4"": 2967.848206769254, ""5"": 2997.4910091117526, ""6"": 3023.3460084932376, ""7"": 3046.6503187462667, ""8"": 3082.2029541784673, ""9"": 3091.1023985824427, ""10"": 3138.8248600787433, ""11"": 3173.286731120528, ""12"": 3192.9008426059686, ""13"": 3211.1838457355902, ""14"": 3227.3994098174717, ""15"": 3273.908686288271}",1.3708562850952148
mueller_brown,short,tica,500,10,1,4,3,3,0.018,4,0.4005644388171384,0.5076350888654259,0,15,0.08094108100359236,0.2804643596898055,1,3,0.9261541885885548,0.7599489547865655,0,2,0.9296767820368097,0.8199923107596568,0,2,0.9296767820368097,0.8199923107596568,0,0.9261541885885548,0.7599489547865655,0.42399999999999993,"{""1"": 2936.11692769292, ""2"": 1039.54254449959, ""3"": 992.0636984961853, ""4"": 982.6674704357715, ""5"": 1008.282536619022, ""6"": 1038.6038916021669, ""7"": 1057.2433558107182, ""8"": 1081.202603930204, ""9"": 1112.9998557832935, ""10"": 1124.4074554015747, ""11"": 1131.0008658272668, ""12"": 1168.3077148209243, ""13"": 1179.2675844130235, ""14"": 1204.231797452159, ""15"": 1223.0256993630524}",1.5023369789123535
mueller_brown,short,tica,500,10,1,5,3,1,0.0,1,1.0,1.0,0,2,0.0,0.0,0,1,1.0,1.0,0,2,0.0,0.0,0,3,0.0,0.0,0,0.0,0.0,0.0,"{""1"": 2874.6672275448623, ""2"": 2894.5974073843836, ""3"": 2928.4030807025065, ""4"": 2960.424843506904, ""5"": 2992.409565513689, ""6"": 3013.121771710078, ""7"": 3052.273233145659, ""8"": 3073.22651384269, ""9"": 3105.117391319948, ""10"": 3130.6709438910584, ""11"": 3159.607035319732, ""12"": 3195.574004804264, ""13"": 3222.3145343001993, ""14"": 3242.3385088779205, ""15"": 3273.682901038082}",1.5909912586212158
mueller_brown,short,tica,500,10,1,6,3,1,0.0,1,1.0,1.0,0,2,0.0,0.0,0,1,1.0,1.0,0,8,0.0,0.0,0,3,0.0,0.0,0,0.0,0.0,0.0,"{""1"": 2867.8396463550675, ""2"": 2886.7483718057074, ""3"": 2917.218435401763, ""4"": 2947.09635461274, ""5"": 2965.5404546271593, ""6"": 2996.3928809498816, ""7"": 3028.2745193223814, ""8"": 3060.4074613193175, ""9"": 3082.1808353759634, ""10"": 3117.2145659632133, ""11"": 3143.9709508871856, ""12"": 3174.5656840300976, ""13"": 3213.0043627032314, ""14"": 3246.0224297492678, ""15"": 3257.1214678695123}",1.3278312683105469
mueller_brown,short,tica,500,10,1,7,3,2,0.0,2,0.05877062685628645,0.05560232078466235,0,14,0.005653077097919252,0.03380249872851873,0,2,0.05877062685628645,0.05560232078466235,0,2,0.05877062685628645,0.05560232078466235,0,2,0.05877062685628645,0.05560232078466235,0,0.056595704937129565,0.04810206976260402,0.332,"{""1"": 2873.2995523369927, ""2"": 2503.1216097643737, ""3"": 2505.809868491018, ""4"": 2518.8268639817443, ""5"": 2538.7370201864833, ""6"": 2569.9159743130413, ""7"": 2596.2952580406845, ""8"": 2629.2046335320897, ""9"": 2653.2487451385878, ""10"": 2673.2699896770105, ""11"": 2693.983409641576, ""12"": 2723.88420879151, ""13"": 2712.3594685269027, ""14"": 2720.1290710384706, ""15"": 2747.0747350691913}",1.2638614177703857
mueller_brown,short,tica,500,10,1,8,3,3,0.116,5,0.767892757559626,0.7818028850779544,0,6,0.7543718015190792,0.752369864559239,0,5,0.767892757559626,0.7818028850779544,0,3,0.9581441933516663,0.8944644447005606,0,3,0.9581441933516663,0.8944644447005606,0,0.9581441933516663,0.8944644447005606,0.36000000000000004,"{""1"": 2891.709258877207, ""2"": 877.1702754590533, ""3"": 807.8687745180746, ""4"": 798.3654204600343, ""5"": 524.0396161166678, ""6"": 547.5090592717609, ""7"": 573.8125243010481, ""8"": 604.4522946032255, ""9"": 634.3629813496318, ""10"": 659.6681468825624, ""11"": 683.5376880296003, ""12"": 717.8037782711751, ""13"": 751.0048866286643, ""14"": 785.5125241997187, ""15"": 818.6136937333068}",1.503345251083374
mueller_brown,short,tica,500,10,1,9,3,3,0.164,3,0.878498922197166,0.8626834717426505,0,12,0.39230965310830235,0.5872783954578489,0,3,0.878498922197166,0.8626834717426505,0,3,0.878498922197166,0.8626834717426505,0,3,0.878498922197166,0.8626834717426505,0,0.878498922197166,0.8626834717426505,0.108,"{""1"": 2860.7609245275403, ""2"": 1029.7318959696213, ""3"": 588.1468432725987, ""4"": 595.5614915588328, ""5"": 597.9540911143515, ""6"": 610.1895339877364, ""7"": 640.6524724271655, ""8"": 658.1743528463885, ""9"": 695.5185161485803, ""10"": 715.4392633036693, ""11"": 753.365494781425, ""12"": 756.8084668673305, ""13"": 794.135446777399, ""14"": 825.4233167599959, ""15"": 849.4045828266962}",1.546614646911621
mueller_brown,short,tica,500,10,1,10,3,3,0.152,4,0.8174092983518614,0.7806036903762796,0,6,0.508867252994963,0.6084584416979136,0,3,0.7344285727721226,0.7557826406308772,0,2,0.675336873605135,0.7479476344517656,0,2,0.675336873605135,0.7479476344517656,0,0.7344285727721226,0.7557826406308772,0.15199999999999994,"{""1"": 2871.7188301271135, ""2"": 1452.714972579665, ""3"": 943.4750288694084, ""4"": 924.7961907977233, ""5"": 992.9568411265758, ""6"": 953.4922801680145, ""7"": 984.6846517976726, ""8"": 1010.5332176012193, ""9"": 1039.5338841873095, ""10"": 1076.649659606545, ""11"": 1090.6547771682751, ""12"": 1139.5710256169061, ""13"": 1146.8514925603881, ""14"": 1178.6205717251146, ""15"": 1213.03658773598}",1.6645379066467285
mueller_brown,short,tica,500,10,1,11,3,2,0.0,2,0.3497153805165006,0.28206125427350454,0,15,0.023099870729582066,0.09865242503605194,1,2,0.3497153805165006,0.28206125427350454,0,2,0.3497153805165006,0.28206125427350454,0,2,0.3497153805165006,0.28206125427350454,0,0.3563741989999675,0.29034488853918594,0.16799999999999998,"{""1"": 2855.051307729219, ""2"": 1648.7494884735167, ""3"": 1661.256453036478, ""4"": 1693.941319036898, ""5"": 1707.573968892619, ""6"": 1714.6621204221153, ""7"": 1762.1497623721523, ""8"": 1773.7472486632334, ""9"": 1799.2188944280451, ""10"": 1822.5220252512809, ""11"": 1821.0695721040513, ""12"": 1872.0880605768457, ""13"": 1874.5247766407188, ""14"": 1887.933841959868, ""15"": 1910.3756647676664}",1.3873920440673828
mueller_brown,short,tica,500,10,1,12,3,1,0.0,1,1.0,1.0,0,2,0.0,0.0,0,1,1.0,1.0,0,5,0.0,0.0,0,2,0.0,0.0,0,0.0,0.0,0.0,"{""1"": 2866.1721584016254, ""2"": 2884.159015732056, ""3"": 2911.567537155013, ""4"": 2941.060191515854, ""5"": 2973.9740158102863, ""6"": 3010.610054568431, ""7"": 3035.2534663237475, ""8"": 3067.6536489721516, ""9"": 3100.836111456492, ""10"": 3133.9563665776873, ""11"": 3155.890729033461, ""12"": 3197.6910253988012, ""13"": 3220.110574763331, ""14"": 3244.4099161473596, ""15"": 3237.542957121209}",1.2959377765655518
mueller_brown,short,tica,500,10,1,13,3,1,0.0,2,0.0,0.0,0,2,0.0,0.0,0,1,1.0,1.0,0,2,0.0,0.0,0,3,0.0,0.0,0,0.0,0.0,0.272,"{""1"": 2861.2768187714787, ""2"": 2752.6997448746424, ""3"": 2792.415165942008, ""4"": 2825.0854473018417, ""5"": 2856.7140487692986, ""6"": 2883.5941898627993, ""7"": 2910.978022865306, ""8"": 2920.1531798356023, ""9"": 2953.6524842119284, ""10"": 2985.027548372193, ""11"": 3021.251971308853, ""12"": 3048.1883763833193, ""13"": 3052.265890150766, ""14"": 3100.9139826457467, ""15"": 3112.476657338681}",1.3550972938537598
mueller_brown,short,tica,500,10,1,14,3,2,0.0,4,0.09890651876926809,0.23933892228282047,0,10,0.03935320593001507,0.15973927166276036,0,2,0.42796255068049127,0.34463250375037086,0,2,0.42796255068049127,0.34463250375037086,0,3,0.16035073082226758,0.264777478489719,0,0.16035073082226758,0.264777478489719,0.9640000000000002,"{""1"": 2861.4641791204067, ""2"": 2121.081459522255, ""3"": 2047.925759828966, ""4"": 2029.4066855224905, ""5"": 2058.899362247618, ""6"": 2060.064263455001, ""7"": 2090.4088343575486, ""8"": 2117.1896593176666, ""9"": 2146.5818100299534, ""10"": 2151.994340422908, ""11"": 2194.0420735994467, ""12"": 2226.188613789516, ""13"": 2251.4658739090396, ""14"": 2293.309118953266, ""15"": 2303.690110974192}",1.3435795307159424
mueller_brown,short,tica,500,10,1,15,3,2,0.0,4,0.02794354861523464,0.03956555028078461,0,7,0.006069765473221876,0.029213083641109916,0,2,0.036123926199545506,0.03352458651027327,0,2,0.036123926199545506,0.03352458651027327,0,3,0.025661703275176143,0.0335400909633211,0,0.025661703275176143,0.0335400909633211,0.4079999999999999,"{""1"": 2857.1426719809406, ""2"": 2188.6021438747157, ""3"": 2171.770823217395, ""4"": 2162.434254928617, ""5"": 2199.787857220281, ""6"": 2208.7552610800863, ""7"": 2230.195137359771, ""8"": 2258.135542933423, ""9"": 2293.1840772615205, ""10"": 2312.8170511287403, ""11"": 2344.7722511572438, ""12"": 2373.1644972067415, ""13"": 2402.9843421277114, ""14"": 2429.181298221884, ""15"": 2458.528702743918}",1.294543743133545
mueller_brown,short,tica,500,10,1,16,3,2,0.0,2,0.1416766705152357,0.12327315637509702,0,4,0.028276628999785423,0.07830297147868355,0,1,0.0,0.0,0,2,0.1416766705152357,0.12327315637509702,0,3,0.03187541965277208,0.0667022320184197,0,0.03187541965277208,0.0667022320184197,0.268,"{""1"": 2861.2787389746513, ""2"": 2696.7923271753484, ""3"": 2725.3162740492276, ""4"": 2741.9489247152787, ""5"": 2775.905665009107, ""6"": 2809.3693461650496, ""7"": 2839.1653305166483, ""8"": 2865.743259663556, ""9"": 2886.211863968826, ""10"": 2924.540408964557, ""11"": 2951.616698733199, ""12"": 2976.204697537155, ""13"": 3014.0417745076393, ""14"": 3030.28264825179, ""15"": 3033.989547154379}",1.1911289691925049
mueller_brown,short,tica,500,10,1,17,3,3,0.204,5,0.8373116796673647,0.773114895545818,0,12,0.37728493026734916,0.603177891838648,0,4,0.8554182773954928,0.8125722944077532,0,3,0.9075127323701676,0.8520794615189108,0,3,0.9075127323701676,0.8520794615189108,0,0.9075127323701676,0.8520794615189108,0.2639999999999999,"{""1"": 2865.900084450837, ""2"": 923.5530415801155, ""3"": 524.8060504659968, ""4"": 436.2992194177029, ""5"": 390.675745512999, ""6"": 393.2815914303758, ""7"": 415.1594291297907, ""8"": 423.382484430753, ""9"": 450.08062729857744, ""10"": 488.65200710309415, ""11"": 515.2130074657464, ""12"": 522.7276042892587, ""13"": 568.9609365719554, ""14"": 580.7433797147969, ""15"": 618.1644090100231}",1.2750911712646484
mueller_brown,short,tica,500,10,1,18,3,3,0.2,5,0.8540692050842629,0.8108451882595205,0,15,0.33952091682559526,0.5726415643668875,1,4,0.8990611972192926,0.8510755762986183,0,3,0.8255988047598065,0.8243118056397752,0,3,0.8255988047598065,0.8243118056397752,0,0.8255988047598065,0.8243118056397752,0.208,"{""1"": 2863.8124736538252, ""2"": 913.4128056716487, ""3"": 137.97539453749187, ""4"": 17.156704562191635, ""5"": -2.401969661379127, ""6"": 16.002051565901667, ""7"": 20.387578029326562, ""8"": 50.14590886689092, ""9"": 78.0944357723443, ""10"": 78.35856051454999, ""11"": 106.83799993944774, ""12"": 138.22945290636682, ""13"": 145.30383006426803, ""14"": 207.24507762521023, ""15"": 177.60565053350814}",1.467975378036499
mueller_brown,short,tica,500,10,1,19,3,3,0.224,5,0.75334042256435,0.7494353584003282,0,8,0.6529604293368308,0.6933544677801277,0,4,0.7906478851983615,0.7805529319853809,0,3,0.8713306047870757,0.829599609197983,0,3,0.8713306047870757,0.829599609197983,0,0.8713306047870757,0.829599609197983,0.27999999999999997,"{""1"": 2872.293842401063, ""2"": 1186.0791749761331, ""3"": 1018.5060984205112, ""4"": 856.3180191266988, ""5"": 850.1228506406226, ""6"": 879.1948586735693, ""7"": 897.4131906081411, ""8"": 907.3497805616203, ""9"": 940.9674314287745, ""10"": 977.5423211222153, ""11"": 997.7679399033113, ""12"": 1037.49003805024, ""13"": 1045.3154583300475, ""14"": 1091.4801504450309, ""15"": 1104.509570895757}",1.3289580345153809
mueller_brown,short,tica,1000,10,1,0,3,3,0.019,5,0.6749894789265601,0.6921573407654116,0,15,0.13272225431438567,0.35034452292368673,1,3,0.8202399592662638,0.7811338622663895,0,3,0.8202399592662638,0.7811338622663895,0,3,0.8202399592662638,0.7811338622663895,0,0.8202399592662638,0.7811338622663895,0.16600000000000006,"{""1"": 5761.086450061257, ""2"": -244.38425067891754, ""3"": -692.8549312401444, ""4"": -797.2596066649928, ""5"": -808.6629312395943, ""6"": -802.8544408198115, ""7"": -778.5368559280918, ""8"": -747.3641459385348, ""9"": -711.182987579575, ""10"": -677.1961485484135, ""11"": -661.0495344328807, ""12"": -644.9987803100158, ""13"": -604.3218465216662, ""14"": -582.1847202934127, ""15"": -579.9553606920405}",1.8064818382263184
mueller_brown,short,tica,1000,10,1,1,3,3,0.004,5,0.3635455721031767,0.4218241280739732,0,5,0.3635455721031767,0.4218241280739732,0,3,0.6280414667226444,0.5055037636310044,0,2,0.7703038401394909,0.6210702219768053,0,3,0.6280414667226444,0.5055037636310044,0,0.6280414667226444,0.5055037636310044,0.5599999999999999,"{""1"": 5695.421527502789, ""2"": 3637.430145335077, ""3"": 3193.2378017508704, ""4"": 3137.6889382044274, ""5"": 3118.400977110485, ""6"": 3148.5632084511285, ""7"": 3189.837476498204, ""8"": 3213.175890935105, ""9"": 3252.04997822301, ""10"": 3290.240802956151, ""11"": 3324.0715095882833, ""12"": 3358.2421761005503, ""13"": 3390.571467435161, ""14"": 3420.81465030676, ""15"": 3456.603447596753}",1.8787035942077637
mueller_brown,short,tica,1000,10,1,2,3,2,0.0,4,0.07645817429594239,0.1887930816340785,0,5,0.07844019761307944,0.1939057866447961,0,2,0.3584376929814308,0.2866170314546409,0,2,0.3584376929814308,0.2866170314546409,0,3,0.21702009700641878,0.3070026225914135,0,0.21702009700641878,0.3070026225914135,0.7939999999999999,"{""1"": 5696.744622046039, ""2"": 3186.7591805411757, ""3"": 3015.7938527043602, ""4"": 3000.4300917004057, ""5"": 3024.117204050091, ""6"": 3060.3697585291998, ""7"": 3088.4499206199253, ""8"": 3126.1428608731835, ""9"": 3153.729459870202, ""10"": 3189.8964821392774, ""11"": 3226.233276220889, ""12"": 3233.7086494281875, ""13"": 3278.3985226462037, ""14"": 3303.143635014535, ""15"": 3327.2964854619527}",2.0478711128234863
mueller_brown,short,tica,1000,10,1,3,3,2,0.0,2,-0.0014430093772464412,0.0009219020269353916,0,4,-0.00025968620321021024,0.0016770087273378696,0,1,0.0,0.0,0,2,-0.0014430093772464412,0.0009219020269353916,0,2,-0.0014430093772464412,0.0009219020269353916,0,-0.0002998796159842834,0.0016714921919621384,0.43199999999999994,"{""1"": 5703.872680220518, ""2"": 5689.914944126289, ""3"": 5715.346184400169, ""4"": 5741.869146704663, ""5"": 5783.7173082720665, ""6"": 5818.7845542202895, ""7"": 5854.220911953113, ""8"": 5893.007861613726, ""9"": 5929.620955684451, ""10"": 5965.940273192256, ""11"": 6005.475299779694, ""12"": 6033.611086880796, ""13"": 6069.494114456163, ""14"": 6108.474157326415, ""15"": 6136.983482068038}",2.0336148738861084
mueller_brown,short,tica,1000,10,1,4,3,3,0.203,6,0.6861010953471574,0.7280079173749346,0,9,0.6181474984758378,0.6795338844292816,0,3,0.7791919486106129,0.7696841318479943,0,2,0.7480074085261287,0.8009532182283136,0,3,0.7791919486106129,0.7696841318479943,0,0.7791919486106129,0.7696841318479943,0.486,"{""1"": 5702.168169233573, ""2"": 1677.658060590013, ""3"": 668.4335188773271, ""4"": 542.3667215687309, ""5"": 429.608207339538, ""6"": 368.12032472697, ""7"": 390.3312107821802, ""8"": 418.8834003855217, ""9"": 446.79859538593405, ""10"": 480.9055883680059, ""11"": 507.68864407131036, ""12"": 539.8032282338488, ""13"": 575.7885268937404, ""14"": 616.3963337321659, ""15"": 643.2657638661578}",2.2080724239349365
mueller_brown,short,tica,1000,10,1,5,3,2,0.0,2,0.034639257087637924,0.02851880350936592,0,2,0.034639257087637924,0.02851880350936592,0,2,0.034639257087637924,0.02851880350936592,0,2,0.034639257087637924,0.02851880350936592,0,3,0.0031437748766569135,0.0076811934171534275,0,0.0031437748766569135,0.0076811934171534275,0.10000000000000003,"{""1"": 5701.630163730413, ""2"": 4833.904163219893, ""3"": 4863.961445681331, ""4"": 4910.420675572792, ""5"": 4931.154620855878, ""6"": 4968.284288844169, ""7"": 5007.3965170251395, ""8"": 5033.138909646787, ""9"": 5065.745732412329, ""10"": 5106.84086055453, ""11"": 5130.980954610695, ""12"": 5174.262991316713, ""13"": 5186.073077748319, ""14"": 5239.594953899024, ""15"": 5279.452164744393}",1.9661662578582764
mueller_brown,short,tica,1000,10,1,6,3,2,0.0,2,0.020009131743667644,0.018515188562416195,0,14,0.0007944017430831815,0.007513345633168755,0,1,0.0,0.0,0,2,0.020009131743667644,0.018515188562416195,0,3,0.0049483135521887645,0.010978775768009973,0,0.0049483135521887645,0.010978775768009973,0.28,"{""1"": 5703.690976099715, ""2"": 5519.592109875301, ""3"": 5523.349722132828, ""4"": 5551.21280021074, ""5"": 5579.1457581139375, ""6"": 5590.947257993116, ""7"": 5639.359545287676, ""8"": 5660.235489460618, ""9"": 5691.7441679991425, ""10"": 5702.884807935256, ""11"": 5763.777869998557, ""12"": 5783.030371787489, ""13"": 5826.36100186706, ""14"": 5816.675289909766, ""15"": 5896.385815785273}",1.951911449432373
mueller_brown,short,tica,1000,10,1,7,3,2,0.0,4,0.011116915178621308,0.02704917911448541,0,10,0.0037257262944604286,0.02027126330715985,0,2,0.048079930953939726,0.042312512446270115,0,2,0.048079930953939726,0.042312512446270115,0,2,0.048079930953939726,0.042312512446270115,0,0.014446578745086867,0.027870214392124074,0.8959999999999999,"{""1"": 5715.539588464029, ""2"": 5123.580583622859, ""3"": 5078.869915326245, ""4"": 5074.35760153073, ""5"": 5122.412979205269, ""6"": 5132.035659969149, ""7"": 5157.666883713558, ""8"": 5193.321336531721, ""9"": 5230.004131843677, ""10"": 5243.7945029313705, ""11"": 5274.385101983326, ""12"": 5319.649969630188, ""13"": 5349.3851450496995, ""14"": 5365.159743389415, ""15"": 5395.555892036373}",1.9983890056610107
mueller_brown,short,tica,1000,10,1,8,3,3,0.058,5,0.567482282956239,0.6701626236046831,0,8,0.37411758237623177,0.5698573604130229,0,4,0.8509317882284677,0.7820213230994976,0,3,0.9570772647846747,0.8665974749268689,0,3,0.9570772647846747,0.8665974749268689,0,0.9570772647846747,0.8665974749268689,0.3119999999999999,"{""1"": 5694.210245375232, ""2"": 392.47736129824796, ""3"": 201.03423435038664, ""4"": 22.320838685717177, ""5"": -116.8414376202256, ""6"": -92.06839031237146, ""7"": -92.0136290653245, ""8"": -63.30977714401115, ""9"": -33.064032910568926, ""10"": -1.8709111058478243, ""11"": 33.81938999091801, ""12"": 75.26170186840045, ""13"": 90.33431837243177, ""14"": 122.70227588978616, ""15"": 175.60359172625}",1.984229564666748
mueller_brown,short,tica,1000,10,1,9,3,3,0.082,6,0.762930031613545,0.7482234799458635,0,9,0.6152930194111847,0.6536823278851174,0,3,0.951505550887966,0.8747215219728293,0,3,0.951505550887966,0.8747215219728293,0,3,0.951505550887966,0.8747215219728293,0,0.951505550887966,0.8747215219728293,0.31799999999999995,"{""1"": 5708.036723901432, ""2"": 265.6230972479366, ""3"": -382.44888093490806, ""4"": -369.07870173756066, ""5"": -444.3226549175629, ""6"": -457.1460393061791, ""7"": -430.82885009449365, ""8"": -398.0596953812867, ""9"": -384.6311610486258, ""10"": -354.09058115456924, ""11"": -316.1687433989738, ""12"": -269.004514580825, ""13"": -231.70882756971218, ""14"": -195.3545851820071, ""15"": -177.56082547015365}",2.0777335166931152
mueller_brown,short,tica,1000,10,1,10,3,3,0.076,4,0.9048357043039627,0.785671499269773,0,10,0.3697190194020032,0.5558530129602988,0,3,0.9216180724817407,0.8400987988458046,0,3,0.9216180724817407,0.8400987988458046,0,2,0.9162853529990876,0.8760484610334381,0,0.9216180724817407,0.8400987988458046,0.07400000000000004,"{""1"": 5710.622067638072, ""2"": 1617.995422876473, ""3"": 823.9997288678745, ""4"": 786.7090661423816, ""5"": 814.5671284996089, ""6"": 809.0857434961126, ""7"": 834.6277623484585, ""8"": 858.824094830657, ""9"": 885.3190914034112, ""10"": 900.426591999511, ""11"": 930.4374212050537, ""12"": 1002.2301638574274, ""13"": 1046.2654515996505, ""14"": 1082.5180206928076, ""15"": 1122.6901771728649}",2.1608781814575195
mueller_brown,short,tica,1000,10,1,11,3,2,0.0,2,0.2802563977474284,0.2229536803859255,0,15,0.011318975413059696,0.061145033776334914,1,2,0.2802563977474284,0.2229536803859255,0,2,0.2802563977474284,0.2229536803859255,0,2,0.2802563977474284,0.2229536803859255,0,0.2874735313545797,0.22995144600779727,0.12799999999999995,"{""1"": 5701.188372856941, ""2"": 3237.5199087327874, ""3"": 3244.7490716759526, ""4"": 3267.5807280896834, ""5"": 3280.443108444793, ""6"": 3279.147805254453, ""7"": 3305.3046642486324, ""8"": 3340.7814385450256, ""9"": 3367.175881741119, ""10"": 3405.3527728624454, ""11"": 3425.628685547609, ""12"": 3467.607856349837, ""13"": 3485.335522305034, ""14"": 3514.5880393982725, ""15"": 3533.977384068209}",1.7862837314605713
mueller_brown,short,tica,1000,10,1,12,3,3,0.018,5,0.418966032225005,0.5010333832286881,0,7,0.2914706436650654,0.43138047059582746,0,3,0.8797111806653344,0.758220609903795,0,3,0.8797111806653344,0.758220609903795,0,3,0.8797111806653344,0.758220609903795,0,0.8797111806653344,0.758220609903795,0.252,"{""1"": 5819.439141788963, ""2"": 26.105274645590924, ""3"": -90.1877183479339, ""4"": -240.0211271786524, ""5"": -254.05511171569955, ""6"": -223.55596391264973, ""7"": -211.35340867490544, ""8"": -172.72160086952914, ""9"": -136.73472716923754, ""10"": -105.92393967644159, ""11"": -75.19188141316215, ""12"": -45.33114963854973, ""13"": -32.558166406525174, ""14"": 13.91851994917306, ""15"": 29.28737311696341}",1.6485021114349365
mueller_brown,short,tica,1000,10,1,13,3,2,0.0,3,0.03831293683259187,0.08614190092088816,0,7,0.015359775939114443,0.05820848774934483,0,2,0.38051058215507594,0.3008871900495718,0,2,0.38051058215507594,0.3008871900495718,0,3,0.03831293683259187,0.08614190092088816,0,0.03831293683259187,0.08614190092088816,0.904,"{""1"": 5700.23317622621, ""2"": 3203.4727224180883, ""3"": 3201.7451462625227, ""4"": 3206.2897920601945, ""5"": 3242.458607963554, ""6"": 3253.704333712385, ""7"": 3275.2631135337206, ""8"": 3307.9244388020174, ""9"": 3341.9387661746, ""10"": 3377.5011881724954, ""11"": 3402.9847299949147, ""12"": 3450.434223102048, ""13"": 3482.086534833262, ""14"": 3509.4612927772914, ""15"": 3540.5640546781183}",1.7131328582763672
mueller_brown,short,tica,1000,10,1,14,3,2,0.0,5,0.04270215687660593,0.13970910010028256,0,7,0.029112019641388508,0.11361521857170748,0,2,0.5986490131097627,0.4863503873592382,0,2,0.5986490131097627,0.4863503873592382,0,3,0.09162733893364805,0.21707940783892174,0,0.09162733893364805,0.21707940783892174,1.072,"{""1"": 5708.417367000771, ""2"": 3654.0946309063515, ""3"": 3433.204439561323, ""4"": 3293.4774918233293, ""5"": 3288.6615118970562, ""6"": 3321.032619802907, ""7"": 3331.9035614119457, ""8"": 3369.285568356144, ""9"": 3400.9262790278917, ""10"": 3435.0351116048773, ""11"": 3468.0025526600834, ""12"": 3504.687239865321, ""13"": 3546.588728274098, ""14"": 3576.145491150064, ""15"": 3570.031146707596}",1.7994706630706787
mueller_brown,short,tica,1000,10,1,15,3,2,0.0,2,0.043014305453431496,0.04001154621742839,0,11,0.002345528919125072,0.01338914340495507,0,2,0.043014305453431496,0.04001154621742839,0,2,0.043014305453431496,0.04001154621742839,0,3,0.012486736991069768,0.022089990948681252,0,0.012486736991069768,0.022089990948681252,0.30400000000000005,"{""1"": 5700.10984219263, ""2"": 4218.062252057248, ""3"": 4220.595094953827, ""4"": 4225.5727328564235, ""5"": 4257.601928998403, ""6"": 4293.17585042604, ""7"": 4318.723119169527, ""8"": 4347.953404347858, ""9"": 4377.209464964996, ""10"": 4405.445793505436, ""11"": 4427.241926068293, ""12"": 4465.468809839396, ""13"": 4498.412705785108, ""14"": 4531.220452692906, ""15"": 4569.95068962441}",1.7785990238189697
mueller_brown,short,tica,1000,10,1,16,3,3,0.023,4,0.7747650905095398,0.7259617612267191,0,10,0.21367693402172566,0.4236611956297864,0,3,0.9668412694205865,0.87644223540209,0,3,0.9668412694205865,0.87644223540209,0,3,0.9668412694205865,0.87644223540209,0,0.9668412694205865,0.87644223540209,0.13999999999999993,"{""1"": 5739.696509927197, ""2"": 162.10896593804992, ""3"": -206.63454011470068, ""4"": -324.26721858742417, ""5"": -322.0990279191252, ""6"": -293.30841599896166, ""7"": -264.28737926165, ""8"": -238.459735377907, ""9"": -206.7678784306056, ""10"": -192.51841121833877, ""11"": -149.20101908739696, ""12"": -128.61105119097454, ""13"": -92.9317234186176, ""14"": -49.29119679918813, ""15"": -15.773068736238315}",1.7689716815948486
mueller_brown,short,tica,1000,10,1,17,3,3,0.191,5,0.8286343822143891,0.7601919392785035,0,8,0.7451073762062949,0.6922846657078954,0,4,0.846388875762345,0.7822204428822114,0,3,0.8733922169431741,0.8315700873034216,0,3,0.8733922169431741,0.8315700873034216,0,0.8733922169431741,0.8315700873034216,0.19599999999999998,"{""1"": 5706.506121812146, ""2"": 1605.473898521912, ""3"": 369.79608364717694, ""4"": 26.73725545507378, ""5"": 10.539706470904122, ""6"": 33.70892387915674, ""7"": 61.87960075584124, ""8"": 51.323725931667695, ""9"": 94.39784820581622, ""10"": 119.43534985133266, ""11"": 148.847103264412, ""12"": 184.30554427882203, ""13"": 243.85803991597828, ""14"": 271.7083099607827, ""15"": 306.67027229756377}",1.867647647857666
mueller_brown,short,tica,1000,10,1,18,3,3,0.1,5,0.776275758597759,0.7788672302512276,0,12,0.36130999207858594,0.5850215781796216,0,4,0.9212048077417551,0.8427443502621608,0,3,0.9113459726059667,0.8271725415001487,0,3,0.9113459726059667,0.8271725415001487,0,0.9113459726059667,0.8271725415001487,0.21200000000000008,"{""1"": 5710.827785356076, ""2"": 611.1741369044955, ""3"": -574.7483482393512, ""4"": -865.1317793852073, ""5"": -965.5901140709632, ""6"": -956.7561931917139, ""7"": -940.2704606779542, ""8"": -917.6424513238127, ""9"": -898.3401160191911, ""10"": -862.7114684711353, ""11"": -859.8752592946365, ""12"": -848.7067994931123, ""13"": -806.6037319564339, ""14"": -770.1370875871687, ""15"": -756.279768233845}",1.7459144592285156
mueller_brown,short,tica,1000,10,1,19,3,3,0.176,5,0.8122635504539919,0.8049423425087653,0,12,0.5369877746600739,0.6410650486027353,0,4,0.8474803754056235,0.8566282504539392,0,3,0.9326199014948109,0.8977377500309442,0,3,0.9326199014948109,0.8977377500309442,0,0.9326199014948109,0.8977377500309442,0.21799999999999992,"{""1"": 5717.7550677530535, ""2"": 1625.9505178036727, ""3"": 915.8221808269635, ""4"": 517.1074438611564, ""5"": 441.41983227043045, ""6"": 468.4039730379908, ""7"": 471.89595616624706, ""8"": 490.1473860781241, ""9"": 509.09045189589426, ""10"": 539.2858326349055, ""11"": 576.921029770157, ""12"": 590.6534916061303, ""13"": 632.3576324390842, ""14"": 666.9838680656585, ""15"": 701.463804099807}",1.8130064010620117
mueller_brown,short,tica,2000,10,1,0,3,3,0.0885,7,0.7495054660971564,0.745183246074062,0,8,0.723828991013211,0.7276128161570893,0,3,0.9288535044871062,0.8625094526240621,0,3,0.9288535044871062,0.8625094526240621,0,3,0.9288535044871062,0.8625094526240621,0,0.9288535044871062,0.8625094526240621,0.30100000000000005,"{""1"": 11423.729912918756, ""2"": 2526.696399482192, ""3"": 110.95818121400652, ""4"": -275.0878782166442, ""5"": -499.05859006157925, ""6"": -531.5104718812606, ""7"": -577.3436822987975, ""8"": -561.9390034711932, ""9"": -510.14994879001256, ""10"": -466.56292407021334, ""11"": -440.3623212750918, ""12"": -393.75994909661097, ""13"": -349.6988227283265, ""14"": -312.0856853930211, ""15"": -258.68263725116697}",3.327881097793579
mueller_brown,short,tica,2000,10,1,1,3,3,0.0025,5,0.4975398208126323,0.5339084877767617,0,8,0.36397442161373084,0.4787584222441683,0,4,0.4971669211025125,0.5022607212097877,0,2,0.8467207142795086,0.7525525743899476,0,3,0.5094503002147304,0.5036376723780884,0,0.5094503002147304,0.5036376723780884,0.5249999999999999,"{""1"": 11374.01729934473, ""2"": 6546.668703037548, ""3"": 5447.400258163735, ""4"": 5049.731677117074, ""5"": 4906.387718262783, ""6"": 4911.305282589104, ""7"": 4932.214994420852, ""8"": 4954.012607697311, ""9"": 5020.761700444196, ""10"": 5035.12781012216, ""11"": 5062.132033018703, ""12"": 5106.72827249454, ""13"": 5130.1378421665995, ""14"": 5163.281670278075, ""15"": 5197.891052373209}",3.160184383392334
mueller_brown,short,tica,2000,10,1,2,3,2,0.0,4,0.08907518360572618,0.1881347987467328,0,5,0.0429723018645291,0.13813572858326728,0,2,0.3622075893055632,0.28944448702118286,0,2,0.3622075893055632,0.28944448702118286,0,3,0.18853640705407385,0.268813144406557,0,0.18853640705407385,0.268813144406557,0.6920000000000001,"{""1"": 11374.443108978065, ""2"": 6552.495608617053, ""3"": 6185.049518785642, ""4"": 6103.359553813038, ""5"": 6130.773159513256, ""6"": 6171.297872490917, ""7"": 6214.413902334081, ""8"": 6255.767444523365, ""9"": 6288.558914080103, ""10"": 6341.029856033973, ""11"": 6346.908252848817, ""12"": 6372.298031929211, ""13"": 6440.967302726674, ""14"": 6441.765048340352, ""15"": 6501.535577074098}",3.2346365451812744
mueller_brown,short,tica,2000,10,1,3,3,3,0.0705,6,0.7406463580392458,0.7352419371654889,0,10,0.4263544952831478,0.596368928484621,0,5,0.9119385043096419,0.8137898876087358,0,3,0.9660058683476495,0.9033085679131484,0,3,0.9660058683476495,0.9033085679131484,0,0.9660058683476495,0.9033085679131484,0.257,"{""1"": 11432.647946603724, ""2"": -672.8283789077199, ""3"": -2281.4671016933153, ""4"": -2598.780041300954, ""5"": -2839.867979154795, ""6"": -2910.8497840203822, ""7"": -2881.079881923668, ""8"": -2873.9475267694165, ""9"": -2849.7220288193053, ""10"": -2817.1378482553946, ""11"": -2775.8293469168234, ""12"": -2733.9384754848465, ""13"": -2695.7855395050865, ""14"": -2655.8319709722887, ""15"": -2625.2634462989745}",2.954693555831909
mueller_brown,short,tica,2000,10,1,4,3,3,0.102,6,0.7222298113293721,0.7198290444789074,0,9,0.6755364638738819,0.678367641294426,0,4,0.8866875838243107,0.7611568857696936,0,2,0.934044787253203,0.8684615426662785,0,3,0.8849930410326733,0.77561178144162,0,0.8849930410326733,0.77561178144162,0.3490000000000001,"{""1"": 11373.413906708905, ""2"": -63.95556792806438, ""3"": -1527.0905533846233, ""4"": -1680.8190730910533, ""5"": -1966.4807343767536, ""6"": -2060.326105523242, ""7"": -2021.847536518841, ""8"": -2039.9426840159051, ""9"": -2007.4539895523276, ""10"": -1966.0576919624116, ""11"": -1938.461865827117, ""12"": -1898.4454359587917, ""13"": -1856.2160694486718, ""14"": -1825.459909897625, ""15"": -1780.041716981462}",3.2787580490112305
mueller_brown,short,tica,2000,10,1,5,3,3,0.0585,5,0.5549587861957137,0.6190334573258776,0,12,0.43036552853225946,0.5405505393161744,0,4,0.9188781510108794,0.7913436124808213,0,2,0.9699007777826683,0.875259865361279,0,3,0.9205670840151677,0.7907156678037365,0,0.9205670840151677,0.7907156678037365,0.262,"{""1"": 11501.617138359125, ""2"": -1648.2389193966314, ""3"": -2325.7645196925114, ""4"": -2370.9904433372003, ""5"": -2608.9733887490856, ""6"": -2587.8313029597502, ""7"": -2561.5829918513614, ""8"": -2517.616764484922, ""9"": -2493.7584008330914, ""10"": -2457.97058224925, ""11"": -2444.340181224033, ""12"": -2417.3373083207766, ""13"": -2358.0025695897057, ""14"": -2318.7735362780727, ""15"": -2284.2704694281792}",3.317667245864868
mueller_brown,short,tica,2000,10,1,6,3,2,0.0,4,0.0024000764530535995,0.0053012791836053955,0,13,0.0005545380639332205,0.007110991756215784,0,2,0.016498349766255596,0.014326521610791624,0,2,0.016498349766255596,0.014326521610791624,0,3,0.0029716944311047257,0.006637946688017338,0,0.0029716944311047257,0.006637946688017338,1.053,"{""1"": 11382.314828540988, ""2"": 9831.590687769027, ""3"": 9697.950049682158, ""4"": 9694.102417561327, ""5"": 9725.565887047282, ""6"": 9767.259269824106, ""7"": 9793.539263344072, ""8"": 9830.51098734278, ""9"": 9869.124047361289, ""10"": 9913.61983034248, ""11"": 9938.979494722627, ""12"": 9973.646189530393, ""13"": 9974.632856680899, ""14"": 10016.829077844131, ""15"": 10053.948392595037}",3.2096352577209473
mueller_brown,short,tica,2000,10,1,7,3,2,0.0,3,0.05657059692454961,0.0938901485907661,0,6,0.01674984550250672,0.07195148242727516,0,2,0.19665386619485847,0.15731421890772296,0,2,0.19665386619485847,0.15731421890772296,0,3,0.05657059692454961,0.0938901485907661,0,0.05657059692454961,0.0938901485907661,0.45699999999999996,"{""1"": 11387.034898923552, ""2"": 8593.0053545987, ""3"": 8426.060843446558, ""4"": 8435.424234730472, ""5"": 8466.175476213391, ""6"": 8458.808652900088, ""7"": 8492.985393144607, ""8"": 8537.512931785488, ""9"": 8576.332919908118, ""10"": 8604.158776092368, ""11"": 8645.114697182054, ""12"": 8685.895514288406, ""13"": 8704.56022226148, ""14"": 8751.319657694527, ""15"": 8786.61430951121}",3.2835659980773926
mueller_brown,short,tica,2000,10,1,8,3,3,0.0295,5,0.6151696441803428,0.6528076194449959,0,9,0.20257781812219433,0.4278004149130516,0,4,0.6258380481912789,0.6552438647806074,0,2,0.7411312644927627,0.5951373329950214,0,3,0.6237904703957325,0.6401544966292342,0,0.6237904703957325,0.6401544966292342,0.18999999999999997,"{""1"": 11372.076549497384, ""2"": 661.2726504953409, ""3"": -313.8017417241203, ""4"": -491.98432620495987, ""5"": -544.0591789161242, ""6"": -539.9899334498621, ""7"": -529.7483202583752, ""8"": -488.8512064419097, ""9"": -475.1979443644318, ""10"": -430.6470176165479, ""11"": -395.6173931807784, ""12"": -349.7519915192387, ""13"": -323.4986607000194, ""14"": -275.721390481727, ""15"": -258.193448628106}",3.0492563247680664
mueller_brown,short,tica,2000,10,1,9,3,3,0.1725,8,0.7286577508217341,0.7487218065275553,0,10,0.6502986367497547,0.7102067699177611,0,4,0.8607998083461795,0.8094655599570797,0,3,0.9652649864077153,0.9396403491615405,0,3,0.9652649864077153,0.9396403491615405,0,0.9652649864077153,0.9396403491615405,0.48299999999999993,"{""1"": 11395.312600354677, ""2"": 1176.3023319412687, ""3"": -923.6286035758242, ""4"": -1708.2573207719984, ""5"": -1982.7433511504835, ""6"": -2040.3445967590487, ""7"": -2137.0905490457067, ""8"": -2146.3782544847395, ""9"": -2115.365169736741, ""10"": -2082.493530077102, ""11"": -2033.831625886944, ""12"": -2008.6880128589141, ""13"": -1969.8552881764833, ""14"": -1933.0287409437533, ""15"": -1901.0680656569232}",2.935882568359375
mueller_brown,short,tica,2000,10,1,10,3,3,0.038,5,0.2881095239529501,0.5022818441293136,0,12,0.09449225175937255,0.3452322861489044,0,2,0.9748562105810438,0.910165118623268,0,2,0.9748562105810438,0.910165118623268,0,3,0.43884173897329865,0.6085515508614876,0,0.43884173897329865,0.6085515508614876,0.822,"{""1"": 11400.889344615098, ""2"": 2725.0555304142763, ""3"": 2446.2799959511176, ""4"": 1660.316427428661, ""5"": 1657.1728687355114, ""6"": 1710.7244793187642, ""7"": 1708.1797924588395, ""8"": 1743.2825670156312, ""9"": 1791.0660217986328, ""10"": 1813.3123844335898, ""11"": 1846.9323980575978, ""12"": 1849.078285427111, ""13"": 1888.9819843210398, ""14"": 1942.7444960424466, ""15"": 1965.1008623831835}",3.6354410648345947
mueller_brown,short,tica,2000,10,1,11,3,3,0.025,5,0.7587547537190156,0.7048988692427596,0,8,0.2383514040404431,0.4241081296222904,0,4,0.7923965783376008,0.734237348984478,0,3,0.8152092025490604,0.7417375093039558,0,3,0.8152092025490604,0.7417375093039558,0,0.8152092025490604,0.7417375093039558,0.10600000000000005,"{""1"": 11371.505855983864, ""2"": -206.5273667849267, ""3"": -792.5801071600529, ""4"": -1097.7534166574828, ""5"": -1151.2586115858037, ""6"": -1124.9873068230195, ""7"": -1097.0790995616567, ""8"": -1106.1868766429998, ""9"": -1047.6984478879615, ""10"": -1027.566727998926, ""11"": -990.858545743549, ""12"": -946.8806910985287, ""13"": -901.2698108887598, ""14"": -877.6038526768771, ""15"": -826.835080017901}",2.9830989837646484
mueller_brown,short,tica,2000,10,1,12,3,3,0.042,7,0.25333114505288645,0.469843922155837,0,12,0.156015497748488,0.3672682805003927,0,4,0.9286208298546074,0.7731161643407501,0,2,0.9575387128243518,0.848135559105604,0,3,0.9280469010539498,0.7956656499236751,0,0.9280469010539498,0.7956656499236751,0.9199999999999999,"{""1"": 11370.903139598136, ""2"": -1701.917068391684, ""3"": -2153.7055025779787, ""4"": -2191.451001327638, ""5"": -2204.6962149854144, ""6"": -2229.324198364472, ""7"": -2234.2811136552896, ""8"": -2203.846764859182, ""9"": -2167.951676168019, ""10"": -2147.316820947134, ""11"": -2122.4868557502928, ""12"": -2091.8744961069738, ""13"": -2050.0705680948167, ""14"": -2009.4555051602342, ""15"": -1973.2041832948955}",3.022965431213379
mueller_brown,short,tica,2000,10,1,13,3,3,0.074,7,0.6330689655302111,0.6839051694593691,0,10,0.35542963001402095,0.5705166639231002,0,5,0.7522030394851993,0.7678044188078031,0,3,0.8559339309403261,0.7769359661117515,0,3,0.8559339309403261,0.7769359661117515,0,0.8559339309403261,0.7769359661117515,0.347,"{""1"": 11400.444034126058, ""2"": 2752.420004092802, ""3"": 556.9679717885524, ""4"": 259.4008151147707, ""5"": 52.848705000464776, ""6"": 43.221169630603924, ""7"": 15.885822816139921, ""8"": 30.73698650687578, ""9"": 50.04648060787804, ""10"": 83.04175425805812, ""11"": 125.98147028208729, ""12"": 164.2297441394171, ""13"": 196.22141612928965, ""14"": 232.04316366575426, ""15"": 259.8691435564074}",3.14564847946167
mueller_brown,short,tica,2000,10,1,14,3,3,0.137,7,0.5419654975089764,0.6758179636990329,0,10,0.4151337626830424,0.6062847904481163,0,4,0.8880848073751738,0.8233901319029394,0,3,0.96846938404643,0.9220298781115434,0,3,0.96846938404643,0.9220298781115434,0,0.96846938404643,0.9220298781115434,0.6009999999999999,"{""1"": 11405.555908226059, ""2"": 1757.9847481314584, ""3"": 384.23801929434023, ""4"": 19.2079939916905, ""5"": -309.31322867514405, ""6"": -389.70362601749406, ""7"": -468.5001087620352, ""8"": -442.78189581395606, ""9"": -411.4236040923886, ""10"": -393.76396926736646, ""11"": -348.31957764268435, ""12"": -326.0614845934059, ""13"": -275.91363108855035, ""14"": -226.49166897051828, ""15"": -191.85962363023464}",3.0370333194732666
mueller_brown,short,tica,2000,10,1,15,3,2,0.0,5,0.00670165832223199,0.014753667436583505,0,9,0.003022877439930264,0.010189792075657568,0,2,0.03343202192364513,0.023800202853072463,0,2,0.03343202192364513,0.023800202853072463,0,3,0.016940970393049183,0.01596173456804511,0,0.016940970393049183,0.01596173456804511,1.057,"{""1"": 11380.961541228411, ""2"": 7618.861012865919, ""3"": 7315.6291653854, ""4"": 7133.189941387616, ""5"": 7122.664874671821, ""6"": 7156.274623474549, ""7"": 7170.79196958469, ""8"": 7200.150643293752, ""9"": 7232.464045018297, ""10"": 7267.083373546676, ""11"": 7306.245680293033, ""12"": 7347.3824169262, ""13"": 7383.7369172704, ""14"": 7423.947642655556, ""15"": 7462.242958312797}",3.356424331665039
mueller_brown,short,tica,2000,10,1,16,3,3,0.048,7,0.584607625442762,0.6769655981650259,0,9,0.5039692001839106,0.6166115325045555,0,5,0.9453395570150658,0.8703259520170891,0,3,0.9679332158995535,0.9193649447228153,0,3,0.9679332158995535,0.9193649447228153,0,0.9679332158995535,0.9193649447228153,0.32100000000000006,"{""1"": 11372.489049316302, ""2"": -547.2163087793243, ""3"": -1957.4564688081816, ""4"": -2076.67361152873, ""5"": -2217.586791109138, ""6"": -2272.7996347313792, ""7"": -2274.7974644882943, ""8"": -2259.6376944368967, ""9"": -2227.031216020341, ""10"": -2187.576923333016, ""11"": -2147.992213414905, ""12"": -2102.5076299669263, ""13"": -2083.725830474841, ""14"": -2039.4220173212439, ""15"": -1995.4959702671556}",3.074197292327881
mueller_brown,short,tica,2000,10,1,17,3,3,0.185,7,0.641728413121775,0.7055386824320883,0,13,0.4139252378757997,0.5889332135165939,0,6,0.6789746062107634,0.7351459280862659,0,4,0.7351632342375471,0.7312431140314164,0,3,0.6509294076292366,0.683242139141674,0,0.6509294076292366,0.683242139141674,0.5479999999999999,"{""1"": 11381.730153548833, ""2"": 2726.4196188399837, ""3"": 782.7767069783629, ""4"": 331.93345206865746, ""5"": 88.41086850457745, ""6"": -19.577359073489845, ""7"": -74.8479555973567, ""8"": -9.933361262290816, ""9"": -20.37525004455358, ""10"": 4.559264442399979, ""11"": 33.503092156812556, ""12"": 65.30374590748085, ""13"": 96.27561809586007, ""14"": 135.31491366566496, ""15"": 175.5401057679275}",3.247701644897461
mueller_brown,short,tica,2000,10,1,18,3,3,0.241,9,0.5532717215963191,0.6880640033482374,0,14,0.4616808078986888,0.6218022061352545,0,4,0.6636398040701762,0.7105945267205032,0,3,0.9365126692094585,0.9071114198459481,0,3,0.9365126692094585,0.9071114198459481,0,0.9365126692094585,0.9071114198459481,0.729,"{""1"": 11382.03410379502, ""2"": 2406.896988723679, ""3"": 1012.1107073768544, ""4"": -131.00711037424685, ""5"": -268.12669348810914, ""6"": -318.0951760005674, ""7"": -339.84129199386064, ""8"": -412.84159368979596, ""9"": -473.5810326463561, ""10"": -444.5671473644417, ""11"": -415.1720093542014, ""12"": -366.9583411062597, ""13"": -323.59132096888914, ""14"": -315.6317739937822, ""15"": -281.5512001075234}",3.0461385250091553
mueller_brown,short,tica,2000,10,1,19,3,3,0.0985,6,0.6993967933316061,0.6932788469057052,0,11,0.30936071830547324,0.505796594340581,0,5,0.707637256032705,0.709966572974789,0,3,0.7836973241085154,0.6871974179229835,0,3,0.7836973241085154,0.6871974179229835,0,0.7836973241085154,0.6871974179229835,0.23800000000000002,"{""1"": 11392.409166836842, ""2"": 1090.6885795724659, ""3"": -261.941483599386, ""4"": -365.25033886947836, ""5"": -970.8378277363961, ""6"": -977.8579410789109, ""7"": -966.271898087398, ""8"": -956.0020597639748, ""9"": -936.6353325175014, ""10"": -897.7739179113685, ""11"": -871.2908645904226, ""12"": -833.7831426336717, ""13"": -803.0611586074369, ""14"": -766.9308021180179, ""15"": -709.3457533961496}",3.1932382583618164
mueller_brown,short,tica,4000,10,1,0,3,3,0.0785,7,0.746089976345644,0.735079228340097,0,11,0.45150967322406643,0.6220082368199973,0,4,0.9107382836844995,0.8683625484211841,0,3,0.9443130430798029,0.8778243800808443,0,3,0.9443130430798029,0.8778243800808443,0,0.9443130430798029,0.8778243800808443,0.3215000000000001,"{""1"": 22730.690147067893, ""2"": 2671.521873801069, ""3"": -1675.0574414482776, ""4"": -2330.5706100077823, ""5"": -2713.040658625884, ""6"": -2807.467769979708, ""7"": -2818.769722778724, ""8"": -2815.60621902671, ""9"": -2762.7927834624315, ""10"": -2751.954089398499, ""11"": -2726.522369367737, ""12"": -2656.3954987077855, ""13"": -2612.957340073355, ""14"": -2573.867072568565, ""15"": -2536.107874750235}",6.157550811767578
mueller_brown,short,tica,4000,10,1,1,3,3,0.166,9,0.5935024335935434,0.6799716203261968,0,13,0.48544488996501445,0.6278180323625225,0,4,0.7870910497007971,0.7527561204809172,0,3,0.9543839750183315,0.9105211188737553,0,3,0.9543839750183315,0.9105211188737553,0,0.9543839750183315,0.9105211188737553,0.6385,"{""1"": 22735.94690007503, ""2"": 1959.6815353695122, ""3"": -1678.7403354016124, ""4"": -4173.2835148892145, ""5"": -4400.524516678826, ""6"": -4840.109976094075, ""7"": -4834.023000054007, ""8"": -4875.460309147415, ""9"": -4978.557882414362, ""10"": -4971.541564631211, ""11"": -4939.853483746533, ""12"": -4911.206731713248, ""13"": -4883.765428350687, ""14"": -4820.738546933127, ""15"": -4791.38352832549}",6.160019636154175
mueller_brown,short,tica,4000,10,1,2,3,3,0.01425,6,0.17660776790170896,0.2950884225097792,0,9,0.07761259691048787,0.21724086090881845,0,4,0.338672343432168,0.4403786798024852,0,2,0.5128551644008831,0.3915492618803052,0,3,0.3943371771793635,0.4099696940451181,0,0.3943371771793635,0.4099696940451181,0.4139999999999999,"{""1"": 23092.40488234666, ""2"": 1337.3243949465543, ""3"": -223.79494022023428, ""4"": -639.6782922681338, ""5"": -751.6696564497153, ""6"": -754.4235696682993, ""7"": -753.1418058955693, ""8"": -724.5264747837643, ""9"": -687.1778426147116, ""10"": -643.7566073739557, ""11"": -595.6255474481816, ""12"": -555.4843028442674, ""13"": -510.06536002689234, ""14"": -473.75334248502145, ""15"": -419.6202057227673}",5.8854124546051025
mueller_brown,short,tica,4000,10,1,3,3,3,0.0535,8,0.4144247078910392,0.5735855990708179,0,15,0.22523758589283627,0.44759983121399805,1,4,0.9056716190986127,0.7906878658125835,0,3,0.9212442036263913,0.8257625498137018,0,3,0.9212442036263913,0.8257625498137018,0,0.9212442036263913,0.8257625498137018,0.49099999999999994,"{""1"": 22726.56626014186, ""2"": -3815.0944640372695, ""3"": -5895.750321978758, ""4"": -6421.917672819955, ""5"": -7024.7428364574525, ""6"": -7088.729819061648, ""7"": -7197.322303577782, ""8"": -7303.670452927995, ""9"": -7250.856462769406, ""10"": -7259.442538791354, ""11"": -7210.432822532817, ""12"": -7201.368823815064, ""13"": -7168.965407396205, ""14"": -7131.318792811378, ""15"": -7101.620003328573}",6.082841873168945
mueller_brown,short,tica,4000,10,1,4,3,3,0.0545,9,0.3769023336818057,0.5418502040807632,0,10,0.4409960430551561,0.5566275741012522,0,3,0.910652108247775,0.7948704702090329,0,2,0.9424479736999041,0.827548333452385,0,3,0.910652108247775,0.7948704702090329,0,0.910652108247775,0.7948704702090329,0.5630000000000001,"{""1"": 22726.592179721574, ""2"": -4118.50629182727, ""3"": -5971.1299242278, ""4"": -6187.275627417753, ""5"": -6330.716336048813, ""6"": -6445.010425696605, ""7"": -6467.447411750159, ""8"": -6445.600614704867, ""9"": -6470.225926253023, ""10"": -6447.429588236295, ""11"": -6386.178612189575, ""12"": -6342.302448371478, ""13"": -6314.0636062269705, ""14"": -6280.462484048201, ""15"": -6237.083924337279}",6.131803274154663
mueller_brown,short,tica,4000,10,1,5,3,3,0.0395,7,0.7834249139575714,0.7195770464317152,0,10,0.23959762568169932,0.4547262575769698,0,3,0.8912032703355741,0.7906785204074674,0,2,0.9504653951181218,0.8385693669414319,0,3,0.8912032703355741,0.7906785204074674,0,0.8912032703355741,0.7906785204074674,0.16599999999999993,"{""1"": 22725.9020145827, ""2"": -5447.2792686572275, ""3"": -7204.407357423808, ""4"": -7589.346408776387, ""5"": -7728.984954462146, ""6"": -7841.283699204805, ""7"": -7849.664205872711, ""8"": -7822.398057162356, ""9"": -7779.872921802996, ""10"": -7759.462569367848, ""11"": -7696.942992219733, ""12"": -7668.46556190569, ""13"": -7619.71548204154, ""14"": -7576.729849069935, ""15"": -7514.961017213229}",6.159422159194946
mueller_brown,short,tica,4000,10,1,6,3,3,0.0385,7,0.36613094370112415,0.5123933406304252,0,10,0.17171320994311914,0.3790025089764686,0,3,0.8111529664598169,0.7030500654527854,0,2,0.8581436515959903,0.707332634682503,0,3,0.8111529664598169,0.7030500654527854,0,0.8111529664598169,0.7030500654527854,0.4085000000000001,"{""1"": 22726.110461387623, ""2"": -1841.3470192452169, ""3"": -3044.8677339228707, ""4"": -3596.03925289391, ""5"": -3728.601920949383, ""6"": -3802.91179360816, ""7"": -3859.8844580941654, ""8"": -3825.5048711449754, ""9"": -3789.685038844762, ""10"": -3761.7565255024583, ""11"": -3710.726439706258, ""12"": -3675.513138546134, ""13"": -3624.5265368267087, ""14"": -3592.970195281184, ""15"": -3541.4367501007982}",6.3593785762786865
mueller_brown,short,tica,4000,10,1,7,3,3,0.0785,8,0.4753235488612151,0.5818675725655369,0,15,0.2367586975317167,0.45915064231679836,1,5,0.7709538795693547,0.7464274215244292,0,3,0.818175388841857,0.7081156135767982,0,3,0.818175388841857,0.7081156135767982,0,0.818175388841857,0.7081156135767982,0.4454999999999999,"{""1"": 22780.40408154705, ""2"": -1712.7634824537065, ""3"": -4051.2111690093407, ""4"": -4871.66619358096, ""5"": -5119.381646213043, ""6"": -5268.364107090701, ""7"": -5321.461035756921, ""8"": -5351.173480403216, ""9"": -5343.204644331562, ""10"": -5327.872838753885, ""11"": -5304.771061175038, ""12"": -5268.927397421521, ""13"": -5230.698197837207, ""14"": -5189.006835646949, ""15"": -5183.76073315498}",6.199534893035889
mueller_brown,short,tica,4000,10,1,8,3,3,0.01475,6,0.31203545598451465,0.43991072753242144,0,9,0.14451507428451602,0.33134266443592303,0,4,0.5394605946253219,0.5950415713960512,0,2,0.6919135137174592,0.5441609869620382,0,3,0.5342193315915095,0.5750281200608546,0,0.5342193315915095,0.5750281200608546,0.342,"{""1"": 22726.70087626885, ""2"": -299.95976470868885, ""3"": -1821.0253729291264, ""4"": -2036.8672000595534, ""5"": -2111.274372310818, ""6"": -2239.639880409329, ""7"": -2218.4014377032768, ""8"": -2171.87032981963, ""9"": -2172.179065769587, ""10"": -2089.0697684007537, ""11"": -2087.453390189122, ""12"": -2044.0680890042813, ""13"": -2013.3644835239752, ""14"": -1962.3478755957324, ""15"": -1924.8948402208916}",6.357280492782593
mueller_brown,short,tica,4000,10,1,9,3,3,0.089,9,0.5232859137012548,0.6538326317609474,0,10,0.5539813531752711,0.6502616339041815,0,4,0.9128303273792541,0.8094091572943354,0,3,0.9845721270666488,0.9484107349775307,0,3,0.9845721270666488,0.9484107349775307,0,0.9845721270666488,0.9484107349775307,0.42200000000000004,"{""1"": 22746.862577916607, ""2"": -3385.4832636353613, ""3"": -5913.925452923891, ""4"": -7175.44082774903, ""5"": -7781.158791581458, ""6"": -7935.208967775764, ""7"": -7961.220841461437, ""8"": -7993.014624414995, ""9"": -8060.369136947272, ""10"": -8030.842676734199, ""11"": -7983.261523836861, ""12"": -7946.685223341492, ""13"": -7906.941121124786, ""14"": -7868.462380382242, ""15"": -7808.963478357709}",6.148179531097412
mueller_brown,short,tica,4000,10,1,10,3,3,0.021,6,0.137180684691018,0.35633034661200697,0,8,0.10075791230486049,0.3122326972631063,0,2,0.9716774598412978,0.8822254947110872,0,2,0.9716774598412978,0.8822254947110872,0,3,0.5035538381427507,0.5875363198823552,0,0.5035538381427507,0.5875363198823552,1.113,"{""1"": 22786.513303584143, ""2"": 4002.801733327317, ""3"": 2945.273931423, ""4"": 2643.2637255135187, ""5"": 2597.469146071572, ""6"": 2015.866912477928, ""7"": 2052.8134188753966, ""8"": 2089.6699030845234, ""9"": 2135.101559928106, ""10"": 2179.237241965802, ""11"": 2275.9521053513636, ""12"": 2306.4583956956762, ""13"": 2338.874594602657, ""14"": 2372.027242456649, ""15"": 2412.960479718501}",6.583402156829834
mueller_brown,short,tica,4000,10,1,11,3,3,0.084,9,0.5203921981805515,0.6115509225392618,0,13,0.4712246494688212,0.5734729334852878,0,4,0.8653026639104681,0.7568079340426537,0,2,0.9422405182523014,0.8515879043792838,0,3,0.8552020986699376,0.7440412028891421,0,0.8552020986699376,0.7440412028891421,0.43800000000000006,"{""1"": 22779.253299947995, ""2"": -2690.290362501452, ""3"": -5731.9313013074625, ""4"": -6139.652930035719, ""5"": -6738.143183282888, ""6"": -6912.523521842192, ""7"": -6938.242897640939, ""8"": -6931.989819875667, ""9"": -6982.7567297986125, ""10"": -6939.698566070706, ""11"": -6899.302428610502, ""12"": -6858.1862544270225, ""13"": -6844.614712689187, ""14"": -6791.768363109027, ""15"": -6755.999645529048}",6.2166993618011475
mueller_brown,short,tica,4000,10,1,12,3,3,0.0405,6,0.37389350318055353,0.5026192603846273,0,10,0.2523516242032079,0.44162852146545317,0,4,0.7278085105459221,0.6978414455998634,0,3,0.7945321229058643,0.6891721404858941,0,3,0.7945321229058643,0.6891721404858941,0,0.7945321229058643,0.6891721404858941,0.43299999999999994,"{""1"": 22726.11904675373, ""2"": -3334.1138838950733, ""3"": -4369.742291705696, ""4"": -5174.673209331263, ""5"": -5309.631086267982, ""6"": -5373.497227970566, ""7"": -5345.636360876236, ""8"": -5364.291883611311, ""9"": -5352.361707160398, ""10"": -5316.2465136612755, ""11"": -5274.025826819724, ""12"": -5235.130961969302, ""13"": -5185.5178905616785, ""14"": -5136.62374824058, ""15"": -5085.766315203697}",6.264386177062988
mueller_brown,short,tica,4000,10,1,13,3,3,0.1825,10,0.5184542782953205,0.6632942523725394,0,11,0.4942277406231754,0.6488172422487325,0,4,0.8121983037500771,0.7748332575975607,0,3,0.9138211859399777,0.8772409081776393,0,3,0.9138211859399777,0.8772409081776393,0,0.9138211859399777,0.8772409081776393,0.7370000000000001,"{""1"": 22738.042012448157, ""2"": 5588.317513070915, ""3"": 1132.0454771767686, ""4"": -841.3745884006224, ""5"": -1303.9043826266327, ""6"": -1537.1946368704512, ""7"": -1604.939613006593, ""8"": -1650.7916927974209, ""9"": -1663.6636150564482, ""10"": -1673.4924958256606, ""11"": -1649.13289100019, ""12"": -1603.7202600704945, ""13"": -1566.0211519889576, ""14"": -1521.834120370412, ""15"": -1479.8548534176239}",5.899426698684692
mueller_brown,short,tica,4000,10,1,14,3,3,0.0985,8,0.63382608585346,0.6795782982568263,0,14,0.26287795602140723,0.5082174481745128,0,4,0.9031923711814104,0.7888640186950151,0,3,0.9631473115316349,0.8988179756000511,0,3,0.9631473115316349,0.8988179756000511,0,0.9631473115316349,0.8988179756000511,0.3275,"{""1"": 22755.798891232567, ""2"": -1406.5035917913513, ""3"": -3753.7025273351346, ""4"": -4734.844897720067, ""5"": -5350.33642731868, ""6"": -5678.56917912366, ""7"": -5714.555208569105, ""8"": -5743.157465063823, ""9"": -5739.121274464909, ""10"": -5727.878996949725, ""11"": -5721.116911919945, ""12"": -5694.842915748426, ""13"": -5676.868724133583, ""14"": -5643.0512411964255, ""15"": -5593.838250682183}",6.03847599029541
mueller_brown,short,tica,4000,10,1,15,3,3,0.0315,6,0.7282916075392046,0.7028893770616208,0,9,0.29091354796603475,0.5049332331808241,0,5,0.8946512791621067,0.8089882823034209,0,3,0.9342857373761616,0.8841663082441715,0,3,0.9342857373761616,0.8841663082441715,0,0.9342857373761616,0.8841663082441715,0.17249999999999996,"{""1"": 22726.220361109867, ""2"": -6354.618409178381, ""3"": -8121.319537009238, ""4"": -8484.533399806309, ""5"": -8763.599437877347, ""6"": -8836.370882243926, ""7"": -8821.703645093827, ""8"": -8832.212022460952, ""9"": -8826.2200174839, ""10"": -8779.510242360726, ""11"": -8738.32157632716, ""12"": -8687.146229444961, ""13"": -8647.032925960648, ""14"": -8610.568782598682, ""15"": -8578.98511650382}",5.980626106262207
mueller_brown,short,tica,4000,10,1,16,3,3,0.06125,8,0.6528755485856134,0.6530202878871079,0,15,0.2864235134654141,0.4949286477203287,1,6,0.6938077594917159,0.6949407730968521,0,3,0.8516762399414677,0.7982175100557422,0,3,0.8516762399414677,0.7982175100557422,0,0.8516762399414677,0.7982175100557422,0.32999999999999996,"{""1"": 22727.91817109144, ""2"": 853.9986945844753, ""3"": -2345.1024712328644, ""4"": -3138.20196394691, ""5"": -3514.840851243845, ""6"": -3807.8543015991304, ""7"": -3891.0201841983558, ""8"": -3920.017622147863, ""9"": -3898.1451832262983, ""10"": -3847.0125143420964, ""11"": -3835.4957704971685, ""12"": -3804.4980578060927, ""13"": -3767.3055262638777, ""14"": -3751.7271370777107, ""15"": -3730.886153369551}",6.216793775558472
mueller_brown,short,tica,4000,10,1,17,3,3,0.0925,7,0.7457926688729047,0.697365422961429,0,12,0.3703308045809647,0.5535214462728422,0,4,0.8705629788521435,0.7810776440041957,0,4,0.8705629788521435,0.7810776440041957,0,3,0.8586212720409654,0.7607385381195245,0,0.8586212720409654,0.7607385381195245,0.36500000000000005,"{""1"": 22728.565996786318, ""2"": -1319.5686631451547, ""3"": -4846.694994807143, ""4"": -5317.123729057402, ""5"": -5878.507493733078, ""6"": -5920.482977616853, ""7"": -6081.904593303505, ""8"": -6069.37400677461, ""9"": -6064.740137893912, ""10"": -6030.717013199424, ""11"": -6008.150523392711, ""12"": -5988.219585372171, ""13"": -5942.309946278548, ""14"": -5912.106866012352, ""15"": -5858.533269402518}",6.4605183601379395
mueller_brown,short,tica,4000,10,1,18,3,3,0.25525,8,0.5960111274254871,0.6984757661277048,0,15,0.41167581766638184,0.6027301787885373,1,6,0.7228604718700709,0.772272582555435,0,3,0.9427725666960819,0.9151509282097051,0,3,0.9427725666960819,0.9151509282097051,0,0.9427725666960819,0.9151509282097051,0.6669999999999999,"{""1"": 22737.938313346986, ""2"": 3482.515070276948, ""3"": 619.7932294883518, ""4"": -1652.6537518263658, ""5"": -2053.5067545764173, ""6"": -2454.260532603138, ""7"": -2474.028405171902, ""8"": -2722.976763024964, ""9"": -2700.490124754915, ""10"": -2683.331425710652, ""11"": -2678.730369550286, ""12"": -2672.8509162920377, ""13"": -2657.3697059874344, ""14"": -2611.685538611493, ""15"": -2587.7512092121915}",6.125155687332153
mueller_brown,short,tica,4000,10,1,19,3,3,0.05,5,0.6611172189350913,0.6728988861019825,0,11,0.21494712726472434,0.41625018203515946,0,5,0.6611172189350913,0.6728988861019825,0,3,0.7541848904236047,0.6606559658418958,0,3,0.7541848904236047,0.6606559658418958,0,0.7541848904236047,0.6606559658418958,0.1575,"{""1"": 22780.57370888296, ""2"": -1575.4043329713775, ""3"": -2722.804127822268, ""4"": -3685.8762764163816, ""5"": -3982.4225082287735, ""6"": -3961.8207229291424, ""7"": -3963.032259292792, ""8"": -3941.7799458799755, ""9"": -3935.371867873532, ""10"": -3913.804962235229, ""11"": -3886.404751640275, ""12"": -3833.1348133281485, ""13"": -3801.441388763114, ""14"": -3772.216491279859, ""15"": -3728.492476058391}",6.201681613922119
mueller_brown,short,tica,8000,10,1,0,3,3,0.146625,10,0.5904784855015396,0.6729710964937359,0,15,0.4194478330843872,0.5971809016661023,1,4,0.8386837925067369,0.7753368923459394,0,3,0.952968165268995,0.9084835108116948,0,3,0.952968165268995,0.9084835108116948,0,0.952968165268995,0.9084835108116948,0.5625,"{""1"": 45446.4398204855, ""2"": 3023.352905790859, ""3"": -5204.25666125919, ""4"": -9279.156751489627, ""5"": -10307.138860719193, ""6"": -10953.67534568582, ""7"": -11309.469782934675, ""8"": -11349.70221681654, ""9"": -11344.354749838389, ""10"": -11368.102083711618, ""11"": -11362.731735521673, ""12"": -11326.758954791869, ""13"": -11299.146148591182, ""14"": -11274.980084425351, ""15"": -11249.038187950295}",15.61134123802185
mueller_brown,short,tica,8000,10,1,1,3,3,0.104625,11,0.3756669764427587,0.5817920453420045,0,12,0.37649418890027986,0.5739953830137428,0,4,0.8820913696965853,0.7705512680557985,0,4,0.8820913696965853,0.7705512680557985,0,3,0.8756163387902929,0.7744898714372113,0,0.8756163387902929,0.7744898714372113,0.7315,"{""1"": 45449.12760997046, ""2"": -1748.1313937663947, ""3"": -8757.621781496448, ""4"": -10595.858717570349, ""5"": -11779.91358966187, ""6"": -12088.056371859104, ""7"": -12316.193354290384, ""8"": -12435.666412731967, ""9"": -12568.332549388504, ""10"": -12601.366394228478, ""11"": -12640.87600007375, ""12"": -12629.7083639692, ""13"": -12587.342229831924, ""14"": -12541.461206601623, ""15"": -12478.203311711346}",16.356545448303223
mueller_brown,short,tica,8000,10,1,2,3,3,0.044125,9,0.4138027785630332,0.5610173153834876,0,14,0.18675158145491683,0.43884550320681387,0,5,0.7457945677597801,0.7332681723062247,0,3,0.8666411063042834,0.8080650823295377,0,3,0.8666411063042834,0.8080650823295377,0,0.8666411063042834,0.8080650823295377,0.50725,"{""1"": 45433.86158385347, ""2"": -2164.6707231104497, ""3"": -8846.312479329717, ""4"": -10963.348434753523, ""5"": -11785.727208036444, ""6"": -12242.729532552405, ""7"": -12394.86550269718, ""8"": -12469.780349033466, ""9"": -12480.932264871748, ""10"": -12476.607316774698, ""11"": -12437.727059028879, ""12"": -12424.54928457204, ""13"": -12382.039199875471, ""14"": -12349.00056846262, ""15"": -12300.865334074317}",15.462774276733398
mueller_brown,short,tica,8000,10,1,3,3,3,0.0285,8,0.2715189094437578,0.45430572018809856,0,13,0.1314416133559152,0.33949405290174794,0,4,0.7860702815563078,0.7319212888193124,0,2,0.9052406442194912,0.7688801619294017,0,3,0.86885905420384,0.7752185348425309,0,0.86885905420384,0.7752185348425309,0.5569999999999999,"{""1"": 45432.288693745875, ""2"": -6915.999437002948, ""3"": -9255.409567683799, ""4"": -10331.882695164386, ""5"": -11103.321138278894, ""6"": -11422.306584756256, ""7"": -11365.79344871675, ""8"": -11506.9816906698, ""9"": -11479.514229708942, ""10"": -11438.762608438137, ""11"": -11455.186374662611, ""12"": -11385.737586860996, ""13"": -11393.696381083948, ""14"": -11330.42196861759, ""15"": -11290.21581113278}",15.39117169380188
mueller_brown,short,tica,8000,10,1,4,3,3,0.028625,9,0.20199685688976,0.39659294142600526,0,13,0.11783816415004791,0.31818989846496654,0,3,0.8016530562264877,0.7063813387009427,0,2,0.8487690255935035,0.6971468651199576,0,3,0.8016530562264877,0.7063813387009427,0,0.8016530562264877,0.7063813387009427,0.7045,"{""1"": 45432.28896029924, ""2"": -7460.9451352517235, ""3"": -9952.995923399018, ""4"": -10766.905141346595, ""5"": -10943.424621317201, ""6"": -11085.08388145185, ""7"": -11100.665504876411, ""8"": -11151.173013400328, ""9"": -11157.78910916198, ""10"": -11127.14380606959, ""11"": -11082.887377901512, ""12"": -11026.74122599561, ""13"": -11008.600224104186, ""14"": -10951.942170808808, ""15"": -10907.86612113001}",15.431215047836304
mueller_brown,short,tica,8000,10,1,5,3,3,0.0205,8,0.17111289713814107,0.37884399697996124,0,9,0.22204866994826336,0.4064520915405456,0,3,0.8700722733544964,0.7779912795615362,0,2,0.9231870515920948,0.794845708577911,0,3,0.8700722733544964,0.7779912795615362,0,0.8700722733544964,0.7779912795615362,0.7950000000000002,"{""1"": 45431.73880454903, ""2"": -10495.17013439114, ""3"": -12437.586140351836, ""4"": -12981.006978929297, ""5"": -13137.575818191228, ""6"": -13245.921202015228, ""7"": -13226.54041257196, ""8"": -13302.815424944096, ""9"": -13272.131802442289, ""10"": -13205.219393009187, ""11"": -13166.46736263181, ""12"": -13120.717861681962, ""13"": -13081.702790222807, ""14"": -13029.647608863688, ""15"": -12998.214681228352}",15.320618391036987
mueller_brown,short,tica,8000,10,1,6,3,3,0.07525,12,0.31430901070577727,0.5273093929508004,0,14,0.3106409011192166,0.5186678899647198,0,4,0.8727568132739107,0.7633461479714092,0,4,0.8727568132739107,0.7633461479714092,0,3,0.8757748261348173,0.7695352304508887,0,0.8757748261348173,0.7695352304508887,0.8037500000000001,"{""1"": 45434.541613124595, ""2"": -4374.1298444174945, ""3"": -10706.180637626341, ""4"": -11612.823744846593, ""5"": -13029.37919874655, ""6"": -13269.290571544168, ""7"": -13500.738946127598, ""8"": -13570.159515905236, ""9"": -13638.051923370065, ""10"": -13597.731008000936, ""11"": -13593.41405153371, ""12"": -13661.075190265517, ""13"": -13616.764450642015, ""14"": -13596.889827093753, ""15"": -13537.864453632805}",15.501345872879028
mueller_brown,short,tica,8000,10,1,7,3,3,0.06375,9,0.42479114804877294,0.5470106875763139,0,15,0.22337277831320382,0.43834414323868626,1,5,0.6815837324544345,0.7059779219672859,0,3,0.7896059026820462,0.6895300987569786,0,3,0.7896059026820462,0.6895300987569786,0,0.7896059026820462,0.6895300987569786,0.45725000000000005,"{""1"": 45433.46035909144, ""2"": -4612.185711557278, ""3"": -8975.836458872838, ""4"": -10790.199672081182, ""5"": -11490.170369132165, ""6"": -11849.915577845353, ""7"": -12070.172219341772, ""8"": -12117.797259097613, ""9"": -12130.681493699156, ""10"": -12115.601129203123, ""11"": -12101.748691154342, ""12"": -12110.016555683604, ""13"": -12017.716366597913, ""14"": -12008.13400413283, ""15"": -12006.27223260187}",15.364773035049438
mueller_brown,short,tica,8000,10,1,8,3,3,0.023,8,0.1675201112724613,0.3582565074533169,0,12,0.11542045430314554,0.3037620035635431,0,3,0.7240168560500977,0.6275505577542181,0,2,0.7840471520765903,0.6280104234155415,0,3,0.7240168560500977,0.6275505577542181,0,0.7240168560500977,0.6275505577542181,0.7190000000000001,"{""1"": 45584.90210650645, ""2"": -4032.00070848552, ""3"": -6078.362219126311, ""4"": -7144.160811210523, ""5"": -7603.877522453614, ""6"": -7718.809486524508, ""7"": -7756.770173258705, ""8"": -7790.239957066337, ""9"": -7785.156096490599, ""10"": -7750.407685344712, ""11"": -7719.107367139423, ""12"": -7693.998461035501, ""13"": -7649.6025452949225, ""14"": -7589.407924961445, ""15"": -7542.2161817412625}",15.18920111656189
mueller_brown,short,tica,8000,10,1,9,3,3,0.059,10,0.28921764052213006,0.5170897407559553,0,13,0.2225669225788513,0.46396548302625396,0,5,0.768232756943495,0.7707082258738993,0,3,0.8590295166822752,0.7677651154526968,0,3,0.8590295166822752,0.7677651154526968,0,0.8590295166822752,0.7677651154526968,0.851,"{""1"": 45468.0516986213, ""2"": -929.2877695139598, ""3"": -6259.090655084238, ""4"": -7550.678445306144, ""5"": -8394.112954147591, ""6"": -8947.022515309161, ""7"": -8974.590392614053, ""8"": -8974.099338702892, ""9"": -8941.744777483089, ""10"": -8991.697076964398, ""11"": -8943.596444865743, ""12"": -8960.898432593884, ""13"": -8948.09948048796, ""14"": -8887.029018768211, ""15"": -8845.200210182658}",15.87827754020691
mueller_brown,short,tica,8000,10,1,10,3,3,0.040875,9,0.3474660808524785,0.5243439043615958,0,13,0.17803627786714887,0.4148380552468491,0,5,0.7386442226081316,0.7307803491290489,0,3,0.8711133723130382,0.7995776955792978,0,3,0.8711133723130382,0.7995776955792978,0,0.8711133723130382,0.7995776955792978,0.5674999999999999,"{""1"": 45479.819760884384, ""2"": -5254.794208741592, ""3"": -10044.661741103422, ""4"": -12089.52229455988, ""5"": -12587.488242199333, ""6"": -12930.771613664407, ""7"": -12963.923346705655, ""8"": -13064.489076354987, ""9"": -13095.183934310593, ""10"": -13046.327201664479, ""11"": -13020.964580733282, ""12"": -12977.755773564943, ""13"": -12942.723318736917, ""14"": -12880.374690313645, ""15"": -12775.396598033476}",15.859525203704834
mueller_brown,short,tica,8000,10,1,11,3,3,0.057125,9,0.46805931913125753,0.5829549796816775,0,11,0.49938671671706425,0.579974714205,0,4,0.8956009630303106,0.7884536791352577,0,4,0.8956009630303106,0.7884536791352577,0,3,0.8956403572024788,0.7902570957274783,0,0.8956403572024788,0.7902570957274783,0.4140000000000001,"{""1"": 45433.558368398946, ""2"": -5796.478972885377, ""3"": -10312.378434428023, ""4"": -11091.492797607281, ""5"": -12259.725674534784, ""6"": -12654.442022350984, ""7"": -12820.73187923048, ""8"": -12935.664858343482, ""9"": -13007.606723903813, ""10"": -12917.91246915348, ""11"": -12973.774212754328, ""12"": -12895.098044388149, ""13"": -12889.507515573743, ""14"": -12846.277147690322, ""15"": -12788.578793886243}",15.67986273765564
mueller_brown,short,tica,8000,10,1,12,3,3,0.046125,9,0.3013958128188189,0.4678909723991658,0,14,0.1874821203765811,0.38816461262552554,0,4,0.7612694549843891,0.7358431567452087,0,3,0.8024155818297177,0.7060805826564966,0,3,0.8024155818297177,0.7060805826564966,0,0.8024155818297177,0.7060805826564966,0.5707499999999999,"{""1"": 45432.92371841382, ""2"": -8425.702616533266, ""3"": -11359.487876624968, ""4"": -12561.647651014378, ""5"": -13240.285422712868, ""6"": -13267.218777431202, ""7"": -13363.741607917711, ""8"": -13436.723971051553, ""9"": -13439.96302805127, ""10"": -13401.94448215527, ""11"": -13364.005200598302, ""12"": -13318.655960851771, ""13"": -13287.918342009521, ""14"": -13251.70548486651, ""15"": -13178.86479666916}",16.023550510406494
mueller_brown,short,tica,8000,10,1,13,3,3,0.09775,9,0.6036629586241022,0.6676209382900955,0,15,0.31715153545832947,0.5437701882923143,1,4,0.8908578960729074,0.7993851211692051,0,4,0.8908578960729074,0.7993851211692051,0,3,0.8829694602308613,0.7845860799607881,0,0.8829694602308613,0.7845860799607881,0.42574999999999996,"{""1"": 45437.54593461099, ""2"": -1303.4626016477298, ""3"": -8676.441025664182, ""4"": -10743.129755845952, ""5"": -11962.452979676631, ""6"": -12457.663732885081, ""7"": -12617.287006526924, ""8"": -12732.191006204248, ""9"": -12732.718527489162, ""10"": -12718.1607392961, ""11"": -12699.930055994548, ""12"": -12689.55079414933, ""13"": -12640.969849521636, ""14"": -12622.840672079295, ""15"": -12591.196426535978}",15.62827754020691
mueller_brown,short,tica,8000,10,1,14,3,3,0.1175,14,0.4545001854550549,0.5895816837598526,0,15,0.3395604785131886,0.5481584392437479,1,4,0.8589568899874006,0.7635251064928171,0,4,0.8589568899874006,0.7635251064928171,0,3,0.8471231502824311,0.7540309434588314,0,0.8471231502824311,0.7540309434588314,0.57975,"{""1"": 45435.31693480172, ""2"": 2306.415766210592, ""3"": -5313.9383329555285, ""4"": -7252.40449417272, ""5"": -7955.9923149400465, ""6"": -9053.50957311374, ""7"": -9192.763538584037, ""8"": -9455.05251052815, ""9"": -9532.82756238651, ""10"": -9653.643852337047, ""11"": -9689.912586798935, ""12"": -9715.661570155935, ""13"": -9728.272431532248, ""14"": -9728.430382827195, ""15"": -9703.655979888117}",16.24675989151001
mueller_brown,short,tica,8000,10,1,15,3,3,0.09,10,0.3899240341606246,0.5833049414196786,0,15,0.2984865103709995,0.5224894870122705,1,5,0.8249433484247868,0.7587200282692844,0,4,0.8569869103996709,0.7504666652614465,0,3,0.8653968742990139,0.7745577233904603,0,0.8653968742990139,0.7745577233904603,0.6725,"{""1"": 45435.080832815824, ""2"": -761.0019950192875, ""3"": -9470.931948498046, ""4"": -10772.263757717694, ""5"": -11864.96788649228, ""6"": -12173.71115032213, ""7"": -12722.011661657898, ""8"": -12836.555508667765, ""9"": -12874.476481028105, ""10"": -12888.441421292811, ""11"": -12872.905773747414, ""12"": -12852.849607352164, ""13"": -12834.043978709928, ""14"": -12814.869806151328, ""15"": -12782.636108378632}",15.55396056175232
mueller_brown,short,tica,8000,10,1,16,3,3,0.041375,12,0.2664813608793487,0.49465565850473014,0,14,0.24474665758308028,0.4670001490713027,0,5,0.7122546400191028,0.7020838574819563,0,3,0.8516456587400357,0.7902588484181888,0,3,0.8516456587400357,0.7902588484181888,0,0.8516456587400357,0.7902588484181888,0.9400000000000001,"{""1"": 45461.79702027809, ""2"": 237.94686276899753, ""3"": -6354.555380779207, ""4"": -8045.65042128736, ""5"": -8649.612530177988, ""6"": -9070.604330376395, ""7"": -9168.761547835178, ""8"": -9286.832541648175, ""9"": -9399.063774984148, ""10"": -9377.373379128654, ""11"": -9402.721530025803, ""12"": -9423.84358100258, ""13"": -9374.090933184314, ""14"": -9376.777429779791, ""15"": -9297.633930669068}",16.12920308113098
mueller_brown,short,tica,8000,10,1,17,3,3,0.060875,9,0.6003859712890863,0.6440164130058624,0,13,0.3482550324427787,0.5295595833205523,0,4,0.8508397254273117,0.7658826795469741,0,2,0.9629586182966642,0.8869776728468406,0,3,0.845003102178442,0.748126705716854,0,0.845003102178442,0.748126705716854,0.30549999999999994,"{""1"": 45465.41888947802, ""2"": -6242.468718412568, ""3"": -12755.366349700407, ""4"": -13823.18990632125, ""5"": -15078.24285322958, ""6"": -15425.666584894136, ""7"": -15539.737137210434, ""8"": -15546.586986094739, ""9"": -15553.64182543278, ""10"": -15516.99342449914, ""11"": -15547.399490866614, ""12"": -15520.056164488502, ""13"": -15481.841908000737, ""14"": -15430.011718173115, ""15"": -15380.79012278876}",16.33544158935547
mueller_brown,short,tica,8000,10,1,18,3,3,0.166375,10,0.6550179849785581,0.6795548838857964,0,13,0.4911639283168984,0.6106354166203181,0,5,0.7633628518512504,0.742178939990288,0,4,0.8248019856327834,0.7446370253179473,0,3,0.7890098890564636,0.7224066695181264,0,0.7890098890564636,0.7224066695181264,0.5609999999999998,"{""1"": 45446.160559758304, ""2"": 1310.718942360192, ""3"": -7897.128438894871, ""4"": -9629.444281971697, ""5"": -10958.2332294412, ""6"": -11322.722269481334, ""7"": -11986.863372643074, ""8"": -12014.544343413818, ""9"": -12051.184783756717, ""10"": -12153.362235803088, ""11"": -12113.771183211415, ""12"": -12146.300924067993, ""13"": -12145.912488409875, ""14"": -12090.668241410942, ""15"": -12052.159560636012}",15.893022060394287
mueller_brown,short,tica,8000,10,1,19,3,3,0.087875,9,0.5971994776411769,0.6475789619576608,0,14,0.4749199643822773,0.5923609465760874,0,5,0.7606905402389399,0.7239208282599822,0,3,0.8293188203991226,0.7352830846022593,0,3,0.8293188203991226,0.7352830846022593,0,0.8293188203991226,0.7352830846022593,0.40049999999999997,"{""1"": 45489.272869016764, ""2"": 1929.5853630383506, ""3"": -6366.566409420999, ""4"": -8288.864857888513, ""5"": -9820.514835698343, ""6"": -10066.445858473224, ""7"": -10316.67000720747, ""8"": -10292.569890117627, ""9"": -10384.378732832547, ""10"": -10362.895400543093, ""11"": -10343.339644997654, ""12"": -10298.644151359658, ""13"": -10254.812098155748, ""14"": -10223.21349748192, ""15"": -10163.488201338783}",16.274935960769653
mueller_brown,short,tica,16000,10,1,0,3,3,0.1068125,11,0.6612509651883217,0.6732790000145508,0,15,0.3563404162651925,0.5643662327776381,1,5,0.8568097494032536,0.7704674796786426,0,4,0.8789881174499741,0.7828630348764833,0,3,0.8704599310459442,0.7827932341019687,0,0.8704599310459442,0.7827932341019687,0.503375,"{""1"": 90845.6107614316, ""2"": -7566.898737797911, ""3"": -23454.615580687285, ""4"": -27744.233356115023, ""5"": -29992.35283228287, ""6"": -31182.745684807483, ""7"": -32078.02767875465, ""8"": -32298.287276360687, ""9"": -32505.29994916928, ""10"": -32656.650332909358, ""11"": -32673.91760356121, ""12"": -32615.183001773217, ""13"": -32630.76284235099, ""14"": -32624.209112929806, ""15"": -32599.57604565501}",61.221983194351196
mueller_brown,short,tica,16000,10,1,1,3,3,0.0954375,14,0.36120802612316066,0.5576845765302103,0,15,0.35006280501707854,0.55124811775339,1,4,0.8695877636551511,0.7598925830227242,0,2,0.9154581484623796,0.835795722899844,0,3,0.8653280914397202,0.7643253192360381,0,0.8653280914397202,0.7643253192360381,0.7435,"{""1"": 90859.99769225616, ""2"": -7263.036865020625, ""3"": -21443.967823764207, ""4"": -25237.33526180527, ""5"": -27715.611064473713, ""6"": -28476.99169263118, ""7"": -28949.288426365976, ""8"": -29123.503115338262, ""9"": -29158.691730430543, ""10"": -29351.344584297225, ""11"": -29474.062800045616, ""12"": -29460.735545572552, ""13"": -29485.269161637567, ""14"": -29571.90037264426, ""15"": -29533.047506255392}",60.250728368759155
mueller_brown,short,tica,16000,10,1,2,3,3,0.0846875,14,0.4238829223788321,0.566477736135487,0,15,0.310881344171351,0.5272612638874205,1,6,0.7572586428447987,0.7404288864487769,0,3,0.8593843248101369,0.7772604603784253,0,3,0.8593843248101369,0.7772604603784253,0,0.8593843248101369,0.7772604603784253,0.561875,"{""1"": 90894.8301882275, ""2"": -488.28641894321424, ""3"": -18118.51053132031, ""4"": -22242.671429437385, ""5"": -25120.514302269803, ""6"": -26072.75152852854, ""7"": -27121.966526907872, ""8"": -27472.631754630074, ""9"": -27654.89731285273, ""10"": -27739.21281695485, ""11"": -27804.630411271653, ""12"": -27867.100406053545, ""13"": -27864.695238721804, ""14"": -27876.05263046221, ""15"": -27836.692113459674}",58.067676305770874
mueller_brown,short,tica,16000,10,1,3,3,3,0.0561875,11,0.31247737160522276,0.5080032454254811,0,15,0.20475122684828048,0.43647720032693854,1,7,0.6976251239774767,0.6828205213426893,0,2,0.939346725103589,0.8264595740866055,0,3,0.8809412129355808,0.7711913059575042,0,0.8809412129355808,0.7711913059575042,0.68825,"{""1"": 90842.3387215848, ""2"": -17441.738479954085, ""3"": -26080.733043083852, ""4"": -29038.924559391224, ""5"": -30829.621051138445, ""6"": -31919.4374406551, ""7"": -32142.714346761117, ""8"": -32207.720219351762, ""9"": -32457.915116173204, ""10"": -32541.076367203637, ""11"": -32569.573219903352, ""12"": -32540.650843604377, ""13"": -32542.17551793578, ""14"": -32531.970910864344, ""15"": -32502.448827355172}",57.74504232406616
mueller_brown,short,tica,16000,10,1,4,3,3,0.026875,8,0.4903954670114499,0.5452831052806183,0,15,0.08698088128112288,0.2748042668781136,1,3,0.850023162831341,0.7461712345595637,0,2,0.8904945012716848,0.7481008563557768,0,3,0.850023162831341,0.7461712345595637,0,0.850023162831341,0.7461712345595637,0.21575,"{""1"": 90841.4636128092, ""2"": -21543.992752447324, ""3"": -25438.45037760804, ""4"": -26981.182517075886, ""5"": -27349.819113549427, ""6"": -27787.923709812163, ""7"": -27791.49318223043, ""8"": -27993.227711890166, ""9"": -27960.408579456005, ""10"": -27989.130628280425, ""11"": -27961.8700634525, ""12"": -27891.45693484872, ""13"": -27888.92874091378, ""14"": -27856.48116142751, ""15"": -27811.669352356384}",57.6989688873291
mueller_brown,short,tica,16000,10,1,5,3,3,0.0628125,12,0.35102362885675387,0.5532627720981422,0,12,0.35102362885675387,0.5532627720981422,0,4,0.8949891264774549,0.8001700397402028,0,3,0.9394025091082572,0.8793137091221076,0,3,0.9394025091082572,0.8793137091221076,0,0.9394025091082572,0.8793137091221076,0.731125,"{""1"": 90843.86183261973, ""2"": -13730.568738751752, ""3"": -26304.778662244476, ""4"": -30483.06216775953, ""5"": -33010.8555001473, ""6"": -33553.42626135475, ""7"": -34108.4199972602, ""8"": -34408.431037183596, ""9"": -34510.90341090762, ""10"": -34491.41092333198, ""11"": -34493.19387070037, ""12"": -34522.24849217806, ""13"": -34406.57066537992, ""14"": -34370.53089049874, ""15"": -34298.71916824222}",58.42307138442993
mueller_brown,short,tica,16000,10,1,6,3,3,0.0763125,10,0.6015020963017533,0.6331589943361783,0,14,0.30511466707377655,0.5116803771088752,0,3,0.8752803760927893,0.7644936695064715,0,2,0.9105848039426502,0.797772633302971,0,3,0.8752803760927893,0.7644936695064715,0,0.8752803760927893,0.7644936695064715,0.34237500000000004,"{""1"": 90843.4504406909, ""2"": -11039.833620331798, ""3"": -22570.38846011745, ""4"": -25388.80774672097, ""5"": -26521.145690491958, ""6"": -27475.43450774666, ""7"": -27745.856440104686, ""8"": -27883.887741622242, ""9"": -27980.18242795437, ""10"": -28005.93552975774, ""11"": -27990.437699703252, ""12"": -27969.721996676984, ""13"": -28001.427558086838, ""14"": -27998.077417954093, ""15"": -27943.794106624442}",57.93755125999451
mueller_brown,short,tica,16000,10,1,7,3,3,0.0468125,9,0.1986215034621886,0.42066206875344275,0,15,0.08379942543979434,0.30937010061404463,1,4,0.8761860625645027,0.7716487215288073,0,2,0.9508053331606077,0.8355440388686074,0,3,0.8821912728916466,0.7745451789778771,0,0.8821912728916466,0.7745451789778771,0.8397500000000001,"{""1"": 90841.59504690992, ""2"": 25346.77455215533, ""3"": -1572.9492692612098, ""4"": -4106.071151887022, ""5"": -5251.16466283639, ""6"": -5425.760189532066, ""7"": -5823.334184553419, ""8"": -5860.425659787697, ""9"": -5902.027639336251, ""10"": -5868.843488980858, ""11"": -5831.99086267022, ""12"": -5811.878146707022, ""13"": -5781.539119960151, ""14"": -5748.71824281751, ""15"": -5709.4325777633}",60.05642747879028
mueller_brown,short,tica,16000,10,1,8,3,3,0.0675625,11,0.28978651002931427,0.49978991520019267,0,13,0.2977810024450051,0.49921976666268525,0,5,0.7367793946347528,0.7144986333030345,0,3,0.8121104881182818,0.7157056717257415,0,3,0.8121104881182818,0.7157056717257415,0,0.8121104881182818,0.7157056717257415,0.8089999999999999,"{""1"": 90843.05825012541, ""2"": -7461.0894564006985, ""3"": -19058.88625387102, ""4"": -22054.86817309487, ""5"": -23950.406369582604, ""6"": -24441.385691605003, ""7"": -25184.9906601903, ""8"": -25421.032705315207, ""9"": -25447.74500300226, ""10"": -25535.44336881515, ""11"": -25589.348206961695, ""12"": -25577.51882130497, ""13"": -25553.0992799241, ""14"": -25487.400399104547, ""15"": -25426.10343613184}",61.55543780326843
mueller_brown,short,tica,16000,10,1,9,3,3,0.0618125,7,0.6340482341495934,0.6771334491053389,0,15,0.14056116395204324,0.4145675701118545,1,5,0.8195960452683899,0.7967114350036305,0,3,0.8762687534339757,0.7786129576952219,0,3,0.8762687534339757,0.7786129576952219,0,0.8762687534339757,0.7786129576952219,0.261625,"{""1"": 90887.62397677555, ""2"": 8024.719890990152, ""3"": -3875.6391043417407, ""4"": -7095.929817919154, ""5"": -9468.723460491274, ""6"": -9995.707320725818, ""7"": -10366.358774827728, ""8"": -10237.482982096082, ""9"": -10253.219289485476, ""10"": -10310.872804644781, ""11"": -10271.837894864693, ""12"": -10194.83729139268, ""13"": -10135.200260653113, ""14"": -10136.19650593194, ""15"": -10153.641616088686}",61.45018649101257
mueller_brown,short,tica,16000,10,1,10,3,3,0.137125,12,0.4688810248282241,0.6170046535232488,0,15,0.45155460255737334,0.5876231158734043,1,6,0.7625787112564041,0.7610547255604868,0,4,0.8323213510681241,0.7603675354525591,0,3,0.8049492067218664,0.7368595859343887,0,0.8049492067218664,0.7368595859343887,0.6598750000000002,"{""1"": 90873.44167732904, ""2"": 9140.960881270046, ""3"": -11736.245563774764, ""4"": -16261.657923106366, ""5"": -18804.91080685185, ""6"": -19947.731196502948, ""7"": -20857.991717614645, ""8"": -21216.06667390277, ""9"": -21431.555986934458, ""10"": -21570.417025672592, ""11"": -21677.59624912785, ""12"": -21786.032150008963, ""13"": -21782.491522086166, ""14"": -21763.041223317057, ""15"": -21751.234770278483}",61.46346855163574
mueller_brown,short,tica,16000,10,1,11,3,3,0.0455625,12,0.23312846635560486,0.45134449247228486,0,15,0.21585627708865693,0.42954612353580784,1,4,0.8644982077076557,0.7527752423379652,0,3,0.874066830296642,0.7772379008606717,0,3,0.874066830296642,0.7772379008606717,0,0.874066830296642,0.7772379008606717,0.8957499999999999,"{""1"": 90842.16239688519, ""2"": -15128.311574246789, ""3"": -22175.456743080606, ""4"": -23751.48467728397, ""5"": -26032.468313531183, ""6"": -26673.76173488615, ""7"": -26758.505660439692, ""8"": -27052.010960208005, ""9"": -27117.153034633684, ""10"": -27159.208967702234, ""11"": -27165.918362251698, ""12"": -27181.622795679523, ""13"": -27158.32977539978, ""14"": -27129.38793719781, ""15"": -27093.835188305722}",62.26964592933655
mueller_brown,short,tica,16000,10,1,12,3,3,0.0785,10,0.43794337760361884,0.5771813793803121,0,14,0.3314292555930647,0.5239574540867172,0,4,0.8787315752667555,0.786333320406026,0,4,0.8787315752667555,0.786333320406026,0,3,0.8827275895069421,0.7708501317458629,0,0.8827275895069421,0.7708501317458629,0.51775,"{""1"": 90843.36199051912, ""2"": -12116.527777929563, ""3"": -23653.43279854924, ""4"": -26434.041371067433, ""5"": -29186.396832622377, ""6"": -29906.45984802519, ""7"": -30436.2107350198, ""8"": -30567.16530531385, ""9"": -30738.159147090115, ""10"": -30830.859889978, ""11"": -30819.743809769887, ""12"": -30817.185798901144, ""13"": -30771.739393414566, ""14"": -30760.580471366986, ""15"": -30702.683022395333}",62.091270446777344
mueller_brown,short,tica,16000,10,1,13,3,3,0.07175,10,0.45815967208497776,0.5850462125100512,0,14,0.2718390056169441,0.4966951457176554,0,4,0.8484156480558047,0.7637993640121287,0,4,0.8484156480558047,0.7637993640121287,0,3,0.8547853083734164,0.75002633473686,0,0.8547853083734164,0.75002633473686,0.4599999999999999,"{""1"": 90843.06480785074, ""2"": -7050.276035455526, ""3"": -19335.17769938986, ""4"": -22097.72665178784, ""5"": -24839.165535709137, ""6"": -25664.84943635408, ""7"": -25933.803438692692, ""8"": -26157.134813587185, ""9"": -26252.91568755617, ""10"": -26324.623709108884, ""11"": -26253.71259982886, ""12"": -26288.367695582125, ""13"": -26226.041735460964, ""14"": -26214.530952839737, ""15"": -26151.083006050525}",61.7206175327301
mueller_brown,short,tica,16000,10,1,14,3,3,0.0706875,10,0.5503850711398961,0.6060908725855495,0,15,0.2223327863324199,0.45912661539416777,1,5,0.7703798083953439,0.7298847736263067,0,3,0.8573234073002496,0.7539344087399176,0,3,0.8573234073002496,0.7539344087399176,0,0.8573234073002496,0.7539344087399176,0.3806249999999999,"{""1"": 90843.37420178697, ""2"": -8322.807589813105, ""3"": -19037.03076777477, ""4"": -21631.813765598483, ""5"": -23470.94240777923, ""6"": -24179.276188129323, ""7"": -24684.208934265003, ""8"": -24936.58867765455, ""9"": -25158.505225238332, ""10"": -25227.39943411438, ""11"": -25214.499490097867, ""12"": -25181.23766421349, ""13"": -25165.64663793742, ""14"": -25110.28945001, ""15"": -25075.303001691776}",59.86435627937317
mueller_brown,short,tica,16000,10,1,15,3,3,0.0789375,11,0.4117752967242041,0.5652319632307385,0,15,0.3254461604022324,0.5138955054746926,1,5,0.7352037418931366,0.7288128041699553,0,3,0.8032067165594885,0.7288061763304866,0,3,0.8032067165594885,0.7288061763304866,0,0.8032067165594885,0.7288061763304866,0.5415000000000001,"{""1"": 90843.88320431791, ""2"": 642.738164789501, ""3"": -14455.577920931422, ""4"": -18386.28420332456, ""5"": -20326.2893487782, ""6"": -21469.099061845805, ""7"": -21800.21154498289, ""8"": -22342.546254636443, ""9"": -22437.724419428127, ""10"": -22644.459299706967, ""11"": -22714.908146637375, ""12"": -22710.709863774086, ""13"": -22687.785443178007, ""14"": -22635.172369881166, ""15"": -22625.291982952305}",61.486170530319214
mueller_brown,short,tica,16000,10,1,16,3,3,0.082625,12,0.41418190257290993,0.5851384227004445,0,14,0.3904083122935666,0.5694662459591899,0,6,0.7441793848849886,0.7158333458467577,0,3,0.876614882515523,0.8158095959564123,0,3,0.876614882515523,0.8158095959564123,0,0.876614882515523,0.8158095959564123,0.581875,"{""1"": 90844.70210676063, ""2"": 4118.093032903746, ""3"": -12733.511521211205, ""4"": -17214.87120130536, ""5"": -20009.907257341933, ""6"": -20905.746681935165, ""7"": -21373.196829983845, ""8"": -21678.67675157546, ""9"": -21840.27896473602, ""10"": -21873.37764412382, ""11"": -21891.922857302212, ""12"": -21894.40481882283, ""13"": -21887.65245357037, ""14"": -21852.113063368168, ""15"": -21788.574697609514}",61.12246870994568
mueller_brown,short,tica,16000,10,1,17,3,3,0.05775,9,0.5923956861309687,0.6437418574198165,0,15,0.23757795046721972,0.46632208831421024,1,4,0.8807938087490503,0.7921302087882796,0,2,0.9399781122178883,0.8358538350775729,0,3,0.8821177478582015,0.7747200707114835,0,0.8821177478582015,0.7747200707114835,0.27725,"{""1"": 90843.09978358044, ""2"": -17049.711473388023, ""3"": -27875.590606145786, ""4"": -30331.31466638372, ""5"": -32799.13884758978, ""6"": -33140.85894650921, ""7"": -33934.76017075856, ""8"": -34162.104415507136, ""9"": -34329.137601207796, ""10"": -34267.02907280002, ""11"": -34286.69635919444, ""12"": -34227.17829033467, ""13"": -34234.04012138131, ""14"": -34199.04390343859, ""15"": -34164.87802653076}",60.3615882396698
mueller_brown,short,tica,16000,10,1,18,3,3,0.1055,12,0.41401876267065923,0.5725896657549348,0,15,0.2837295918720119,0.5116770493278149,1,6,0.7779344262569673,0.755303633018282,0,4,0.8627522490188134,0.7495237241695599,0,3,0.8518254005069646,0.742495878544903,0,0.8518254005069646,0.742495878544903,0.6454999999999999,"{""1"": 90864.72126237326, ""2"": -9643.886164651301, ""3"": -24848.514912398226, ""4"": -27046.220436849897, ""5"": -29771.724684595363, ""6"": -30421.664712498146, ""7"": -31437.758579792277, ""8"": -31789.376080336657, ""9"": -31902.588852567664, ""10"": -32092.896988349705, ""11"": -32076.369442824016, ""12"": -32156.92652161117, ""13"": -32128.575905334023, ""14"": -32077.23047267022, ""15"": -32039.28036239614}",60.888166189193726
mueller_brown,short,tica,16000,10,1,19,3,3,0.0556875,11,0.4636738500917173,0.55920362752727,0,15,0.24141070373327925,0.46120324078828084,1,5,0.676219810946276,0.6560705294869094,0,3,0.7879064164835877,0.7020083678016056,0,3,0.7879064164835877,0.7020083678016056,0,0.7879064164835877,0.7020083678016056,0.397875,"{""1"": 90924.6516527462, ""2"": -6154.131109934502, ""3"": -16456.533497099525, ""4"": -18743.203638396517, ""5"": -22011.922533907666, ""6"": -22716.344863448034, ""7"": -23202.243311665436, ""8"": -23389.259437073484, ""9"": -23504.177926152344, ""10"": -23441.812490156848, ""11"": -23591.545018992685, ""12"": -23552.713011992542, ""13"": -23557.108230959762, ""14"": -23483.85418613729, ""15"": -23500.042140169648}",61.368576765060425
mueller_brown,short,tica,32000,10,1,0,3,3,0.0914375,13,0.5640455678201372,0.6223966997643554,0,15,0.37190406230473394,0.5567668485968238,1,4,0.8779560712310926,0.7799122012546592,0,4,0.8779560712310926,0.7799122012546592,0,3,0.8804096078783494,0.784642999654059,0,0.8804096078783494,0.784642999654059,0.46281250000000007,"{""1"": 181660.09401744517, ""2"": -14133.659809111505, ""3"": -43902.65943203514, ""4"": -52354.17313654026, ""5"": -57720.92773016045, ""6"": -59687.18601903673, ""7"": -61242.644744850324, ""8"": -61767.8442856161, ""9"": -62621.700349558414, ""10"": -62774.12028002516, ""11"": -62794.47813064647, ""12"": -62834.06300096355, ""13"": -62898.00467899056, ""14"": -62866.74147892329, ""15"": -62875.1548250513}",161.75366878509521
mueller_brown,short,tica,32000,10,1,1,3,3,0.07234375,14,0.2506331880164386,0.4828770927184209,0,15,0.24602187190144215,0.47782270050904746,1,4,0.849562551936223,0.7412069024932485,0,2,0.9015815273481785,0.7835969024903915,0,3,0.8506579078254589,0.7450331214954953,0,0.8506579078254589,0.7450331214954953,0.9321875000000001,"{""1"": 181686.3653922093, ""2"": -21452.91485299365, ""3"": -45806.644338707214, ""4"": -50611.995049186415, ""5"": -56184.229566566406, ""6"": -57795.860219810194, ""7"": -58412.04498058694, ""8"": -58806.974297154615, ""9"": -58970.33048355641, ""10"": -59278.488909811655, ""11"": -59442.71299911277, ""12"": -59416.61991009425, ""13"": -59449.57102442028, ""14"": -59524.65521459433, ""15"": -59491.80333126221}",161.31015133857727
mueller_brown,short,tica,32000,10,1,2,3,3,0.1023125,13,0.48648187620827094,0.6015426019931057,0,15,0.46224579377587083,0.5883347494411776,1,6,0.7612383826851212,0.7481180328084783,0,4,0.8404710715578536,0.7521785775269364,0,3,0.8481331200778953,0.7639194702575058,0,0.8481331200778953,0.7639194702575058,0.5568125,"{""1"": 181661.14254142737, ""2"": 1244.6016499104685, ""3"": -37920.85547277012, ""4"": -47376.597835990135, ""5"": -53330.17977748035, ""6"": -55582.69961279884, ""7"": -57551.82901429352, ""8"": -58228.12877875692, ""9"": -58956.44088029108, ""10"": -59161.250262187925, ""11"": -59346.25546683522, ""12"": -59458.971785481015, ""13"": -59529.65381765204, ""14"": -59492.12705008637, ""15"": -59456.666741277426}",163.5251681804657
mueller_brown,short,tica,32000,10,1,3,3,3,0.0595,13,0.28059799520934364,0.48426862284640126,0,15,0.21528276072438288,0.4430416648674927,1,5,0.7452363957327862,0.7209889325163044,0,2,0.8718990526116197,0.7350029074615639,0,3,0.8445667410930345,0.7400206349150793,0,0.8445667410930345,0.7400206349150793,0.7842500000000001,"{""1"": 181657.95988022527, ""2"": -28289.477207910106, ""3"": -48110.78631847082, ""4"": -54191.58102211386, ""5"": -57380.1324837464, ""6"": -59281.231120031254, ""7"": -59972.251036965026, ""8"": -60690.66284373494, ""9"": -60824.79571326224, ""10"": -60977.86092394432, ""11"": -61008.28720625271, ""12"": -61052.69528637672, ""13"": -61060.30915031934, ""14"": -61040.74370344738, ""15"": -61059.16767180979}",158.8262643814087
mueller_brown,short,tica,32000,10,1,4,3,3,0.026625,11,0.1685296311937249,0.3781716300141175,0,14,0.11824110505978382,0.3233662970218633,0,3,0.8344931495660367,0.7433984525734811,0,2,0.8877515967705528,0.7457382473350855,0,3,0.8344931495660367,0.7433984525734811,0,0.8344931495660367,0.7433984525734811,0.9838125,"{""1"": 181657.3375791022, ""2"": -38546.952754778904, ""3"": -48778.91157265138, ""4"": -53185.79689115409, ""5"": -54917.06019988004, ""6"": -56050.27152213688, ""7"": -56172.83149778864, ""8"": -56591.69201175823, ""9"": -56685.702840641876, ""10"": -56771.68179807182, ""11"": -56877.51500322714, ""12"": -56825.827182995, ""13"": -56810.46587217668, ""14"": -56777.9310450113, ""15"": -56680.39718975581}",159.75433230400085
mueller_brown,short,tica,32000,10,1,5,3,3,0.06478125,11,0.5519503804395439,0.6109126120912252,0,15,0.2605427116241034,0.49147836608326456,1,4,0.8802386688810392,0.7682454708463522,0,3,0.8923127527679202,0.7900306856115197,0,3,0.8923127527679202,0.7900306856115197,0,0.8923127527679202,0.7900306856115197,0.3405000000000001,"{""1"": 181658.7486193478, ""2"": -31008.69143277009, ""3"": -55633.855016165595, ""4"": -62042.078069956486, ""5"": -67136.28520673643, ""6"": -68536.67608949284, ""7"": -69668.16900441813, ""8"": -70420.92457205783, ""9"": -70672.9517423846, ""10"": -70747.9338493616, ""11"": -70839.93619869257, ""12"": -70750.00793872193, ""13"": -70710.69259226198, ""14"": -70665.82479531792, ""15"": -70662.55582503827}",160.7574234008789
mueller_brown,short,tica,32000,10,1,6,3,3,0.066625,11,0.2794511628897335,0.4963954322723475,0,11,0.2794511628897335,0.4963954322723475,0,4,0.8787503284106714,0.7810267033068288,0,2,0.9239134692356155,0.8080997773996474,0,3,0.8696020749399154,0.7754545131925704,0,0.8696020749399154,0.7754545131925704,0.7858125,"{""1"": 181658.53058725403, ""2"": 61622.37676451482, ""3"": 6637.805508370097, ""4"": 576.4060256927146, ""5"": -3249.356988273551, ""6"": -4444.783271603923, ""7"": -5479.9165102517245, ""8"": -5602.860642318704, ""9"": -5475.429269256915, ""10"": -5654.166600640273, ""11"": -5770.120401892747, ""12"": -5416.25593705335, ""13"": -5451.659180609003, ""14"": -5328.637501784011, ""15"": -5360.543337052217}",159.40864086151123
mueller_brown,short,tica,32000,10,1,7,3,3,0.06875,13,0.3799605837865341,0.5282627778952538,0,15,0.2114239937896465,0.45047091304584314,1,5,0.6872378276241539,0.6949786548388441,0,3,0.8033887646103836,0.7103767860944312,0,3,0.8033887646103836,0.7103767860944312,0,0.8033887646103836,0.7103767860944312,0.572375,"{""1"": 181663.54061503167, ""2"": -11768.069744563227, ""3"": -34590.01147074028, ""4"": -43395.90829699753, ""5"": -47831.08866405646, ""6"": -49774.702515448706, ""7"": -50837.04684278742, ""8"": -51736.26598404493, ""9"": -51960.219379921524, ""10"": -52245.035666540105, ""11"": -52515.21914006042, ""12"": -52491.43910613376, ""13"": -52565.703985803506, ""14"": -52491.09952468586, ""15"": -52544.7021401089}",160.11780953407288
mueller_brown,short,tica,32000,10,1,8,3,3,0.07684375,13,0.31951725466958925,0.5192512761082014,0,13,0.31951725466958925,0.5192512761082014,0,5,0.7439761010020102,0.724048345208805,0,3,0.8304251223345438,0.7282041170982777,0,3,0.8304251223345438,0.7282041170982777,0,0.8304251223345438,0.7282041170982777,0.7480625000000002,"{""1"": 181658.79502552695, ""2"": -19096.53767023049, ""3"": -44046.52518497973, ""4"": -50665.04386327242, ""5"": -55359.49785853154, ""6"": -56471.763802807465, ""7"": -58400.666943385964, ""8"": -58935.66033331149, ""9"": -59320.0287028603, ""10"": -59448.52691369704, ""11"": -59577.8569990044, ""12"": -59638.60573017913, ""13"": -59674.65641785011, ""14"": -59593.09600710685, ""15"": -59501.32760925096}",160.09864974021912
mueller_brown,short,tica,32000,10,1,9,3,3,0.07184375,11,0.23603486827108772,0.48518453762878305,0,15,0.15712671772630604,0.4280905124951375,1,4,0.8517570823425479,0.7389428485747379,0,2,0.9012977755908285,0.7809742107502198,0,3,0.8746365193177491,0.7626850382937492,0,0.8746365193177491,0.7626850382937492,0.8846875,"{""1"": 181684.189696919, ""2"": 20290.45880721053, ""3"": -3309.223540852474, ""4"": -9169.780203469416, ""5"": -13786.773851695729, ""6"": -15599.655766601803, ""7"": -16728.070165519533, ""8"": -16363.634209695718, ""9"": -16824.27329820039, ""10"": -16719.529514067224, ""11"": -16914.985899349675, ""12"": -16823.157687214833, ""13"": -16773.971284577194, ""14"": -16731.081549456838, ""15"": -16768.77578486691}",159.69571900367737
mueller_brown,short,tica,32000,10,1,10,3,3,0.13165625,13,0.43169349251114736,0.5917640784126306,0,15,0.4330722098833695,0.5850151664737337,1,5,0.7671140872810724,0.7492471829657606,0,4,0.8268919339920395,0.75581961686247,0,3,0.7997583730930857,0.7272005711958733,0,0.7997583730930857,0.7272005711958733,0.6683125,"{""1"": 181695.33154184077, ""2"": 16653.289658629103, ""3"": -26315.7418829538, ""4"": -34829.13320367703, ""5"": -40286.17329153298, ""6"": -43327.534291632255, ""7"": -44453.356392168964, ""8"": -45388.98281503964, ""9"": -45987.96473021685, ""10"": -46389.89975670104, ""11"": -46678.810195985956, ""12"": -46770.910273741334, ""13"": -46829.45431135665, ""14"": -46791.03795183592, ""15"": -46828.77325522965}",158.59798502922058
mueller_brown,short,tica,32000,10,1,11,3,3,0.0620625,12,0.32436604222057275,0.5107656480860737,0,15,0.21805555948214417,0.4427368011722564,1,6,0.7074812948320809,0.6915396284444939,0,3,0.8499577221404105,0.7505845567305314,0,3,0.8499577221404105,0.7505845567305314,0,0.8499577221404105,0.7505845567305314,0.6895,"{""1"": 181706.06794461014, ""2"": -24665.45680803248, ""3"": -43945.51694427404, ""4"": -51303.273036558894, ""5"": -54411.01985887237, ""6"": -55883.82904475445, ""7"": -57081.85479821618, ""8"": -57447.36184484111, ""9"": -57684.57695523023, ""10"": -57795.13252770621, ""11"": -58043.77648486436, ""12"": -58131.37398955939, ""13"": -58100.727641817226, ""14"": -58092.54167462176, ""15"": -58046.04825242066}",159.7293519973755
mueller_brown,short,tica,32000,10,1,12,3,3,0.0514375,12,0.23429268240999335,0.4532907107349244,0,15,0.18576216591449082,0.410135212631222,1,5,0.7348082932070458,0.720209793360008,0,3,0.8397636854321966,0.7364579073087109,0,3,0.8397636854321966,0.7364579073087109,0,0.8397636854321966,0.7364579073087109,0.94175,"{""1"": 181665.9437926699, ""2"": -28182.077440055386, ""3"": -44245.75281393695, ""4"": -50202.8557233616, ""5"": -52910.546541620344, ""6"": -54930.75954673472, ""7"": -55410.01667112923, ""8"": -55941.22500698534, ""9"": -56267.139112864395, ""10"": -56361.43726387755, ""11"": -56482.70680403917, ""12"": -56530.19463745642, ""13"": -56507.83690227601, ""14"": -56449.53328837221, ""15"": -56414.594801773615}",157.5848777294159
mueller_brown,short,tica,32000,10,1,13,3,3,0.05203125,11,0.39419244787454455,0.5371010229244466,0,14,0.24868201730577688,0.465009812098577,0,5,0.6992074023643146,0.6901645721123323,0,3,0.8483203424665738,0.7551823880794826,0,3,0.8483203424665738,0.7551823880794826,0,0.8483203424665738,0.7551823880794826,0.5093749999999999,"{""1"": 181663.58302389743, ""2"": -17865.957231090008, ""3"": -37635.74755415222, ""4"": -45078.856377698474, ""5"": -48305.26505842607, ""6"": -49866.32017323812, ""7"": -50503.75687509362, ""8"": -50717.50609669989, ""9"": -51027.504210643696, ""10"": -51244.35881311717, ""11"": -51317.85917541513, ""12"": -51215.559262507624, ""13"": -51304.155923840815, ""14"": -51259.73075189065, ""15"": -51165.95918759079}",157.9017972946167
mueller_brown,short,tica,32000,10,1,14,3,3,0.06275,14,0.24883585037090555,0.4742156547785889,0,14,0.24883585037090555,0.4742156547785889,0,4,0.8505321431207865,0.7404917581309944,0,3,0.8588954992426217,0.7576328262599112,0,3,0.8588954992426217,0.7576328262599112,0,0.8588954992426217,0.7576328262599112,0.9276249999999998,"{""1"": 181658.60761600826, ""2"": -24452.383590890728, ""3"": -45205.51884241971, ""4"": -50066.65116608236, ""5"": -55330.03750981198, ""6"": -57207.90584087234, ""7"": -57846.71296321832, ""8"": -58715.89664738425, ""9"": -58850.940462256265, ""10"": -59020.58589853295, ""11"": -59013.80572414239, ""12"": -59033.48278462079, ""13"": -59036.52893500181, ""14"": -59098.72950751286, ""15"": -59035.807152075926}",156.80725598335266
mueller_brown,short,tica,32000,10,1,15,3,3,0.07546875,12,0.4001657306353715,0.5484053957660239,0,15,0.27591848942565717,0.49248151565146336,1,5,0.7347736347689086,0.7161142079988427,0,3,0.8299233428481523,0.7357720561346816,0,3,0.8299233428481523,0.7357720561346816,0,0.8299233428481523,0.7357720561346816,0.5897500000000001,"{""1"": 181741.03765645123, ""2"": -9814.636925311837, ""3"": -35722.12590627871, ""4"": -43038.554233287345, ""5"": -46742.1806421683, ""6"": -48760.856797135835, ""7"": -49526.87520657707, ""8"": -50047.072363029794, ""9"": -50595.706376816765, ""10"": -50754.731002545304, ""11"": -50906.14118111204, ""12"": -51046.006257916044, ""13"": -50997.20382027647, ""14"": -50921.380002882135, ""15"": -50899.444569196996}",158.42446303367615
mueller_brown,short,tica,32000,10,1,16,3,3,0.07465625,12,0.5032666246657206,0.5968842138163385,0,12,0.5032666246657206,0.5968842138163385,0,4,0.8516541418325302,0.7527511244166118,0,3,0.8823831440846566,0.8166367056123979,0,3,0.8823831440846566,0.8166367056123979,0,0.8823831440846566,0.8166367056123979,0.4214375,"{""1"": 181659.5689139489, ""2"": -5830.952663236004, ""3"": -34882.01601491936, ""4"": -43283.540942015374, ""5"": -47931.5824638298, ""6"": -49546.832687208145, ""7"": -50866.17579567258, ""8"": -51330.99346105776, ""9"": -51686.34224349095, ""10"": -51830.71570740093, ""11"": -52059.31405884689, ""12"": -52080.9597100338, ""13"": -51966.22447545749, ""14"": -51892.73375192479, ""15"": -51867.239198969095}",160.99630999565125
mueller_brown,short,tica,32000,10,1,17,3,3,0.0536875,14,0.23393629847676975,0.4607638263240864,0,15,0.20037798477014146,0.4360459614744333,1,5,0.7202524092070475,0.7184688070485158,0,3,0.8337078398437202,0.7479204346653824,0,3,0.8337078398437202,0.7479204346653824,0,0.8337078398437202,0.7479204346653824,0.9632499999999999,"{""1"": 181687.5020383632, ""2"": -11427.784329310829, ""3"": -34574.79088947697, ""4"": -42103.88346567809, ""5"": -45339.76556493512, ""6"": -48069.173511717985, ""7"": -48774.4065425929, ""8"": -49356.38855738825, ""9"": -49612.285908166254, ""10"": -49735.416582841266, ""11"": -49857.277767919266, ""12"": -49891.39378231736, ""13"": -49875.65920726553, ""14"": -49910.75474412498, ""15"": -49895.47122212856}",158.695152759552
mueller_brown,short,tica,32000,10,1,18,3,3,0.08290625,15,0.31116922851866863,0.5182663872749196,1,15,0.31116922851866863,0.5182663872749196,1,4,0.8569863791228641,0.7460058694732219,0,2,0.8984501953682617,0.7852670696632623,0,3,0.85883697384712,0.7495735599084183,0,0.85883697384712,0.7495735599084183,0.813125,"{""1"": 181683.9575824635, ""2"": -25138.629055091158, ""3"": -51431.278234146994, ""4"": -57479.37689938917, ""5"": -62528.421759189034, ""6"": -64640.68884411, ""7"": -66005.18273319493, ""8"": -66526.57912368429, ""9"": -66846.67050534414, ""10"": -66930.52112999669, ""11"": -67034.79764884025, ""12"": -67074.527132062, ""13"": -67088.85420868933, ""14"": -67083.59436090491, ""15"": -67098.53961023157}",158.92082166671753
mueller_brown,short,tica,32000,10,1,19,3,3,0.05671875,15,0.23606367967663833,0.4525935604391598,1,15,0.23606367967663833,0.4525935604391598,1,5,0.6578846376484664,0.6526355447578044,0,3,0.8103833527182945,0.7166106228940164,0,3,0.8103833527182945,0.7166106228940164,0,0.8103833527182945,0.7166106228940164,0.9640000000000001,"{""1"": 181747.28525223327, ""2"": -22445.858454209567, ""3"": -42458.38347375263, ""4"": -49957.37167971163, ""5"": -53036.07090287506, ""6"": -54391.7289160568, ""7"": -55024.123998013594, ""8"": -55410.5460945777, ""9"": -56075.50349336556, ""10"": -56197.4839568563, ""11"": -56227.08336211816, ""12"": -56220.504169391366, ""13"": -56225.25690960639, ""14"": -56210.34205312722, ""15"": -56342.01406020329}",159.24567079544067
mueller_brown,short,vae,250,10,1,0,3,1,0.0,1,1.0,1.0,0,1,1.0,1.0,0,1,1.0,1.0,0,4,0.0,0.0,0,2,0.0,0.0,0,0.0,0.0,0.0,"{""1"": 1435.877933596942, ""2"": 1465.6030233791437, ""3"": 1488.0699179851636, ""4"": 1516.3741323591885, ""5"": 1547.088052611584, ""6"": 1579.6970890067082, ""7"": 1609.3212296216827, ""8"": 1639.3654528335314, ""9"": 1660.481832633725, ""10"": 1689.8532294491729, ""11"": 1700.1434924084588, ""12"": 1730.6436345701452, ""13"": 1760.6373844553884, ""14"": 1793.7216587232406, ""15"": 1791.160191372122}",58.347118854522705
mueller_brown,short,vae,250,10,1,1,3,2,0.0,1,0.0,0.0,0,9,0.18533440795091183,0.3596466477968027,0,1,0.0,0.0,0,3,0.39121765785355983,0.4583584155500071,0,2,0.7398791983308923,0.6106507946438277,0,0.39121765785355983,0.4583584155500071,0.5920000000000001,"{""1"": 1430.5136975469586, ""2"": 1445.36931756559, ""3"": 1478.2094144355601, ""4"": 1508.2546252874536, ""5"": 1533.4558178945554, ""6"": 1552.7704943191516, ""7"": 1582.6196290906043, ""8"": 1581.7068436873965, ""9"": 1593.1380530100237, ""10"": 1635.8414466810152, ""11"": 1649.0844367513175, ""12"": 1685.5888587155584, ""13"": 1699.903738465766, ""14"": 1727.881565424521, ""15"": 1743.0156506814697}",10.348238468170166
mueller_brown,short,vae,250,10,1,2,3,1,0.0,1,1.0,1.0,0,1,1.0,1.0,0,1,1.0,1.0,0,2,0.0,0.0,0,2,0.0,0.0,0,0.0,0.0,0.0,"{""1"": 1447.091553581493, ""2"": 1481.0118287928542, ""3"": 1512.2217424528146, ""4"": 1544.1390310861116, ""5"": 1575.1471218021477, ""6"": 1606.0304790757034, ""7"": 1626.7851911395787, ""8"": 1648.8449447415446, ""9"": 1669.1411626895042, ""10"": 1690.6886927658022, ""11"": 1723.7547455302881, ""12"": 1751.0486589152413, ""13"": 1770.648690098702, ""14"": 1783.616626557904, ""15"": 1814.2858642246397}",10.364037036895752
mueller_brown,short,vae,250,10,1,3,3,2,0.0,1,0.0,0.0,0,1,0.0,0.0,0,1,0.0,0.0,0,2,0.0032294811816361967,0.009983923719937622,0,2,0.0032294811816361967,0.009983923719937622,0,-0.0011768936545817124,0.006814448699883846,0.008000000000000004,"{""1"": 1438.6732725867091, ""2"": 1470.1402441898138, ""3"": 1501.098079708391, ""4"": 1531.0626302614755, ""5"": 1562.6276083651112, ""6"": 1579.9659341588122, ""7"": 1608.3826995110642, ""8"": 1641.3699061491184, ""9"": 1663.0708858556873, ""10"": 1673.8965889214066, ""11"": 1703.000815570606, ""12"": 1725.9208151384112, ""13"": 1748.817130350393, ""14"": 1763.6336208136236, ""15"": 1779.99943660367}",10.30570936203003
mueller_brown,short,vae,250,10,1,4,3,1,0.0,1,1.0,1.0,0,1,1.0,1.0,0,1,1.0,1.0,0,7,0.0,0.0,0,2,0.0,0.0,0,0.0,0.0,0.0,"{""1"": 1447.2600163356308, ""2"": 1481.409726440045, ""3"": 1513.0199498508757, ""4"": 1542.8454042852507, ""5"": 1570.6789639147985, ""6"": 1601.5634297405727, ""7"": 1632.848918822781, ""8"": 1655.2990612130961, ""9"": 1687.9381529477637, ""10"": 1713.0256763442615, ""11"": 1734.4472940295896, ""12"": 1751.3367402475553, ""13"": 1780.1611332177135, ""14"": 1803.3199759733552, ""15"": 1788.4251843298362}",10.095084190368652
mueller_brown,short,vae,250,10,1,5,3,1,0.0,1,1.0,1.0,0,1,1.0,1.0,0,1,1.0,1.0,0,6,0.0,0.0,0,2,0.0,0.0,0,0.0,0.0,0.0,"{""1"": 1448.2324234963758, ""2"": 1482.5997656803384, ""3"": 1511.4413745851464, ""4"": 1540.8381368005657, ""5"": 1570.864813595396, ""6"": 1602.4967729329803, ""7"": 1627.9708438727093, ""8"": 1655.0725566469487, ""9"": 1679.572358424095, ""10"": 1697.930150523412, ""11"": 1706.8686936523793, ""12"": 1731.2940217086477, ""13"": 1729.1415157702716, ""14"": 1741.275172590533, ""15"": 1797.270534506275}",10.8573739528656
mueller_brown,short,vae,250,10,1,6,3,1,0.0,1,1.0,1.0,0,1,1.0,1.0,0,1,1.0,1.0,0,12,0.0,0.0,0,2,0.0,0.0,0,0.0,0.0,0.0,"{""1"": 1446.6667856469062, ""2"": 1480.0854767747785, ""3"": 1510.400633224406, ""4"": 1538.690615334381, ""5"": 1571.659656359712, ""6"": 1600.9701001635613, ""7"": 1630.6747087232477, ""8"": 1657.325379810965, ""9"": 1685.8329830489356, ""10"": 1683.6614352487552, ""11"": 1743.371976140063, ""12"": 1752.2856409561125, ""13"": 1778.479403383512, ""14"": 1782.2902498100887, ""15"": 1768.8492940912588}",10.169920682907104
mueller_brown,short,vae,250,10,1,7,3,1,0.0,1,1.0,1.0,0,1,1.0,1.0,0,1,1.0,1.0,0,2,0.0,0.0,0,2,0.0,0.0,0,0.0,0.0,0.0,"{""1"": 1458.329928481488, ""2"": 1492.2241813276519, ""3"": 1521.3575306906703, ""4"": 1551.0756020806791, ""5"": 1582.6122346440436, ""6"": 1613.7505720069814, ""7"": 1640.8310694422032, ""8"": 1666.1394116855718, ""9"": 1686.6382383333298, ""10"": 1717.4692725638608, ""11"": 1697.541686472022, ""12"": 1739.514237119002, ""13"": 1757.1143874142233, ""14"": 1793.2313893676935, ""15"": 1813.5813339213923}",10.503598690032959
mueller_brown,short,vae,250,10,1,8,3,1,0.0,1,1.0,1.0,0,1,1.0,1.0,0,1,1.0,1.0,0,2,0.0,0.0,0,2,0.0,0.0,0,0.0,0.0,0.0,"{""1"": 1446.91846931963, ""2"": 1481.2600342825724, ""3"": 1512.367240260681, ""4"": 1540.5379891993266, ""5"": 1575.0240816507292, ""6"": 1601.2025975737502, ""7"": 1633.8347699757255, ""8"": 1652.1127466170574, ""9"": 1688.9746296700532, ""10"": 1716.3094316708002, ""11"": 1734.1396841691176, ""12"": 1742.9271720590905, ""13"": 1769.8969848556233, ""14"": 1800.1130591322149, ""15"": 1794.9669623352902}",9.898857116699219
mueller_brown,short,vae,250,10,1,9,3,2,0.0,1,0.0,0.0,0,1,0.0,0.0,0,1,0.0,0.0,0,15,0.06489059361537786,0.25185734118684744,1,2,0.22052148408195665,0.3205844996588599,0,0.06146484809770553,0.2663134258309331,0.45599999999999996,"{""1"": 1424.7148880194482, ""2"": 1454.0817579426136, ""3"": 1484.0656672978369, ""4"": 1510.1765371750184, ""5"": 1530.1515492581136, ""6"": 1551.6264937083088, ""7"": 1568.0075792034277, ""8"": 1593.8023109767332, ""9"": 1617.75176301159, ""10"": 1645.6567787416761, ""11"": 1649.7243812364031, ""12"": 1683.6372728691747, ""13"": 1704.2729746834864, ""14"": 1715.5715413019418, ""15"": 1752.3956828596383}",10.227782964706421
mueller_brown,short,vae,250,10,1,10,3,2,0.0,1,0.0,0.0,0,1,0.0,0.0,0,1,0.0,0.0,0,4,0.25353100832971875,0.2773338658970479,0,2,0.29957196547884185,0.35916430536554184,0,0.3329036374987612,0.41819828011409327,0.43199999999999994,"{""1"": 1428.4003152194953, ""2"": 1458.3555862283463, ""3"": 1490.8655978109393, ""4"": 1519.9874826044806, ""5"": 1545.0167682329925, ""6"": 1569.6811600823028, ""7"": 1586.8238920402189, ""8"": 1609.075468089707, ""9"": 1636.8861362865332, ""10"": 1668.286104359755, ""11"": 1684.4343219451093, ""12"": 1705.7495402048057, ""13"": 1721.2668142720436, ""14"": 1735.1897481023311, ""15"": 1767.7146505883588}",10.512609720230103
mueller_brown,short,vae,250,10,1,11,3,1,0.0,1,1.0,1.0,0,1,1.0,1.0,0,1,1.0,1.0,0,7,0.0,0.0,0,2,0.0,0.0,0,0.0,0.0,0.0,"{""1"": 1445.2626606014003, ""2"": 1479.1074346363573, ""3"": 1511.104620287311, ""4"": 1538.7178967638752, ""5"": 1570.1269725431887, ""6"": 1601.026719304042, ""7"": 1627.0936362763985, ""8"": 1659.7683947516348, ""9"": 1677.4546227976916, ""10"": 1696.9326851341375, ""11"": 1712.5180406495097, ""12"": 1721.715501025583, ""13"": 1743.8983465798347, ""14"": 1767.2749624534028, ""15"": 1815.3584181282595}",10.31255841255188
mueller_brown,short,vae,250,10,1,12,3,1,0.0,1,1.0,1.0,0,1,1.0,1.0,0,1,1.0,1.0,0,10,0.0,0.0,0,2,0.0,0.0,0,0.0,0.0,0.0,"{""1"": 1451.269533057462, ""2"": 1483.7935968123395, ""3"": 1515.379421312273, ""4"": 1546.815625656039, ""5"": 1573.1669102126064, ""6"": 1599.31042740836, ""7"": 1631.6418316984807, ""8"": 1652.5639143923827, ""9"": 1683.6999167267777, ""10"": 1691.4717887869194, ""11"": 1711.3892729752197, ""12"": 1748.3865812421197, ""13"": 1744.0752755700028, ""14"": 1760.0780489062877, ""15"": 1806.612357172613}",10.694777011871338
mueller_brown,short,vae,250,10,1,13,3,1,0.0,1,1.0,1.0,0,1,1.0,1.0,0,1,1.0,1.0,0,2,0.0,0.0,0,2,0.0,0.0,0,0.0,0.0,0.0,"{""1"": 1447.3124664658703, ""2"": 1480.6113491537078, ""3"": 1511.8911781125382, ""4"": 1539.9893016438778, ""5"": 1568.2462157826703, ""6"": 1598.7378235426827, ""7"": 1627.3414133952142, ""8"": 1639.4013186380125, ""9"": 1670.9565009262587, ""10"": 1687.481821462811, ""11"": 1708.420473906585, ""12"": 1710.4645409451766, ""13"": 1746.7030111375911, ""14"": 1781.8714240051402, ""15"": 1810.4244669232444}",10.049962282180786
mueller_brown,short,vae,250,10,1,14,3,1,0.0,1,1.0,1.0,0,1,1.0,1.0,0,1,1.0,1.0,0,7,0.0,0.0,0,2,0.0,0.0,0,0.0,0.0,0.0,"{""1"": 1448.962188532197, ""2"": 1482.919245031652, ""3"": 1515.4969150391137, ""4"": 1543.5437161268633, ""5"": 1568.7339270726102, ""6"": 1599.405042651743, ""7"": 1621.0706860209323, ""8"": 1649.8681172092301, ""9"": 1684.9173602814622, ""10"": 1690.005579888115, ""11"": 1705.0707989393973, ""12"": 1745.693653759434, ""13"": 1759.620475634527, ""14"": 1756.0588091823854, ""15"": 1782.4057106740574}",10.62208342552185
mueller_brown,short,vae,250,10,1,15,3,1,0.0,1,1.0,1.0,0,1,1.0,1.0,0,1,1.0,1.0,0,2,0.0,0.0,0,2,0.0,0.0,0,0.0,0.0,0.0,"{""1"": 1436.569819027639, ""2"": 1470.602560959214, ""3"": 1499.3956238081762, ""4"": 1523.7261118901718, ""5"": 1554.8270683640237, ""6"": 1579.8308614136831, ""7"": 1607.66966469961, ""8"": 1614.7048645027721, ""9"": 1639.2044103473158, ""10"": 1674.5438698145056, ""11"": 1687.409502444941, ""12"": 1711.4039201860633, ""13"": 1725.1830520787166, ""14"": 1741.245876155469, ""15"": 1761.9127303756818}",10.625829219818115
mueller_brown,short,vae,250,10,1,16,3,2,0.0,1,0.0,0.0,0,1,0.0,0.0,0,1,0.0,0.0,0,12,0.0033485752433550786,0.029223927364526562,0,2,-0.0025016643943295606,0.02020214942457605,0,0.009533015172464018,0.03166012411177466,0.02400000000000001,"{""1"": 1438.4834635204215, ""2"": 1471.1958594260034, ""3"": 1501.5090394724314, ""4"": 1532.7077583513117, ""5"": 1558.0133446850468, ""6"": 1583.907858916612, ""7"": 1605.5877684545153, ""8"": 1630.9002822902517, ""9"": 1665.1711954457378, ""10"": 1686.5536746731093, ""11"": 1701.8572972043899, ""12"": 1720.0252522709286, ""13"": 1743.739381730793, ""14"": 1773.7888426105742, ""15"": 1788.077929584435}",10.453832626342773
mueller_brown,short,vae,250,10,1,17,3,1,0.0,1,1.0,1.0,0,1,1.0,1.0,0,1,1.0,1.0,0,6,0.0,0.0,0,2,0.0,0.0,0,0.0,0.0,0.0,"{""1"": 1429.794932043052, ""2"": 1463.2936159200297, ""3"": 1488.9160212707682, ""4"": 1518.083815410675, ""5"": 1549.674898764846, ""6"": 1580.8564678366013, ""7"": 1608.8759700967676, ""8"": 1640.1552489376545, ""9"": 1650.1624819311237, ""10"": 1689.3934757996828, ""11"": 1711.9803559661734, ""12"": 1733.1801861716467, ""13"": 1738.6141085977606, ""14"": 1771.2314749811205, ""15"": 1777.0883564143282}",9.975183248519897
mueller_brown,short,vae,250,10,1,18,3,2,0.0,1,0.0,0.0,0,1,0.0,0.0,0,1,0.0,0.0,0,2,0.457637425333453,0.4283441882673121,0,2,0.457637425333453,0.4283441882673121,0,0.24927589756215995,0.38239592501139047,0.32000000000000006,"{""1"": 1411.220989125972, ""2"": 1434.081063740771, ""3"": 1464.3836605162053, ""4"": 1493.5534589448766, ""5"": 1518.1708928484325, ""6"": 1547.2894439775168, ""7"": 1563.973253460724, ""8"": 1575.4253929307997, ""9"": 1609.0327806204778, ""10"": 1628.240122178226, ""11"": 1634.999169649688, ""12"": 1669.7321347125946, ""13"": 1701.4095011435707, ""14"": 1705.0341392315145, ""15"": 1725.537703507899}",10.78077745437622
mueller_brown,short,vae,250,10,1,19,3,2,0.0,1,0.0,0.0,0,15,0.14210949659977645,0.34027707454233835,1,1,0.0,0.0,0,2,0.8282709517277419,0.7425177865222989,0,2,0.8282709517277419,0.7425177865222989,0,0.6399000682791858,0.5175264152356668,0.6719999999999999,"{""1"": 1426.6916340730293, ""2"": 1446.459271022027, ""3"": 1477.6762180502058, ""4"": 1502.6689026729769, ""5"": 1531.7902010717305, ""6"": 1549.35564005572, ""7"": 1570.381329405592, ""8"": 1587.2053731300894, ""9"": 1612.22868953458, ""10"": 1625.4344850966254, ""11"": 1657.7806887703323, ""12"": 1670.2874381193863, ""13"": 1709.4560254725043, ""14"": 1729.323817092448, ""15"": 1712.1901633628854}",10.4311203956604
mueller_brown,short,vae,500,10,1,0,3,1,0.0,1,1.0,1.0,0,1,1.0,1.0,0,1,1.0,1.0,0,6,0.0,0.0,0,2,0.0,0.0,0,0.0,0.0,0.0,"{""1"": 2835.4827276146684, ""2"": 2873.0832148660256, ""3"": 2906.3661553700763, ""4"": 2927.195658251419, ""5"": 2962.9750786569193, ""6"": 2993.461722462433, ""7"": 3023.3166462108175, ""8"": 3056.2562802981874, ""9"": 3082.964778872575, ""10"": 3118.3410461168414, ""11"": 3140.0124320987243, ""12"": 3172.5893607200223, ""13"": 3212.6871400666478, ""14"": 3229.765934748958, ""15"": 3274.2073259069357}",10.229122877120972
mueller_brown,short,vae,500,10,1,1,3,2,0.0,1,0.0,0.0,0,2,0.6923712527643661,0.5425120787537222,0,1,0.0,0.0,0,3,0.36382824127656266,0.4161920569126014,0,3,0.36382824127656266,0.4161920569126014,0,0.36382824127656266,0.4161920569126014,0.552,"{""1"": 2835.8309504576605, ""2"": 2850.5859180631933, ""3"": 2889.1529663223623, ""4"": 2918.6403665299304, ""5"": 2951.4909329032, ""6"": 2964.0983477726313, ""7"": 2997.1338179392997, ""8"": 3021.7092757205664, ""9"": 3056.543859470633, ""10"": 3097.759533164201, ""11"": 3118.8688499797736, ""12"": 3146.4492520242025, ""13"": 3164.3927705828182, ""14"": 3198.5160097733847, ""15"": 3234.3062286416553}",10.596009254455566
mueller_brown,short,vae,500,10,1,2,3,2,0.0,1,0.0,0.0,0,5,0.08148178993489583,0.23450121025619627,0,1,0.0,0.0,0,10,0.02861281437740189,0.16274782936350313,0,2,0.0809038886298814,0.12462524518407916,0,0.03392870287103467,0.11144037984649012,0.10400000000000004,"{""1"": 2807.295143290168, ""2"": 2831.6543485885513, ""3"": 2851.8578747997312, ""4"": 2871.048477566637, ""5"": 2888.732666709483, ""6"": 2924.8338266706382, ""7"": 2958.8725755805362, ""8"": 2986.9454679126593, ""9"": 3024.5465302752364, ""10"": 3051.6980619975384, ""11"": 3063.9954937866833, ""12"": 3097.1780745088918, ""13"": 3119.1503088528766, ""14"": 3163.0340911541352, ""15"": 3182.9719967902547}",10.007086277008057
mueller_brown,short,vae,500,10,1,3,3,2,0.0,1,0.0,0.0,0,1,0.0,0.0,0,1,0.0,0.0,0,15,0.0007998717021990326,0.008581980287481111,1,2,-0.0007272257147012719,0.0034084011965438226,0,0.001031058453533265,0.004942757761460834,0.004000000000000002,"{""1"": 2839.1367978274743, ""2"": 2875.6489391717087, ""3"": 2907.5553423610013, ""4"": 2944.4954568110525, ""5"": 2946.444015496399, ""6"": 2989.9519878714004, ""7"": 3008.0615558177456, ""8"": 3047.6055622019967, ""9"": 3085.8836758490643, ""10"": 3106.7849387620167, ""11"": 3130.3430737565577, ""12"": 3168.2982497906733, ""13"": 3204.6297190093733, ""14"": 3203.6621957191483, ""15"": 3254.0680810426134}",10.505984544754028
mueller_brown,short,vae,500,10,1,4,3,3,0.018,1,0.0,0.0,0,15,0.04943304711098641,0.25863107628514326,1,1,0.0,0.0,0,12,0.06301916921397163,0.27282069618885674,0,2,0.20976956273532052,0.24202156489801205,0,0.23489373360928817,0.3779936480265332,0.22399999999999998,"{""1"": 2814.8155238327627, ""2"": 2826.3094947991785, ""3"": 2853.040435100041, ""4"": 2860.687920640926, ""5"": 2892.525721608553, ""6"": 2925.1465450332357, ""7"": 2951.753395030777, ""8"": 2969.9110345106333, ""9"": 2999.008475530627, ""10"": 3030.2515932516276, ""11"": 3051.0597973997246, ""12"": 3089.8182930762887, ""13"": 3114.4590997865516, ""14"": 3141.633514491511, ""15"": 3128.082705300239}",10.660487413406372
mueller_brown,short,vae,500,10,1,5,3,1,0.0,1,1.0,1.0,0,1,1.0,1.0,0,1,1.0,1.0,0,9,0.0,0.0,0,2,0.0,0.0,0,0.0,0.0,0.0,"{""1"": 2853.4472799225473, ""2"": 2893.346730385325, ""3"": 2925.765168422295, ""4"": 2944.1023786497544, ""5"": 2978.6612659632265, ""6"": 3015.8920138938283, ""7"": 3047.446219744171, ""8"": 3073.316025766477, ""9"": 3108.0923794646937, ""10"": 3124.283413574123, ""11"": 3139.0527378835977, ""12"": 3172.4748596850695, ""13"": 3184.0379300504896, ""14"": 3235.4526992788524, ""15"": 3227.7042130323625}",10.639967918395996
mueller_brown,short,vae,500,10,1,6,3,1,0.0,1,1.0,1.0,0,1,1.0,1.0,0,1,1.0,1.0,0,9,0.0,0.0,0,2,0.0,0.0,0,0.0,0.0,0.0,"{""1"": 2831.4964781273566, ""2"": 2871.106163352298, ""3"": 2904.503929857555, ""4"": 2934.4664555651075, ""5"": 2965.298150787994, ""6"": 3007.7503990129817, ""7"": 3032.055161378911, ""8"": 3070.655126341487, ""9"": 3099.145771218331, ""10"": 3131.597543717254, ""11"": 3160.5039685363263, ""12"": 3190.072633335746, ""13"": 3217.7515031618955, ""14"": 3237.6254056372704, ""15"": 3248.3769263806557}",9.951127767562866
mueller_brown,short,vae,500,10,1,7,3,2,0.0,1,0.0,0.0,0,1,0.0,0.0,0,1,0.0,0.0,0,14,0.0030276890845075486,0.032677174960047475,0,2,0.0037469772349114795,0.017496179179207334,0,-0.0005481985591596267,0.014681337912802656,0.016000000000000007,"{""1"": 2820.8340528432377, ""2"": 2853.572683022934, ""3"": 2881.19214263599, ""4"": 2910.0229667027943, ""5"": 2937.5640427285857, ""6"": 2973.9052618776795, ""7"": 2999.800777813022, ""8"": 3029.876474166012, ""9"": 3066.255478686901, ""10"": 3089.8386604712477, ""11"": 3128.1193227715776, ""12"": 3142.887500267335, ""13"": 3179.3660917660077, ""14"": 3212.4542496807762, ""15"": 3239.4984498339236}",10.31849455833435
mueller_brown,short,vae,500,10,1,8,3,3,0.116,2,0.9021111364960117,0.8561066431132552,0,14,0.17480799370975175,0.48467510779016676,0,2,0.9021111364960117,0.8561066431132552,0,2,0.9021111364960117,0.8561066431132552,0,2,0.9021111364960117,0.8561066431132552,0,0.7948335723537212,0.7377638514498943,0.23200000000000004,"{""1"": 2817.073076677482, ""2"": 2718.775889652838, ""3"": 2742.374637815533, ""4"": 2779.1076069070114, ""5"": 2802.7918467824597, ""6"": 2819.989489971726, ""7"": 2853.5652701069866, ""8"": 2873.63394979145, ""9"": 2893.4606088007486, ""10"": 2927.980288881809, ""11"": 2941.26332057762, ""12"": 2974.1589948855035, ""13"": 3001.3444765720287, ""14"": 3012.5941308784704, ""15"": 3053.7694592261496}",10.604064464569092
mueller_brown,short,vae,500,10,1,9,3,3,0.164,3,0.8705315673154818,0.8422722464168143,0,14,0.27448427444719026,0.5401349082921609,0,2,0.6909901993234051,0.7466260069718328,0,3,0.8705315673154818,0.8422722464168143,0,2,0.6909901993234051,0.7466260069718328,0,0.8705315673154818,0.8422722464168143,0.10799999999999993,"{""1"": 2843.289262811817, ""2"": 2756.3484139141447, ""3"": 2749.8957180453103, ""4"": 2768.993152371416, ""5"": 2774.5351225144723, ""6"": 2800.153176773988, ""7"": 2828.404371979338, ""8"": 2860.1245595661353, ""9"": 2888.008999598405, ""10"": 2908.3252224610474, ""11"": 2927.6804597786468, ""12"": 2959.9052282613316, ""13"": 2978.1175368729027, ""14"": 2988.708330162252, ""15"": 3044.194545454118}",9.9688720703125
mueller_brown,short,vae,500,10,1,10,3,3,0.152,3,0.6333390521126461,0.7139719291680178,0,15,0.21024392997913563,0.49905904186553435,1,1,0.0,0.0,0,3,0.6333390521126461,0.7139719291680178,0,2,0.6513946270773092,0.7273532898116667,0,0.6333390521126461,0.7139719291680178,0.30000000000000004,"{""1"": 2819.776719982977, ""2"": 2795.018844830362, ""3"": 2779.423934268503, ""4"": 2797.27517919149, ""5"": 2824.178932739637, ""6"": 2857.6486476647347, ""7"": 2890.3199135872273, ""8"": 2887.1743329841115, ""9"": 2939.8767013795427, ""10"": 2920.891772743106, ""11"": 2952.2021988014567, ""12"": 2986.1148431164697, ""13"": 3001.503374244358, ""14"": 3045.0584730546116, ""15"": 3044.5943895368546}",10.755929231643677
mueller_brown,short,vae,500,10,1,11,3,2,0.0,1,0.0,0.0,0,4,0.0699600178834472,0.15611418657876866,0,1,0.0,0.0,0,2,0.12234437336647457,0.12568337114456338,0,2,0.12234437336647457,0.12568337114456338,0,0.027127292180492656,0.07671927321322461,0.060000000000000026,"{""1"": 2802.6844749388797, ""2"": 2815.3093549585683, ""3"": 2850.6271055234915, ""4"": 2842.374260908225, ""5"": 2880.2802196452167, ""6"": 2909.7109505115795, ""7"": 2935.664057768437, ""8"": 2962.793490075305, ""9"": 2992.504995101666, ""10"": 3000.8397574941578, ""11"": 3043.6910813466893, ""12"": 3083.7749790851503, ""13"": 3102.573494149439, ""14"": 3136.404454006626, ""15"": 3168.4287041255207}",10.17558741569519
mueller_brown,short,vae,500,10,1,12,3,1,0.0,1,1.0,1.0,0,1,1.0,1.0,0,1,1.0,1.0,0,12,0.0,0.0,0,2,0.0,0.0,0,0.0,0.0,0.0,"{""1"": 2857.3450281409514, ""2"": 2894.901261432244, ""3"": 2926.9987024951383, ""4"": 2963.703300623614, ""5"": 2993.283767829889, ""6"": 3031.3420578438568, ""7"": 3062.9446088632812, ""8"": 3086.788224864829, ""9"": 3114.7892431651526, ""10"": 3146.4773011839643, ""11"": 3166.8817862449714, ""12"": 3207.82241765219, ""13"": 3238.134400584882, ""14"": 3259.924753696265, ""15"": 3294.2866348415196}",10.515548944473267
mueller_brown,short,vae,500,10,1,13,3,1,0.0,1,1.0,1.0,0,1,1.0,1.0,0,1,1.0,1.0,0,7,0.0,0.0,0,2,0.0,0.0,0,0.0,0.0,0.0,"{""1"": 2837.3448510645753, ""2"": 2873.679601763183, ""3"": 2906.9683882486393, ""4"": 2936.663733531086, ""5"": 2969.0563024938338, ""6"": 2998.6752703644734, ""7"": 3034.7715924556205, ""8"": 3062.861283193952, ""9"": 3091.4036927092584, ""10"": 3122.936160087486, ""11"": 3161.2406466362727, ""12"": 3182.1439062107434, ""13"": 3213.6517725641525, ""14"": 3245.772023287049, ""15"": 3276.8242370851226}",10.405246019363403
mueller_brown,short,vae,500,10,1,14,3,2,0.0,1,0.0,0.0,0,5,0.05326042713626844,0.1891644967848158,0,1,0.0,0.0,0,9,0.026689025841060175,0.13980693142706055,0,2,0.020863918386170476,0.07269686687092036,0,0.0541419439809986,0.11641994529687594,0.07600000000000004,"{""1"": 2812.6698481288863, ""2"": 2841.5376996931764, ""3"": 2856.8316772957673, ""4"": 2876.8613209979017, ""5"": 2873.411809140107, ""6"": 2907.853066709555, ""7"": 2934.671566768296, ""8"": 2966.297161784852, ""9"": 2998.3700824777607, ""10"": 3018.673216892997, ""11"": 3048.3499324126888, ""12"": 3071.8176472087644, ""13"": 3102.8356375056874, ""14"": 3130.9037130737497, ""15"": 3166.0524073629454}",10.270722389221191
mueller_brown,short,vae,500,10,1,15,3,2,0.0,1,0.0,0.0,0,1,0.0,0.0,0,1,0.0,0.0,0,4,-0.0011629561406038833,0.006536652065865195,0,2,-0.0007588018433151988,0.007179697644652634,0,-0.00029074344622207935,0.007548210406870704,0.008000000000000004,"{""1"": 2834.212211246871, ""2"": 2873.7371670561943, ""3"": 2895.919085857013, ""4"": 2935.7936356442115, ""5"": 2964.0281537324163, ""6"": 2983.4111504474527, ""7"": 3017.8133562950125, ""8"": 3046.7949760838223, ""9"": 3075.0945402312154, ""10"": 3090.9053229494434, ""11"": 3126.703105709572, ""12"": 3142.210971355423, ""13"": 3193.7475521692445, ""14"": 3199.1510045532327, ""15"": 3240.7223207286775}",9.67633843421936
mueller_brown,short,vae,500,10,1,16,3,2,0.0,1,0.0,0.0,0,1,0.0,0.0,0,1,0.0,0.0,0,6,0.01503195150999647,0.06058077527054931,0,2,0.018475837812766172,0.04040684774583558,0,0.02191646079148737,0.05066728188108306,0.032000000000000015,"{""1"": 2816.896976395947, ""2"": 2845.2517636304788, ""3"": 2874.357000412172, ""4"": 2908.0919517842613, ""5"": 2941.994360132103, ""6"": 2977.660902940643, ""7"": 3006.8293984853362, ""8"": 3034.5518934599318, ""9"": 3067.5732561124296, ""10"": 3086.956196972909, ""11"": 3110.495680647633, ""12"": 3136.3745239574146, ""13"": 3173.3093066834426, ""14"": 3207.8348673855626, ""15"": 3231.4943733562736}",10.499729633331299
mueller_brown,short,vae,500,10,1,17,3,3,0.204,3,0.9318658581315666,0.8581020733867255,0,5,0.5679738724833339,0.7164447907457876,0,2,0.7809781885718555,0.7640153790130035,0,3,0.9318658581315666,0.8581020733867255,0,2,0.7809781885718555,0.7640153790130035,0,0.9318658581315666,0.8581020733867255,0.01200000000000001,"{""1"": 2818.647520912606, ""2"": 2709.476212096055, ""3"": 2691.8703106593707, ""4"": 2715.654520784404, ""5"": 2729.057559637147, ""6"": 2759.057682108855, ""7"": 2781.880285007028, ""8"": 2811.5147602027973, ""9"": 2842.684803289035, ""10"": 2867.151101740823, ""11"": 2882.2969091550503, ""12"": 2916.8390765981276, ""13"": 2944.629944167517, ""14"": 2974.8110166733513, ""15"": 3009.6991673091134}",10.466918706893921
mueller_brown,short,vae,500,10,1,18,3,3,0.2,3,0.8193994739273447,0.7762679522337635,0,15,0.23599289591687403,0.5074728391221583,1,1,0.0,0.0,0,3,0.8193994739273447,0.7762679522337635,0,2,0.5780438912427763,0.5403830167819573,0,0.8193994739273447,0.7762679522337635,0.10800000000000004,"{""1"": 2854.2446367591156, ""2"": 2803.735383723924, ""3"": 2765.3060340535185, ""4"": 2790.018725464496, ""5"": 2821.782619833954, ""6"": 2853.76257905137, ""7"": 2873.817345683289, ""8"": 2900.310195760038, ""9"": 2918.576843041591, ""10"": 2952.4043389577896, ""11"": 2964.7707690036505, ""12"": 3009.8144106789296, ""13"": 3008.7367026124234, ""14"": 3048.4580191135083, ""15"": 3056.8585318335977}",10.48594617843628
mueller_brown,short,vae,500,10,1,19,3,3,0.224,3,0.8855689284501514,0.8554569443601565,0,3,0.8855689284501514,0.8554569443601565,0,1,0.0,0.0,0,3,0.8855689284501514,0.8554569443601565,0,3,0.8855689284501514,0.8554569443601565,0,0.8855689284501514,0.8554569443601565,0.016000000000000014,"{""1"": 2836.9521400117233, ""2"": 2798.608986864284, ""3"": 2723.0459184268298, ""4"": 2753.922219602648, ""5"": 2778.44401739309, ""6"": 2803.5042801282975, ""7"": 2830.6592361368303, ""8"": 2868.480106175613, ""9"": 2889.8821845351504, ""10"": 2927.437613082967, ""11"": 2954.8397237554045, ""12"": 2982.7776077383514, ""13"": 3010.7202162642966, ""14"": 3035.6495043880013, ""15"": 3071.9357603209323}",10.157911777496338
mueller_brown,short,vae,1000,10,1,0,3,3,0.019,4,0.2293566968021673,0.41452411425147384,0,11,0.06469794192010517,0.2858683395807568,0,1,0.0,0.0,0,3,0.2690633171401251,0.4873460650923005,0,2,0.05054229557289104,0.13095376177044138,0,0.2690633171401251,0.4873460650923005,0.72,"{""1"": 5610.90940889115, ""2"": 5614.574307331048, ""3"": 5515.3122900374865, ""4"": 5510.048808734075, ""5"": 5539.330124671288, ""6"": 5577.217379407365, ""7"": 5606.177531672936, ""8"": 5610.6165920281255, ""9"": 5648.726846999943, ""10"": 5679.01239505388, ""11"": 5681.3198564577015, ""12"": 5726.8103197411265, ""13"": 5760.073954676841, ""14"": 5795.183766719469, ""15"": 5825.50152822732}",10.197858572006226
mueller_brown,short,vae,1000,10,1,1,3,3,0.004,2,0.7301598347656394,0.5842451916135502,0,8,0.1409513559914301,0.3063572265408991,0,1,0.0,0.0,0,2,0.7301598347656394,0.5842451916135502,0,2,0.7301598347656394,0.5842451916135502,0,0.36919969086778026,0.4721213605761261,0.06000000000000005,"{""1"": 5648.319053947325, ""2"": 5637.030213175837, ""3"": 5669.555011869191, ""4"": 5677.627991245192, ""5"": 5706.237911701485, ""6"": 5728.388852245256, ""7"": 5758.871289033129, ""8"": 5772.024983617019, ""9"": 5806.026685636217, ""10"": 5844.14607720493, ""11"": 5878.123264281642, ""12"": 5916.214024201994, ""13"": 5951.369750494449, ""14"": 5985.686534842491, ""15"": 5978.732261853385}",10.875409126281738
mueller_brown,short,vae,1000,10,1,2,3,2,0.0,2,0.1111093012637752,0.11383109711095886,0,6,0.04211791766815419,0.1504459897274847,0,1,0.0,0.0,0,10,0.014978712974608096,0.1050284545573838,0,2,0.1111093012637752,0.11383109711095886,0,0.035491401602046606,0.08054133096064386,0.42799999999999994,"{""1"": 5604.2732213229665, ""2"": 5599.636437526747, ""3"": 5627.002540322636, ""4"": 5659.307553864101, ""5"": 5653.995828010033, ""6"": 5682.088967843513, ""7"": 5720.49717390843, ""8"": 5762.427803987941, ""9"": 5796.353008992991, ""10"": 5831.797740561593, ""11"": 5864.682446606279, ""12"": 5901.979515446129, ""13"": 5935.750466334083, ""14"": 5969.939258272381, ""15"": 6002.729838082089}",10.72158145904541
mueller_brown,short,vae,1000,10,1,3,3,2,0.0,1,0.0,0.0,0,1,0.0,0.0,0,1,0.0,0.0,0,9,0.0006197844470952849,0.003675893290577715,0,2,0.00021052504947338663,0.00212914979182697,0,9.077620528627536e-05,0.0020431850678379986,0.002000000000000001,"{""1"": 5649.294576850788, ""2"": 5691.1974623247015, ""3"": 5718.292635932497, ""4"": 5761.635526001083, ""5"": 5799.225241077657, ""6"": 5834.477735785814, ""7"": 5863.357942138243, ""8"": 5899.47352619178, ""9"": 5937.812174584063, ""10"": 5970.938459307206, ""11"": 6005.0008275108785, ""12"": 6040.394990805409, ""13"": 6076.601694516846, ""14"": 6107.220437827491, ""15"": 6140.807592336246}",11.022319555282593
mueller_brown,short,vae,1000,10,1,4,3,3,0.203,3,0.8395725145213979,0.8123284617039466,0,7,0.38115251022677277,0.5952816036596816,0,2,0.7480074085261287,0.8009532182283136,0,3,0.8395725145213979,0.8123284617039466,0,2,0.7480074085261287,0.8009532182283136,0,0.8395725145213979,0.8123284617039466,0.060000000000000026,"{""1"": 5625.934882064159, ""2"": 5413.939853345993, ""3"": 5368.13742438109, ""4"": 5383.814251197013, ""5"": 5380.476708895031, ""6"": 5416.93583800362, ""7"": 5436.089117029366, ""8"": 5468.63725878275, ""9"": 5512.288510034989, ""10"": 5546.523296570242, ""11"": 5574.826453399962, ""12"": 5606.281794183348, ""13"": 5650.449048233847, ""14"": 5643.660537763037, ""15"": 5703.23933759075}",10.152371168136597
mueller_brown,short,vae,1000,10,1,5,3,2,0.0,1,0.0,0.0,0,1,0.0,0.0,0,1,0.0,0.0,0,12,0.00030980258707310316,0.002661134184595723,0,3,-0.00010389423545163821,0.0018925465302675987,0,-0.00010389423545163821,0.0018925465302675987,0.002000000000000001,"{""1"": 5683.054746552328, ""2"": 5728.655750119632, ""3"": 5759.299968105853, ""4"": 5789.739385752948, ""5"": 5831.870095179377, ""6"": 5868.0952292247875, ""7"": 5911.820588662627, ""8"": 5944.3069137973225, ""9"": 5984.368772169849, ""10"": 6007.143924964072, ""11"": 6041.376297258648, ""12"": 6079.275835941739, ""13"": 6090.422107598171, ""14"": 6128.9136652203215, ""15"": 6162.853565674801}",11.104238271713257
mueller_brown,short,vae,1000,10,1,6,3,2,0.0,1,0.0,0.0,0,1,0.0,0.0,0,1,0.0,0.0,0,9,0.0012975583078289792,0.00795457059507371,0,2,0.00035873650266987953,0.004172366274498188,0,-0.0006426954484084458,0.00337037968487126,0.004000000000000002,"{""1"": 5649.414992468039, ""2"": 5696.41594788109, ""3"": 5724.5109514730275, ""4"": 5755.700367135976, ""5"": 5807.282012309458, ""6"": 5844.150272455044, ""7"": 5875.792027510932, ""8"": 5910.933485229573, ""9"": 5940.684688481632, ""10"": 5977.892070939788, ""11"": 6014.0562856378, ""12"": 6053.378255487926, ""13"": 6092.292300101483, ""14"": 6129.429887688209, ""15"": 6158.48914637872}",11.057631969451904
mueller_brown,short,vae,1000,10,1,7,3,2,0.0,1,0.0,0.0,0,13,0.0018525501981083996,0.019873921929993668,0,1,0.0,0.0,0,7,0.003568174153051518,0.018671747628620353,0,2,-0.0008859982304534942,0.007079492340579798,0,0.0033792785264076075,0.011075060685484832,0.008000000000000004,"{""1"": 5647.528106686426, ""2"": 5689.932127376923, ""3"": 5721.505743063735, ""4"": 5736.755939242115, ""5"": 5760.230187592032, ""6"": 5815.896290790008, ""7"": 5779.312777814641, ""8"": 5836.582252810674, ""9"": 5851.680370628947, ""10"": 5868.451759995094, ""11"": 5903.330196175132, ""12"": 5931.827653438614, ""13"": 5911.903627731685, ""14"": 5945.977460111406, ""15"": 6024.6878134592425}",11.34117078781128
mueller_brown,short,vae,1000,10,1,8,3,3,0.058,2,0.9683599532307009,0.8931234789454459,0,8,0.1865134916210354,0.4268389944213534,0,2,0.9683599532307009,0.8931234789454459,0,2,0.9683599532307009,0.8931234789454459,0,3,0.3549680392280931,0.5722166991224561,0,0.3549680392280931,0.5722166991224561,0.11600000000000002,"{""1"": 5605.083918319977, ""2"": 5400.348347091406, ""3"": 5423.53233864904, ""4"": 5454.588713509095, ""5"": 5482.39458792599, ""6"": 5518.801500961411, ""7"": 5541.186865217152, ""8"": 5545.024502647562, ""9"": 5585.310775256597, ""10"": 5612.345958040478, ""11"": 5640.568360049245, ""12"": 5678.910734752757, ""13"": 5718.196477888215, ""14"": 5744.202574457554, ""15"": 5765.8327915133195}",10.320608615875244
mueller_brown,short,vae,1000,10,1,9,3,3,0.082,2,0.924854626156764,0.8641576048811932,0,14,0.13280874067376608,0.41539794374674105,0,2,0.924854626156764,0.8641576048811932,0,2,0.924854626156764,0.8641576048811932,0,2,0.924854626156764,0.8641576048811932,0,0.5441472792469305,0.6253384566398315,0.16599999999999998,"{""1"": 5635.390158530157, ""2"": 5456.288908575312, ""3"": 5459.479358459997, ""4"": 5472.606244918731, ""5"": 5500.388174598899, ""6"": 5510.43996443187, ""7"": 5554.2136883685625, ""8"": 5589.034888025853, ""9"": 5614.089757749166, ""10"": 5631.304913109632, ""11"": 5667.257054122048, ""12"": 5696.811238091666, ""13"": 5727.50128018307, ""14"": 5745.230296889522, ""15"": 5785.585186691687}",10.96297287940979
mueller_brown,short,vae,1000,10,1,10,3,3,0.076,4,0.5030843096653157,0.6680057793658953,0,12,0.20544999310918818,0.48331411128400814,0,1,0.0,0.0,0,2,0.9038608826608227,0.8410142603234697,0,2,0.9038608826608227,0.8410142603234697,0,0.8238954909241819,0.7588876233508864,0.572,"{""1"": 5544.394845780664, ""2"": 5393.9620890120395, ""3"": 5386.817810981556, ""4"": 5341.112028356539, ""5"": 5341.790239366838, ""6"": 5370.652070332283, ""7"": 5407.766254310924, ""8"": 5426.534228470656, ""9"": 5472.739391923572, ""10"": 5506.442301278144, ""11"": 5525.659961773117, ""12"": 5523.561595568259, ""13"": 5575.257751910908, ""14"": 5641.289445349084, ""15"": 5649.9240773814}",11.058621883392334
mueller_brown,short,vae,1000,10,1,11,3,2,0.0,1,0.0,0.0,0,7,0.016164480397382948,0.0663935271461437,0,1,0.0,0.0,0,15,0.0057529454023577745,0.051733572001834975,1,2,0.0033407220702226566,0.02890911473135684,0,0.0012520017732071881,0.028535045869917564,0.030000000000000013,"{""1"": 5597.39738927637, ""2"": 5629.414620736924, ""3"": 5651.049526414401, ""4"": 5666.602472152194, ""5"": 5681.081857246619, ""6"": 5721.798489846323, ""7"": 5734.164785510355, ""8"": 5764.20357615822, ""9"": 5793.81899942842, ""10"": 5829.991205564844, ""11"": 5860.573254770699, ""12"": 5900.292525665471, ""13"": 5935.194273675529, ""14"": 5966.007672120026, ""15"": 6007.54100339851}",11.159602403640747
mueller_brown,short,vae,1000,10,1,12,3,3,0.018,4,0.10494160305321137,0.2988850423592862,0,10,0.040335584547301996,0.20959144003458755,0,1,0.0,0.0,0,2,0.34410799963623573,0.2826892445863675,0,2,0.34410799963623573,0.2826892445863675,0,0.07518049972721334,0.10813124799094141,1.1260000000000001,"{""1"": 5619.486536560038, ""2"": 5584.071445943765, ""3"": 5632.335120069456, ""4"": 5566.781838997573, ""5"": 5609.0888721502315, ""6"": 5624.828598172892, ""7"": 5661.683647292302, ""8"": 5686.481877467788, ""9"": 5714.366733379124, ""10"": 5730.618987336271, ""11"": 5781.6423665657, ""12"": 5802.4272933028, ""13"": 5837.28867629174, ""14"": 5871.20408413087, ""15"": 5910.410720210387}",10.903515338897705
mueller_brown,short,vae,1000,10,1,13,3,2,0.0,2,0.06078955774820032,0.06259926578690748,0,3,0.02836851443027089,0.05672401376266554,0,1,0.0,0.0,0,2,0.06078955774820032,0.06259926578690748,0,2,0.06078955774820032,0.06259926578690748,0,0.02836851443027089,0.05672401376266554,0.4139999999999999,"{""1"": 5626.93842597378, ""2"": 5625.536337175167, ""3"": 5653.750553717775, ""4"": 5699.601667875093, ""5"": 5724.053656299805, ""6"": 5757.8200395930335, ""7"": 5795.422873261749, ""8"": 5819.322179734465, ""9"": 5852.895893079518, ""10"": 5877.592521570876, ""11"": 5917.016012236538, ""12"": 5952.3767366762995, ""13"": 5981.790522631068, ""14"": 6000.360593228432, ""15"": 6051.761030854035}",11.099585056304932
mueller_brown,short,vae,1000,10,1,14,3,2,0.0,1,0.0,0.0,0,6,0.022728279617298182,0.10490817255913712,0,1,0.0,0.0,0,11,0.010920263491928282,0.07806772438950381,0,2,0.054051921407717196,0.06929041308045497,0,0.050789324667436374,0.09753839625510144,0.04000000000000002,"{""1"": 5601.948979793989, ""2"": 5613.032636480838, ""3"": 5634.368432682817, ""4"": 5680.856388381142, ""5"": 5709.3169332096995, ""6"": 5686.76801544755, ""7"": 5721.77646515599, ""8"": 5752.521810727212, ""9"": 5794.654100689867, ""10"": 5822.114241706204, ""11"": 5858.943741003242, ""12"": 5895.284241075427, ""13"": 5923.797446515137, ""14"": 5955.984111353732, ""15"": 5989.829644466578}",11.154208898544312
mueller_brown,short,vae,1000,10,1,15,3,2,0.0,1,0.0,0.0,0,1,0.0,0.0,0,1,0.0,0.0,0,2,0.0053279169449243985,0.013234629711958606,0,2,0.0053279169449243985,0.013234629711958606,0,0.0014356701033898407,0.010807657264917381,0.010000000000000005,"{""1"": 5604.537669411527, ""2"": 5649.309528444622, ""3"": 5666.326526380797, ""4"": 5697.819770543574, ""5"": 5729.86236393613, ""6"": 5771.649311712416, ""7"": 5791.592649622822, ""8"": 5829.205754550831, ""9"": 5855.96974002759, ""10"": 5886.5985603594945, ""11"": 5923.924602214363, ""12"": 5959.370370283982, ""13"": 5981.477340580825, ""14"": 6012.451103370461, ""15"": 6049.441209236298}",10.768707752227783
mueller_brown,short,vae,1000,10,1,16,3,3,0.023,3,0.31460127037478197,0.5173301612174256,0,3,0.31460127037478197,0.5173301612174256,0,2,0.9685350165606857,0.8943734148170678,0,2,0.9685350165606857,0.8943734148170678,0,3,0.31460127037478197,0.5173301612174256,0,0.31460127037478197,0.5173301612174256,0.74,"{""1"": 5619.17032968377, ""2"": 5500.009359397497, ""3"": 5491.19645912498, ""4"": 5532.968904993771, ""5"": 5572.3847239698935, ""6"": 5610.903491997699, ""7"": 5637.2247134204135, ""8"": 5672.788572609208, ""9"": 5699.109853741561, ""10"": 5727.336021945928, ""11"": 5752.001323196227, ""12"": 5805.528726802465, ""13"": 5827.658773947681, ""14"": 5864.423801593004, ""15"": 5890.725978672996}",10.652615547180176
mueller_brown,short,vae,1000,10,1,17,3,3,0.191,5,0.5217823870552624,0.6482416907500388,0,6,0.46781915490648135,0.616200623398739,0,1,0.0,0.0,0,3,0.6940663050070534,0.7324014841554465,0,2,0.6750266723123309,0.6252216177779082,0,0.6940663050070534,0.7324014841554465,0.5920000000000001,"{""1"": 5623.562330698531, ""2"": 5524.288391090261, ""3"": 5417.2306441404735, ""4"": 5401.524452387906, ""5"": 5395.103663760156, ""6"": 5423.727277473862, ""7"": 5457.36075435779, ""8"": 5487.2188725732685, ""9"": 5528.584119716531, ""10"": 5563.287287977817, ""11"": 5579.732262598283, ""12"": 5617.16519190054, ""13"": 5657.455159009691, ""14"": 5674.677829224452, ""15"": 5711.553109031}",10.308182716369629
mueller_brown,short,vae,1000,10,1,18,3,3,0.1,2,0.89093272282282,0.8312179982775562,0,8,0.27338463077508,0.5164852517842274,0,2,0.89093272282282,0.8312179982775562,0,2,0.89093272282282,0.8312179982775562,0,2,0.89093272282282,0.8312179982775562,0,0.5740943913588518,0.63371796324922,0.20800000000000002,"{""1"": 5560.323728407681, ""2"": 5379.107601296197, ""3"": 5384.834472996273, ""4"": 5385.628783662682, ""5"": 5416.8015316361325, ""6"": 5438.149340303871, ""7"": 5470.340872253241, ""8"": 5485.883115288195, ""9"": 5524.142578668635, ""10"": 5555.741463965511, ""11"": 5592.460273237418, ""12"": 5622.239315845235, ""13"": 5657.884278789663, ""14"": 5673.457367138568, ""15"": 5720.1204895405735}",10.80207085609436
mueller_brown,short,vae,1000,10,1,19,3,3,0.176,4,0.6191352084171977,0.7806880026072557,0,4,0.6191352084171977,0.7806880026072557,0,2,0.8300312062151562,0.7983474807499142,0,4,0.6191352084171977,0.7806880026072557,0,2,0.8300312062151562,0.7983474807499142,0,0.6100676261541353,0.630207363434116,0.452,"{""1"": 5674.695923491901, ""2"": 5381.604153251308, ""3"": 5381.294299397649, ""4"": 5356.276244167904, ""5"": 5390.779265413855, ""6"": 5428.183816846364, ""7"": 5451.020207636384, ""8"": 5486.676237051867, ""9"": 5515.777298434928, ""10"": 5541.1689354418595, ""11"": 5569.985119644794, ""12"": 5602.717607743272, ""13"": 5621.568501916052, ""14"": 5661.480678975697, ""15"": 5696.216339098574}",10.826539278030396
mueller_brown,short,vae,2000,10,1,0,3,3,0.0885,5,0.7682449868522883,0.7371602966666831,0,9,0.381570685559203,0.5791448650538427,0,2,0.8699826403183167,0.8367393705762244,0,2,0.8699826403183167,0.8367393705762244,0,2,0.8699826403183167,0.8367393705762244,0,0.8067364137554038,0.7761374174619771,0.271,"{""1"": 11470.584528489422, ""2"": 11092.96508059294, ""3"": 10950.556327889994, ""4"": 10937.002882329278, ""5"": 10849.349088396732, ""6"": 10997.840690295683, ""7"": 10921.86449523222, ""8"": 10941.413400673267, ""9"": 10967.897439347224, ""10"": 11016.268897117372, ""11"": 11048.12990477873, ""12"": 11082.648852624992, ""13"": 11132.239078550861, ""14"": 11162.126096249964, ""15"": 11208.956192796632}",12.520133972167969
mueller_brown,short,vae,2000,10,1,1,3,3,0.0025,2,0.281207874078496,0.3742401040566854,0,8,0.1672061688924443,0.2973184971316181,0,1,0.0,0.0,0,3,0.38736530500211624,0.44978384296237833,0,2,0.281207874078496,0.3742401040566854,0,0.38736530500211624,0.44978384296237833,0.31899999999999995,"{""1"": 11275.297588908727, ""2"": 11262.894503836686, ""3"": 11306.700770080884, ""4"": 11320.928787289926, ""5"": 11356.961228386168, ""6"": 11403.067976246895, ""7"": 11431.93609394363, ""8"": 11452.119099748663, ""9"": 11497.936683945649, ""10"": 11529.842924514058, ""11"": 11564.543738653447, ""12"": 11603.221474229504, ""13"": 11641.519189956656, ""14"": 11690.59986970539, ""15"": 11719.004774315348}",11.322217464447021
mueller_brown,short,vae,2000,10,1,2,3,2,0.0,3,0.0516640062122726,0.10400279071930996,0,6,0.03286676139724164,0.11690714793180898,0,1,0.0,0.0,0,11,0.012970385727557383,0.08410773325583021,0,2,0.06711656339276657,0.0856119101108063,0,0.0516640062122726,0.10400279071930996,1.0539999999999998,"{""1"": 11161.983954060643, ""2"": 11114.96174825687, ""3"": 11109.127896766075, ""4"": 11121.031146075838, ""5"": 11166.895692846134, ""6"": 11182.32081643413, ""7"": 11221.011230449893, ""8"": 11262.835304409564, ""9"": 11298.09357516635, ""10"": 11337.267212442284, ""11"": 11364.615528333035, ""12"": 11411.64180331533, ""13"": 11452.220138378936, ""14"": 11484.90826578785, ""15"": 11532.763218180455}",12.578517436981201
mueller_brown,short,vae,2000,10,1,3,3,3,0.0705,3,0.48527178162043133,0.5993915337308533,0,15,0.1269175003690156,0.4173562450637244,1,2,0.935681238401921,0.8641759249984976,0,2,0.935681238401921,0.8641759249984976,0,2,0.935681238401921,0.8641759249984976,0,0.48527178162043133,0.5993915337308533,0.47600000000000003,"{""1"": 11290.52173121542, ""2"": 10963.29233614619, ""3"": 10911.90231760635, ""4"": 10925.710431423706, ""5"": 10946.197787484798, ""6"": 10974.885686098827, ""7"": 10975.659344830505, ""8"": 10998.755010059625, ""9"": 11042.581680234442, ""10"": 11080.681215292878, ""11"": 11105.982070567967, ""12"": 11146.142735893938, ""13"": 11168.515625598297, ""14"": 11199.68505521548, ""15"": 11231.064164567806}",12.377901077270508
mueller_brown,short,vae,2000,10,1,4,3,3,0.102,4,0.4621799713828511,0.5835244301496547,0,13,0.13779423798847595,0.44872279229888873,0,1,0.0,0.0,0,2,0.9296994194967166,0.8551532090536494,0,2,0.9296994194967166,0.8551532090536494,0,0.46860990791508783,0.6085449818163279,0.516,"{""1"": 10965.163567818021, ""2"": 10792.682068132677, ""3"": 10831.74702087268, ""4"": 10734.2850601274, ""5"": 10738.935599755927, ""6"": 10790.645946820769, ""7"": 10810.111305747416, ""8"": 10850.45060642168, ""9"": 10873.354217465298, ""10"": 10911.83795511018, ""11"": 10930.382271462311, ""12"": 10979.127417174297, ""13"": 10987.632907710708, ""14"": 11039.061123407371, ""15"": 11080.946269725795}",12.07436466217041
mueller_brown,short,vae,2000,10,1,5,3,3,0.0585,3,0.286056056466669,0.4942704496544536,0,10,0.0675341989281428,0.3067066418782584,0,1,0.0,0.0,0,2,0.6899901273204665,0.549371667304646,0,3,0.286056056466669,0.4942704496544536,0,0.286056056466669,0.4942704496544536,0.819,"{""1"": 11158.523028689335, ""2"": 11051.846177019868, ""3"": 10912.706691510184, ""4"": 10942.719944597138, ""5"": 10974.903407559364, ""6"": 10989.543407517902, ""7"": 11018.065062013839, ""8"": 11055.781866187295, ""9"": 11082.274961660689, ""10"": 11109.878831818236, ""11"": 11153.611475718604, ""12"": 11185.659988664796, ""13"": 11233.044725716947, ""14"": 11269.22480858323, ""15"": 11295.92865054227}",10.697546482086182
mueller_brown,short,vae,2000,10,1,6,3,2,0.0,1,0.0,0.0,0,3,7.612535348720941e-05,0.001994882151647598,0,1,0.0,0.0,0,10,0.0003780034131704483,0.002669766905479035,0,2,0.0003403881488041962,0.002220435758285696,0,7.612535348720941e-05,0.001994882151647598,0.002000000000000001,"{""1"": 11288.14661769408, ""2"": 11342.384955707914, ""3"": 11354.706561017574, ""4"": 11398.144845899313, ""5"": 11447.949472587841, ""6"": 11486.782077923197, ""7"": 11524.999100457499, ""8"": 11563.955619851342, ""9"": 11598.777288088702, ""10"": 11644.65756129892, ""11"": 11678.851316647524, ""12"": 11723.498169249991, ""13"": 11761.994198069406, ""14"": 11802.44229515517, ""15"": 11844.454568223182}",11.385343551635742
mueller_brown,short,vae,2000,10,1,7,3,2,0.0,1,0.0,0.0,0,6,0.00898808636253032,0.03642741200337949,0,1,0.0,0.0,0,2,0.009631148112843036,0.023167441966732923,0,2,0.009631148112843036,0.023167441966732923,0,0.012700195522681427,0.0302779499747547,0.01800000000000001,"{""1"": 11159.138386269122, ""2"": 11184.916939257635, ""3"": 11177.60525863429, ""4"": 11209.906142521337, ""5"": 11241.757710923564, ""6"": 11272.34465802746, ""7"": 11311.840166437587, ""8"": 11354.18695827809, ""9"": 11388.12872444493, ""10"": 11423.1490981415, ""11"": 11458.103332050072, ""12"": 11492.377961163633, ""13"": 11532.459002026928, ""14"": 11580.781143923099, ""15"": 11618.046599036614}",12.325555562973022
mueller_brown,short,vae,2000,10,1,8,3,3,0.0295,3,0.26899145475238745,0.48638212471865805,0,8,0.10661551414204187,0.3400481228536752,0,1,0.0,0.0,0,3,0.26899145475238745,0.48638212471865805,0,2,0.33955672902772827,0.30717347369971687,0,0.26899145475238745,0.48638212471865805,0.8390000000000001,"{""1"": 11244.192276262544, ""2"": 11108.315495635185, ""3"": 10957.545932059173, ""4"": 10990.74911783365, ""5"": 11035.41049036616, ""6"": 11081.387125120797, ""7"": 11030.333462808054, ""8"": 11059.048182727167, ""9"": 11097.88661822617, ""10"": 11161.50075965282, ""11"": 11179.99434474974, ""12"": 11216.53137702048, ""13"": 11258.309757337445, ""14"": 11286.705783312053, ""15"": 11330.981770414925}",12.43105673789978
mueller_brown,short,vae,2000,10,1,9,3,3,0.1725,6,0.5628383264850109,0.7081375759702612,0,6,0.5628383264850109,0.7081375759702612,0,2,0.7544389718706143,0.8015931758013446,0,3,0.9028091410885748,0.8617260202243682,0,2,0.7544389718706143,0.8015931758013446,0,0.9028091410885748,0.8617260202243682,0.67,"{""1"": 11350.722453228422, ""2"": 10819.143256048885, ""3"": 10766.867063169297, ""4"": 10762.193953625492, ""5"": 10671.12083087838, ""6"": 10660.329186139943, ""7"": 10703.927554326461, ""8"": 10741.810082891134, ""9"": 10785.458225658702, ""10"": 10830.733891100876, ""11"": 10863.690882826279, ""12"": 10901.974205225599, ""13"": 10910.87750229633, ""14"": 10955.237541851682, ""15"": 11013.149087599915}",11.908350944519043
mueller_brown,short,vae,2000,10,1,10,3,3,0.038,2,0.9713363082645742,0.8994320859157977,0,8,0.16481226757305334,0.4147462581021988,0,2,0.9713363082645742,0.8994320859157977,0,2,0.9713363082645742,0.8994320859157977,0,3,0.36347677793437105,0.5768987123735445,0,0.36347677793437105,0.5768987123735445,0.07599999999999998,"{""1"": 11350.980835740538, ""2"": 10978.46958232892, ""3"": 11027.097999675307, ""4"": 11024.402805529258, ""5"": 11013.86941822987, ""6"": 11035.349280418352, ""7"": 11057.204439288425, ""8"": 11083.289344137853, ""9"": 11121.652824220404, ""10"": 11169.173030195203, ""11"": 11193.17215170987, ""12"": 11224.23971275933, ""13"": 11267.431440490815, ""14"": 11309.724950967891, ""15"": 11346.44140933398}",12.58194351196289
mueller_brown,short,vae,2000,10,1,11,3,3,0.025,5,0.19615185335329588,0.3556736639681508,0,14,0.0499327311850209,0.25486409883288075,0,1,0.0,0.0,0,2,0.38559213845666857,0.32847896677457905,0,2,0.38559213845666857,0.32847896677457905,0,0.27358598097022163,0.29810765297613395,0.7650000000000001,"{""1"": 11092.983197971953, ""2"": 11050.58436443457, ""3"": 11089.235057643647, ""4"": 10479.193634532196, ""5"": 10468.990617434461, ""6"": 10515.424163615835, ""7"": 10502.137276122603, ""8"": 10574.943375856586, ""9"": 10577.676327611953, ""10"": 10617.097447770231, ""11"": 10676.708431246927, ""12"": 10698.999720065145, ""13"": 10710.608886245838, ""14"": 10688.21660275266, ""15"": 10758.159923949703}",12.49547290802002
mueller_brown,short,vae,2000,10,1,12,3,3,0.042,3,0.2623735592209599,0.4872340585298819,0,12,0.05858005061160102,0.2710616463823878,0,1,0.0,0.0,0,2,0.42781493601050413,0.35662449594936396,0,2,0.42781493601050413,0.35662449594936396,0,0.2623735592209599,0.4872340585298819,0.8689999999999999,"{""1"": 11138.469299500073, ""2"": 10981.643346862229, ""3"": 10898.869732926267, ""4"": 10934.778992010177, ""5"": 10946.944712437515, ""6"": 10955.159827798581, ""7"": 10967.850404714307, ""8"": 11012.383761697929, ""9"": 11047.321689714638, ""10"": 11090.855202982737, ""11"": 11126.948937391078, ""12"": 11132.688579370317, ""13"": 11174.687395331022, ""14"": 11212.517666016833, ""15"": 11254.470998628763}",12.113166570663452
mueller_brown,short,vae,2000,10,1,13,3,3,0.074,3,0.5487259056796828,0.6332150595571057,0,7,0.28618266577475376,0.5359181140878451,0,2,0.9161960048083292,0.846663875112475,0,2,0.9161960048083292,0.846663875112475,0,2,0.9161960048083292,0.846663875112475,0,0.5487259056796828,0.6332150595571057,0.3919999999999999,"{""1"": 11194.020523810283, ""2"": 10866.224434157337, ""3"": 10811.351399642797, ""4"": 10836.691243339134, ""5"": 10838.255749537002, ""6"": 10840.108984764775, ""7"": 10853.202205341915, ""8"": 10903.37739179308, ""9"": 10947.114837059682, ""10"": 10978.774690205815, ""11"": 11014.781130195242, ""12"": 11029.707963068486, ""13"": 11078.207475569794, ""14"": 11119.220291858577, ""15"": 11144.748666010995}",11.786250591278076
mueller_brown,short,vae,2000,10,1,14,3,3,0.137,7,0.5753588533927366,0.6406524374034218,0,14,0.21045865028179453,0.4918846549528049,0,2,0.8330324959802377,0.8190851438242334,0,2,0.8330324959802377,0.8190851438242334,0,2,0.8330324959802377,0.8190851438242334,0,0.7300002834323669,0.6823776517526133,0.6499999999999999,"{""1"": 11314.825123432423, ""2"": 10923.737900743565, ""3"": 10806.166211922497, ""4"": 10789.930265806888, ""5"": 10773.561278159368, ""6"": 10764.460230212935, ""7"": 10751.844208668788, ""8"": 10805.580132353902, ""9"": 10840.365533280361, ""10"": 10836.556787571235, ""11"": 10865.451552862456, ""12"": 10902.383288855604, ""13"": 10944.406893970929, ""14"": 10957.946383130413, ""15"": 11000.031500974266}",12.731971740722656
mueller_brown,short,vae,2000,10,1,15,3,2,0.0,1,0.0,0.0,0,3,0.001457602987904156,0.007978640269114289,0,1,0.0,0.0,0,11,0.0019164295463529899,0.013247148727880737,0,2,-0.000178452038357728,0.006635188675605957,0,0.001457602987904156,0.007978640269114289,0.006999999999999947,"{""1"": 11191.950615540485, ""2"": 11245.676729351333, ""3"": 11235.992793181802, ""4"": 11272.781493856299, ""5"": 11321.54578178963, ""6"": 11363.093972085966, ""7"": 11387.613398379686, ""8"": 11432.893735074615, ""9"": 11471.800895244949, ""10"": 11497.99884018467, ""11"": 11542.252980161347, ""12"": 11582.585166221003, ""13"": 11620.129823197243, ""14"": 11665.004727268974, ""15"": 11699.496864242508}",12.536458730697632
mueller_brown,short,vae,2000,10,1,16,3,3,0.048,5,0.2716500190085335,0.5274121159280821,0,13,0.10680590327142381,0.37284346429083154,0,2,0.9140106769004989,0.7907288255266588,0,2,0.9140106769004989,0.7907288255266588,0,2,0.9140106769004989,0.7907288255266588,0,0.5287112436586483,0.5846098836743928,0.9430000000000002,"{""1"": 11037.896412135196, ""2"": 10791.690834061292, ""3"": 10731.39681904407, ""4"": 10755.243310986345, ""5"": 10692.090476876714, ""6"": 10723.302812895618, ""7"": 10739.417976599041, ""8"": 10770.39784694279, ""9"": 10793.831311356349, ""10"": 10809.041372181035, ""11"": 10837.545013183975, ""12"": 10874.806877954388, ""13"": 10888.597550185119, ""14"": 10922.316519532633, ""15"": 10972.714828915407}",12.567312955856323
mueller_brown,short,vae,2000,10,1,17,3,3,0.185,5,0.5604349453151293,0.6937827669930448,0,13,0.28111031137132736,0.5496531658088658,0,2,0.7272981383223862,0.7715769200218133,0,3,0.7780184519812873,0.7635312200960629,0,2,0.7272981383223862,0.7715769200218133,0,0.7780184519812873,0.7635312200960629,0.6629999999999999,"{""1"": 11353.83436528744, ""2"": 10985.200115378639, ""3"": 10916.128763375726, ""4"": 10840.306628869292, ""5"": 10795.08657708052, ""6"": 10845.641172587575, ""7"": 10873.209837759792, ""8"": 10904.751596881957, ""9"": 10947.05028893549, ""10"": 10969.003130059764, ""11"": 10997.194138448334, ""12"": 11040.08169834145, ""13"": 11063.904039361772, ""14"": 11102.529945814942, ""15"": 11137.538451923621}",12.236990451812744
mueller_brown,short,vae,2000,10,1,18,3,3,0.241,4,0.7038857009670635,0.7216514672065742,0,6,0.5278569619802613,0.6575759795434888,0,1,0.0,0.0,0,3,0.7893810566587363,0.7784799903053138,0,2,0.5953238964166593,0.6131121083264199,0,0.7893810566587363,0.7784799903053138,0.29200000000000004,"{""1"": 11303.320932114812, ""2"": 10992.191480728698, ""3"": 10672.256539039243, ""4"": 10540.125639875434, ""5"": 10543.920790018516, ""6"": 10550.757047575187, ""7"": 10587.047128233326, ""8"": 10626.87717506073, ""9"": 10657.831376918864, ""10"": 10687.456897047015, ""11"": 10747.20439728809, ""12"": 10772.630918716437, ""13"": 10804.23940523806, ""14"": 10847.712540071727, ""15"": 10893.229874394498}",12.289600610733032
mueller_brown,short,vae,2000,10,1,19,3,3,0.0985,2,0.9435353411697883,0.8510345426597498,0,10,0.12604258673261348,0.40323583035532007,0,2,0.9435353411697883,0.8510345426597498,0,2,0.9435353411697883,0.8510345426597498,0,3,0.42434090957471227,0.5488418508750044,0,0.42434090957471227,0.5488418508750044,0.19700000000000006,"{""1"": 11160.63709622624, ""2"": 10784.336487117465, ""3"": 10790.235926184121, ""4"": 10846.456306816972, ""5"": 10839.179481454432, ""6"": 10868.24602477429, ""7"": 10880.998731490146, ""8"": 10925.198103298946, ""9"": 10932.987348783845, ""10"": 10962.683028655252, ""11"": 11000.430529919098, ""12"": 11033.303653048004, ""13"": 11067.092297506011, ""14"": 11111.081314344507, ""15"": 11142.55851556113}",12.358952760696411
mueller_brown,short,vae,4000,10,1,0,3,3,0.0785,6,0.4565868867264834,0.6389222698254298,0,13,0.1969812455872692,0.4813195410626225,0,2,0.8981582554144817,0.844747358938644,0,2,0.8981582554144817,0.844747358938644,0,2,0.8981582554144817,0.844747358938644,0,0.8148248562465996,0.6926881068019076,0.6755,"{""1"": 22198.59141056829, ""2"": 21458.571573273166, ""3"": 21284.5904416651, ""4"": 21029.14372028607, ""5"": 20975.497145568926, ""6"": 20927.4396900119, ""7"": 21096.848122339557, ""8"": 21029.09247933403, ""9"": 21050.473467875196, ""10"": 21091.410705137954, ""11"": 21148.172674224388, ""12"": 21172.094426295913, ""13"": 21180.324419998, ""14"": 21219.007769152857, ""15"": 21260.835104832026}",15.682875394821167
mueller_brown,short,vae,4000,10,1,1,3,3,0.166,7,0.45539156619955345,0.6328715839244723,0,14,0.259070038630805,0.5332892510595381,0,2,0.7642512395103161,0.802135364157606,0,2,0.7642512395103161,0.802135364157606,0,2,0.7642512395103161,0.802135364157606,0,0.8645259253080909,0.8171525446643406,0.7944999999999999,"{""1"": 23100.6561374963, ""2"": 21407.87243514164, ""3"": 21179.361369217582, ""4"": 21108.255071791384, ""5"": 21069.579626197497, ""6"": 21065.663949423866, ""7"": 21060.68840089604, ""8"": 21095.411424399146, ""9"": 21142.829035082206, ""10"": 21213.38616786996, ""11"": 21260.22187328508, ""12"": 21287.217149143387, ""13"": 21341.938120330215, ""14"": 21315.268717782757, ""15"": 21394.511860272178}",15.440435409545898
mueller_brown,short,vae,4000,10,1,2,3,3,0.01425,7,0.028969350264237633,0.12712090812080734,0,8,0.027977953605863793,0.13298976283893757,0,1,0.0,0.0,0,12,0.0165287852910689,0.11372185204190097,0,2,0.0012409568724914854,0.049561859166119084,0,0.07559524167862845,0.14818087557733284,1.3664999999999998,"{""1"": 22254.945487793128, ""2"": 22273.92798558018, ""3"": 22027.47965815045, ""4"": 22095.698347860034, ""5"": 22071.3680829797, ""6"": 22100.230068532943, ""7"": 21930.322187220598, ""8"": 21952.008922381432, ""9"": 21997.457996443187, ""10"": 22037.269191592743, ""11"": 22076.077056867794, ""12"": 22118.661314088236, ""13"": 22144.234159164407, ""14"": 22195.725767420834, ""15"": 22221.477348329485}",15.690163850784302
mueller_brown,short,vae,4000,10,1,3,3,3,0.0535,4,0.2580933603474623,0.44467162313516545,0,12,0.0915755492300585,0.34830413208728955,0,2,0.9649425445690916,0.8767951686585669,0,2,0.9649425445690916,0.8767951686585669,0,3,0.33565240520666173,0.5253655900411313,0,0.33565240520666173,0.5253655900411313,0.8819999999999999,"{""1"": 22468.398707401462, ""2"": 21796.496368108805, ""3"": 21777.674058649893, ""4"": 21751.58215119809, ""5"": 21784.20349668514, ""6"": 21819.950965843713, ""7"": 21818.501073428677, ""8"": 21852.705674956058, ""9"": 21868.03050624669, ""10"": 21894.19809042314, ""11"": 21892.7588175048, ""12"": 21924.98231687004, ""13"": 21974.63238880738, ""14"": 22011.978485526302, ""15"": 22039.72681636112}",15.117555379867554
mueller_brown,short,vae,4000,10,1,4,3,3,0.0545,6,0.1628426968368948,0.40097074911006214,0,7,0.11915759404342538,0.364648888230943,0,1,0.0,0.0,0,10,0.09568734196258721,0.33847703186367245,0,3,0.3184548623879239,0.4999862805931441,0,0.3184548623879239,0.4999862805931441,0.9874999999999999,"{""1"": 22528.20475434429, ""2"": 22543.6288245573, ""3"": 21854.970912773224, ""4"": 21932.367616779113, ""5"": 21919.650711414444, ""6"": 21818.705729711957, ""7"": 21827.24427251867, ""8"": 21878.439201656238, ""9"": 21915.78360572599, ""10"": 21961.761493633683, ""11"": 22000.521766162263, ""12"": 22051.90311146301, ""13"": 22083.97218332045, ""14"": 22123.31515375427, ""15"": 22152.498465576806}",15.311206579208374
mueller_brown,short,vae,4000,10,1,5,3,3,0.0395,3,0.25994754957636734,0.4557888233283362,0,15,0.046601047175463386,0.26744492585684065,1,1,0.0,0.0,0,2,0.4443579225731901,0.3719233015502716,0,3,0.25994754957636734,0.4557888233283362,0,0.25994754957636734,0.4557888233283362,0.839,"{""1"": 22480.553469774444, ""2"": 22158.706281332376, ""3"": 21836.216625021287, ""4"": 21868.39197939453, ""5"": 21887.4275468833, ""6"": 21894.70015298036, ""7"": 21905.682086003097, ""8"": 21929.611918597944, ""9"": 21966.64084935883, ""10"": 22001.970256538603, ""11"": 22050.464700258235, ""12"": 22083.50226279321, ""13"": 22111.51596997947, ""14"": 22157.073053769633, ""15"": 22183.362534681444}",15.60232925415039
mueller_brown,short,vae,4000,10,1,6,3,3,0.0385,6,0.10025016522249072,0.32041223369939553,0,11,0.04510727010075503,0.24196522708004767,0,1,0.0,0.0,0,2,0.5080246661575469,0.4001445143272536,0,2,0.5080246661575469,0.4001445143272536,0,0.20201019525884417,0.35923664712497744,1.1669999999999998,"{""1"": 22280.499355096123, ""2"": 21985.876075282602, ""3"": 22058.5295356766, ""4"": 21714.394627326015, ""5"": 21692.966789638514, ""6"": 21579.84826483591, ""7"": 21653.896899028077, ""8"": 21639.378559052217, ""9"": 21697.69387513003, ""10"": 21730.67255936364, ""11"": 21738.45545578669, ""12"": 21788.52321923916, ""13"": 21848.65204536103, ""14"": 21886.171661156088, ""15"": 21918.854973410653}",14.826772928237915
mueller_brown,short,vae,4000,10,1,7,3,3,0.0785,4,0.35303669059697906,0.5642555743719245,0,11,0.10490994091145565,0.3560853592697506,0,2,0.9523861428322329,0.8485847581133524,0,2,0.9523861428322329,0.8485847581133524,0,3,0.33644426524539256,0.53319797840641,0,0.33644426524539256,0.53319797840641,0.8415,"{""1"": 22273.722784866062, ""2"": 21319.658785767635, ""3"": 21360.628722580415, ""4"": 21316.564237410887, ""5"": 21356.74713368783, ""6"": 21359.021806142275, ""7"": 21375.52997457129, ""8"": 21417.699695846328, ""9"": 21462.996704176065, ""10"": 21479.972614407576, ""11"": 21506.715292133584, ""12"": 21550.124286203823, ""13"": 21593.74039604683, ""14"": 21627.011236719376, ""15"": 21660.981451125605}",15.376465559005737
mueller_brown,short,vae,4000,10,1,8,3,3,0.01475,4,0.09178737531664552,0.27581331999616626,0,9,0.041826768070533635,0.20611274642412572,0,1,0.0,0.0,0,2,0.2845338487501399,0.2421732148460235,0,2,0.2845338487501399,0.2421732148460235,0,0.1386528531121339,0.25446756353413547,1.12,"{""1"": 22260.211964881317, ""2"": 21842.054626691308, ""3"": 21866.944668560638, ""4"": 21547.97571071888, ""5"": 21583.134940591568, ""6"": 21640.555811989063, ""7"": 21646.47023550439, ""8"": 21657.82678747499, ""9"": 21646.785380485595, ""10"": 21706.398434776198, ""11"": 21738.088780018978, ""12"": 21772.900402496904, ""13"": 21840.794589838544, ""14"": 21872.5650049724, ""15"": 21912.971014003837}",15.326215267181396
mueller_brown,short,vae,4000,10,1,9,3,3,0.089,6,0.3153776841398639,0.5688455067281453,0,11,0.1624237898356131,0.4643990698027621,0,2,0.934905514470405,0.8723705753093882,0,2,0.934905514470405,0.8723705753093882,0,2,0.934905514470405,0.8723705753093882,0,0.5236878096581774,0.6008594647474698,0.8465,"{""1"": 22491.745288536862, ""2"": 21464.67892207008, ""3"": 21380.917264534222, ""4"": 21233.717242684783, ""5"": 21327.516223426228, ""6"": 21210.013644059763, ""7"": 21269.26693444595, ""8"": 21291.920084610214, ""9"": 21331.64188347918, ""10"": 21340.20103690912, ""11"": 21364.624182450298, ""12"": 21433.444192911087, ""13"": 21445.465349404854, ""14"": 21488.137926317315, ""15"": 21521.789992236456}",15.522951126098633
mueller_brown,short,vae,4000,10,1,10,3,3,0.021,3,0.25164998600825955,0.46809274484896995,0,14,0.03745782672054339,0.22423311937660534,0,1,0.0,0.0,0,3,0.25164998600825955,0.46809274484896995,0,2,0.40589926703473916,0.3404116825849262,0,0.25164998600825955,0.46809274484896995,0.7695,"{""1"": 22371.004883378046, ""2"": 21941.594426577893, ""3"": 21495.006781696124, ""4"": 21537.586768630877, ""5"": 21592.994390784675, ""6"": 21555.558620481603, ""7"": 21595.810271767215, ""8"": 21604.120260016818, ""9"": 21626.60731064704, ""10"": 21681.87976615803, ""11"": 21698.078093378204, ""12"": 21747.376575194987, ""13"": 21759.055508711048, ""14"": 21795.855608168935, ""15"": 21834.044698908987}",15.301880359649658
mueller_brown,short,vae,4000,10,1,11,3,3,0.084,7,0.2648298397689161,0.4856510804563962,0,15,0.09004250658687854,0.3855607972474785,1,1,0.0,0.0,0,2,0.8624938759680589,0.7387111498634017,0,2,0.8624938759680589,0.7387111498634017,0,0.39353858599743624,0.5825908558653053,0.7575,"{""1"": 22275.824963654064, ""2"": 21996.868910110636, ""3"": 21693.499756128596, ""4"": 21696.3020570257, ""5"": 21585.20657957653, ""6"": 21534.116527225455, ""7"": 21505.56966094941, ""8"": 21507.49108600894, ""9"": 21560.079968012393, ""10"": 21594.33602489999, ""11"": 21632.74001892735, ""12"": 21674.277313414324, ""13"": 21699.866737278673, ""14"": 21721.168591751262, ""15"": 21733.46058124281}",15.25311803817749
mueller_brown,short,vae,4000,10,1,12,3,3,0.0405,4,0.2227676203452946,0.3744255189840243,0,11,0.05944674198925449,0.25940585372514957,0,1,0.0,0.0,0,2,0.4216851743273366,0.35251856540956517,0,2,0.4216851743273366,0.35251856540956517,0,0.25427206611120867,0.4618648241677805,0.7325,"{""1"": 22302.264975518112, ""2"": 21956.913076231845, ""3"": 21758.64384968451, ""4"": 21687.66754594057, ""5"": 21722.810586478387, ""6"": 21689.497787790795, ""7"": 21745.348673304354, ""8"": 21764.57431568318, ""9"": 21802.012151142215, ""10"": 21837.82966905544, ""11"": 21837.60515119986, ""12"": 21877.884467792323, ""13"": 21920.061860511407, ""14"": 21972.122152329703, ""15"": 22015.84605250607}",15.161958932876587
mueller_brown,short,vae,4000,10,1,13,3,3,0.1825,6,0.5198247244643174,0.6522285963569157,0,12,0.313488635322821,0.5554648301288071,0,2,0.7037093285063718,0.7621419228122727,0,3,0.8481507348394514,0.8234432069867869,0,3,0.8481507348394514,0.8234432069867869,0,0.8481507348394514,0.8234432069867869,0.6835,"{""1"": 22666.39194423142, ""2"": 21688.659710353022, ""3"": 21380.852141390675, ""4"": 21364.983906624722, ""5"": 21255.990712999464, ""6"": 21218.463341126062, ""7"": 21264.40687519393, ""8"": 21302.675572224416, ""9"": 21313.488383471264, ""10"": 21359.922095069098, ""11"": 21381.62813025549, ""12"": 21418.588419781325, ""13"": 21484.137431627023, ""14"": 21511.395703916063, ""15"": 21534.350163364114}",15.792979717254639
mueller_brown,short,vae,4000,10,1,14,3,3,0.0985,4,0.4556083832743273,0.6410644047728595,0,12,0.14197934242289473,0.43616166892046526,0,2,0.9332123594315523,0.8585938633672427,0,2,0.9332123594315523,0.8585938633672427,0,3,0.4498794460717551,0.6092777972667724,0,0.4498794460717551,0.6092777972667724,0.637,"{""1"": 22240.91090941983, ""2"": 21330.510546879173, ""3"": 21269.784350699112, ""4"": 21104.29025073354, ""5"": 21211.411326903428, ""6"": 21202.782651440208, ""7"": 21159.642311721007, ""8"": 21146.465538544082, ""9"": 21199.515871594023, ""10"": 21234.2003440283, ""11"": 21281.44854329567, ""12"": 21277.597262966356, ""13"": 21316.973006153945, ""14"": 21365.39190394302, ""15"": 21391.20471632354}",15.629403591156006
mueller_brown,short,vae,4000,10,1,15,3,3,0.0315,3,0.30631188342857546,0.4912124150694417,0,12,0.05734593301217143,0.2836215123029934,0,1,0.0,0.0,0,2,0.39739945128177045,0.3467825562245931,0,3,0.30631188342857546,0.4912124150694417,0,0.30631188342857546,0.4912124150694417,0.649,"{""1"": 22364.976074196733, ""2"": 21943.594812610172, ""3"": 21593.895334331184, ""4"": 21609.565864153123, ""5"": 21625.700196466234, ""6"": 21660.699338501592, ""7"": 21632.168310966666, ""8"": 21670.613929821488, ""9"": 21728.58007296225, ""10"": 21756.543528331043, ""11"": 21793.799016703124, ""12"": 21812.194681556888, ""13"": 21860.54483126258, ""14"": 21894.428798191293, ""15"": 21926.79793797644}",15.238827466964722
mueller_brown,short,vae,4000,10,1,16,3,3,0.06125,7,0.19452488846475596,0.4403732251603205,0,15,0.09944026874350895,0.3721816330200822,1,1,0.0,0.0,0,2,0.747418191624198,0.6287721605418238,0,2,0.747418191624198,0.6287721605418238,0,0.5807922364956524,0.5849183635251723,1.1295000000000002,"{""1"": 22276.686893380935, ""2"": 21959.345042053734, ""3"": 21593.87124065278, ""4"": 21426.492966741596, ""5"": 21421.952625245576, ""6"": 21437.541532484553, ""7"": 21417.531474765572, ""8"": 21426.01165238096, ""9"": 21435.09421145909, ""10"": 21467.400388756723, ""11"": 21515.444976007308, ""12"": 21553.553730698484, ""13"": 21581.25735234862, ""14"": 21620.766673834572, ""15"": 21644.239947009777}",15.649200439453125
mueller_brown,short,vae,4000,10,1,17,3,3,0.0925,7,0.262077601467525,0.5331446466753671,0,12,0.1404118719888495,0.4423206027804504,0,2,0.9318906429894698,0.8651154000984106,0,2,0.9318906429894698,0.8651154000984106,0,3,0.49732707297482676,0.6076651073528683,0,0.49732707297482676,0.6076651073528683,0.8765000000000001,"{""1"": 22495.409022765838, ""2"": 21739.962668500666, ""3"": 21740.232342658896, ""4"": 21611.48907425029, ""5"": 21587.090969889658, ""6"": 21620.967293188933, ""7"": 21537.337350614434, ""8"": 21557.764462592793, ""9"": 21594.374305520814, ""10"": 21628.787616350877, ""11"": 21667.73036283915, ""12"": 21690.958207658554, ""13"": 21738.207804042548, ""14"": 21783.190378573105, ""15"": 21810.56932991974}",15.64026427268982
mueller_brown,short,vae,4000,10,1,18,3,3,0.25525,6,0.5773169773902672,0.6804817030926583,0,15,0.2741148088385566,0.5285293390151764,1,2,0.5890807904459707,0.6969093344869072,0,2,0.5890807904459707,0.6969093344869072,0,3,0.8247480687874282,0.788579861854312,0,0.8247480687874282,0.788579861854312,0.6659999999999999,"{""1"": 22605.966069945312, ""2"": 21664.122486723874, ""3"": 21295.663939039743, ""4"": 21287.21327444842, ""5"": 21240.12594670561, ""6"": 21233.306896456786, ""7"": 21280.8273994302, ""8"": 21310.394850900146, ""9"": 21356.273552909926, ""10"": 21376.28131205419, ""11"": 21420.343167033407, ""12"": 21427.53600755195, ""13"": 21485.48844992375, ""14"": 21524.732834192666, ""15"": 21522.2042433306}",16.13718557357788
mueller_brown,short,vae,4000,10,1,19,3,3,0.05,3,0.25854932759623583,0.4681331641168023,0,8,0.09527524759249718,0.33410392001444816,0,1,0.0,0.0,0,2,0.3823790949017821,0.32947588631839353,0,2,0.3823790949017821,0.32947588631839353,0,0.25854932759623583,0.4681331641168023,0.8879999999999999,"{""1"": 22175.854547812312, ""2"": 21812.35332642187, ""3"": 21506.463167528895, ""4"": 21514.136589984064, ""5"": 21545.21403929295, ""6"": 21616.729569683495, ""7"": 21536.812970941268, ""8"": 21566.039398409357, ""9"": 21616.53237107759, ""10"": 21652.544314469174, ""11"": 21702.672709717273, ""12"": 21739.06551905158, ""13"": 21774.77477659931, ""14"": 21822.48273073746, ""15"": 21877.15957478964}",15.356292724609375
mueller_brown,short,vae,8000,10,1,0,3,3,0.146625,6,0.43177977586697835,0.6262617803730981,0,12,0.27570850274280995,0.5365730931553988,0,1,0.0,0.0,0,2,0.8061835788557914,0.8021233735037815,0,2,0.8061835788557914,0.8021233735037815,0,0.9015848215878974,0.8094322316885517,0.8380000000000001,"{""1"": 44851.53545654654, ""2"": 43690.09540010998, ""3"": 43266.13709537936, ""4"": 43024.4223648711, ""5"": 42984.968391770446, ""6"": 42805.58224848547, ""7"": 43033.71041864348, ""8"": 43027.53474394211, ""9"": 42965.10801210769, ""10"": 42994.180947140936, ""11"": 43024.509980108975, ""12"": 43024.41501166348, ""13"": 43107.10852752346, ""14"": 43147.940615846426, ""15"": 43189.806698370085}",25.415582180023193
mueller_brown,short,vae,8000,10,1,1,3,3,0.104625,7,0.27043543196038994,0.5582363748591784,0,15,0.11854335589218423,0.4324251412971188,1,2,0.9150866600272102,0.847909597003606,0,2,0.9150866600272102,0.847909597003606,0,2,0.9150866600272102,0.847909597003606,0,0.6050997327116824,0.6195855060036696,0.9229999999999998,"{""1"": 44695.04151124266, ""2"": 42572.06369414938, ""3"": 42407.24425835589, ""4"": 42191.9181350286, ""5"": 42236.51063851491, ""6"": 42096.04032280181, ""7"": 42071.10457733217, ""8"": 42089.26010642911, ""9"": 42105.03456516592, ""10"": 42154.131969302005, ""11"": 42206.0259980682, ""12"": 42245.89109007869, ""13"": 42280.46684588059, ""14"": 42288.69975084614, ""15"": 42307.34782776111}",26.776227235794067
mueller_brown,short,vae,8000,10,1,2,3,3,0.044125,5,0.29192197888710714,0.5081429624564662,0,14,0.09218263012764023,0.3603253770122291,0,2,0.954128053693671,0.8653793224423393,0,2,0.954128053693671,0.8653793224423393,0,3,0.41632935849617125,0.5704106266209353,0,0.41632935849617125,0.5704106266209353,0.7609999999999999,"{""1"": 44666.49638643438, ""2"": 42987.67761154273, ""3"": 42651.7535245733, ""4"": 42835.65780252743, ""5"": 42583.42568522783, ""6"": 42636.02291941828, ""7"": 42656.89895536664, ""8"": 42665.400836850975, ""9"": 42692.655287519614, ""10"": 42713.26232793083, ""11"": 42739.87049704043, ""12"": 42766.91365148471, ""13"": 42813.02867917463, ""14"": 42800.38914393151, ""15"": 42852.88645454583}",24.854933261871338
mueller_brown,short,vae,8000,10,1,3,3,3,0.0285,8,0.06510413318630691,0.25388686882916106,0,15,0.032978970316532186,0.21015840237449807,1,1,0.0,0.0,0,3,0.20930945620177255,0.4053518227209587,0,2,0.38639977626752553,0.3204432978847362,0,0.20930945620177255,0.4053518227209587,1.3037500000000002,"{""1"": 44520.872143568624, ""2"": 43701.05125211145, ""3"": 43096.87583411407, ""4"": 43101.202722145936, ""5"": 43096.3654464183, ""6"": 42974.696353215964, ""7"": 43058.28912070099, ""8"": 42969.27312211767, ""9"": 43002.693082806545, ""10"": 43019.96395756709, ""11"": 43031.9839403807, ""12"": 43069.676644891835, ""13"": 43134.05693791265, ""14"": 43146.13794018211, ""15"": 43176.13129795209}",24.346222162246704
mueller_brown,short,vae,8000,10,1,4,3,3,0.028625,7,0.09285075279136124,0.2830752676228678,0,15,0.030732788958117367,0.19593744369005528,1,1,0.0,0.0,0,2,0.3280744992744966,0.2768204498858795,0,2,0.3280744992744966,0.2768204498858795,0,0.18430717108319566,0.2829343649173346,1.03075,"{""1"": 44363.70776587487, ""2"": 43437.52615614882, ""3"": 43476.57918115583, ""4"": 42994.88007356987, ""5"": 42961.23260107851, ""6"": 42987.050754492804, ""7"": 42723.17327543538, ""8"": 42786.89868551252, ""9"": 42829.135752571434, ""10"": 42862.73304222161, ""11"": 42899.44494624408, ""12"": 42949.80883234722, ""13"": 43011.96546543621, ""14"": 43046.46859004558, ""15"": 43053.36202860981}",24.302734375
mueller_brown,short,vae,8000,10,1,5,3,3,0.0205,9,0.04270340391725724,0.213418405895063,0,15,0.024172675604534368,0.17543532193771347,1,1,0.0,0.0,0,2,0.4187422838056185,0.3301308908543142,0,2,0.4187422838056185,0.3301308908543142,0,0.14148671990136139,0.25909177695041874,1.4237499999999998,"{""1"": 44204.81435776286, ""2"": 43662.21136470463, ""3"": 43564.95930809298, ""4"": 42806.83183583196, ""5"": 42794.98553600711, ""6"": 42783.61274120291, ""7"": 42796.53953180306, ""8"": 42842.079777959996, ""9"": 42679.0893932183, ""10"": 42743.261214870356, ""11"": 42771.989608417505, ""12"": 42817.62275717152, ""13"": 42871.51823101153, ""14"": 42931.87490337458, ""15"": 42921.604687783365}",23.410088539123535
mueller_brown,short,vae,8000,10,1,6,3,3,0.07525,8,0.1759176457472655,0.46656686731294783,0,15,0.1022469824969346,0.39511124989442936,1,1,0.0,0.0,0,3,0.41816721909442744,0.5821994480801325,0,3,0.41816721909442744,0.5821994480801325,0,0.41816721909442744,0.5821994480801325,1.16525,"{""1"": 44532.90638278466, ""2"": 43767.93866919696, ""3"": 43188.56424824386, ""4"": 43220.969641243275, ""5"": 43043.126273152266, ""6"": 43023.863490429816, ""7"": 43060.49814639573, ""8"": 43000.77623143016, ""9"": 43061.17323651963, ""10"": 43116.200542429164, ""11"": 43112.175044188865, ""12"": 43158.73016581928, ""13"": 43227.293751743266, ""14"": 43219.05983995698, ""15"": 43212.49862391166}",23.95041012763977
mueller_brown,short,vae,8000,10,1,7,3,3,0.06375,5,0.2807570901177454,0.5026248834977912,0,15,0.05799570714123082,0.30255722860826645,1,2,0.9582563598684066,0.8566032294346825,0,2,0.9582563598684066,0.8566032294346825,0,3,0.3098941219958287,0.4850204327738236,0,0.3098941219958287,0.4850204327738236,0.6877500000000001,"{""1"": 45018.60237913267, ""2"": 43125.768353855914, ""3"": 43003.7183501086, ""4"": 42991.451417273835, ""5"": 42727.3729902901, ""6"": 42782.15059059485, ""7"": 42763.47744574796, ""8"": 42801.75809956261, ""9"": 42837.34104089206, ""10"": 42861.703837771805, ""11"": 42887.412265037376, ""12"": 42920.796773363, ""13"": 42980.978777924225, ""14"": 42979.48081240228, ""15"": 43005.475813890436}",25.789226770401
mueller_brown,short,vae,8000,10,1,8,3,3,0.023,8,0.05839261923614116,0.22998455119039138,0,11,0.0329221598309948,0.19020414739525876,0,1,0.0,0.0,0,2,0.40338347790763496,0.318403202953711,0,2,0.40338347790763496,0.318403202953711,0,0.138235234626723,0.22853262361826296,1.18375,"{""1"": 44609.02992813105, ""2"": 43808.36481538726, ""3"": 43861.47228680172, ""4"": 43126.700930359744, ""5"": 43126.773975141936, ""6"": 43189.81311949224, ""7"": 43144.56798412733, ""8"": 42980.17339721646, ""9"": 43007.78325858678, ""10"": 43081.71013969255, ""11"": 43075.78724766829, ""12"": 43138.2747430066, ""13"": 43181.4513036368, ""14"": 43235.8712042637, ""15"": 43290.744212559024}",24.266592979431152
mueller_brown,short,vae,8000,10,1,9,3,3,0.059,15,0.06145270572387782,0.31178126032325815,1,15,0.06145270572387782,0.31178126032325815,1,2,0.933686133506657,0.812733109314741,0,2,0.933686133506657,0.812733109314741,0,3,0.321893103382344,0.505716594764981,0,0.321893103382344,0.505716594764981,1.4190000000000003,"{""1"": 44995.71290648041, ""2"": 43239.500647682085, ""3"": 43326.86763509316, ""4"": 43127.299834487545, ""5"": 42939.34668925323, ""6"": 43032.768444592766, ""7"": 42987.42831386094, ""8"": 43004.69407750354, ""9"": 43005.78899555328, ""10"": 43024.41967901421, ""11"": 43037.257763003436, ""12"": 43091.6916957275, ""13"": 42936.79419163359, ""14"": 42939.47112557274, ""15"": 42933.43725961878}",24.26522994041443
mueller_brown,short,vae,8000,10,1,10,3,3,0.040875,9,0.10247190898126034,0.3297915669012655,0,14,0.06590079691528908,0.31010608255284605,0,1,0.0,0.0,0,2,0.41302721212975324,0.3672004394223263,0,3,0.30461429608349994,0.5034273430239555,0,0.30461429608349994,0.5034273430239555,1.1855,"{""1"": 44455.60125689886, ""2"": 43832.488521085514, ""3"": 43236.4341659662, ""4"": 43220.11620710008, ""5"": 43222.647942256655, ""6"": 43191.06292017876, ""7"": 43077.18928302651, ""8"": 43044.46806809506, ""9"": 43037.578788334584, ""10"": 43062.65245586199, ""11"": 43055.391699802894, ""12"": 43092.03552580319, ""13"": 43095.33920592242, ""14"": 43135.11063495442, ""15"": 43191.05636494599}",24.14643621444702
mueller_brown,short,vae,8000,10,1,11,3,3,0.057125,11,0.10949944917055171,0.3754309714085661,0,15,0.06888711591087839,0.3321572489753786,1,2,0.9667759300628661,0.8821993766106669,0,2,0.9667759300628661,0.8821993766106669,0,3,0.3555153438871014,0.5260138045298559,0,0.3555153438871014,0.5260138045298559,1.2550000000000001,"{""1"": 44797.48013543439, ""2"": 43426.320290815995, ""3"": 43316.11564551638, ""4"": 43254.679986360876, ""5"": 43319.449890467346, ""6"": 43313.819006242054, ""7"": 43233.26500278447, ""8"": 43236.3264968314, ""9"": 43268.68738690853, ""10"": 43285.34982528617, ""11"": 43215.007603866216, ""12"": 43239.8184258374, ""13"": 43311.27589756269, ""14"": 43329.50492758613, ""15"": 43363.5804629978}",24.463103532791138
mueller_brown,short,vae,8000,10,1,12,3,3,0.046125,5,0.20180874645063854,0.4286330318328285,0,13,0.04887016815283703,0.24776335863431856,0,1,0.0,0.0,0,2,0.43198153780116866,0.35761736453178267,0,3,0.25387839379369787,0.46459800826400377,0,0.25387839379369787,0.46459800826400377,0.95125,"{""1"": 44315.57684765536, ""2"": 43458.85863135866, ""3"": 42803.75579635689, ""4"": 42783.650340225155, ""5"": 42501.78091091751, ""6"": 42691.068003179586, ""7"": 42583.347436241645, ""8"": 42641.451834971434, ""9"": 42626.763231186844, ""10"": 42677.87944781541, ""11"": 42702.37023346272, ""12"": 42741.105062965966, ""13"": 42766.51366072134, ""14"": 42814.35029229121, ""15"": 42857.874957254186}",23.457927227020264
mueller_brown,short,vae,8000,10,1,13,3,3,0.09775,4,0.5383377593896316,0.6711733966393912,0,14,0.15399026380514205,0.44534844434568965,0,2,0.9179492470271998,0.8502907812064562,0,2,0.9179492470271998,0.8502907812064562,0,2,0.9179492470271998,0.8502907812064562,0,0.5678749746852371,0.6226793009447849,0.44925000000000004,"{""1"": 44626.977423225995, ""2"": 42462.672163613664, ""3"": 42034.475429955346, ""4"": 41508.064142005904, ""5"": 41544.545345651866, ""6"": 41630.001315392474, ""7"": 41618.50699322585, ""8"": 41598.30298791368, ""9"": 41564.42285969578, ""10"": 41617.84591852044, ""11"": 41622.98505596778, ""12"": 41671.561888032295, ""13"": 41656.50061272643, ""14"": 41667.32064744277, ""15"": 41774.83130099541}",24.834333419799805
mueller_brown,short,vae,8000,10,1,14,3,3,0.1175,7,0.33573841985878844,0.5779964429240072,0,15,0.14480800937147148,0.44963246044704863,1,2,0.8959152866170295,0.8310925827669454,0,2,0.8959152866170295,0.8310925827669454,0,2,0.8959152866170295,0.8310925827669454,0,0.6166799626800518,0.6249034081489775,0.77,"{""1"": 45098.966048880575, ""2"": 43246.54153583805, ""3"": 42956.14741287505, ""4"": 42618.94836221678, ""5"": 42575.17345136463, ""6"": 42479.39212878061, ""7"": 42474.11534129589, ""8"": 42498.680248801706, ""9"": 42493.20022312915, ""10"": 42548.88585065361, ""11"": 42503.57106279661, ""12"": 42556.64765655682, ""13"": 42557.59476679516, ""14"": 42590.19336020369, ""15"": 42603.208431971296}",24.76407265663147
mueller_brown,short,vae,8000,10,1,15,3,3,0.09,8,0.19201898172198603,0.45555149607554485,0,15,0.11782681967799555,0.418017939454805,1,2,0.927016727583509,0.8569989503971354,0,2,0.927016727583509,0.8569989503971354,0,2,0.927016727583509,0.8569989503971354,0,0.506819203241258,0.5956258318079231,1.05975,"{""1"": 44902.765263322006, ""2"": 43271.03761920775, ""3"": 42920.51588009924, ""4"": 42867.32272906608, ""5"": 42723.04119388416, ""6"": 42798.41106882504, ""7"": 42786.56761299617, ""8"": 42716.63924542744, ""9"": 42761.48729995954, ""10"": 42803.50126751938, ""11"": 42808.53322445558, ""12"": 42818.394212604966, ""13"": 42817.05886756004, ""14"": 42852.31126797126, ""15"": 42877.32096499312}",24.698132753372192
mueller_brown,short,vae,8000,10,1,16,3,3,0.041375,9,0.14361056041356643,0.40484093387810066,0,14,0.0922051138811915,0.3541680858644417,0,2,0.9493576659511026,0.8602493213920376,0,2,0.9493576659511026,0.8602493213920376,0,3,0.44311697105441633,0.5650875763684128,0,0.44311697105441633,0.5650875763684128,1.19275,"{""1"": 44708.154501247474, ""2"": 43363.53961148498, ""3"": 42916.08133932623, ""4"": 42818.8644660127, ""5"": 42863.57217560645, ""6"": 42812.84405130182, ""7"": 42816.31670240892, ""8"": 42842.44900347321, ""9"": 42703.50557157887, ""10"": 42773.578457411444, ""11"": 42724.07448064303, ""12"": 42792.107019761424, ""13"": 42780.08953235989, ""14"": 42796.42999962661, ""15"": 42857.324384435815}",24.375609636306763
mueller_brown,short,vae,8000,10,1,17,3,3,0.060875,8,0.16941027886742507,0.44619317252586704,0,15,0.09009640440915664,0.3690697553975315,1,2,0.9617848035889425,0.8835270062242486,0,2,0.9617848035889425,0.8835270062242486,0,3,0.3707171167459752,0.5824235515360644,0,0.3707171167459752,0.5824235515360644,1.1007500000000001,"{""1"": 44948.171245669866, ""2"": 43745.00872160023, ""3"": 43821.58887079117, ""4"": 43611.20825179024, ""5"": 43536.52127581862, ""6"": 43505.37477985965, ""7"": 43531.03138833432, ""8"": 43397.756406763154, ""9"": 43428.98980539882, ""10"": 43417.572355554155, ""11"": 43434.69060956091, ""12"": 43499.27332100797, ""13"": 43534.46597361597, ""14"": 43583.21763184248, ""15"": 43590.15374848141}",24.196077346801758
mueller_brown,short,vae,8000,10,1,18,3,3,0.166375,5,0.5983500635287002,0.6886658439661348,0,11,0.28261118032652716,0.5439444432154028,0,1,0.0,0.0,0,2,0.8423939511552994,0.8027398696645235,0,2,0.8423939511552994,0.8027398696645235,0,0.9121394881529012,0.8399533818782771,0.397,"{""1"": 44015.16208869819, ""2"": 43282.586188562134, ""3"": 43097.05098458064, ""4"": 42521.600576161065, ""5"": 42423.95974414849, ""6"": 42486.47702019215, ""7"": 42513.240027064305, ""8"": 42526.37160056296, ""9"": 42510.08647690135, ""10"": 42531.31373813692, ""11"": 42518.64528433888, ""12"": 42681.71765466706, ""13"": 42631.12625670323, ""14"": 42645.95913203332, ""15"": 42743.151543250766}",24.87533688545227
mueller_brown,short,vae,8000,10,1,19,3,3,0.087875,8,0.21245632496100966,0.49547026653680115,0,14,0.11596204779817146,0.4062443971286653,0,2,0.9247588210460728,0.8447578348600409,0,2,0.9247588210460728,0.8447578348600409,0,2,0.9247588210460728,0.8447578348600409,0,0.47406634091631267,0.5755063678176531,1.0210000000000001,"{""1"": 44322.9029279194, ""2"": 42620.9581710721, ""3"": 42485.96896781684, ""4"": 42358.00510054812, ""5"": 42304.64992573924, ""6"": 42286.333451113234, ""7"": 42254.04293009076, ""8"": 42237.69228823729, ""9"": 42277.71534473386, ""10"": 42287.24879198777, ""11"": 42320.7904078254, ""12"": 42346.83762684695, ""13"": 42396.377618560764, ""14"": 42419.71571910588, ""15"": 42472.668099222654}",24.773455381393433
mueller_brown,short,vae,16000,10,1,0,3,3,0.1068125,7,0.30753536634250733,0.555057218192211,0,14,0.16470364631428222,0.4594670370773358,0,2,0.8954471965127875,0.8446440222954917,0,2,0.8954471965127875,0.8446440222954917,0,2,0.8954471965127875,0.8446440222954917,0,0.6301841574144358,0.6554149301795885,0.911375,"{""1"": 89259.88594205887, ""2"": 86494.62191114061, ""3"": 86068.74351009144, ""4"": 85419.29365974486, ""5"": 85482.5497425092, ""6"": 84882.46336484228, ""7"": 84881.45749131843, ""8"": 84936.04873005308, ""9"": 84913.51046653556, ""10"": 84918.66285427101, ""11"": 84884.32464550041, ""12"": 84905.90942240701, ""13"": 84969.26110008749, ""14"": 84965.3567678223, ""15"": 85018.68218931419}",72.3443055152893
mueller_brown,short,vae,16000,10,1,1,3,3,0.0954375,8,0.23261633662155953,0.5140874248683066,0,15,0.13026021283459263,0.4263862187975787,1,2,0.9275479691014963,0.858121206594868,0,2,0.9275479691014963,0.858121206594868,0,2,0.9275479691014963,0.858121206594868,0,0.5068767804829171,0.5893599950007231,0.9765000000000001,"{""1"": 89971.93189477816, ""2"": 86435.2876487642, ""3"": 86138.92622857036, ""4"": 85828.9245940896, ""5"": 85598.20454878222, ""6"": 85539.26410137184, ""7"": 85502.60450795133, ""8"": 85465.68226796364, ""9"": 85486.78805287633, ""10"": 85498.82295300247, ""11"": 85554.37698316941, ""12"": 85573.57711474347, ""13"": 85609.95838564393, ""14"": 85564.72540611854, ""15"": 85594.26705038038}",84.35553503036499
mueller_brown,short,vae,16000,10,1,2,3,3,0.0846875,14,0.1374813130025975,0.43361214350549404,0,14,0.1374813130025975,0.43361214350549404,0,2,0.9225469918814501,0.8479228732330573,0,2,0.9225469918814501,0.8479228732330573,0,2,0.9225469918814501,0.8479228732330573,0,0.6394941697263747,0.6410618458142945,1.267125,"{""1"": 88981.98253829029, ""2"": 85694.3945075826, ""3"": 84352.55445884995, ""4"": 84029.13727856644, ""5"": 83952.62246837944, ""6"": 83886.48126565838, ""7"": 83776.40620403364, ""8"": 83834.40338387508, ""9"": 83810.00763523922, ""10"": 83969.78865843969, ""11"": 83828.87592444509, ""12"": 83871.24656719636, ""13"": 83913.8845392445, ""14"": 83678.04624142191, ""15"": 83879.8212942827}",71.5316812992096
mueller_brown,short,vae,16000,10,1,3,3,3,0.0561875,8,0.12143622952045409,0.368213267464402,0,14,0.0635608668697467,0.31237646877897757,0,2,0.9674880817680191,0.8790353681665638,0,2,0.9674880817680191,0.8790353681665638,0,3,0.3524042356458794,0.5162871180454737,0,0.3524042356458794,0.5162871180454737,1.1510000000000002,"{""1"": 88746.43917205179, ""2"": 86028.3589754575, ""3"": 85492.5332292953, ""4"": 85454.47340140594, ""5"": 85392.40558763791, ""6"": 85152.67088686238, ""7"": 85094.9507075108, ""8"": 85006.90512170365, ""9"": 85043.27797811893, ""10"": 85024.45640356006, ""11"": 85019.52509330183, ""12"": 85018.8775209716, ""13"": 85067.75090147219, ""14"": 85085.56523955755, ""15"": 85137.6820268751}",68.01615357398987
mueller_brown,short,vae,16000,10,1,4,3,3,0.026875,7,0.0737058520253814,0.2444737283236311,0,12,0.028771347538049784,0.1798970694300575,0,1,0.0,0.0,0,2,0.45922493797356106,0.35725510091998985,0,2,0.45922493797356106,0.35725510091998985,0,0.1414370637222965,0.2565515863948381,1.055375,"{""1"": 88811.31309840374, ""2"": 87252.10079627375, ""3"": 86938.88988325401, ""4"": 85873.44810571353, ""5"": 85827.43423787528, ""6"": 85915.98556483071, ""7"": 85360.76622849065, ""8"": 85366.57226357351, ""9"": 85381.94144658442, ""10"": 85403.12455863692, ""11"": 85439.9977096001, ""12"": 85447.63978983564, ""13"": 85513.01417335102, ""14"": 85548.03286767246, ""15"": 85595.10531463634}",65.42157030105591
mueller_brown,short,vae,16000,10,1,5,3,3,0.0628125,10,0.1484019172647184,0.4427924413285975,0,13,0.11493811163918437,0.40821639572138024,0,2,0.9493495860773822,0.8737682456609971,0,2,0.9493495860773822,0.8737682456609971,0,2,0.9493495860773822,0.8737682456609971,0,0.4163946948883574,0.5936262366659425,1.199625,"{""1"": 89420.835304735, ""2"": 84980.89422307776, ""3"": 84903.7702212507, ""4"": 84457.81587385558, ""5"": 84195.48230402985, ""6"": 84196.67999641222, ""7"": 84022.59401513521, ""8"": 84024.29933732771, ""9"": 84010.22724052914, ""10"": 83914.51793611188, ""11"": 84001.32261734673, ""12"": 83974.3327137366, ""13"": 84015.45027095781, ""14"": 84076.04396745637, ""15"": 84144.71389638667}",66.4961895942688
mueller_brown,short,vae,16000,10,1,6,3,3,0.0763125,11,0.11449551268654731,0.4038119117740297,0,11,0.11449551268654731,0.4038119117740297,0,2,0.9542263520754326,0.8715330615799818,0,2,0.9542263520754326,0.8715330615799818,0,3,0.3921460420694711,0.5806923285721497,0,0.3921460420694711,0.5806923285721497,1.2435,"{""1"": 89760.52801127758, ""2"": 85578.5813369169, ""3"": 85261.17101786577, ""4"": 84870.76404289495, ""5"": 84952.74323842577, ""6"": 84799.10228038729, ""7"": 84854.25577599426, ""8"": 84874.29307103575, ""9"": 84815.08459456757, ""10"": 84878.76288126438, ""11"": 84652.56011083342, ""12"": 84763.4098863136, ""13"": 84870.01216396682, ""14"": 84938.30564328491, ""15"": 84975.30931753333}",67.45996236801147
mueller_brown,short,vae,16000,10,1,7,3,3,0.0468125,9,0.08080334735357189,0.3005843966392143,0,15,0.04706248742284862,0.25184713451900886,1,1,0.0,0.0,0,2,0.4461542358089205,0.36739950661580417,0,3,0.3768490787684072,0.4718014518685638,0,0.3768490787684072,0.4718014518685638,1.26675,"{""1"": 90107.78275069274, ""2"": 87127.55663701882, ""3"": 85884.97573341278, ""4"": 85631.99450124017, ""5"": 85681.87088751425, ""6"": 85739.37424229218, ""7"": 85472.15023513844, ""8"": 85409.3587897802, ""9"": 85291.11194737596, ""10"": 85307.52949327971, ""11"": 85305.57117885673, ""12"": 85326.31950499251, ""13"": 85388.06938102047, ""14"": 85369.99189430363, ""15"": 85385.37127349846}",63.66481280326843
mueller_brown,short,vae,16000,10,1,8,3,3,0.0675625,8,0.1603524031473731,0.422102082285173,0,14,0.07799229241859877,0.3417130247485502,0,1,0.0,0.0,0,2,0.7388034233983608,0.6067463631609639,0,2,0.7388034233983608,0.6067463631609639,0,0.3492141784221046,0.5562897580727648,1.1155,"{""1"": 88226.15614886321, ""2"": 86856.78947146152, ""3"": 85009.66155669054, ""4"": 84869.65763771362, ""5"": 84658.43300164827, ""6"": 84678.99822276873, ""7"": 84592.12653346438, ""8"": 84404.2735381153, ""9"": 84532.49704439979, ""10"": 84458.1167424671, ""11"": 84579.80474210893, ""12"": 84484.78003653293, ""13"": 84534.99633166935, ""14"": 84521.45902399386, ""15"": 84578.53660551013}",62.99672293663025
mueller_brown,short,vae,16000,10,1,9,3,3,0.0618125,13,0.09053022479809991,0.3689742499214526,0,13,0.09053022479809991,0.3689742499214526,0,1,0.0,0.0,0,2,0.4164804817388352,0.3893392115231762,0,3,0.4076230938500356,0.5879947635228289,0,0.4076230938500356,0.5879947635228289,1.3186250000000004,"{""1"": 89451.32802103562, ""2"": 87616.77737410116, ""3"": 86072.22495043794, ""4"": 85728.98386911157, ""5"": 85803.16633011741, ""6"": 85716.52960607031, ""7"": 85581.66663658718, ""8"": 85511.81663764309, ""9"": 85318.44974450555, ""10"": 85308.37458627322, ""11"": 85247.26018125401, ""12"": 85154.86214297863, ""13"": 85063.59274553217, ""14"": 85179.3234280288, ""15"": 85323.10106012068}",65.67516207695007
mueller_brown,short,vae,16000,10,1,10,3,3,0.137125,8,0.35929955513680456,0.5968045991782698,0,13,0.20474359012564258,0.4974931360457694,0,2,0.8563330658177388,0.8260588788731265,0,2,0.8563330658177388,0.8260588788731265,0,2,0.8563330658177388,0.8260588788731265,0,0.8956852652434284,0.7908554646765938,0.9165000000000001,"{""1"": 89151.84533972, ""2"": 84376.14253719813, ""3"": 83612.98456557085, ""4"": 83715.28148907854, ""5"": 83572.29693957734, ""6"": 83038.85715905664, ""7"": 83008.35873849763, ""8"": 82864.18667107626, ""9"": 82946.98610592133, ""10"": 82874.78565120646, ""11"": 82954.5846620539, ""12"": 82966.8384637073, ""13"": 82935.57060943807, ""14"": 83013.44619731784, ""15"": 83104.54937323666}",70.93867611885071
mueller_brown,short,vae,16000,10,1,11,3,3,0.0455625,12,0.06758321822252975,0.29709549913404193,0,15,0.061696319646785416,0.28015581782630233,1,1,0.0,0.0,0,2,0.4759507850577593,0.3977470123447197,0,2,0.4759507850577593,0.3977470123447197,0,0.29906869539675596,0.4570948329402184,1.36875,"{""1"": 88907.33830384465, ""2"": 86351.4112532212, ""3"": 84475.74752474087, ""4"": 83650.1392993541, ""5"": 83573.30120044, ""6"": 83559.70380730211, ""7"": 82997.61937979487, ""8"": 83036.09835224826, ""9"": 83005.4920737504, ""10"": 83076.96850375691, ""11"": 82997.73767011576, ""12"": 82818.80840468191, ""13"": 82853.90736575739, ""14"": 82876.79102081154, ""15"": 82820.47595957754}",66.9771180152893
mueller_brown,short,vae,16000,10,1,12,3,3,0.0785,15,0.08752368882265647,0.36888695420467127,1,15,0.08752368882265647,0.36888695420467127,1,2,0.9501510854313022,0.8636912339275437,0,2,0.9501510854313022,0.8636912339275437,0,2,0.9501510854313022,0.8636912339275437,0,0.3820949683629573,0.5784184880844292,1.3434999999999997,"{""1"": 89258.03134799795, ""2"": 85555.38103362374, ""3"": 85643.32365430312, ""4"": 84814.53132913586, ""5"": 84841.37387637892, ""6"": 84915.42638038717, ""7"": 84827.31407694283, ""8"": 84896.6914906577, ""9"": 84766.58127116555, ""10"": 84806.93689875938, ""11"": 84762.80959252607, ""12"": 84801.04391145703, ""13"": 84766.04435574787, ""14"": 84839.20695401612, ""15"": 84740.76425076135}",69.6466748714447
mueller_brown,short,vae,16000,10,1,13,3,3,0.07175,10,0.13956129787539392,0.41617210477987077,0,14,0.09761022872342143,0.3760848216098678,0,1,0.0,0.0,0,3,0.425126900651155,0.5479064924184337,0,3,0.425126900651155,0.5479064924184337,0,0.425126900651155,0.5479064924184337,1.1806250000000003,"{""1"": 89756.57129054223, ""2"": 87610.6526947466, ""3"": 86142.89341671682, ""4"": 86196.80001145018, ""5"": 85820.71945040933, ""6"": 85965.09293836812, ""7"": 85845.22545879181, ""8"": 85779.25194028289, ""9"": 85835.38387525942, ""10"": 85748.4566523524, ""11"": 85804.41450314109, ""12"": 85748.62990238972, ""13"": 85790.8437856302, ""14"": 85794.59302650749, ""15"": 85867.37023218969}",67.01032066345215
mueller_brown,short,vae,16000,10,1,14,3,3,0.0706875,9,0.15207851668742006,0.4342693596614773,0,14,0.09028369500541056,0.3689306849418704,0,2,0.9566155866901463,0.8699895852836136,0,2,0.9566155866901463,0.8699895852836136,0,3,0.4204198671312015,0.5549199953613188,0,0.4204198671312015,0.5549199953613188,1.14025,"{""1"": 89213.78598631945, ""2"": 86171.45276608747, ""3"": 85487.31104880004, ""4"": 84734.08126249722, ""5"": 84631.98279903234, ""6"": 84552.0046183769, ""7"": 84570.60829872946, ""8"": 84420.86675751705, ""9"": 84400.60898852503, ""10"": 84434.59351271934, ""11"": 84443.03079587132, ""12"": 84427.41232569393, ""13"": 84478.93071622672, ""14"": 84457.32976485054, ""15"": 84517.94872601694}",68.67882871627808
mueller_brown,short,vae,16000,10,1,15,3,3,0.0789375,11,0.13370931173078318,0.41017462505198354,0,14,0.11891390080638325,0.39718124557289225,0,2,0.9456818425722638,0.8669948683085549,0,2,0.9456818425722638,0.8669948683085549,0,3,0.4577445846385011,0.5643958524910038,0,0.4577445846385011,0.5643958524910038,1.179,"{""1"": 89566.02269681921, ""2"": 86701.74948778206, ""3"": 85962.0867666862, ""4"": 85928.60683389075, ""5"": 85533.25737273427, ""6"": 85501.07486721233, ""7"": 85300.62540597358, ""8"": 84996.35858770319, ""9"": 84871.80678503474, ""10"": 84909.54293597744, ""11"": 84796.22635001979, ""12"": 84842.63537160071, ""13"": 84997.57420213927, ""14"": 84895.77086275716, ""15"": 85090.63075187587}",70.53894925117493
mueller_brown,short,vae,16000,10,1,16,3,3,0.082625,11,0.16476813024078993,0.4534071029604787,0,12,0.15529245534603933,0.44492090358800707,0,2,0.924435541893985,0.8526909150210192,0,2,0.924435541893985,0.8526909150210192,0,2,0.924435541893985,0.8526909150210192,0,0.6209653310616524,0.6467756214512125,1.2275,"{""1"": 89799.41395135378, ""2"": 86351.74721877904, ""3"": 85425.73589819242, ""4"": 85291.84505780584, ""5"": 85198.67582263162, ""6"": 85017.803608625, ""7"": 84798.231788233, ""8"": 84514.49540867805, ""9"": 84484.08832063878, ""10"": 84250.22027510114, ""11"": 84248.87454292666, ""12"": 84265.02369091622, ""13"": 84374.37563595286, ""14"": 84502.58486881822, ""15"": 84510.87237512747}",70.4731183052063
mueller_brown,short,vae,16000,10,1,17,3,3,0.05775,10,0.12353803267001379,0.40381834403002737,0,14,0.08124366164614888,0.3488093792263576,0,2,0.9673623338124232,0.891988079934452,0,2,0.9673623338124232,0.891988079934452,0,3,0.37186018206699883,0.561431107555552,0,0.37186018206699883,0.561431107555552,1.2083750000000002,"{""1"": 89719.33201680367, ""2"": 86305.94063695615, ""3"": 86004.61572447355, ""4"": 86039.60630805921, ""5"": 85326.2396526442, ""6"": 85537.18971623096, ""7"": 85519.66457145053, ""8"": 85398.8024958411, ""9"": 85341.10866088426, ""10"": 85243.13529249076, ""11"": 85332.71560000817, ""12"": 85303.04524179404, ""13"": 85356.68511372319, ""14"": 85322.09046205653, ""15"": 85398.0557234821}",69.79524636268616
mueller_brown,short,vae,16000,10,1,18,3,3,0.1055,11,0.1511990603827028,0.4408463623951464,0,15,0.1134638514496292,0.40459636027596146,1,2,0.916479525312512,0.8261947107298977,0,2,0.916479525312512,0.8261947107298977,0,3,0.49393223604344116,0.5891326904482357,0,0.49393223604344116,0.5891326904482357,1.1358750000000002,"{""1"": 89089.20197022127, ""2"": 85921.79066596199, ""3"": 85415.29542346092, ""4"": 85217.39718059261, ""5"": 85047.78422617598, ""6"": 85133.11931485064, ""7"": 84850.76107285457, ""8"": 84886.36804534253, ""9"": 84880.5186780145, ""10"": 84908.7093556993, ""11"": 84807.1343654085, ""12"": 84830.54893701922, ""13"": 84883.35746768463, ""14"": 84962.46269298717, ""15"": 84857.41251249201}",70.31314468383789
mueller_brown,short,vae,16000,10,1,19,3,3,0.0556875,10,0.09781518833584552,0.34091757585784743,0,15,0.07639056637807351,0.3239494373943664,1,2,0.9649963390037205,0.8766298499851601,0,2,0.9649963390037205,0.8766298499851601,0,3,0.3336815657636453,0.5364140593613951,0,0.3336815657636453,0.5364140593613951,1.2563750000000002,"{""1"": 89834.40017112298, ""2"": 86482.03698203269, ""3"": 86331.32607312276, ""4"": 86068.06984031873, ""5"": 85877.14699143502, ""6"": 85999.17704335612, ""7"": 85966.01599965067, ""8"": 85864.54615980036, ""9"": 85891.9406451932, ""10"": 85821.60149030275, ""11"": 85831.3059217611, ""12"": 85877.11098609644, ""13"": 85859.79445736414, ""14"": 85910.21185148336, ""15"": 85893.29138956641}",68.74173307418823
mueller_brown,short,vae,32000,10,1,0,3,3,0.0914375,12,0.16474434499071122,0.4624888711991155,0,14,0.1227460533006708,0.42397102318505414,0,2,0.9219621087206281,0.857574187653542,0,2,0.9219621087206281,0.857574187653542,0,2,0.9219621087206281,0.857574187653542,0,0.4411730123177443,0.6358912157862711,1.2163124999999997,"{""1"": 179078.41132090695, ""2"": 173543.85770178025, ""3"": 173086.45637971416, ""4"": 171768.56351900005, ""5"": 171754.42967516102, ""6"": 170826.97115446508, ""7"": 170841.17234531563, ""8"": 170647.69292231472, ""9"": 170946.43325887, ""10"": 170710.38853795134, ""11"": 170458.6683763237, ""12"": 170410.70450113234, ""13"": 170541.24483627512, ""14"": 170469.913091531, ""15"": 170528.8376341027}",180.6534104347229
mueller_brown,short,vae,32000,10,1,1,3,3,0.07234375,14,0.08882754407716703,0.36799641041554865,0,15,0.08499515956068883,0.36265206982988724,1,2,0.9461505368475828,0.8513639487429769,0,2,0.9461505368475828,0.8513639487429769,0,2,0.9461505368475828,0.8513639487429769,0,0.42149474013703014,0.5480589232339192,1.3174374999999998,"{""1"": 179216.31710824228, ""2"": 172615.97063937824, ""3"": 171563.76275513577, ""4"": 171301.8519249016, ""5"": 170064.13830097023, ""6"": 170073.95933767434, ""7"": 169945.79233279667, ""8"": 169748.80749712852, ""9"": 169649.6607275219, ""10"": 169594.88600237382, ""11"": 169433.356708792, ""12"": 169465.27083531805, ""13"": 169343.95545617817, ""14"": 169331.55149659852, ""15"": 169375.37763783187}",171.70573496818542
mueller_brown,short,vae,32000,10,1,2,3,3,0.1023125,11,0.22202523835560614,0.48900848835460026,0,14,0.15664080131903915,0.4536569545037768,0,2,0.9054194737836043,0.8467644132411116,0,2,0.9054194737836043,0.8467644132411116,0,2,0.9054194737836043,0.8467644132411116,0,0.6365120526031843,0.6487117383058005,1.0223125000000002,"{""1"": 180475.55121076806, ""2"": 171099.93672335157, ""3"": 169461.5912852448, ""4"": 168572.58058406963, ""5"": 168564.47368495076, ""6"": 168389.80913172386, ""7"": 167893.89231404327, ""8"": 167901.07199475606, ""9"": 167828.20605059192, ""10"": 167682.24965118262, ""11"": 167603.84184152374, ""12"": 167835.4126020253, ""13"": 167724.68813918513, ""14"": 167637.35651307952, ""15"": 167872.24615503688}",176.9263198375702
mueller_brown,short,vae,32000,10,1,3,3,3,0.0595,15,0.06811543005937229,0.32594454926184985,1,15,0.06811543005937229,0.32594454926184985,1,1,0.0,0.0,0,2,0.4007280431251549,0.36532919778452105,0,3,0.34452390900374724,0.5011585340748465,0,0.34452390900374724,0.5011585340748465,1.3990624999999999,"{""1"": 177809.9975894388, ""2"": 173946.48811632933, ""3"": 171107.14274965404, ""4"": 170697.9835096244, ""5"": 170405.34070110068, ""6"": 170501.27580921844, ""7"": 170049.18020340745, ""8"": 170030.19268676566, ""9"": 169848.07711074877, ""10"": 169795.21670308895, ""11"": 169627.3768027767, ""12"": 169641.25352295508, ""13"": 169507.39730191426, ""14"": 169604.12337056056, ""15"": 169355.2685094656}",162.21647691726685
mueller_brown,short,vae,32000,10,1,4,3,3,0.026625,8,0.06832247876038657,0.27539547575046086,0,15,0.031783025206988,0.21175238956901624,1,1,0.0,0.0,0,4,0.14073108266594264,0.33272488580740395,0,2,0.0032730153433701893,0.09000830226730125,0,0.12360550706630953,0.15399693684772944,1.2606875,"{""1"": 178777.63164647942, ""2"": 178854.86885752584, ""3"": 175989.72630647456, ""4"": 173723.13002724602, ""5"": 173775.5171872764, ""6"": 173050.9986427218, ""7"": 172608.55774181488, ""8"": 172381.8105444883, ""9"": 172473.41793053044, ""10"": 172400.2383630093, ""11"": 172409.89528466068, ""12"": 172438.90058551557, ""13"": 172505.4199837618, ""14"": 172422.0206150826, ""15"": 172451.5350398155}",157.7363634109497
mueller_brown,short,vae,32000,10,1,5,3,3,0.06478125,10,0.1305053045013225,0.4235077939547757,0,13,0.10495658379242857,0.38760432399194056,0,2,0.9583082106605866,0.8848275342594968,0,2,0.9583082106605866,0.8848275342594968,0,3,0.43092676963226784,0.5603736423704692,0,0.43092676963226784,0.5603736423704692,1.2198125000000002,"{""1"": 179062.44566533715, ""2"": 173216.01241574402, ""3"": 172166.4678456773, ""4"": 172054.58850694823, ""5"": 171566.22778095884, ""6"": 171444.02765109777, ""7"": 171356.04518380619, ""8"": 171141.89986226693, ""9"": 171149.92843700937, ""10"": 170909.9856973606, ""11"": 170967.66745266248, ""12"": 171003.04436171937, ""13"": 171003.01321806718, ""14"": 171061.9541258715, ""15"": 171130.85844678746}",170.01131916046143
mueller_brown,short,vae,32000,10,1,6,3,3,0.066625,14,0.08149193676419617,0.34724712160570015,0,14,0.08149193676419617,0.34724712160570015,0,1,0.0,0.0,0,5,0.28588474116639895,0.5005333484377772,0,3,0.3726968658149687,0.518538926641637,0,0.3726968658149687,0.518538926641637,1.3130624999999996,"{""1"": 177792.83457519783, ""2"": 174281.35584538017, ""3"": 171634.02177137588, ""4"": 171282.33301684295, ""5"": 170493.8087093741, ""6"": 170300.0108939065, ""7"": 170084.9716886707, ""8"": 169879.75870735262, ""9"": 169459.41733285607, ""10"": 169323.90462979634, ""11"": 169304.42363995247, ""12"": 169191.930380229, ""13"": 169144.78183540178, ""14"": 169049.18710384265, ""15"": 169194.41271532068}",163.99133372306824
mueller_brown,short,vae,32000,10,1,7,3,3,0.06875,13,0.08868445983345942,0.3587433685484923,0,13,0.08868445983345942,0.3587433685484923,0,2,0.9479542357316301,0.8477900907604804,0,2,0.9479542357316301,0.8477900907604804,0,3,0.4638904078735497,0.5474719657439565,0,0.4638904078735497,0.5474719657439565,1.3459999999999999,"{""1"": 180072.13741555187, ""2"": 172894.88504048827, ""3"": 171341.00011538996, ""4"": 170798.89635270502, ""5"": 169932.9071258277, ""6"": 170057.8794450944, ""7"": 169455.37727820827, ""8"": 169410.11022130123, ""9"": 169110.5188036879, ""10"": 169328.50839117952, ""11"": 168905.67923735434, ""12"": 168873.96636382086, ""13"": 168803.64079414093, ""14"": 168916.43545907366, ""15"": 168915.95619068117}",172.67572951316833
mueller_brown,short,vae,32000,10,1,8,3,3,0.07684375,14,0.09155090729235976,0.3772319853874729,0,15,0.08731968742400308,0.3712144407489911,1,1,0.0,0.0,0,2,0.5428713560382926,0.47011432898191613,0,3,0.39107484598513365,0.5887055357628436,0,0.39107484598513365,0.5887055357628436,1.3286875,"{""1"": 179578.85890368448, ""2"": 174264.16192682623, ""3"": 170217.6425629901, ""4"": 169458.0992858783, ""5"": 168974.97726325103, ""6"": 168838.06482733577, ""7"": 168695.85508881428, ""8"": 168424.73946405845, ""9"": 168402.33319882498, ""10"": 168402.13443406022, ""11"": 168192.29611323547, ""12"": 168309.7722589423, ""13"": 167992.72246139866, ""14"": 167976.08820242333, ""15"": 168013.40738056114}",162.09194588661194
mueller_brown,short,vae,32000,10,1,9,3,3,0.07184375,13,0.09399709664791231,0.3726852840305696,0,15,0.07518375773085235,0.3506112368120197,1,2,0.9544574461314714,0.8650878074082428,0,2,0.9544574461314714,0.8650878074082428,0,3,0.5746473981945429,0.5870701253091869,0,0.5746473981945429,0.5870701253091869,1.3165624999999999,"{""1"": 179611.8431128498, ""2"": 174692.36007727435, ""3"": 172554.36330444724, ""4"": 172266.6292736514, ""5"": 171538.86777789282, ""6"": 171431.97103737856, ""7"": 171403.58923215, ""8"": 170845.06772924852, ""9"": 170730.80510078478, ""10"": 170613.7563891508, ""11"": 170568.90124860697, ""12"": 170609.225483217, ""13"": 170526.24591544096, ""14"": 170540.6289211132, ""15"": 170586.74653690672}",171.64153361320496
mueller_brown,short,vae,32000,10,1,10,3,3,0.13165625,10,0.24647416480736722,0.5196790862116392,0,15,0.17053450911396129,0.47049720325908156,1,2,0.8718333819140464,0.8285615515567658,0,2,0.8718333819140464,0.8285615515567658,0,2,0.8718333819140464,0.8285615515567658,0,0.6586541280093982,0.6606091296265744,1.0458125,"{""1"": 181233.26450853347, ""2"": 175224.2730703973, ""3"": 173618.59004124196, ""4"": 172802.90819611162, ""5"": 172549.10905405812, ""6"": 172329.23966605795, ""7"": 171947.00476096093, ""8"": 171862.60171452325, ""9"": 171673.36381684334, ""10"": 171616.83784799042, ""11"": 171672.8019348427, ""12"": 171634.56102755276, ""13"": 171619.93362588214, ""14"": 171678.4521442046, ""15"": 171633.29027392514}",171.54532551765442
mueller_brown,short,vae,32000,10,1,11,3,3,0.0620625,15,0.07576519661896805,0.33308185000616436,1,15,0.07576519661896805,0.33308185000616436,1,1,0.0,0.0,0,2,0.5286924794772698,0.4471211705707611,0,3,0.37997945356317686,0.5320202398974909,0,0.37997945356317686,0.5320202398974909,1.3711249999999997,"{""1"": 178458.21781902536, ""2"": 173743.68680609905, ""3"": 169538.18930657802, ""4"": 169247.93180500183, ""5"": 168469.31595412278, ""6"": 167207.44736827462, ""7"": 167091.13617323595, ""8"": 167047.56213509126, ""9"": 167266.8391248028, ""10"": 167090.5566472142, ""11"": 167034.60350018417, ""12"": 166991.8519923811, ""13"": 166968.80003299576, ""14"": 166883.76866100793, ""15"": 166672.93192830676}",162.0157825946808
mueller_brown,short,vae,32000,10,1,12,3,3,0.0514375,14,0.05738489897321101,0.2902230072609711,0,14,0.05738489897321101,0.2902230072609711,0,1,0.0,0.0,0,2,0.5412180827273195,0.4420533200452358,0,3,0.2985990626191751,0.511231094355689,0,0.2985990626191751,0.511231094355689,1.4688124999999999,"{""1"": 178037.4030676257, ""2"": 174732.37050525603, ""3"": 172367.82130967017, ""4"": 171524.55786150214, ""5"": 170839.0525703551, ""6"": 171097.21487659073, ""7"": 170771.89210648774, ""8"": 170577.77615881342, ""9"": 170597.06410531476, ""10"": 170586.7103596609, ""11"": 170546.32339654252, ""12"": 170519.9244060895, ""13"": 170556.69398134458, ""14"": 170485.47818633626, ""15"": 170574.23903073528}",158.84065985679626
mueller_brown,short,vae,32000,10,1,13,3,3,0.05203125,9,0.13176500447919315,0.3803915053849147,0,15,0.06295383258939966,0.31424235532268247,1,1,0.0,0.0,0,2,0.4973830215901535,0.42572132714117417,0,3,0.3744146369935947,0.5137318011066986,0,0.3744146369935947,0.5137318011066986,1.1091250000000001,"{""1"": 177110.83946782025, ""2"": 173273.07785641748, ""3"": 170102.68548986965, ""4"": 169695.7840352305, ""5"": 169399.9485541456, ""6"": 169383.80929680445, ""7"": 169013.73769744585, ""8"": 168837.3583892412, ""9"": 168806.30071572846, ""10"": 168909.70214823209, ""11"": 168824.30184352442, ""12"": 168882.83220318914, ""13"": 168878.56170955917, ""14"": 168866.64340318812, ""15"": 168882.3241073975}",161.0503809452057
mueller_brown,short,vae,32000,10,1,14,3,3,0.06275,12,0.09580754133542849,0.3669082257146363,0,15,0.07107860238459063,0.3367438500470013,1,1,0.0,0.0,0,4,0.3118229102225053,0.4814212987026447,0,3,0.39137110515277873,0.5300095172407456,0,0.39137110515277873,0.5300095172407456,1.3424375,"{""1"": 178011.0574021675, ""2"": 173933.09097208266, ""3"": 171929.14715644962, ""4"": 171427.24587041457, ""5"": 170758.15524606267, ""6"": 170632.6401282521, ""7"": 169936.53078739124, ""8"": 170032.93323952172, ""9"": 169578.48367932864, ""10"": 169417.81484524708, ""11"": 169380.83318992038, ""12"": 169196.16701473645, ""13"": 169223.97943972252, ""14"": 169203.73531643112, ""15"": 169229.47680610852}",163.72837924957275
mueller_brown,short,vae,32000,10,1,15,3,3,0.07546875,11,0.12637181330268418,0.4036635711012596,0,15,0.08492584850137058,0.3635056044105398,1,2,0.9529351343834842,0.8722153776619718,0,2,0.9529351343834842,0.8722153776619718,0,3,0.41198167973831457,0.5475680609084114,0,0.41198167973831457,0.5475680609084114,1.2032500000000002,"{""1"": 179195.6344764448, ""2"": 173185.85394254298, ""3"": 172256.49757415146, ""4"": 172151.70158649885, ""5"": 171822.8044318322, ""6"": 171656.20732143513, ""7"": 171233.82726746757, ""8"": 171306.11930055497, ""9"": 170974.38677881556, ""10"": 171035.6370139424, ""11"": 170819.19108280793, ""12"": 170886.39642577147, ""13"": 170901.26656748948, ""14"": 170941.41410083295, ""15"": 170891.0405500795}",170.28153085708618
mueller_brown,short,vae,32000,10,1,16,3,3,0.07465625,15,0.12168945556728485,0.4064005435389069,1,15,0.12168945556728485,0.4064005435389069,1,2,0.9151479260851172,0.8039854080404296,0,2,0.9151479260851172,0.8039854080404296,0,2,0.9151479260851172,0.8039854080404296,0,0.5095499769202794,0.58595728871505,1.25575,"{""1"": 175936.99315648625, ""2"": 171162.53166597028, ""3"": 169747.2937760483, ""4"": 169341.47528616193, ""5"": 168619.60834227485, ""6"": 168727.8710080328, ""7"": 168466.46850002333, ""8"": 168604.7090911043, ""9"": 168123.17453290606, ""10"": 168003.9039951462, ""11"": 168035.60015107712, ""12"": 167878.2711385984, ""13"": 167774.47655020922, ""14"": 167673.95005686508, ""15"": 167044.5757226286}",171.98084568977356
mueller_brown,short,vae,32000,10,1,17,3,3,0.0536875,13,0.08715976111962238,0.34871388352076177,0,15,0.07103831118127042,0.32852272769284796,1,2,0.9601873721367559,0.8715058228015979,0,2,0.9601873721367559,0.8715058228015979,0,3,0.37023108423709866,0.5427598813662449,0,0.37023108423709866,0.5427598813662449,1.3198124999999998,"{""1"": 180124.81069851137, ""2"": 173375.8586405013, ""3"": 172547.71594714036, ""4"": 172310.74254915002, ""5"": 172218.197218576, ""6"": 171685.1627524487, ""7"": 171373.78398851104, ""8"": 171432.2028775408, ""9"": 171254.74427630592, ""10"": 171078.01827711606, ""11"": 170828.26146870034, ""12"": 171037.72654997685, ""13"": 170792.99531594545, ""14"": 170827.9918310912, ""15"": 170811.17903830486}",173.78771662712097
mueller_brown,short,vae,32000,10,1,18,3,3,0.08290625,15,0.1067270352255034,0.3854561942553798,1,15,0.1067270352255034,0.3854561942553798,1,1,0.0,0.0,0,2,0.9013482686033594,0.7891904307087969,0,2,0.9013482686033594,0.7891904307087969,0,0.5297932209852003,0.5798369087058741,1.2786875000000002,"{""1"": 174404.89632906002, ""2"": 171474.3765168506, ""3"": 169254.32124976482, ""4"": 168639.1819110312, ""5"": 167801.61436921827, ""6"": 168175.4075386324, ""7"": 167561.62094087913, ""8"": 167446.71882726808, ""9"": 167325.1183999671, ""10"": 167403.9221909886, ""11"": 167162.74388191762, ""12"": 167148.90121885945, ""13"": 167014.85017462657, ""14"": 167160.79704820123, ""15"": 166604.89503123332}",167.9434187412262
mueller_brown,short,vae,32000,10,1,19,3,3,0.05671875,13,0.08136803144725654,0.32766238384315866,0,13,0.08136803144725654,0.32766238384315866,0,2,0.9672334515608848,0.8802366468199182,0,2,0.9672334515608848,0.8802366468199182,0,3,0.3316482737543152,0.5388380505820478,0,0.3316482737543152,0.5388380505820478,1.3690624999999998,"{""1"": 178398.89417925815, ""2"": 171919.28831442093, ""3"": 171985.39805493472, ""4"": 171093.82282754328, ""5"": 171002.1345901491, ""6"": 170899.02971639167, ""7"": 170377.60918797445, ""8"": 170438.43976585453, ""9"": 170189.5780597965, ""10"": 170131.98087209888, ""11"": 170352.4116718841, ""12"": 170380.54268285361, ""13"": 169981.72355305767, ""14"": 170124.48541215362, ""15"": 170161.9597694395}",170.73184466362
mueller_brown,subsample,pca,250,10,1,0,3,3,0.088,6,0.3174472968396849,0.5788630085929001,0,14,0.14980398251129304,0.44123785790275016,0,4,0.4726660028846075,0.670695832045565,0,2,0.9166724451308158,0.8387804790075488,0,2,0.9166724451308158,0.8387804790075488,0,0.42683941821861926,0.6128781448754226,0.8,"{""1"": 1928.0033352945916, ""2"": 1293.415049490622, ""3"": 1129.7667542109136, ""4"": 1050.3751658061858, ""5"": 1005.0810813962228, ""6"": 1004.9327222133519, ""7"": 1026.4500203426667, ""8"": 1030.5074608737068, ""9"": 1049.4624634372262, ""10"": 1060.2121724469482, ""11"": 1061.6032866014946, ""12"": 1082.905561437679, ""13"": 1101.7087074398082, ""14"": 1105.873759516846, ""15"": 1128.4229775283225}",8.577037811279297
mueller_brown,subsample,pca,250,10,1,1,3,3,0.06,7,0.21680747385898025,0.49552383307835957,0,13,0.14735878695165083,0.4426643755676549,0,8,0.2040522626316826,0.47909178069502373,0,2,0.9554770596753805,0.8909408849802135,0,2,0.9554770596753805,0.8909408849802135,0,0.4191268312470801,0.6221755206686049,0.976,"{""1"": 1885.619180284787, ""2"": 1240.5497201256464, ""3"": 1072.2765752728626, ""4"": 967.5998099867388, ""5"": 940.0126805373973, ""6"": 933.5758848794468, ""7"": 896.8415695073736, ""8"": 899.2521061166026, ""9"": 904.2288710549159, ""10"": 923.5705257487339, ""11"": 944.2793286011713, ""12"": 964.4716555562263, ""13"": 941.033868994459, ""14"": 979.2473500848109, ""15"": 984.0750911276514}",8.656342506408691
mueller_brown,subsample,pca,250,10,1,2,3,3,0.092,6,0.3199001935324581,0.5683131060085883,0,14,0.1772969532915135,0.48196111977717887,0,5,0.36356442268805866,0.6051839128270813,0,2,0.9315565346884979,0.8705547474913791,0,2,0.9315565346884979,0.8705547474913791,0,0.5286757105657405,0.66181990062071,0.768,"{""1"": 1932.2570568643655, ""2"": 1271.2067977796637, ""3"": 1098.4797820812769, ""4"": 1045.3887809012651, ""5"": 1004.4805498043906, ""6"": 993.2925595155476, ""7"": 1008.1583527963974, ""8"": 1034.3969298158213, ""9"": 1034.0606755897318, ""10"": 1040.3582330811578, ""11"": 1074.1336279205443, ""12"": 1095.637095763932, ""13"": 1100.4959988626608, ""14"": 1114.113412924722, ""15"": 1141.7628883744574}",8.565524339675903
mueller_brown,subsample,pca,250,10,1,3,3,3,0.048,7,0.22208871623858542,0.47078359123234775,0,15,0.11556313854299488,0.39583266133942496,1,5,0.2850325394460635,0.5028641092308863,0,2,0.9473777883851376,0.8624390052348466,0,2,0.9473777883851376,0.8624390052348466,0,0.4364846570201218,0.6000984112221075,0.9280000000000002,"{""1"": 1877.0497719696955, ""2"": 1208.8053196865344, ""3"": 1055.6644978426264, ""4"": 843.8723644819299, ""5"": 807.49470829257, ""6"": 799.9594804458309, ""7"": 797.8386258035418, ""8"": 821.2877259964954, ""9"": 817.6812315882893, ""10"": 837.0218020797068, ""11"": 859.7880412370307, ""12"": 864.8097247572009, ""13"": 866.9166200607553, ""14"": 871.4072835238018, ""15"": 888.3000717552796}",8.609360933303833
mueller_brown,subsample,pca,250,10,1,4,3,3,0.072,7,0.18809642918496,0.47178605553650943,0,11,0.13015490030896,0.4173743414596225,0,4,0.5004280515086733,0.7208318282850164,0,2,0.9591799358580831,0.8847771135207544,0,2,0.9591799358580831,0.8847771135207544,0,0.46081466885163164,0.6178997920483242,1.016,"{""1"": 1862.1987723050192, ""2"": 1221.3930503201211, ""3"": 1060.5365030399316, ""4"": 1018.5794650594514, ""5"": 978.6028320128346, ""6"": 957.1864057109062, ""7"": 949.1684903538371, ""8"": 966.2017822381545, ""9"": 982.7861682176999, ""10"": 980.5430790376288, ""11"": 982.9022843163034, ""12"": 1012.1852279894847, ""13"": 1034.0779320262793, ""14"": 1054.7925300263958, ""15"": 1088.1651328391508}",8.611632585525513
mueller_brown,subsample,pca,250,10,1,5,3,3,0.112,6,0.27700844508951167,0.5589025053903033,0,15,0.1809021231906696,0.46051470949915574,1,6,0.27700844508951167,0.5589025053903033,0,2,0.9268074744699437,0.8356291269532922,0,2,0.9268074744699437,0.8356291269532922,0,0.4559898513160225,0.6062550544364356,0.888,"{""1"": 1894.7824982687218, ""2"": 1290.8434959432254, ""3"": 1151.8729437151699, ""4"": 1044.2287455996745, ""5"": 1014.3641732184267, ""6"": 986.0237190352399, ""7"": 1004.2513472511328, ""8"": 1003.5930312413038, ""9"": 1029.4972759960724, ""10"": 1053.9032778149844, ""11"": 1040.5602063192782, ""12"": 1068.83508386359, ""13"": 1088.2906995454478, ""14"": 1107.3377657803462, ""15"": 1115.1179181994225}",8.70765733718872
mueller_brown,subsample,pca,250,10,1,6,3,3,0.056,6,0.24713241763876953,0.45933935444190677,0,13,0.13526905650990723,0.41262834826567907,0,6,0.24713241763876953,0.45933935444190677,0,2,0.8426061612271837,0.7113671928748071,0,2,0.8426061612271837,0.7113671928748071,0,0.49307185949816246,0.5948245705549957,0.8559999999999999,"{""1"": 1839.3749715797803, ""2"": 1146.301276445866, ""3"": 1081.7666668062693, ""4"": 938.0943431584187, ""5"": 909.1949099823098, ""6"": 886.1540930014382, ""7"": 889.465583090021, ""8"": 904.665013580829, ""9"": 912.9448979531736, ""10"": 929.1538692145903, ""11"": 958.6507705227502, ""12"": 965.0683546748683, ""13"": 979.0873851049782, ""14"": 1001.9178835185569, ""15"": 1029.109773723515}",8.852584600448608
mueller_brown,subsample,pca,250,10,1,7,3,3,0.08,6,0.3268890967702458,0.5589427945414078,0,14,0.13446848644871792,0.44987115793590254,0,4,0.4357236919367306,0.6448865980308374,0,2,0.9059193697598074,0.8171495805540049,0,2,0.9059193697598074,0.8171495805540049,0,0.4324944830485464,0.6128491518851383,0.8079999999999999,"{""1"": 1913.5721984984789, ""2"": 1239.3806611662978, ""3"": 1068.1122531266972, ""4"": 952.5295521671221, ""5"": 932.7417739112502, ""6"": 932.1127446606072, ""7"": 934.2035731516714, ""8"": 945.620735236232, ""9"": 940.3332364916293, ""10"": 964.4526282218833, ""11"": 995.2808463051226, ""12"": 997.2982614065381, ""13"": 1030.6805667589554, ""14"": 1029.076577828395, ""15"": 1075.4404211760484}",8.414010286331177
mueller_brown,subsample,pca,250,10,1,8,3,3,0.06,7,0.21815411177335797,0.5051946996931362,0,15,0.12226642552669309,0.4013416307169094,1,4,0.39237341793051,0.6242651882682588,0,2,0.9089516310341632,0.7975781928749932,0,2,0.9089516310341632,0.7975781928749932,0,0.3725228174469541,0.5436061285450065,1.0,"{""1"": 1836.1570773069602, ""2"": 1125.4009790950022, ""3"": 976.392122988627, ""4"": 898.1993871007646, ""5"": 876.6630099249528, ""6"": 878.6418281828269, ""7"": 874.0484165610619, ""8"": 880.6146919773856, ""9"": 886.7946701608425, ""10"": 913.856707078198, ""11"": 933.0561103817674, ""12"": 952.5179320445146, ""13"": 977.8627968496096, ""14"": 975.4356365885194, ""15"": 988.4917553004308}",8.887282848358154
mueller_brown,subsample,pca,250,10,1,9,3,3,0.092,5,0.4208113899193684,0.6438317341214597,0,15,0.1612194708684047,0.4755221139578534,1,5,0.4208113899193684,0.6438317341214597,0,2,0.9368137307889087,0.8718754123611829,0,2,0.9368137307889087,0.8718754123611829,0,0.519386549053178,0.6546146088535076,0.6320000000000001,"{""1"": 1878.2801574705295, ""2"": 1153.3208937900292, ""3"": 1040.3921058333246, ""4"": 977.6237233482964, ""5"": 907.6379849799388, ""6"": 913.7491090524443, ""7"": 930.2550855140892, ""8"": 930.4535010354113, ""9"": 954.7776935733359, ""10"": 973.8277366320801, ""11"": 987.71868727283, ""12"": 989.8507612390326, ""13"": 1019.9482667474444, ""14"": 1044.9162858766574, ""15"": 1045.9126623304965}",8.811982154846191
mueller_brown,subsample,pca,250,10,1,10,3,3,0.088,6,0.39600055681386676,0.594815512401567,0,12,0.20911408943252946,0.49458777637442636,0,6,0.39600055681386676,0.594815512401567,0,2,0.9142177029267413,0.8386444793114497,0,2,0.9142177029267413,0.8386444793114497,0,0.5622425393434906,0.6539194387564012,0.616,"{""1"": 1913.431318786602, ""2"": 1227.6120761658674, ""3"": 1089.0539663800773, ""4"": 1031.5222869117347, ""5"": 954.6843278522903, ""6"": 936.3351185266697, ""7"": 955.7338735906217, ""8"": 948.9701874871076, ""9"": 967.038687123133, ""10"": 967.6290975538041, ""11"": 995.5659324172871, ""12"": 1002.8114576950522, ""13"": 1030.8571605316756, ""14"": 1051.7069403167602, ""15"": 1069.2136620152846}",8.582889080047607
mueller_brown,subsample,pca,250,10,1,11,3,3,0.092,7,0.20811573169739567,0.5179903704425057,0,15,0.13289165056356342,0.4344755447501038,1,5,0.3304903155291055,0.5690825942113208,0,2,0.9484867128640201,0.8757354950928147,0,2,0.9484867128640201,0.8757354950928147,0,0.3928999922733588,0.6050521437257613,1.072,"{""1"": 1868.419611312087, ""2"": 1264.8651490958548, ""3"": 1155.9940210164104, ""4"": 1033.6460414435148, ""5"": 976.7776139929676, ""6"": 979.0458794526934, ""7"": 969.4982031212753, ""8"": 993.0480502733136, ""9"": 1009.342501993759, ""10"": 1012.8953213799905, ""11"": 1022.9894719875967, ""12"": 1037.2590910957233, ""13"": 1058.4786835269022, ""14"": 1084.410514291526, ""15"": 1088.0341196965264}",8.780555486679077
mueller_brown,subsample,pca,250,10,1,12,3,3,0.072,7,0.20617144339124568,0.47764972693650776,0,15,0.09399869800009333,0.3693279116888704,1,7,0.20617144339124568,0.47764972693650776,0,2,0.963124829281617,0.8861370526867554,0,2,0.963124829281617,0.8861370526867554,0,0.3949315951742882,0.5891716765189365,0.9039999999999999,"{""1"": 1860.8972154276926, ""2"": 1242.3950879288634, ""3"": 1026.872332987826, ""4"": 948.1076856422601, ""5"": 924.4372977979366, ""6"": 918.5626820597834, ""7"": 904.9565307672706, ""8"": 917.4792637080192, ""9"": 931.6880621480537, ""10"": 947.2653761778201, ""11"": 960.751391045623, ""12"": 979.6044132805495, ""13"": 999.7901226718952, ""14"": 1023.372502171605, ""15"": 1037.3474529756995}",8.514788150787354
mueller_brown,subsample,pca,250,10,1,13,3,3,0.056,5,0.2632673854687998,0.5059306009530348,0,12,0.1274546375773288,0.38691585722399024,0,5,0.2632673854687998,0.5059306009530348,0,2,0.9509889349360777,0.8506571883904074,0,2,0.9509889349360777,0.8506571883904074,0,0.3535110821573735,0.5432456662759171,0.8879999999999999,"{""1"": 1840.939930524101, ""2"": 1265.3579695866194, ""3"": 1083.5717067152266, ""4"": 1008.0306342609283, ""5"": 967.2808964175686, ""6"": 995.5936104265104, ""7"": 981.2530422441519, ""8"": 984.5055223503053, ""9"": 989.2247795070012, ""10"": 1004.6948066049299, ""11"": 1009.8028227098473, ""12"": 1024.4573630816767, ""13"": 1056.3502533160008, ""14"": 1072.6271752075259, ""15"": 1103.9597352133767}",8.43730902671814
mueller_brown,subsample,pca,250,10,1,14,3,3,0.052,7,0.20033979566267468,0.47270122101000517,0,15,0.125288906185644,0.42300854518235476,1,6,0.27978292246094477,0.537461903924438,0,2,0.9636607053608643,0.8973584501197773,0,2,0.9636607053608643,0.8973584501197773,0,0.4485335477186851,0.6232047906710354,1.072,"{""1"": 1842.328511211635, ""2"": 1177.4430558509782, ""3"": 1033.5804989171868, ""4"": 942.059993926943, ""5"": 909.5972053877182, ""6"": 897.8758956962636, ""7"": 875.5504282839877, ""8"": 888.3721181513059, ""9"": 885.5279944486205, ""10"": 882.3602499820192, ""11"": 903.6146240083135, ""12"": 913.8265639391311, ""13"": 929.710279312611, ""14"": 953.8185271327765, ""15"": 954.4213289083526}",8.363790273666382
mueller_brown,subsample,pca,250,10,1,15,3,3,0.068,6,0.164708337790194,0.37306240574087374,0,15,0.08279687792190632,0.3195398756206227,1,4,0.25706793513448634,0.4506783627621662,0,2,0.853575085048513,0.710170762246002,0,2,0.853575085048513,0.710170762246002,0,0.3371956991164075,0.5064575772660437,1.016,"{""1"": 1781.324260923526, ""2"": 1232.8761013176677, ""3"": 1122.5185452028106, ""4"": 1041.737662764101, ""5"": 1028.1576978239323, ""6"": 1013.1690099256236, ""7"": 1015.882905301638, ""8"": 1014.9997364878702, ""9"": 1015.4631779728119, ""10"": 1028.8929178742735, ""11"": 1037.0818330353072, ""12"": 1046.0597784209372, ""13"": 1081.9765562349296, ""14"": 1089.8571786231844, ""15"": 1103.931266978223}",8.646462440490723
mueller_brown,subsample,pca,250,10,1,16,3,3,0.06,5,0.27371562335470184,0.5440261479572122,0,15,0.12561005703177822,0.42392617227949575,1,4,0.43651669293945106,0.6389962885849427,0,2,0.8416882222245738,0.7205130689568046,0,2,0.8416882222245738,0.7205130689568046,0,0.5363631956467546,0.6237871427731003,0.904,"{""1"": 1843.4291854147184, ""2"": 1116.1975815882845, ""3"": 1007.6533016559783, ""4"": 845.0554714237585, ""5"": 839.1711906104599, ""6"": 844.8414910507304, ""7"": 851.2044476877761, ""8"": 875.7408932147578, ""9"": 902.6234062027307, ""10"": 905.1162653834906, ""11"": 901.5989562239379, ""12"": 910.9594152750465, ""13"": 917.4332101599609, ""14"": 929.1495402203659, ""15"": 940.2100512668908}",8.427623748779297
mueller_brown,subsample,pca,250,10,1,17,3,3,0.076,7,0.20979640978257133,0.5198182246336656,0,14,0.13650814422514396,0.44247182560736775,0,4,0.3967621628505316,0.6277581763398702,0,2,0.8843000515149082,0.7709436402847185,0,2,0.8843000515149082,0.7709436402847185,0,0.41090635677549303,0.6119175625216241,1.016,"{""1"": 1887.4467914295246, ""2"": 1253.5435101345988, ""3"": 1187.9616889689194, ""4"": 1018.7469436844194, ""5"": 993.82808657088, ""6"": 974.4708414557773, ""7"": 973.103841073085, ""8"": 986.2924059938363, ""9"": 1027.7342133683146, ""10"": 1027.1906252641772, ""11"": 1035.979220396265, ""12"": 1022.9864813827053, ""13"": 1038.645762157731, ""14"": 1050.5896883748755, ""15"": 1100.4647457925828}",8.765990972518921
mueller_brown,subsample,pca,250,10,1,18,3,3,0.024,7,0.05076082903921558,0.21327724659648797,0,15,0.024387185701023432,0.18723727068355275,1,4,0.12999880480870563,0.3153203307794077,0,2,0.5053840001400237,0.39067410407175646,0,3,0.197106124898886,0.3980167714465276,0,0.197106124898886,0.3980167714465276,1.288,"{""1"": 1637.5931013040654, ""2"": 1183.9289879463302, ""3"": 1125.8058083655449, ""4"": 1070.2597918417073, ""5"": 1067.3146355933177, ""6"": 1075.988502841348, ""7"": 1059.9040399091616, ""8"": 1087.9083535593309, ""9"": 1104.1651178104216, ""10"": 1109.342501428723, ""11"": 1126.1747355398804, ""12"": 1142.5777445241924, ""13"": 1158.5214373537412, ""14"": 1174.7433623594045, ""15"": 1193.4352265868486}",8.675994396209717
mueller_brown,subsample,pca,250,10,1,19,3,3,0.068,6,0.24784459116166868,0.4932166795948854,0,15,0.10075577925211453,0.37026605885333813,1,6,0.24784459116166868,0.4932166795948854,0,2,0.8559126263374826,0.7180530067038284,0,2,0.8559126263374826,0.7180530067038284,0,0.3872297066697277,0.5528982446488973,0.8640000000000001,"{""1"": 1801.8189382309768, ""2"": 1224.679783229972, ""3"": 1102.3734547191234, ""4"": 1043.8541887687827, ""5"": 1034.0906388058993, ""6"": 999.3651788290625, ""7"": 1006.3143190193703, ""8"": 1011.561162386104, ""9"": 1029.753144892387, ""10"": 1045.1325909373893, ""11"": 1053.2245003850621, ""12"": 1073.7566239955513, ""13"": 1086.8857255076757, ""14"": 1117.1290180927253, ""15"": 1115.7758274167604}",8.644137144088745
mueller_brown,subsample,pca,500,10,1,0,3,3,0.1,10,0.24467793174071392,0.5276860721620682,0,15,0.1894146388250187,0.4809962459085643,1,5,0.37738383923129115,0.606788843411914,0,2,0.911749775211699,0.8384798299002614,0,2,0.911749775211699,0.8384798299002614,0,0.4841759890221342,0.6356574672128205,0.96,"{""1"": 3836.148586635238, ""2"": 2441.2603108989897, ""3"": 2192.9859405013462, ""4"": 2005.3883382464728, ""5"": 1848.5379932505925, ""6"": 1831.624237745226, ""7"": 1830.151794511522, ""8"": 1832.986161153049, ""9"": 1843.2696628398999, ""10"": 1810.6271219101036, ""11"": 1837.6104695074466, ""12"": 1831.5090950994975, ""13"": 1853.2424402541383, ""14"": 1861.4521954100283, ""15"": 1880.4578079636126}",1.3563103675842285
mueller_brown,subsample,pca,500,10,1,1,3,3,0.074,8,0.1991027648958473,0.4845122391341107,0,15,0.13465282589372687,0.42126598021635775,1,6,0.3078381087905849,0.5525763041516758,0,2,0.9486889770282702,0.8815987977434816,0,2,0.9486889770282702,0.8815987977434816,0,0.5052430650976779,0.6289762231717031,1.02,"{""1"": 3824.064319027567, ""2"": 2710.1385202966508, ""3"": 2360.427658290954, ""4"": 2083.504648282163, ""5"": 2012.1417938554691, ""6"": 1922.2265963701323, ""7"": 1888.4608415418124, ""8"": 1887.5168147844859, ""9"": 1895.1546732788988, ""10"": 1904.3141881870015, ""11"": 1897.4627575699683, ""12"": 1907.0644519436767, ""13"": 1962.9316972263073, ""14"": 1963.4016806004213, ""15"": 1971.1940492817432}",1.4986698627471924
mueller_brown,subsample,pca,500,10,1,2,3,3,0.1,12,0.18823080491538763,0.4817552731164388,0,15,0.14871482423549254,0.460863391157484,1,7,0.2797054485796758,0.5173204138359597,0,2,0.9165674616225539,0.8478248866499231,0,2,0.9165674616225539,0.8478248866499231,0,0.5124635429647243,0.648624339562571,1.108,"{""1"": 3867.419855177985, ""2"": 2590.2574576173693, ""3"": 2279.3704596678404, ""4"": 2049.6602969748305, ""5"": 1971.7451292914411, ""6"": 1936.1596393188458, ""7"": 1911.1044008773697, ""8"": 1902.4486733572703, ""9"": 1904.1411614189344, ""10"": 1915.4460192283732, ""11"": 1876.363678914678, ""12"": 1876.3530754136975, ""13"": 1898.6212808982232, ""14"": 1907.8546672583434, ""15"": 1924.1577661733745}",1.5602576732635498
mueller_brown,subsample,pca,500,10,1,3,3,3,0.062,9,0.185378581819719,0.462976094084606,0,15,0.13874615747993632,0.41804149663009194,1,6,0.2573122138944475,0.5365982000989163,0,2,0.9499439607342022,0.8681997846382168,0,2,0.9499439607342022,0.8681997846382168,0,0.41706420424892277,0.5998751619473282,1.016,"{""1"": 3661.879886106991, ""2"": 2290.477825113674, ""3"": 2000.1502065462787, ""4"": 1840.4794057624683, ""5"": 1743.5786410822946, ""6"": 1706.4845805536386, ""7"": 1634.603154426665, ""8"": 1600.5115608141948, ""9"": 1587.86604062491, ""10"": 1594.225782726619, ""11"": 1621.972839136407, ""12"": 1620.2831215930298, ""13"": 1667.1070076057044, ""14"": 1685.6458642472385, ""15"": 1681.137143811612}",1.639545202255249
mueller_brown,subsample,pca,500,10,1,4,3,3,0.072,10,0.1392283357002067,0.42098647227990404,0,15,0.09878983891493388,0.3744635775133811,1,5,0.3059885632107133,0.5085841849291456,0,2,0.9057923456995349,0.7913729673088337,0,2,0.9057923456995349,0.7913729673088337,0,0.4325661950398597,0.609390998006564,1.1960000000000002,"{""1"": 3673.663611756256, ""2"": 2400.3115320268917, ""3"": 2162.6097241044313, ""4"": 1884.2369953056514, ""5"": 1803.4284394476724, ""6"": 1794.6519233026886, ""7"": 1772.856668336909, ""8"": 1753.8179894476073, ""9"": 1748.9794057458632, ""10"": 1740.506545949353, ""11"": 1748.39882705376, ""12"": 1768.788113106112, ""13"": 1752.087700953305, ""14"": 1760.506486861938, ""15"": 1771.2744615887507}",1.5285155773162842
mueller_brown,subsample,pca,500,10,1,5,3,3,0.092,9,0.19739114110555173,0.48478248712274685,0,15,0.1482655509337768,0.4241099712118385,1,6,0.33250211643435773,0.5765396540671361,0,2,0.947252763201145,0.8752188591521418,0,2,0.947252763201145,0.8752188591521418,0,0.4631478688632461,0.6159630436455119,1.084,"{""1"": 3766.6385110928118, ""2"": 2511.3757442069077, ""3"": 2253.6551080623044, ""4"": 1976.9982992736097, ""5"": 1900.3908339715533, ""6"": 1853.6189637700686, ""7"": 1847.145873402446, ""8"": 1840.5715803684852, ""9"": 1813.5715801357119, ""10"": 1835.088664195121, ""11"": 1870.8121480732605, ""12"": 1865.2881228998983, ""13"": 1893.4262333137585, ""14"": 1899.1322828421185, ""15"": 1897.724863251559}",1.5185494422912598
mueller_brown,subsample,pca,500,10,1,6,3,3,0.066,9,0.14099784930468043,0.42835596960437805,0,15,0.09841543479868035,0.38508592918450674,1,5,0.278224774324555,0.5266265951434276,0,2,0.9178519370393802,0.804089977871242,0,2,0.9178519370393802,0.804089977871242,0,0.35665923316680676,0.5349425736969795,1.1520000000000001,"{""1"": 3671.0300857995985, ""2"": 2332.74916096954, ""3"": 1964.3373934676092, ""4"": 1885.0538454959249, ""5"": 1723.513033225928, ""6"": 1684.607705297222, ""7"": 1681.214564613196, ""8"": 1689.7832964400513, ""9"": 1646.1740424322938, ""10"": 1666.9716429216264, ""11"": 1693.3025794264267, ""12"": 1713.4022238964321, ""13"": 1735.1193172659287, ""14"": 1761.2826457823162, ""15"": 1778.282413868064}",1.4866342544555664
mueller_brown,subsample,pca,500,10,1,7,3,3,0.094,6,0.2796973950455325,0.5732348157959304,0,15,0.15543350968460012,0.46179647878977886,1,5,0.4070237345934161,0.6446150363392411,0,2,0.8774319320302842,0.7785019636937934,0,2,0.8774319320302842,0.7785019636937934,0,0.47613756240037514,0.6140537466181949,1.0,"{""1"": 3806.742350414673, ""2"": 2592.678009214737, ""3"": 2316.900244695551, ""4"": 2006.3453672220242, ""5"": 1906.8782868673131, ""6"": 1876.1675970279473, ""7"": 1884.7809811985271, ""8"": 1883.3150230984702, ""9"": 1896.2156950963545, ""10"": 1894.7244272424045, ""11"": 1928.4791824388794, ""12"": 1923.5855457622592, ""13"": 1928.9209550627693, ""14"": 1938.4609431640229, ""15"": 1959.2182963932578}",1.4589614868164062
mueller_brown,subsample,pca,500,10,1,8,3,3,0.066,9,0.20073203645315052,0.44376538761810563,0,14,0.11448212361762844,0.38487324660641314,0,6,0.2592462446155826,0.492110399027194,0,2,0.9477464791032434,0.8544395832235769,0,2,0.9477464791032434,0.8544395832235769,0,0.3961688300103156,0.5771634951753218,0.928,"{""1"": 3682.4503251246047, ""2"": 2448.9809561109423, ""3"": 2104.6815427340694, ""4"": 1902.0265043891936, ""5"": 1786.822992715465, ""6"": 1712.9742261327858, ""7"": 1689.3185840895742, ""8"": 1679.8701177223652, ""9"": 1656.9242897571671, ""10"": 1692.026097339999, ""11"": 1682.1647118994551, ""12"": 1697.5994297455893, ""13"": 1719.9018684238413, ""14"": 1745.1407621897592, ""15"": 1782.903813914397}",1.4205491542816162
mueller_brown,subsample,pca,500,10,1,9,3,3,0.094,6,0.29433848879474206,0.5774139874764218,0,15,0.17365586357845336,0.45246956240748837,1,4,0.4360071997211633,0.620917053196115,0,2,0.9293283737852611,0.8520552762659943,0,2,0.9293283737852611,0.8520552762659943,0,0.5200228041192733,0.6426237722215942,0.8639999999999999,"{""1"": 3787.6722253072235, ""2"": 2575.7058283827155, ""3"": 2169.331222189443, ""4"": 1861.7943179294275, ""5"": 1824.4647179095957, ""6"": 1789.297238083153, ""7"": 1800.4138132991025, ""8"": 1793.040847074105, ""9"": 1808.8690000168626, ""10"": 1825.0130433561744, ""11"": 1824.8583548646418, ""12"": 1846.9324184842187, ""13"": 1861.7765781775888, ""14"": 1873.2604281251438, ""15"": 1888.5555741706123}",1.4449052810668945
mueller_brown,subsample,pca,500,10,1,10,3,3,0.084,7,0.280222617551645,0.5394687726323957,0,15,0.14154246979303242,0.4483012517735072,1,5,0.38993755242637024,0.5952880770413659,0,2,0.9172547679001009,0.8406803310868645,0,2,0.9172547679001009,0.8406803310868645,0,0.4485771671892043,0.6406986157074269,0.9159999999999999,"{""1"": 3799.8901630509886, ""2"": 2384.3353713823435, ""3"": 2103.602716007424, ""4"": 1913.1637066138853, ""5"": 1746.0641921587169, ""6"": 1708.7813170751501, ""7"": 1690.2930260453513, ""8"": 1697.1183976200505, ""9"": 1714.61918039765, ""10"": 1738.3143647188595, ""11"": 1740.2388560515562, ""12"": 1746.7975202760533, ""13"": 1769.366029896899, ""14"": 1779.6953923910046, ""15"": 1790.5901704718208}",1.482137680053711
mueller_brown,subsample,pca,500,10,1,11,3,3,0.072,7,0.24588941631486566,0.4942136021076461,0,14,0.1511529513171811,0.43920733280544083,0,5,0.3585710845942301,0.5767063011185724,0,2,0.7827354769085965,0.6638613187298165,0,2,0.7827354769085965,0.6638613187298165,0,0.5275981158111326,0.6315509448916816,0.9680000000000002,"{""1"": 3738.1636836554094, ""2"": 2396.053217460084, ""3"": 2117.994056007802, ""4"": 1799.6466589286754, ""5"": 1731.6051077102904, ""6"": 1677.2924758786564, ""7"": 1673.6417688260701, ""8"": 1684.05631746502, ""9"": 1691.780942382034, ""10"": 1690.2012181641344, ""11"": 1696.1938039215704, ""12"": 1703.069657734722, ""13"": 1726.3201513274466, ""14"": 1748.3046909716086, ""15"": 1784.3679893812816}",1.528810739517212
mueller_brown,subsample,pca,500,10,1,12,3,3,0.066,7,0.20606088499080055,0.46825652512308585,0,15,0.08763674283114277,0.3620103927720029,1,5,0.2778066405914961,0.5271696810129839,0,2,0.8743012791800416,0.7444070414876056,0,2,0.8743012791800416,0.7444070414876056,0,0.33593554335933057,0.5004881703159278,0.9799999999999999,"{""1"": 3680.1490831040287, ""2"": 2475.1921954838904, ""3"": 2108.994951448327, ""4"": 1919.9113214794268, ""5"": 1808.4786913620312, ""6"": 1769.6752989581134, ""7"": 1761.254471163148, ""8"": 1771.1341691594835, ""9"": 1773.4806818196682, ""10"": 1790.5485425155034, ""11"": 1812.0022195154543, ""12"": 1814.0071749678632, ""13"": 1838.2803251153737, ""14"": 1862.0073092280718, ""15"": 1850.130259998145}",1.2999553680419922
mueller_brown,subsample,pca,500,10,1,13,3,3,0.052,8,0.11876986174974143,0.39509543527308355,0,15,0.0926567110551552,0.3614431193910841,1,6,0.20666092156099958,0.4655694202021053,0,2,0.9710954710918288,0.8970363111309086,0,2,0.9710954710918288,0.8970363111309086,0,0.35828779877242467,0.5709038255349919,1.3079999999999998,"{""1"": 3657.318984095896, ""2"": 2350.9949450348813, ""3"": 2032.2137489599431, ""4"": 1826.280736329949, ""5"": 1681.8128168015098, ""6"": 1624.419332281793, ""7"": 1610.6745107128133, ""8"": 1596.8889990011096, ""9"": 1599.5909118919792, ""10"": 1635.5567200010541, ""11"": 1629.6499243354863, ""12"": 1643.7691633567392, ""13"": 1657.345181497607, ""14"": 1666.5064542985401, ""15"": 1687.4809673370942}",1.3828048706054688
mueller_brown,subsample,pca,500,10,1,14,3,3,0.046,8,0.2146532472640935,0.4861205630292764,0,15,0.11335953927041752,0.3935792738009525,1,5,0.31639650541043934,0.5873188701497088,0,2,0.9669118074855766,0.9028973942139721,0,2,0.9669118074855766,0.9028973942139721,0,0.42686546013501225,0.6169180023828092,1.0,"{""1"": 3709.144970075203, ""2"": 2294.5646055294096, ""3"": 1914.8052864755095, ""4"": 1722.6125650222307, ""5"": 1603.9877633455083, ""6"": 1569.5031078927102, ""7"": 1560.357910011448, ""8"": 1529.6536858714749, ""9"": 1551.5388676885582, ""10"": 1533.7185864636895, ""11"": 1560.2790641817116, ""12"": 1577.190294646462, ""13"": 1594.9176000483062, ""14"": 1632.2364128954068, ""15"": 1630.6612092654896}",1.3443338871002197
mueller_brown,subsample,pca,500,10,1,15,3,3,0.058,9,0.1400992489829728,0.3748538729949241,0,15,0.08425187044614565,0.3232051214430949,1,7,0.1574533516150253,0.4021360142677468,0,2,0.8927266716469987,0.758332938265946,0,2,0.8927266716469987,0.758332938265946,0,0.4274786768230597,0.5812613251686594,1.16,"{""1"": 3584.049377047561, ""2"": 2483.4155251540324, ""3"": 2189.8883259676095, ""4"": 2006.8568185786803, ""5"": 1891.4530798929306, ""6"": 1838.6626778992274, ""7"": 1806.3507771569712, ""8"": 1805.5397912211033, ""9"": 1797.8956339182225, ""10"": 1809.7593970777066, ""11"": 1826.0801293091592, ""12"": 1839.2778364309622, ""13"": 1857.016973621197, ""14"": 1871.8368224671963, ""15"": 1886.3087758517877}",1.5774343013763428
mueller_brown,subsample,pca,500,10,1,16,3,3,0.06,8,0.1743165123815833,0.47194122018529067,0,15,0.1159977043458731,0.40603262044529176,1,6,0.273269105921613,0.5404161757698104,0,2,0.9440101471949812,0.8519734884382641,0,2,0.9440101471949812,0.8519734884382641,0,0.3970839133696701,0.5885567378876658,1.1640000000000001,"{""1"": 3668.8165602028657, ""2"": 2233.7103258915454, ""3"": 1947.2443687796545, ""4"": 1767.4677408813063, ""5"": 1670.801015500149, ""6"": 1593.4954707080913, ""7"": 1592.4907018082909, ""8"": 1590.7545921967876, ""9"": 1592.7578249100438, ""10"": 1602.237476479419, ""11"": 1635.4334576142276, ""12"": 1619.5665965969488, ""13"": 1660.1164846308661, ""14"": 1670.0322060318035, ""15"": 1667.4208811513672}",1.5616066455841064
mueller_brown,subsample,pca,500,10,1,17,3,3,0.064,8,0.21185823444271754,0.47307915857950444,0,15,0.1770650339117781,0.43841522065185246,1,5,0.3034462368715728,0.5425431817843138,0,2,0.8641305436498122,0.7467821435022861,0,2,0.8641305436498122,0.7467821435022861,0,0.4977051027268393,0.6175359352896764,0.928,"{""1"": 3737.3848372942216, ""2"": 2433.9705501836797, ""3"": 2242.0222391695665, ""4"": 1857.8532297801507, ""5"": 1734.9834951105888, ""6"": 1725.1876183815648, ""7"": 1737.9518775077602, ""8"": 1656.7112086003795, ""9"": 1671.1475279307328, ""10"": 1698.5472547681288, ""11"": 1710.47000374433, ""12"": 1705.854604882318, ""13"": 1744.7058863683014, ""14"": 1777.4764587728732, ""15"": 1777.6046868032452}",1.5343379974365234
mueller_brown,subsample,pca,500,10,1,18,3,3,0.026,8,0.05269323492222141,0.2165834842070828,0,13,0.03497009096324762,0.19711715124520354,0,3,0.20145179570371916,0.38280607644183345,0,2,0.6021520906873326,0.46552937612206696,0,3,0.20145179570371916,0.38280607644183345,0,0.20145179570371916,0.38280607644183345,1.3159999999999998,"{""1"": 3251.404508276115, ""2"": 2235.912901097305, ""3"": 2049.0667884393038, ""4"": 1955.426035980448, ""5"": 1923.410492382097, ""6"": 1883.6020498453988, ""7"": 1874.6441311276494, ""8"": 1865.274273747406, ""9"": 1885.7376993452613, ""10"": 1887.1119656107999, ""11"": 1911.3851649727037, ""12"": 1934.1606083737263, ""13"": 1943.8713218783696, ""14"": 1978.281283568472, ""15"": 2019.1577314799076}",1.5616462230682373
mueller_brown,subsample,pca,500,10,1,19,3,3,0.056,8,0.1590878044183654,0.4423779359296244,0,15,0.10641352471875089,0.37490182718722886,1,4,0.3395355332966683,0.5596674092497572,0,2,0.8413260692253741,0.7052740446597301,0,2,0.8413260692253741,0.7052740446597301,0,0.3666643110192359,0.5741569965461416,1.1199999999999999,"{""1"": 3649.4707324228084, ""2"": 2466.687358605339, ""3"": 2255.705290099719, ""4"": 1928.6886234622054, ""5"": 1832.2994637346549, ""6"": 1782.5529472265246, ""7"": 1772.2084065272882, ""8"": 1757.83332910941, ""9"": 1779.0614676861774, ""10"": 1773.7618668658756, ""11"": 1800.1231876164243, ""12"": 1832.0592315366846, ""13"": 1831.9945168288455, ""14"": 1861.4596119815492, ""15"": 1860.5721264823178}",1.62432861328125
mueller_brown,subsample,pca,1000,10,1,0,3,3,0.092,11,0.19974619911013852,0.48783029665582794,0,14,0.15169242319822693,0.45745434880600694,0,6,0.33342322607110464,0.5781662630564158,0,2,0.9223587585048573,0.8540209156228352,0,2,0.9223587585048573,0.8540209156228352,0,0.8481454638009013,0.7994235887456217,1.116,"{""1"": 7602.931064416302, ""2"": 4868.186290838591, ""3"": 4294.076207610746, ""4"": 3672.4692682517893, ""5"": 3478.795957289511, ""6"": 3275.7385220214055, ""7"": 3263.3040612304176, ""8"": 3219.8699615302207, ""9"": 3225.909247852314, ""10"": 3226.042780990351, ""11"": 3190.822753063694, ""12"": 3206.7789786369435, ""13"": 3207.008995327995, ""14"": 3206.042296829758, ""15"": 3244.054014908491}",2.0681655406951904
mueller_brown,subsample,pca,1000,10,1,1,3,3,0.079,8,0.20117901973122393,0.4708640954210072,0,15,0.12927709983535027,0.4210192982501198,1,6,0.27676915540297686,0.537224703927605,0,2,0.9374480045192818,0.8587188831186631,0,2,0.9374480045192818,0.8587188831186631,0,0.47361136891288724,0.6266577016909985,1.004,"{""1"": 7540.077944202702, ""2"": 5047.209683374207, ""3"": 4367.7646925236295, ""4"": 3819.198389013828, ""5"": 3643.254843106309, ""6"": 3422.056688735647, ""7"": 3372.290275901976, ""8"": 3322.687161480778, ""9"": 3346.4351227217276, ""10"": 3337.6638052689746, ""11"": 3334.4043867636583, ""12"": 3359.628641326434, ""13"": 3349.531565468533, ""14"": 3359.262436151447, ""15"": 3388.215842012512}",1.9795424938201904
mueller_brown,subsample,pca,1000,10,1,2,3,3,0.094,10,0.21812864921916164,0.5183614578454397,0,15,0.1769434825370724,0.46963308371367596,1,6,0.29467074558188544,0.5686227301583042,0,2,0.9266947452612855,0.8603318982497251,0,2,0.9266947452612855,0.8603318982497251,0,0.46438501372658064,0.6379475193011195,1.018,"{""1"": 7586.070378761215, ""2"": 4974.134178573401, ""3"": 4351.985752453748, ""4"": 3876.92133646415, ""5"": 3526.7356662545185, ""6"": 3406.8979615869653, ""7"": 3333.0749820267365, ""8"": 3336.0114012939025, ""9"": 3300.770006945606, ""10"": 3276.5093878574385, ""11"": 3285.2104342779876, ""12"": 3288.9889236441995, ""13"": 3302.6916993094, ""14"": 3313.7588629862785, ""15"": 3324.522258687733}",1.952162265777588
mueller_brown,subsample,pca,1000,10,1,3,3,3,0.065,11,0.16115734273848564,0.4523995357882523,0,15,0.16027929909054114,0.4229802507710068,1,6,0.25943036899902044,0.5140437050286312,0,2,0.8804919046435459,0.7649792677111826,0,2,0.8804919046435459,0.7649792677111826,0,0.4518742293523405,0.61652218643514,1.1079999999999999,"{""1"": 7397.435073282068, ""2"": 4764.183349898667, ""3"": 4274.180870559438, ""4"": 3644.6984687562153, ""5"": 3392.51076185156, ""6"": 3257.889304692489, ""7"": 3224.704891191329, ""8"": 3193.142976931516, ""9"": 3122.8480805654776, ""10"": 3124.985184383528, ""11"": 3115.3731714710975, ""12"": 3147.222116577633, ""13"": 3177.401497666053, ""14"": 3196.7656288905, ""15"": 3206.5724537182887}",1.9474403858184814
mueller_brown,subsample,pca,1000,10,1,4,3,3,0.081,9,0.1632983239435024,0.4491781357518943,0,15,0.11046604278351368,0.38955069987131385,1,6,0.2804883096861062,0.525653085904894,0,2,0.9429889118046492,0.8505427510926025,0,2,0.9429889118046492,0.8505427510926025,0,0.464898439927272,0.61941700241157,1.074,"{""1"": 7356.404555785899, ""2"": 4905.099520540941, ""3"": 4233.570223683712, ""4"": 3850.0629234493404, ""5"": 3649.942094088298, ""6"": 3490.9481026254343, ""7"": 3420.228478371758, ""8"": 3410.128763931571, ""9"": 3380.427404515405, ""10"": 3445.645406135352, ""11"": 3396.9847443518915, ""12"": 3391.411462905237, ""13"": 3416.633829238269, ""14"": 3449.616660871032, ""15"": 3451.0363912949774}",2.0481228828430176
mueller_brown,subsample,pca,1000,10,1,5,3,3,0.093,10,0.17894314248453302,0.4648624021292597,0,15,0.12766389555748478,0.419196851672747,1,6,0.2725078264765584,0.5355422064400862,0,2,0.933634781033594,0.8460034272344643,0,2,0.933634781033594,0.8460034272344643,0,0.41820016324557874,0.6031480034332946,1.1140000000000003,"{""1"": 7460.409162670215, ""2"": 4898.119466474464, ""3"": 4326.463378619125, ""4"": 3962.2424794383705, ""5"": 3679.9082331067953, ""6"": 3504.4619665754403, ""7"": 3495.653052106181, ""8"": 3430.022088827788, ""9"": 3400.24759629343, ""10"": 3393.2139314211313, ""11"": 3418.408899465444, ""12"": 3417.6290886599363, ""13"": 3435.1545017931767, ""14"": 3450.577311533788, ""15"": 3479.71624102535}",1.9795160293579102
mueller_brown,subsample,pca,1000,10,1,6,3,3,0.066,13,0.12081712330283474,0.3873597004970661,0,13,0.12081712330283474,0.3873597004970661,0,5,0.28991234732047566,0.5271815184465536,0,2,0.9137645462500924,0.797165214453063,0,2,0.9137645462500924,0.797165214453063,0,0.3484373910415897,0.5211699700720206,1.178,"{""1"": 7242.410945437005, ""2"": 4619.189386593255, ""3"": 3897.7661090351125, ""4"": 3583.8245993702058, ""5"": 3323.9333724927014, ""6"": 3234.8382800793133, ""7"": 3196.625548230445, ""8"": 3151.704444137199, ""9"": 3114.805529817405, ""10"": 3116.27269995128, ""11"": 3127.8485606904233, ""12"": 3124.808942116307, ""13"": 3104.7453184502647, ""14"": 3149.609393628546, ""15"": 3171.1367241582243}",2.1284072399139404
mueller_brown,subsample,pca,1000,10,1,7,3,3,0.088,12,0.1722479909305449,0.45628758907526995,0,14,0.1403751816117591,0.4385404202237939,0,6,0.29750569270682853,0.56722234634067,0,2,0.9340376424223362,0.8627558691318326,0,2,0.9340376424223362,0.8627558691318326,0,0.47426158207168334,0.6352114672173037,1.06,"{""1"": 7541.840948205196, ""2"": 4999.106704817271, ""3"": 4337.14162919454, ""4"": 3842.5707088864174, ""5"": 3661.532942125406, ""6"": 3530.159060639882, ""7"": 3503.8228012396694, ""8"": 3506.651953672215, ""9"": 3467.1410021862416, ""10"": 3447.0043131902917, ""11"": 3454.9549683986957, ""12"": 3444.3896199808673, ""13"": 3482.215286764792, ""14"": 3490.367394248814, ""15"": 3520.1937261221838}",2.006896495819092
mueller_brown,subsample,pca,1000,10,1,8,3,3,0.066,10,0.17704010782911142,0.4563046284303357,0,15,0.13911535397994126,0.41092290615904875,1,5,0.26667395665355415,0.5149895713432149,0,2,0.8651189216530552,0.7404111588411991,0,2,0.8651189216530552,0.7404111588411991,0,0.35187078431671626,0.5153100001514836,1.0859999999999999,"{""1"": 7334.247054762341, ""2"": 4695.42013170086, ""3"": 4020.864662362376, ""4"": 3725.1357416851315, ""5"": 3357.83914901611, ""6"": 3325.3195304517726, ""7"": 3229.712929537739, ""8"": 3155.630174635773, ""9"": 3135.326179351209, ""10"": 3122.0027307092782, ""11"": 3134.814138109993, ""12"": 3154.2590976689494, ""13"": 3163.509399308856, ""14"": 3195.871066538146, ""15"": 3213.7217197702953}",2.1925768852233887
mueller_brown,subsample,pca,1000,10,1,9,3,3,0.086,10,0.1789255010947118,0.4775625311141443,0,14,0.1602436853986446,0.4563966206876051,0,6,0.2950244895096704,0.5589833818607347,0,2,0.9359058349303508,0.8638416178516517,0,2,0.9359058349303508,0.8638416178516517,0,0.8282051480608033,0.7712724949160861,1.1059999999999999,"{""1"": 7504.057997727485, ""2"": 4855.326251521136, ""3"": 4285.212112525029, ""4"": 3752.043533238094, ""5"": 3536.1081119840787, ""6"": 3367.9186592670935, ""7"": 3270.1250213574012, ""8"": 3208.062887365183, ""9"": 3202.2803153081404, ""10"": 3200.311303465179, ""11"": 3213.4027841163506, ""12"": 3223.507836875619, ""13"": 3240.088436009595, ""14"": 3234.411031048863, ""15"": 3302.222485105635}",1.8733811378479004
mueller_brown,subsample,pca,1000,10,1,10,3,3,0.082,10,0.21950424878591543,0.5000167222266995,0,15,0.14329328222416496,0.44400069822124766,1,5,0.41198733191056097,0.6391882910238104,0,2,0.9274894726236231,0.8565143947898529,0,2,0.9274894726236231,0.8565143947898529,0,0.7746722025899372,0.7628129004378885,1.002,"{""1"": 7546.99107943257, ""2"": 4980.544796007506, ""3"": 4213.5119018685, ""4"": 3709.955416151589, ""5"": 3524.689719706279, ""6"": 3384.6888309576875, ""7"": 3348.3555226859125, ""8"": 3345.6755913869442, ""9"": 3323.7293935553885, ""10"": 3309.8986425618436, ""11"": 3324.910466975117, ""12"": 3317.5779562229195, ""13"": 3317.1657373066055, ""14"": 3330.7273696994544, ""15"": 3337.302225934654}",1.9821867942810059
mueller_brown,subsample,pca,1000,10,1,11,3,3,0.074,11,0.17217290372686958,0.446767904990914,0,14,0.13734259462197643,0.413970024617728,0,6,0.26228362046151016,0.5236774827938389,0,2,0.9440993111761844,0.8614415244696748,0,2,0.9440993111761844,0.8614415244696748,0,0.4730244613462588,0.6124958660419719,1.1,"{""1"": 7427.829687838255, ""2"": 4912.12581884676, ""3"": 4238.227156234059, ""4"": 3604.4941941640136, ""5"": 3405.1898493451868, ""6"": 3271.279350174848, ""7"": 3225.86436657562, ""8"": 3216.717146786011, ""9"": 3214.531192504172, ""10"": 3213.2036184445064, ""11"": 3180.0992358285416, ""12"": 3188.382896296546, ""13"": 3205.086378147422, ""14"": 3229.5383664344527, ""15"": 3285.834793309096}",1.9043097496032715
mueller_brown,subsample,pca,1000,10,1,12,3,3,0.065,10,0.11667282833375107,0.3754871551314461,0,15,0.09277498997117227,0.3623593100041033,1,7,0.20539663533043626,0.45014153028290743,0,2,0.9243408595481571,0.8056065306949076,0,2,0.9243408595481571,0.8056065306949076,0,0.40307090394946066,0.5840670016000615,1.1780000000000002,"{""1"": 7364.9660332549065, ""2"": 4980.963381568498, ""3"": 4305.507905226621, ""4"": 3861.020991846186, ""5"": 3557.9791667121835, ""6"": 3521.5403140107287, ""7"": 3388.6928574524436, ""8"": 3345.925921539196, ""9"": 3349.6427311041034, ""10"": 3306.075129683495, ""11"": 3334.3656327408007, ""12"": 3345.7818684389827, ""13"": 3347.907764094037, ""14"": 3366.0386040198837, ""15"": 3376.698403250795}",1.9997308254241943
mueller_brown,subsample,pca,1000,10,1,13,3,3,0.066,8,0.16760392936687132,0.43013954591589054,0,15,0.0831351229613979,0.35445454143945637,1,6,0.20197900627633367,0.480139480269612,0,2,0.9632753353695784,0.8762647566702236,0,2,0.9632753353695784,0.8762647566702236,0,0.368904915850836,0.5716563903761378,1.0419999999999998,"{""1"": 7286.932676257296, ""2"": 4991.990799431939, ""3"": 4230.150417500577, ""4"": 3929.9819598602344, ""5"": 3745.430787803448, ""6"": 3531.903919704507, ""7"": 3385.193148224027, ""8"": 3368.4417835053523, ""9"": 3389.7418839657985, ""10"": 3382.803967139273, ""11"": 3390.693447985077, ""12"": 3387.9573870808435, ""13"": 3413.962621697917, ""14"": 3421.7964297648505, ""15"": 3435.0658603773686}",2.0036802291870117
mueller_brown,subsample,pca,1000,10,1,14,3,3,0.059,12,0.12130520922357586,0.4099549256212631,0,15,0.11537865966281381,0.395729724911057,1,7,0.22558073066825698,0.48047886924107325,0,2,0.957015856438147,0.8817459225587242,0,2,0.957015856438147,0.8817459225587242,0,0.44492557753817036,0.6078578171214704,1.238,"{""1"": 7383.485741771457, ""2"": 4705.966726764728, ""3"": 4079.290514468851, ""4"": 3543.62106033234, ""5"": 3268.350098253207, ""6"": 3218.5005026378285, ""7"": 3062.860506504646, ""8"": 3036.180728009967, ""9"": 3014.6419414083766, ""10"": 3036.0273260674485, ""11"": 3006.6374032468243, ""12"": 2990.702095051483, ""13"": 3019.6424417387134, ""14"": 3053.189981894685, ""15"": 3066.0045702163084}",1.9247560501098633
mueller_brown,subsample,pca,1000,10,1,15,3,3,0.065,11,0.09034444506915838,0.35171477500180187,0,14,0.08890801975066104,0.34775888340719224,0,6,0.1786410903501498,0.43340759053052075,0,2,0.7428764422413547,0.6016130024459834,0,2,0.7428764422413547,0.6016130024459834,0,0.32095038074267207,0.47625110068529897,1.3359999999999996,"{""1"": 7088.083800167777, ""2"": 4828.399173761907, ""3"": 4287.702027638938, ""4"": 3985.5493345219807, ""5"": 3800.350890904781, ""6"": 3664.7216802078988, ""7"": 3635.1742481133892, ""8"": 3554.353055013838, ""9"": 3583.89161654237, ""10"": 3506.5151321775456, ""11"": 3506.2706848570288, ""12"": 3532.676441273566, ""13"": 3527.9439008294767, ""14"": 3539.854095299551, ""15"": 3579.727691700122}",2.319474935531616
mueller_brown,subsample,pca,1000,10,1,16,3,3,0.065,11,0.1263912481212506,0.4075030754831897,0,15,0.111229786678428,0.3894762358616353,1,10,0.14228215896762847,0.43355036621283816,0,2,0.907580779628374,0.7946527966487414,0,2,0.907580779628374,0.7946527966487414,0,0.38561210188132305,0.5486702554387348,1.2539999999999996,"{""1"": 7356.229691971432, ""2"": 4792.0623482888805, ""3"": 4131.061349199338, ""4"": 3761.644575743245, ""5"": 3475.644448965398, ""6"": 3381.1233886085042, ""7"": 3351.990529700093, ""8"": 3271.346119255768, ""9"": 3194.707745461665, ""10"": 3206.213501991383, ""11"": 3170.172252227032, ""12"": 3171.920905813647, ""13"": 3185.6586679761303, ""14"": 3205.5837363511882, ""15"": 3223.7932190037473}",2.0578250885009766
mueller_brown,subsample,pca,1000,10,1,17,3,3,0.07,11,0.14189761460845288,0.4246790667880556,0,15,0.1220653238654974,0.40485014260426666,1,7,0.25390136292212956,0.49079217381932777,0,2,0.882799782635298,0.7677496211126372,0,2,0.882799782635298,0.7677496211126372,0,0.40966329038501215,0.5573448492522617,1.1659999999999997,"{""1"": 7402.9856832501, ""2"": 4786.475403562932, ""3"": 4062.832966732351, ""4"": 3582.3953116438975, ""5"": 3391.461885273071, ""6"": 3324.8350193979754, ""7"": 3243.254907053578, ""8"": 3228.4973471820135, ""9"": 3210.385712675552, ""10"": 3167.2143989956076, ""11"": 3128.017398246204, ""12"": 3144.971253639416, ""13"": 3172.2641314319453, ""14"": 3180.7886879059915, ""15"": 3200.563532700646}",2.0615756511688232
mueller_brown,subsample,pca,1000,10,1,18,3,3,0.028,9,0.05087603502670371,0.22699275897308777,0,15,0.0269527236088387,0.1835427908359513,1,6,0.0788379756974607,0.24237229322418125,0,2,0.42874010671876944,0.3387894227878961,0,3,0.16706882148203475,0.273351297095988,0,0.16706882148203475,0.273351297095988,1.38,"{""1"": 6497.97809453474, ""2"": 4405.216130337653, ""3"": 3921.03928958172, ""4"": 3738.975983451245, ""5"": 3617.873332900717, ""6"": 3420.969451335, ""7"": 3372.965557826792, ""8"": 3357.956778248313, ""9"": 3351.429741270179, ""10"": 3354.84930137693, ""11"": 3375.7241793742114, ""12"": 3372.86802849698, ""13"": 3397.193019002948, ""14"": 3429.4987773233242, ""15"": 3440.5592534288994}",2.007861852645874
mueller_brown,subsample,pca,1000,10,1,19,3,3,0.064,11,0.12353525719810295,0.38629260461032566,0,11,0.12353525719810295,0.38629260461032566,0,6,0.2399532630734357,0.5041249714502898,0,2,0.8520876969036572,0.7136590713518225,0,2,0.8520876969036572,0.7136590713518225,0,0.3844408604800711,0.5601821948879201,1.1859999999999997,"{""1"": 7161.46198460482, ""2"": 4698.455465010534, ""3"": 4307.556865414718, ""4"": 3635.394372916083, ""5"": 3516.1336790465734, ""6"": 3375.4656568260666, ""7"": 3352.1505835554867, ""8"": 3311.071826882941, ""9"": 3333.7841640991146, ""10"": 3305.6329244684007, ""11"": 3245.56445895965, ""12"": 3333.134309420403, ""13"": 3342.3232364101696, ""14"": 3348.8342854271423, ""15"": 3379.976094221831}",1.9679162502288818
mueller_brown,subsample,pca,2000,10,1,0,3,3,0.0935,14,0.15698868536606633,0.4580070941972548,0,14,0.15698868536606633,0.4580070941972548,0,5,0.43115496375621865,0.6550126363781417,0,2,0.9258021005581812,0.8686663515868005,0,2,0.9258021005581812,0.8686663515868005,0,0.8714552160005418,0.831024412009505,1.189,"{""1"": 15116.460276047637, ""2"": 9518.746774599662, ""3"": 8348.796559031463, ""4"": 7244.816939333179, ""5"": 6781.343278191743, ""6"": 6513.440330064739, ""7"": 6418.176370168785, ""8"": 6328.865147911197, ""9"": 6231.491316596445, ""10"": 6227.63427125627, ""11"": 6203.060471558203, ""12"": 6200.403516449492, ""13"": 6163.16182814834, ""14"": 6125.888923558612, ""15"": 6185.875315524586}",2.8996057510375977
mueller_brown,subsample,pca,2000,10,1,1,3,3,0.0855,14,0.12945156689778417,0.42592281628761514,0,15,0.143410432243105,0.43464448654397886,1,7,0.2267269229743773,0.5069270272066776,0,2,0.9367915983199754,0.8600156538161461,0,2,0.9367915983199754,0.8600156538161461,0,0.5119047839733825,0.6425661430491795,1.2440000000000002,"{""1"": 15030.399673320706, ""2"": 10055.549799566463, ""3"": 8696.426126133749, ""4"": 7355.176287932418, ""5"": 7027.989197920577, ""6"": 6585.639572799753, ""7"": 6440.078434900345, ""8"": 6397.072726433212, ""9"": 6386.083831217985, ""10"": 6341.359711220871, ""11"": 6393.645142038386, ""12"": 6378.952265067221, ""13"": 6326.428926673392, ""14"": 6316.365015978188, ""15"": 6320.53829771471}",2.8802261352539062
mueller_brown,subsample,pca,2000,10,1,2,3,3,0.0975,14,0.16860618564026297,0.4662093355010278,0,15,0.16728467026495844,0.4622148915466045,1,6,0.33891509365224476,0.582476918366055,0,2,0.9226986817043251,0.8533831505666348,0,2,0.9226986817043251,0.8533831505666348,0,0.8221947830457456,0.7695584568812431,1.1019999999999999,"{""1"": 15169.7506745221, ""2"": 9912.60604245667, ""3"": 8737.844164366661, ""4"": 7588.110951986315, ""5"": 7078.908131607601, ""6"": 6797.237453222227, ""7"": 6642.428827248406, ""8"": 6566.975584760838, ""9"": 6549.398375386861, ""10"": 6466.771683458402, ""11"": 6457.532911548895, ""12"": 6432.6558125023075, ""13"": 6424.479022674436, ""14"": 6400.5636143631145, ""15"": 6409.809184762569}",3.0474910736083984
mueller_brown,subsample,pca,2000,10,1,3,3,3,0.069,13,0.12581177262368382,0.4060556351621923,0,15,0.13256610221108206,0.40718154219865854,1,7,0.22878729173810775,0.489803239625781,0,2,0.9226219571542742,0.8230700860080012,0,2,0.9226219571542742,0.8230700860080012,0,0.3921309003114795,0.5693892338178305,1.191,"{""1"": 14699.883092574148, ""2"": 9242.801670377954, ""3"": 7938.599886360162, ""4"": 6989.065822375809, ""5"": 6485.12487587961, ""6"": 6259.733388213261, ""7"": 6076.600736385886, ""8"": 6017.968894992345, ""9"": 5915.205173381749, ""10"": 5932.08345337572, ""11"": 5876.805606449234, ""12"": 5876.424248048052, ""13"": 5833.256116592738, ""14"": 5858.246249415046, ""15"": 5880.620010872548}",3.240063428878784
mueller_brown,subsample,pca,2000,10,1,4,3,3,0.084,15,0.10549486805449607,0.37973015730108506,1,15,0.10549486805449607,0.37973015730108506,1,6,0.25705407901545957,0.5230390385546851,0,2,0.9317476894568151,0.8302506602893815,0,2,0.9317476894568151,0.8302506602893815,0,0.40383711042502307,0.586743172538424,1.2280000000000002,"{""1"": 14643.658129443258, ""2"": 9774.814986394054, ""3"": 8597.141467307463, ""4"": 7752.204959058707, ""5"": 7403.023219677441, ""6"": 7052.337689148868, ""7"": 6953.208343073162, ""8"": 6856.124298416323, ""9"": 6764.890443904152, ""10"": 6789.847941331263, ""11"": 6756.758315041254, ""12"": 6740.394183700519, ""13"": 6711.236593373523, ""14"": 6677.461392839548, ""15"": 6654.7145079053225}",3.1751139163970947
mueller_brown,subsample,pca,2000,10,1,5,3,3,0.0865,14,0.12546869992014748,0.41608261345140973,0,15,0.11757146070564471,0.4071578766701105,1,6,0.3309765912925553,0.535498453439404,0,2,0.9041125557825697,0.7977470347769249,0,2,0.9041125557825697,0.7977470347769249,0,0.4323458337334191,0.5899780564817575,1.1560000000000001,"{""1"": 14826.81837119171, ""2"": 9580.613250327346, ""3"": 8388.638211537553, ""4"": 7442.263178064522, ""5"": 6988.452271078696, ""6"": 6734.659168305537, ""7"": 6591.4454214904035, ""8"": 6484.028467106326, ""9"": 6397.329736383096, ""10"": 6343.813189375343, ""11"": 6283.36711287184, ""12"": 6294.322562686499, ""13"": 6279.74686726489, ""14"": 6276.093222975809, ""15"": 6299.972458132542}",3.407470464706421
mueller_brown,subsample,pca,2000,10,1,6,3,3,0.065,12,0.12679983620650814,0.3893294676824004,0,14,0.10549529324180137,0.3721329907868828,0,8,0.1741153261063721,0.42974567078643067,0,2,0.9277758974539747,0.8172778550900943,0,2,0.9277758974539747,0.8172778550900943,0,0.38357846920393324,0.5524237894487777,1.1719999999999997,"{""1"": 14516.427852423025, ""2"": 9170.270947183926, ""3"": 7637.858193733864, ""4"": 6990.44832107446, ""5"": 6558.982889611482, ""6"": 6316.783731187923, ""7"": 6078.47817325463, ""8"": 5989.430151691561, ""9"": 5875.627340264816, ""10"": 5862.489718171944, ""11"": 5814.69265271715, ""12"": 5781.41127600943, ""13"": 5805.723816973237, ""14"": 5812.186285269501, ""15"": 5885.50852776698}",3.3945934772491455
mueller_brown,subsample,pca,2000,10,1,7,3,3,0.087,14,0.14284512977967614,0.4349905473201446,0,15,0.13436437072959134,0.429457086567269,1,6,0.28575033506357345,0.5446149980219391,0,2,0.9253827431383727,0.8466909201413673,0,2,0.9253827431383727,0.8466909201413673,0,0.4756681511606521,0.6352656792439958,1.215,"{""1"": 15008.543950848856, ""2"": 9815.917908569574, ""3"": 8621.465478175263, ""4"": 7398.404866933293, ""5"": 7027.048635640098, ""6"": 6636.048639774613, ""7"": 6509.506039154699, ""8"": 6451.707335290114, ""9"": 6426.247945329315, ""10"": 6367.71326230479, ""11"": 6384.663824715768, ""12"": 6349.835591672039, ""13"": 6340.289170013662, ""14"": 6306.221720518339, ""15"": 6324.548311545594}",3.0455808639526367
mueller_brown,subsample,pca,2000,10,1,8,3,3,0.0595,11,0.1268663476486511,0.41534318014220484,0,15,0.10339438877895603,0.3770692034697187,1,6,0.22617624418661927,0.5012358951994835,0,2,0.8713683693567337,0.7480730183785006,0,2,0.8713683693567337,0.7480730183785006,0,0.34421967508059287,0.5106861913207025,1.255,"{""1"": 14719.85213529307, ""2"": 9290.995151405945, ""3"": 7772.127152331332, ""4"": 7145.799467391118, ""5"": 6384.126469889381, ""6"": 6175.966893007622, ""7"": 6038.941759486048, ""8"": 5939.369685154622, ""9"": 5887.720610351951, ""10"": 5894.303106823762, ""11"": 5740.938177355347, ""12"": 5766.716606603604, ""13"": 5767.991047610402, ""14"": 5763.418484948303, ""15"": 5757.543120349944}",3.293375253677368
mueller_brown,subsample,pca,2000,10,1,9,3,3,0.096,15,0.14148311039123632,0.4269343366401835,1,15,0.14148311039123632,0.4269343366401835,1,6,0.3293910847077317,0.5648655402911318,0,2,0.93109238241112,0.8546341701143843,0,2,0.93109238241112,0.8546341701143843,0,0.5024860108215989,0.6352562289865162,1.186,"{""1"": 14942.470667351965, ""2"": 9804.160134638068, ""3"": 8534.743734108639, ""4"": 7441.13983729846, ""5"": 7028.005379920236, ""6"": 6742.443879558502, ""7"": 6589.050310122114, ""8"": 6559.525423882814, ""9"": 6561.341037552264, ""10"": 6540.94399519154, ""11"": 6457.237684727695, ""12"": 6453.807840737552, ""13"": 6451.520652921738, ""14"": 6436.998720698226, ""15"": 6421.35990731249}",3.038435697555542
mueller_brown,subsample,pca,2000,10,1,10,3,3,0.0905,14,0.16108511883453872,0.4574728139906206,0,15,0.1862133658912063,0.4608738706642939,1,6,0.33082445505578917,0.5743548208676108,0,2,0.9182261384212758,0.8397029842085602,0,2,0.9182261384212758,0.8397029842085602,0,0.5685112812083852,0.6530201651270638,1.1210000000000002,"{""1"": 15155.84648162826, ""2"": 10044.180517170116, ""3"": 8745.13313224089, ""4"": 7464.917745824263, ""5"": 7043.090114344428, ""6"": 6712.386732075465, ""7"": 6651.7605080106805, ""8"": 6490.799632580926, ""9"": 6397.108326878031, ""10"": 6384.748551021966, ""11"": 6357.196602621979, ""12"": 6296.91837441443, ""13"": 6311.766808921053, ""14"": 6296.590513402352, ""15"": 6326.5112100228625}",3.2640793323516846
mueller_brown,subsample,pca,2000,10,1,11,3,3,0.0775,14,0.12646038903686402,0.4081803836927208,0,14,0.12646038903686402,0.4081803836927208,0,7,0.21692063327870476,0.49163193441742314,0,2,0.9349556368630203,0.8418497807011818,0,2,0.9349556368630203,0.8418497807011818,0,0.47792373450490366,0.6242213198311883,1.193,"{""1"": 14902.709115589467, ""2"": 9931.283053763786, ""3"": 8562.137418035838, ""4"": 7371.467530217615, ""5"": 7040.408155484409, ""6"": 6664.521870628032, ""7"": 6446.225699491312, ""8"": 6397.612821792025, ""9"": 6351.861086513923, ""10"": 6288.741111797927, ""11"": 6242.151420666649, ""12"": 6231.219349736541, ""13"": 6239.557651566743, ""14"": 6205.463757293926, ""15"": 6261.9560958988595}",3.139187812805176
mueller_brown,subsample,pca,2000,10,1,12,3,3,0.0655,14,0.10010048211690256,0.36988550516930013,0,15,0.09426968618910095,0.366381704210444,1,5,0.28414873699583865,0.5308647916898299,0,2,0.9515025146078279,0.854340108488173,0,2,0.9515025146078279,0.854340108488173,0,0.42308297069596185,0.5866880894510723,1.2329999999999999,"{""1"": 14613.769148377552, ""2"": 9808.102116439879, ""3"": 8353.041291788879, ""4"": 7650.164130032157, ""5"": 7057.755053887686, ""6"": 6925.447443914198, ""7"": 6773.453301879013, ""8"": 6585.168788276767, ""9"": 6521.265565659238, ""10"": 6487.492796765424, ""11"": 6501.825074186253, ""12"": 6473.655903261477, ""13"": 6436.897673405956, ""14"": 6407.846553438725, ""15"": 6416.13385495901}",3.1932055950164795
mueller_brown,subsample,pca,2000,10,1,13,3,3,0.063,12,0.10809375714750834,0.37021581708944007,0,15,0.09341066551231818,0.34789474656214986,1,5,0.25460394570012007,0.472217574857568,0,2,0.7110971064997477,0.5807070146275479,0,2,0.7110971064997477,0.5807070146275479,0,0.39671952302803487,0.5667323796178156,1.2209999999999999,"{""1"": 14446.845579320421, ""2"": 9275.699534444424, ""3"": 8165.693763729341, ""4"": 7243.631197504974, ""5"": 6851.143743587561, ""6"": 6634.676212424429, ""7"": 6425.92875516898, ""8"": 6387.452880903126, ""9"": 6379.293960225682, ""10"": 6353.480506553891, ""11"": 6177.261124742124, ""12"": 6145.554152263346, ""13"": 6193.626679511668, ""14"": 6193.970111973342, ""15"": 6196.986322659533}",3.200913429260254
mueller_brown,subsample,pca,2000,10,1,14,3,3,0.069,15,0.12055526837296839,0.40140844330857217,1,15,0.12055526837296839,0.40140844330857217,1,5,0.3451945548287248,0.5814199354545287,0,2,0.9423595206387166,0.8493788031319455,0,2,0.9423595206387166,0.8493788031319455,0,0.42109451233841905,0.595561281271769,1.2329999999999999,"{""1"": 14770.353874137814, ""2"": 9477.54430945197, ""3"": 8130.285522981251, ""4"": 7128.048715827004, ""5"": 6637.780746340539, ""6"": 6442.705624838874, ""7"": 6290.740049043161, ""8"": 6161.750608888561, ""9"": 6120.193272137764, ""10"": 6090.385456322184, ""11"": 6116.8156140022475, ""12"": 6046.069783615059, ""13"": 6034.850774828578, ""14"": 6046.787561098568, ""15"": 6015.385314190552}",2.9532268047332764
mueller_brown,subsample,pca,2000,10,1,15,3,3,0.0615,15,0.0699805380662214,0.3202546801900145,1,15,0.0699805380662214,0.3202546801900145,1,5,0.2571346992073424,0.4650018937936627,0,2,0.7466021819636612,0.6046818086688928,0,2,0.7466021819636612,0.6046818086688928,0,0.2961087231743558,0.44754529373388574,1.338,"{""1"": 14129.863582335742, ""2"": 9154.087855452917, ""3"": 8117.052076018868, ""4"": 7450.157797097036, ""5"": 6974.615627140514, ""6"": 6798.477449580484, ""7"": 6582.896970378494, ""8"": 6492.058204716355, ""9"": 6398.422878706863, ""10"": 6375.595159134468, ""11"": 6345.448725075561, ""12"": 6353.997593276243, ""13"": 6336.700419339309, ""14"": 6342.467042880824, ""15"": 6319.197505707839}",3.299370765686035
mueller_brown,subsample,pca,2000,10,1,16,3,3,0.063,14,0.11209453942294595,0.3970778883578142,0,15,0.10046324147932825,0.38784675658550233,1,5,0.2910180704709574,0.5276147402547618,0,2,0.887037881778117,0.7671564987629815,0,2,0.887037881778117,0.7671564987629815,0,0.384612013179933,0.5541009946657081,1.28,"{""1"": 14609.224509829965, ""2"": 9288.693091621219, ""3"": 8012.531654632411, ""4"": 7060.097061560411, ""5"": 6610.899376224421, ""6"": 6466.0947416919025, ""7"": 6218.746896699385, ""8"": 6088.8782680606155, ""9"": 6027.891183792956, ""10"": 5981.436018707972, ""11"": 5941.909939688505, ""12"": 5946.040280990869, ""13"": 5940.542510012136, ""14"": 5919.398985810074, ""15"": 5941.817851700095}",3.5316321849823
mueller_brown,subsample,pca,2000,10,1,17,3,3,0.071,13,0.12355457977180848,0.4124281448249687,0,15,0.11952822744799935,0.40706571351264287,1,5,0.35203292024133376,0.5725626950828739,0,2,0.9327241799619849,0.8391910857567196,0,2,0.9327241799619849,0.8391910857567196,0,0.3937932374544976,0.5765490666337045,1.222,"{""1"": 14750.763663512957, ""2"": 9631.202340448799, ""3"": 8205.955552994394, ""4"": 7148.395318686034, ""5"": 6645.2247398821, ""6"": 6432.000062853597, ""7"": 6310.782268543168, ""8"": 6182.875771044769, ""9"": 6088.038071812301, ""10"": 6061.719996362478, ""11"": 6111.61408301611, ""12"": 5996.521680112741, ""13"": 5990.8985403660245, ""14"": 6006.950159172617, ""15"": 6019.488720430847}",3.1541504859924316
mueller_brown,subsample,pca,2000,10,1,18,3,3,0.031,13,0.02964514702032105,0.1933498304645464,0,15,0.025858241989730933,0.1888501435004414,1,6,0.09234679192477897,0.2614013031207755,0,2,0.45090411753323845,0.3555454671774309,0,3,0.1575498107299771,0.27032647842517327,0,0.1575498107299771,0.27032647842517327,1.5650000000000002,"{""1"": 13031.911552798374, ""2"": 9165.863551327275, ""3"": 8273.231570135464, ""4"": 7919.838836790652, ""5"": 7601.081790131605, ""6"": 7477.699887566123, ""7"": 7329.349451885933, ""8"": 7270.644705647615, ""9"": 7232.231660782005, ""10"": 7236.248767024041, ""11"": 7173.518487223333, ""12"": 7154.105076445083, ""13"": 7147.112533450091, ""14"": 7194.428953754868, ""15"": 7200.093143523648}",3.593623161315918
mueller_brown,subsample,pca,2000,10,1,19,3,3,0.061,15,0.08176638953651533,0.3461957428167663,1,15,0.08176638953651533,0.3461957428167663,1,7,0.19317897973245146,0.4463662616731441,0,2,0.690855196745403,0.5624397292009484,0,2,0.690855196745403,0.5624397292009484,0,0.4051696983010183,0.5717803868399353,1.288,"{""1"": 14364.292922586716, ""2"": 9430.132872989334, ""3"": 8471.39340609544, ""4"": 7392.709629218276, ""5"": 6959.558804069415, ""6"": 6702.026957152106, ""7"": 6456.586963502714, ""8"": 6379.267703469101, ""9"": 6297.096329147779, ""10"": 6229.882283992409, ""11"": 6213.566223627634, ""12"": 6194.360156190591, ""13"": 6216.612883265581, ""14"": 6206.1863205626305, ""15"": 6187.755303141942}",3.484302282333374
mueller_brown,subsample,pca,4000,10,1,0,3,3,0.0895,15,0.1495721883165431,0.4509275936039008,1,15,0.1495721883165431,0.4509275936039008,1,5,0.4097837531055422,0.6270074336157151,0,2,0.9138865160696129,0.8412328327344744,0,2,0.9138865160696129,0.8412328327344744,0,0.8497263867637436,0.7995095699182017,1.1864999999999999,"{""1"": 30187.318056286582, ""2"": 19182.480370525467, ""3"": 16820.770375245946, ""4"": 14440.12157868284, ""5"": 13532.472540570221, ""6"": 12853.605309355018, ""7"": 12568.953220974841, ""8"": 12411.991809100686, ""9"": 12257.000295237123, ""10"": 12044.138488521632, ""11"": 11921.096205860404, ""12"": 11892.178423368967, ""13"": 11781.703019436176, ""14"": 11763.74197047024, ""15"": 11711.408402617286}",6.845947027206421
mueller_brown,subsample,pca,4000,10,1,1,3,3,0.07975,14,0.1313750855805188,0.4269653595404664,0,15,0.126122796487812,0.4205521649195088,1,7,0.2562802992940824,0.5101618542876871,0,2,0.9360394599817762,0.856270551216232,0,2,0.9360394599817762,0.856270551216232,0,0.4853147289725606,0.6345582371477113,1.1764999999999999,"{""1"": 30068.83037581393, ""2"": 20064.50898867284, ""3"": 17168.37438603704, ""4"": 14974.863228811804, ""5"": 14028.274209623734, ""6"": 13151.869096556975, ""7"": 12750.37309381141, ""8"": 12652.152798901521, ""9"": 12373.087683201013, ""10"": 12185.140043224226, ""11"": 12126.453677581869, ""12"": 12094.824630804242, ""13"": 12070.01768447446, ""14"": 12022.730687783893, ""15"": 12052.105438183873}",6.402857542037964
mueller_brown,subsample,pca,4000,10,1,2,3,3,0.09675,15,0.1534192922850752,0.4519301247342123,1,15,0.1534192922850752,0.4519301247342123,1,5,0.4068936639626436,0.6374375235626074,0,2,0.9212682676053137,0.8507179221568518,0,2,0.9212682676053137,0.8507179221568518,0,0.49231770430144456,0.6423281928805356,1.1575,"{""1"": 30277.88311605499, ""2"": 19595.398847750206, ""3"": 17217.292291271875, ""4"": 14972.32285644103, ""5"": 14042.215887203272, ""6"": 13426.458111188313, ""7"": 13191.83111602331, ""8"": 13049.602037834165, ""9"": 12800.795987754416, ""10"": 12676.916374614271, ""11"": 12596.94795148253, ""12"": 12397.192497507787, ""13"": 12478.566901449556, ""14"": 12392.860376140738, ""15"": 12292.562039206996}",6.244478464126587
mueller_brown,subsample,pca,4000,10,1,3,3,3,0.068,14,0.11994492964282684,0.4049712338846031,0,15,0.11304724468602238,0.3988794931717658,1,7,0.25570965635307685,0.49412008702468824,0,2,0.9329141566084316,0.8389053089430433,0,2,0.9329141566084316,0.8389053089430433,0,0.4051859901734634,0.568952306786223,1.1864999999999999,"{""1"": 29506.874304589153, ""2"": 18799.31217625922, ""3"": 16089.471807309219, ""4"": 14043.725453252073, ""5"": 13115.118586860206, ""6"": 12750.372497692735, ""7"": 12346.727902339577, ""8"": 11967.251897720625, ""9"": 11815.152871847635, ""10"": 11660.957692280455, ""11"": 11601.48724855644, ""12"": 11585.913532656714, ""13"": 11452.675221734855, ""14"": 11368.163100331889, ""15"": 11382.291588081249}",6.034643173217773
mueller_brown,subsample,pca,4000,10,1,4,3,3,0.0815,15,0.1014010030513738,0.38075603496806565,1,15,0.1014010030513738,0.38075603496806565,1,7,0.212393241110542,0.4837770316324083,0,2,0.936536125479916,0.8383784411094494,0,2,0.936536125479916,0.8383784411094494,0,0.403100950109051,0.571082920879064,1.263,"{""1"": 29422.7142566406, ""2"": 19405.513353101658, ""3"": 16726.165775348767, ""4"": 15140.753588471305, ""5"": 14136.793186458171, ""6"": 13658.763573893824, ""7"": 13024.779036570118, ""8"": 12879.69789110649, ""9"": 12744.780472210732, ""10"": 12768.56975505906, ""11"": 12466.675001041946, ""12"": 12438.466698848113, ""13"": 12429.465348660098, ""14"": 12280.047683491837, ""15"": 12263.40863958252}",6.0063018798828125
mueller_brown,subsample,pca,4000,10,1,5,3,3,0.0865,14,0.11855075870061169,0.4131007847017009,0,15,0.13987661227672335,0.42473645457325665,1,7,0.2205197036193503,0.5030650280123417,0,2,0.9364138388492292,0.8464150689547493,0,2,0.9364138388492292,0.8464150689547493,0,0.4191643584124275,0.5931976379094613,1.2210000000000003,"{""1"": 29688.524901822326, ""2"": 19659.61934753161, ""3"": 17129.124777115394, ""4"": 14891.989437680058, ""5"": 14130.143943445792, ""6"": 13382.587128146582, ""7"": 13049.430423379017, ""8"": 12945.122895267605, ""9"": 12841.056603462644, ""10"": 12578.43204911684, ""11"": 12540.680468996577, ""12"": 12457.921856385872, ""13"": 12402.355957242098, ""14"": 12304.584445875098, ""15"": 12319.966927964337}",6.159297943115234
mueller_brown,subsample,pca,4000,10,1,6,3,3,0.06125,14,0.08928909909344834,0.3669160737140569,0,14,0.08928909909344834,0.3669160737140569,0,6,0.23532521600590095,0.4944517356995199,0,2,0.8238490430114259,0.6903122684722214,0,2,0.8238490430114259,0.6903122684722214,0,0.36196996572957335,0.5242778513673034,1.3260000000000003,"{""1"": 28990.775452619295, ""2"": 18184.51137099592, ""3"": 15621.421619946095, ""4"": 13814.151713161498, ""5"": 13108.537304577118, ""6"": 12259.551689931037, ""7"": 11969.991053451984, ""8"": 11691.717363163976, ""9"": 11575.949149471975, ""10"": 11480.844560990688, ""11"": 11295.914233391048, ""12"": 11187.09356237138, ""13"": 11163.428034333221, ""14"": 11160.551138118373, ""15"": 11204.498533906944}",6.285153150558472
mueller_brown,subsample,pca,4000,10,1,7,3,3,0.08475,15,0.1548787115809333,0.43946511183264747,1,15,0.1548787115809333,0.43946511183264747,1,6,0.3103866431511773,0.560443462345629,0,2,0.929561858431919,0.8526525113577546,0,2,0.929561858431919,0.8526525113577546,0,0.46596948766563345,0.629934553594357,1.099,"{""1"": 30043.20546688416, ""2"": 19320.685251594387, ""3"": 16694.35031959839, ""4"": 14487.93764588937, ""5"": 13605.206209689326, ""6"": 12932.907820318436, ""7"": 12647.68244099605, ""8"": 12580.392901768084, ""9"": 12425.383778145702, ""10"": 12158.23951681935, ""11"": 12071.972668152348, ""12"": 12010.306571328278, ""13"": 11951.946430213451, ""14"": 11957.156389386884, ""15"": 11885.857300280906}",6.749062776565552
mueller_brown,subsample,pca,4000,10,1,8,3,3,0.06425,15,0.11463424562365188,0.3895863826135491,1,15,0.11463424562365188,0.3895863826135491,1,7,0.23954158283360436,0.48272357876970684,0,2,0.8888797377582042,0.7689765632187209,0,2,0.8888797377582042,0.7689765632187209,0,0.3790899417110082,0.5397620224417842,1.1969999999999994,"{""1"": 29406.92842406621, ""2"": 19244.099535397992, ""3"": 16425.891122580975, ""4"": 14421.60258499023, ""5"": 13250.520496415766, ""6"": 12790.399585483676, ""7"": 12304.606261129522, ""8"": 12053.972919840022, ""9"": 11842.79514373249, ""10"": 11699.974036164096, ""11"": 11675.241297595503, ""12"": 11647.768385148023, ""13"": 11572.221430779051, ""14"": 11543.261362895999, ""15"": 11482.758455461359}",6.42665696144104
mueller_brown,subsample,pca,4000,10,1,9,3,3,0.09475,15,0.13330013888302863,0.43345356610393637,1,15,0.13330013888302863,0.43345356610393637,1,6,0.30524415006188194,0.5507426184503018,0,2,0.9019720702387697,0.8078158485745801,0,2,0.9019720702387697,0.8078158485745801,0,0.8086192476836961,0.7631229594127149,1.2265000000000001,"{""1"": 30033.935655871075, ""2"": 19593.96621248866, ""3"": 17138.229751466173, ""4"": 14723.062513868663, ""5"": 13898.883164166502, ""6"": 13152.002162737326, ""7"": 12835.630588766238, ""8"": 12739.446099051858, ""9"": 12641.10397767301, ""10"": 12571.775852250583, ""11"": 12448.022229281194, ""12"": 12361.034866196378, ""13"": 12371.217879755259, ""14"": 12214.307478083976, ""15"": 12192.157446633173}",5.744674921035767
mueller_brown,subsample,pca,4000,10,1,10,3,3,0.08825,15,0.15101980677315988,0.44460925480662855,1,15,0.15101980677315988,0.44460925480662855,1,6,0.3160544823878185,0.5635568207852336,0,2,0.9284427268871643,0.8590243835289761,0,2,0.9284427268871643,0.8590243835289761,0,0.5175264081427735,0.6449280319651788,1.169,"{""1"": 30245.44663930699, ""2"": 19736.53641908573, ""3"": 17174.61201168035, ""4"": 14874.101628176724, ""5"": 13801.355308621414, ""6"": 13125.7393871344, ""7"": 12863.130513203309, ""8"": 12699.741410162396, ""9"": 12606.459112465387, ""10"": 12419.866807560564, ""11"": 12322.08668240554, ""12"": 12316.553809233743, ""13"": 12186.686239588795, ""14"": 12166.500553152757, ""15"": 12139.096863052791}",5.839106321334839
mueller_brown,subsample,pca,4000,10,1,11,3,3,0.07575,15,0.1203437170391331,0.412003999238302,1,15,0.1203437170391331,0.412003999238302,1,6,0.31889373746721,0.5546562074749773,0,2,0.9392246612895869,0.8483707765386,0,2,0.9392246612895869,0.8483707765386,0,0.4805134741478989,0.6242833289823247,1.2030000000000003,"{""1"": 29640.566764077194, ""2"": 19548.336065293868, ""3"": 16828.8544976635, ""4"": 14461.834224250955, ""5"": 13460.248294602578, ""6"": 12669.122146951144, ""7"": 12300.700157805837, ""8"": 12188.84354673881, ""9"": 12114.910779780203, ""10"": 12115.230385589919, ""11"": 11948.422483071003, ""12"": 11867.073283324118, ""13"": 11908.098682850477, ""14"": 11803.39341592221, ""15"": 11721.478884409295}",5.715923070907593
mueller_brown,subsample,pca,4000,10,1,12,3,3,0.06475,15,0.0859129286789266,0.3523043304546852,1,15,0.0859129286789266,0.3523043304546852,1,6,0.21528605842151632,0.4877750977508701,0,2,0.7510310484672571,0.6191123683425485,0,2,0.7510310484672571,0.6191123683425485,0,0.37833154817662845,0.544213816799249,1.298,"{""1"": 29206.87790647024, ""2"": 19130.47456162422, ""3"": 16735.59087590349, ""4"": 14796.240642373761, ""5"": 13977.374252585209, ""6"": 13466.427605268089, ""7"": 12992.177714336358, ""8"": 12647.991038486469, ""9"": 12507.52803052046, ""10"": 12378.087699582195, ""11"": 12272.701306467896, ""12"": 12163.215805079491, ""13"": 12127.801472783101, ""14"": 12198.098459915806, ""15"": 12127.747186461655}",6.292840003967285
mueller_brown,subsample,pca,4000,10,1,13,3,3,0.06175,13,0.09992321924466345,0.36728630316464844,0,15,0.08925793658695395,0.3505783541853405,1,6,0.21761489362069764,0.48198565066005566,0,2,0.7543021059706171,0.6177659920813685,0,2,0.7543021059706171,0.6177659920813685,0,0.3747141157365685,0.5631015833483224,1.293,"{""1"": 28949.511692794324, ""2"": 18935.397678221234, ""3"": 16766.976897301825, ""4"": 14951.991586212247, ""5"": 13711.572763418748, ""6"": 13111.855422792974, ""7"": 12691.577269600384, ""8"": 12411.250810768428, ""9"": 12331.619600142847, ""10"": 12269.636687023605, ""11"": 11927.053980091723, ""12"": 11915.148261401226, ""13"": 11839.565800773427, ""14"": 11900.796151989525, ""15"": 11893.160300628499}",6.350293397903442
mueller_brown,subsample,pca,4000,10,1,14,3,3,0.06475,14,0.11487761465782076,0.40214942008598503,0,15,0.11128746182576364,0.40013239619300706,1,6,0.2470178173414929,0.5247173498220076,0,2,0.9487758379794703,0.8632310956089858,0,2,0.9487758379794703,0.8632310956089858,0,0.42040152989678625,0.5994203583275678,1.2505000000000002,"{""1"": 29540.278175019208, ""2"": 19057.230990190816, ""3"": 16161.230263193209, ""4"": 13805.536833082533, ""5"": 13061.614897345202, ""6"": 12353.986786895792, ""7"": 12117.314094783309, ""8"": 11707.263408538875, ""9"": 11562.138833599316, ""10"": 11509.81581785783, ""11"": 11354.159061038992, ""12"": 11360.93394854383, ""13"": 11399.468824700722, ""14"": 11283.250763834625, ""15"": 11314.52580748419}",5.878127574920654
mueller_brown,subsample,pca,4000,10,1,15,3,3,0.0635,14,0.07005826027721798,0.322453414119305,0,15,0.07024818869559252,0.32200107060385735,1,6,0.20035823400894548,0.4577722262245577,0,2,0.7735188889654963,0.6292725463754671,0,2,0.7735188889654963,0.6292725463754671,0,0.31336416423315644,0.46989057104939946,1.3580000000000003,"{""1"": 28276.079094867237, ""2"": 18407.753536039614, ""3"": 16162.550263143003, ""4"": 14817.178327202071, ""5"": 14021.318919018975, ""6"": 13380.290963208985, ""7"": 13065.038703646216, ""8"": 12842.503233794148, ""9"": 12624.76869381736, ""10"": 12614.20763311014, ""11"": 12520.003009711943, ""12"": 12397.30327776679, ""13"": 12302.716222935209, ""14"": 12278.148300501933, ""15"": 12301.935203963198}",6.2002081871032715
mueller_brown,subsample,pca,4000,10,1,16,3,3,0.0645,15,0.09986865421765652,0.3713096890898152,1,15,0.09986865421765652,0.3713096890898152,1,6,0.26648458869494196,0.5141052846554695,0,2,0.8717983130598116,0.7487032072588209,0,2,0.8717983130598116,0.7487032072588209,0,0.3845719535674346,0.5454545789724665,1.2825,"{""1"": 29266.191249736818, ""2"": 18476.59360468188, ""3"": 15801.163553687384, ""4"": 13946.12171654179, ""5"": 13024.966686261005, ""6"": 12351.467960567108, ""7"": 12017.980517788468, ""8"": 11833.280568227021, ""9"": 11711.062690723971, ""10"": 11596.368287383999, ""11"": 11478.514340903781, ""12"": 11356.936958922248, ""13"": 11273.961767549106, ""14"": 11237.417483061497, ""15"": 11207.531403867246}",6.39394474029541
mueller_brown,subsample,pca,4000,10,1,17,3,3,0.071,14,0.11312182676904986,0.4087434827956511,0,15,0.10983785542790933,0.40053013738275894,1,6,0.27353083896728875,0.5283503033972486,0,2,0.8570195128003484,0.7371239360932619,0,2,0.8570195128003484,0.7371239360932619,0,0.4450354602022776,0.581630156915755,1.2655,"{""1"": 29501.005005945673, ""2"": 18883.331793325407, ""3"": 16318.001647932311, ""4"": 14123.89471844709, ""5"": 13312.541621172333, ""6"": 12837.590907870112, ""7"": 12511.052067039576, ""8"": 12276.523302261385, ""9"": 12124.945044024045, ""10"": 11904.14158066245, ""11"": 11829.30598094774, ""12"": 11781.773759425458, ""13"": 11764.912341438245, ""14"": 11688.906010140887, ""15"": 11724.842889056787}",6.358924627304077
mueller_brown,subsample,pca,4000,10,1,18,3,3,0.03175,14,0.029386943359014962,0.19636923984745555,0,15,0.027374949879535364,0.1912946041623535,1,5,0.09360678407215253,0.26802659806001167,0,2,0.5143819665912072,0.3995945809766527,0,3,0.17462098886175847,0.29511859383563516,0,0.17462098886175847,0.29511859383563516,1.6060000000000003,"{""1"": 26056.25750965304, ""2"": 18258.232989992524, ""3"": 16560.26708476416, ""4"": 15751.269099714938, ""5"": 15039.410151405142, ""6"": 14620.13429206989, ""7"": 14357.171625231484, ""8"": 14202.92705481646, ""9"": 14055.811361483075, ""10"": 13943.751469826439, ""11"": 13780.667805361205, ""12"": 13741.518899535453, ""13"": 13726.431354030767, ""14"": 13705.022158451065, ""15"": 13727.669326840549}",6.846365451812744
mueller_brown,subsample,pca,4000,10,1,19,3,3,0.06275,15,0.07380495332151735,0.33719677975266643,1,15,0.07380495332151735,0.33719677975266643,1,5,0.27168089203476325,0.4828424811780806,0,2,0.705021456800364,0.5741649802400793,0,2,0.705021456800364,0.5741649802400793,0,0.27847541536864306,0.42857316909266346,1.3690000000000002,"{""1"": 28639.51295174321, ""2"": 18915.78853464903, ""3"": 16596.810074824374, ""4"": 15144.237140206484, ""5"": 13870.956191517616, ""6"": 13472.52170002563, ""7"": 13012.778416794756, ""8"": 12660.412162119344, ""9"": 12428.309034384652, ""10"": 12361.978914446498, ""11"": 12323.928559605656, ""12"": 12239.096664527693, ""13"": 12106.151145054235, ""14"": 12109.522922666756, ""15"": 12075.056521407068}",6.774995803833008
mueller_brown,subsample,pca,8000,10,1,0,3,3,0.093,15,0.16869842698913176,0.454266267948716,1,15,0.16869842698913176,0.454266267948716,1,6,0.3246135596310195,0.5724156778337552,0,2,0.9221763218979739,0.8587279955159024,0,2,0.9221763218979739,0.8587279955159024,0,0.487957434694715,0.646204451192872,1.093,"{""1"": 60389.68582754625, ""2"": 37793.83543697466, ""3"": 33235.66322227609, ""4"": 29051.239829312468, ""5"": 26682.74669446391, ""6"": 25436.939036841548, ""7"": 24776.27413243406, ""8"": 24476.96708292491, ""9"": 24287.551999848816, ""10"": 23890.73567891317, ""11"": 23658.35396754398, ""12"": 23328.211599633756, ""13"": 23165.222234819725, ""14"": 23061.328359040388, ""15"": 22959.703126076038}",14.745833158493042
mueller_brown,subsample,pca,8000,10,1,1,3,3,0.0835,15,0.1196899266913824,0.4173033234418719,1,15,0.1196899266913824,0.4173033234418719,1,6,0.28681106546735113,0.5457435406243868,0,2,0.931451928471098,0.8485945685660755,0,2,0.931451928471098,0.8485945685660755,0,0.4743131543139383,0.6316949004905049,1.2282499999999998,"{""1"": 60086.40167940017, ""2"": 40114.86263702942, ""3"": 34466.324996197516, ""4"": 29529.055131566955, ""5"": 27861.43254693334, ""6"": 26122.407897001376, ""7"": 25512.137976205584, ""8"": 24967.90298373361, ""9"": 24870.575730801273, ""10"": 24668.550327089706, ""11"": 24608.417339708467, ""12"": 24054.84780579518, ""13"": 24065.400688738013, ""14"": 23864.749310869047, ""15"": 23663.98999147594}",14.500642538070679
mueller_brown,subsample,pca,8000,10,1,2,3,3,0.098375,15,0.14284036356004537,0.4458775156880978,1,15,0.14284036356004537,0.4458775156880978,1,8,0.2840069106681476,0.5554850786092537,0,2,0.9214946716163251,0.8514238345673318,0,2,0.9214946716163251,0.8514238345673318,0,0.4941549623216803,0.6466985639166358,1.1869999999999996,"{""1"": 60511.43211611677, ""2"": 39178.398792869186, ""3"": 34304.423118291445, ""4"": 29942.696625741548, ""5"": 27625.06108280621, ""6"": 26440.577414142954, ""7"": 25720.926115444254, ""8"": 25379.89892312609, ""9"": 25083.053941512855, ""10"": 24759.820514483108, ""11"": 24227.85325799017, ""12"": 24071.050271473516, ""13"": 23915.53789059722, ""14"": 23833.145857057167, ""15"": 23739.52446949743}",15.418618440628052
mueller_brown,subsample,pca,8000,10,1,3,3,3,0.067625,15,0.11502252963324992,0.3965857084905908,1,15,0.11502252963324992,0.3965857084905908,1,6,0.2705903323089755,0.5288047551694289,0,2,0.9238717973031861,0.824519402209429,0,2,0.9238717973031861,0.824519402209429,0,0.4223151960424129,0.5788912378677316,1.2339999999999998,"{""1"": 58930.685515075565, ""2"": 37135.05043328547, ""3"": 31821.156386654806, ""4"": 27572.267502793587, ""5"": 25792.281001690553, ""6"": 24349.960048991565, ""7"": 23814.815400978838, ""8"": 23429.034616592944, ""9"": 22994.730207762335, ""10"": 22553.46765576286, ""11"": 22588.308773326815, ""12"": 22410.416680727318, ""13"": 22280.57490502299, ""14"": 22126.96271412088, ""15"": 21927.823309339292}",14.731579542160034
mueller_brown,subsample,pca,8000,10,1,4,3,3,0.08225,15,0.10577422729443076,0.3866967665621658,1,15,0.10577422729443076,0.3866967665621658,1,7,0.21011156115099308,0.4819925059430615,0,2,0.9117752880140406,0.7996411907574698,0,2,0.9117752880140406,0.7996411907574698,0,0.39324407851018506,0.5634370329487683,1.2032499999999997,"{""1"": 58761.346526841924, ""2"": 38625.42026215902, ""3"": 33298.28144010068, ""4"": 30111.50838041474, ""5"": 28390.843691644735, ""6"": 27028.956184027273, ""7"": 26282.425769971174, ""8"": 25967.0116620083, ""9"": 25823.56097405202, ""10"": 25379.396886757197, ""11"": 25219.09006972035, ""12"": 24876.947098549976, ""13"": 24857.474957026065, ""14"": 24636.117703662865, ""15"": 24406.61700116237}",15.130894899368286
mueller_brown,subsample,pca,8000,10,1,5,3,3,0.087125,15,0.11216376861580139,0.409055840757391,1,15,0.11216376861580139,0.409055840757391,1,6,0.2734777251478711,0.5346547731685112,0,2,0.9094457704189389,0.8049690492058053,0,2,0.9094457704189389,0.8049690492058053,0,0.4431736161645701,0.5998346433256698,1.253,"{""1"": 59276.23641742575, ""2"": 38785.07041886071, ""3"": 33856.13745673856, ""4"": 29710.665720598856, ""5"": 28079.81670705922, ""6"": 26519.15914128462, ""7"": 25927.08472046037, ""8"": 25250.516261873196, ""9"": 25326.446637704186, ""10"": 24904.02172122561, ""11"": 24610.975293970176, ""12"": 24316.939847564656, ""13"": 24293.950488123737, ""14"": 24196.119686073627, ""15"": 24042.22286914776}",15.544663906097412
mueller_brown,subsample,pca,8000,10,1,6,3,3,0.060875,15,0.0934161164687278,0.3612737823246838,1,15,0.0934161164687278,0.3612737823246838,1,5,0.28334299624140913,0.5125566338580566,0,2,0.8420695545993916,0.7095693125739232,0,2,0.8420695545993916,0.7095693125739232,0,0.35558216011088756,0.5227276866090541,1.3019999999999998,"{""1"": 57938.31254384709, ""2"": 36580.69148091532, ""3"": 31158.51718070675, ""4"": 27579.494557868704, ""5"": 25831.968824618387, ""6"": 25017.953033831607, ""7"": 23834.863434979394, ""8"": 23297.607871272736, ""9"": 22769.329058630265, ""10"": 22544.048513845122, ""11"": 22383.906428923958, ""12"": 22347.67976590872, ""13"": 22112.59757536544, ""14"": 22096.117654465415, ""15"": 21973.67672559113}",15.68859314918518
mueller_brown,subsample,pca,8000,10,1,7,3,3,0.086125,14,0.14097718091665548,0.42554547724666986,0,15,0.1310924465671154,0.4178121879924693,1,6,0.30319922978274244,0.5569646851674406,0,2,0.8987922050163814,0.8046274236043417,0,2,0.8987922050163814,0.8046274236043417,0,0.4858754593034105,0.6344719150179821,1.20925,"{""1"": 59916.92894557459, ""2"": 38752.12422333311, ""3"": 33627.01939686944, ""4"": 28837.415748464377, ""5"": 27122.4687210938, ""6"": 25765.90253545227, ""7"": 25182.553612862608, ""8"": 24934.867712781455, ""9"": 24713.599997887326, ""10"": 23973.59582190705, ""11"": 23872.067825374103, ""12"": 23805.126747131653, ""13"": 23586.90099491971, ""14"": 23492.095981626262, ""15"": 23502.240625782473}",15.481002807617188
mueller_brown,subsample,pca,8000,10,1,8,3,3,0.064,14,0.1070003351580362,0.38859064163180146,0,15,0.10245447502140445,0.37931694589519604,1,8,0.18009524603002483,0.45405141982243985,0,2,0.8554162184854923,0.7293138457476938,0,2,0.8554162184854923,0.7293138457476938,0,0.39356906520910273,0.5587727682257794,1.2750000000000004,"{""1"": 58731.560961038216, ""2"": 37637.366435918724, ""3"": 32181.79573136724, ""4"": 28151.29638156103, ""5"": 26311.734343763263, ""6"": 25330.503716841307, ""7"": 24562.45979919435, ""8"": 23383.499792019695, ""9"": 23480.977974857295, ""10"": 22823.372074406798, ""11"": 22504.884934462523, ""12"": 22288.054799056918, ""13"": 22114.76173300246, ""14"": 22034.989902773705, ""15"": 22044.2763158332}",15.609113454818726
mueller_brown,subsample,pca,8000,10,1,9,3,3,0.09325,15,0.13461003888235537,0.42188250860624144,1,15,0.13461003888235537,0.42188250860624144,1,6,0.3002507993098597,0.5503820523742041,0,2,0.9249975425766185,0.8428748419855098,0,2,0.9249975425766185,0.8428748419855098,0,0.7983734066905281,0.7474720998949319,1.1685,"{""1"": 59922.9243966977, ""2"": 39245.874314125984, ""3"": 34184.256150310415, ""4"": 29505.671037927055, ""5"": 27732.550001582717, ""6"": 26093.48379802712, ""7"": 25486.59527691219, ""8"": 25228.024026221898, ""9"": 24963.989263505526, ""10"": 24805.042235652945, ""11"": 24486.71806938168, ""12"": 24435.342882024208, ""13"": 23913.784313602788, ""14"": 23878.55666251113, ""15"": 23832.128391982387}",14.584105014801025
mueller_brown,subsample,pca,8000,10,1,10,3,3,0.088875,15,0.16002806455936325,0.45108335138395905,1,15,0.16002806455936325,0.45108335138395905,1,9,0.24973694603814534,0.5295243906129179,0,2,0.9256683923807367,0.8521620277489448,0,2,0.9256683923807367,0.8521620277489448,0,0.5135052236308257,0.6449776163834006,1.12925,"{""1"": 60342.58481099488, ""2"": 39546.152288932884, ""3"": 34352.35455788614, ""4"": 29310.63725198697, ""5"": 27427.53408889588, ""6"": 26072.05802596089, ""7"": 25398.754827308825, ""8"": 25224.096580339046, ""9"": 24703.602251334767, ""10"": 24424.728558822248, ""11"": 24216.07978334515, ""12"": 23962.629315481587, ""13"": 23959.031126935788, ""14"": 23804.563259814793, ""15"": 23593.80408988376}",15.081312894821167
mueller_brown,subsample,pca,8000,10,1,11,3,3,0.074875,15,0.12827726582727927,0.4153680482792566,1,15,0.12827726582727927,0.4153680482792566,1,6,0.2710904712432181,0.5298482448990748,0,2,0.9402140241911324,0.8526009323951224,0,2,0.9402140241911324,0.8526009323951224,0,0.45851621969652984,0.6171225899390032,1.2002499999999998,"{""1"": 59405.419578106455, ""2"": 39223.81458462324, ""3"": 34015.11695796434, ""4"": 28993.560084407498, ""5"": 27132.849224938796, ""6"": 25735.229887994745, ""7"": 25081.859322980752, ""8"": 24607.70222846707, ""9"": 24332.812001101745, ""10"": 23604.750886818525, ""11"": 23503.112355351495, ""12"": 23370.101210000303, ""13"": 23268.676981948032, ""14"": 23241.52486086402, ""15"": 23158.911829474255}",16.09323477745056
mueller_brown,subsample,pca,8000,10,1,12,3,3,0.0635,15,0.08767580383499338,0.3599430053647191,1,15,0.08767580383499338,0.3599430053647191,1,5,0.27863840570929393,0.5026910411021313,0,2,0.7821314079353642,0.647835033456479,0,2,0.7821314079353642,0.647835033456479,0,0.39436510200893926,0.5540762525765431,1.2857499999999997,"{""1"": 58345.734632607484, ""2"": 38282.76469703089, ""3"": 33395.95197337855, ""4"": 29664.717568733522, ""5"": 27586.187884655414, ""6"": 26797.504172022145, ""7"": 25635.27061943686, ""8"": 25048.144217413144, ""9"": 24531.47036408672, ""10"": 24318.94603782383, ""11"": 24320.216578810796, ""12"": 23837.207615293115, ""13"": 23710.163341895877, ""14"": 23663.463713034984, ""15"": 23640.176937653552}",15.410948276519775
mueller_brown,subsample,pca,8000,10,1,13,3,3,0.063375,15,0.08160830872161945,0.3451745302492783,1,15,0.08160830872161945,0.3451745302492783,1,6,0.19301499916899317,0.45553136092085167,0,2,0.9365538633870569,0.8250079383472403,0,2,0.9365538633870569,0.8250079383472403,0,0.3682145954733882,0.5379205343666147,1.314,"{""1"": 57745.2739282227, ""2"": 38278.89056509311, ""3"": 32862.0948148933, ""4"": 29088.73569224557, ""5"": 27302.01734193734, ""6"": 26269.67126697674, ""7"": 25149.582407199778, ""8"": 24475.02075475898, ""9"": 24062.481490496724, ""10"": 23945.252587190233, ""11"": 23984.340287746858, ""12"": 23830.322976745785, ""13"": 23551.969836753095, ""14"": 23359.418429559923, ""15"": 23294.48800374747}",15.027374029159546
mueller_brown,subsample,pca,8000,10,1,14,3,3,0.0635,13,0.11202236094323098,0.4014936382320565,0,15,0.1073141843729786,0.3899478050945563,1,8,0.18607371936063788,0.4572888001122423,0,2,0.8884284115227029,0.7729614171916486,0,2,0.8884284115227029,0.7729614171916486,0,0.4252168133025414,0.5963330442517029,1.2792499999999998,"{""1"": 58971.17634574178, ""2"": 37477.83363683812, ""3"": 32053.38757275984, ""4"": 27627.952437962052, ""5"": 25750.910294734607, ""6"": 24286.259638836564, ""7"": 23521.458915075647, ""8"": 23061.008395324145, ""9"": 22927.652914561724, ""10"": 22594.171060669756, ""11"": 22598.022231999592, ""12"": 22384.53841968011, ""13"": 21869.235003836828, ""14"": 21917.608526126183, ""15"": 21879.580483563073}",14.80446743965149
mueller_brown,subsample,pca,8000,10,1,15,3,3,0.061875,15,0.07623348988304846,0.3213903514614336,1,15,0.07623348988304846,0.3213903514614336,1,6,0.1955285873579588,0.44430947599387705,0,2,0.7813222390944619,0.6365814209896951,0,2,0.7813222390944619,0.6365814209896951,0,0.29229005335819713,0.45018300451800924,1.308,"{""1"": 56465.50910481493, ""2"": 36822.10253608965, ""3"": 32255.644142126985, ""4"": 29627.301529329347, ""5"": 28110.971416214074, ""6"": 26801.28043779335, ""7"": 26291.354500950776, ""8"": 25864.412097053926, ""9"": 25229.361147105647, ""10"": 25140.354518952114, ""11"": 24801.525031969453, ""12"": 24639.623511399845, ""13"": 24547.239169923578, ""14"": 24409.847089634026, ""15"": 24367.760695338922}",15.140372514724731
mueller_brown,subsample,pca,8000,10,1,16,3,3,0.062875,15,0.10788677349914313,0.3833727932755254,1,15,0.10788677349914313,0.3833727932755254,1,7,0.22132361995098562,0.4806158004218679,0,2,0.8572615328437675,0.73196743474337,0,2,0.8572615328437675,0.73196743474337,0,0.36906956206415914,0.528361669866573,1.2302499999999998,"{""1"": 58477.17988338418, ""2"": 37016.06605516446, ""3"": 31652.66974343058, ""4"": 27766.243738496796, ""5"": 25904.517223901108, ""6"": 24664.46975786106, ""7"": 23916.21831005502, ""8"": 23543.6559300916, ""9"": 23018.12013279049, ""10"": 22411.665308128817, ""11"": 22463.84375902874, ""12"": 22128.086479227237, ""13"": 21962.82515135044, ""14"": 21947.111435258903, ""15"": 21817.832344024617}",15.853917360305786
mueller_brown,subsample,pca,8000,10,1,17,3,3,0.070625,15,0.1239485017656302,0.398586532289646,1,15,0.1239485017656302,0.398586532289646,1,7,0.23659527466344857,0.481264292578199,0,2,0.856306663259913,0.7357699407093332,0,2,0.856306663259913,0.7357699407093332,0,0.4065134179349156,0.5525455002697038,1.15675,"{""1"": 59161.293151613885, ""2"": 37985.42093052681, ""3"": 32550.581909338747, ""4"": 28367.20882124831, ""5"": 26453.304302174234, ""6"": 25460.410079711466, ""7"": 24441.57186082088, ""8"": 24105.70794289619, ""9"": 23801.834249597618, ""10"": 23346.08564331118, ""11"": 22910.953402265597, ""12"": 22888.934022703994, ""13"": 22620.148118231733, ""14"": 22483.146846489857, ""15"": 22424.877415761282}",15.77370810508728
mueller_brown,subsample,pca,8000,10,1,18,3,3,0.031875,14,0.02710304442093073,0.18889326783265406,0,15,0.026951146166845075,0.19117831400396146,1,4,0.1424249100810901,0.33082764268514797,0,2,0.571385472284844,0.441689678659178,0,3,0.16504326612744508,0.28763561965518913,0,0.16504326612744508,0.28763561965518913,1.5937499999999998,"{""1"": 51963.564324948085, ""2"": 36121.04393685239, ""3"": 32292.457296611883, ""4"": 30744.27218054704, ""5"": 29578.74870142399, ""6"": 28509.748226721462, ""7"": 28309.778405250185, ""8"": 27709.243937000818, ""9"": 27306.709082772246, ""10"": 26961.18455542932, ""11"": 27058.07085238853, ""12"": 26862.509023472678, ""13"": 26686.528317687746, ""14"": 26495.929529811383, ""15"": 26505.567142484582}",15.22384762763977
mueller_brown,subsample,pca,8000,10,1,19,3,3,0.06225,15,0.07775110800890891,0.33736651309263116,1,15,0.07775110800890891,0.33736651309263116,1,7,0.16882963786620797,0.43188740990121854,0,2,0.7841377387600718,0.6436578277793475,0,2,0.7841377387600718,0.6436578277793475,0,0.3965533912738788,0.5602617803449382,1.3850000000000002,"{""1"": 57372.206091140375, ""2"": 37872.202348015875, ""3"": 34072.07548512581, ""4"": 29978.665975865963, ""5"": 27505.868112264765, ""6"": 26675.68423040658, ""7"": 25490.04983529411, ""8"": 25173.648336456466, ""9"": 24542.50278405758, ""10"": 24453.501879602267, ""11"": 24250.146746722294, ""12"": 24198.26585214937, ""13"": 24016.597989015096, ""14"": 23755.988853336854, ""15"": 23703.83744485868}",15.368042469024658
mueller_brown,subsample,pca,16000,10,1,0,3,3,0.0920625,15,0.1719361980155685,0.4609333146571691,1,15,0.1719361980155685,0.4609333146571691,1,6,0.34391014738746284,0.5749426533054838,0,2,0.921204812580098,0.8556995020424671,0,2,0.921204812580098,0.8556995020424671,0,0.5029856946098233,0.6502118369465365,1.084875,"{""1"": 120805.61185261686, ""2"": 75875.18033209252, ""3"": 66544.34016007179, ""4"": 57931.046014276966, ""5"": 53084.279730216345, ""6"": 50526.767297019855, ""7"": 49233.51395456782, ""8"": 48671.63135042518, ""9"": 47896.811187561434, ""10"": 47145.25409446847, ""11"": 46648.108227607016, ""12"": 46379.65704889435, ""13"": 45884.516810038716, ""14"": 45555.48103308628, ""15"": 45530.48048571597}",55.87573528289795
mueller_brown,subsample,pca,16000,10,1,1,3,3,0.081,15,0.11996522161059205,0.4153423299108878,1,15,0.11996522161059205,0.4153423299108878,1,6,0.2887488843573716,0.5413876520809846,0,2,0.9344317408259012,0.852543158832207,0,2,0.9344317408259012,0.852543158832207,0,0.48161371092622807,0.6320975213907665,1.2598749999999996,"{""1"": 120017.34060502153, ""2"": 80546.47501768348, ""3"": 69098.81549009473, ""4"": 59076.48205470232, ""5"": 55715.31428467916, ""6"": 52419.831194545804, ""7"": 50897.018251786394, ""8"": 50250.420336036565, ""9"": 49369.36811405897, ""10"": 49050.34246358422, ""11"": 48646.97988777935, ""12"": 47772.54233213066, ""13"": 47636.572044284294, ""14"": 47356.52941373251, ""15"": 47249.34655005085}",55.360193967819214
mueller_brown,subsample,pca,16000,10,1,2,3,3,0.097625,15,0.13592970030034243,0.43777466809677734,1,15,0.13592970030034243,0.43777466809677734,1,6,0.3169947382755387,0.5708426179006614,0,2,0.9211696855774909,0.8506686525072865,0,2,0.9211696855774909,0.8506686525072865,0,0.4961606332727141,0.6426875380210586,1.2570000000000003,"{""1"": 120984.6389052539, ""2"": 78205.73564810636, ""3"": 68519.57583869231, ""4"": 59610.92286739001, ""5"": 55055.19117587497, ""6"": 52448.543194399026, ""7"": 51079.73502450445, ""8"": 50580.92695563703, ""9"": 50117.913764257806, ""10"": 49401.99854734962, ""11"": 48288.52832559703, ""12"": 47746.136692699605, ""13"": 47505.535804969746, ""14"": 47188.346948795544, ""15"": 47162.45178082826}",55.16240668296814
mueller_brown,subsample,pca,16000,10,1,3,3,3,0.06675,15,0.12464097261848565,0.4027353147700259,1,15,0.12464097261848565,0.4027353147700259,1,7,0.249609057085911,0.5022407186893559,0,2,0.9250365688008015,0.8262186139776335,0,2,0.9250365688008015,0.8262186139776335,0,0.41574264582035464,0.5792309594751658,1.2111250000000002,"{""1"": 117831.54569520487, ""2"": 74174.42393359209, ""3"": 63801.38749925115, ""4"": 54653.53319064869, ""5"": 51312.42167717473, ""6"": 48010.09382775079, ""7"": 46801.14965710973, ""8"": 46279.082762321355, ""9"": 45526.73829647976, ""10"": 44296.07921059628, ""11"": 44322.83780853549, ""12"": 43575.15213568017, ""13"": 43605.580661640175, ""14"": 43226.516696659346, ""15"": 42968.131750209155}",56.366819620132446
mueller_brown,subsample,pca,16000,10,1,4,3,3,0.082125,15,0.10016051553201126,0.38197351013868636,1,15,0.10016051553201126,0.38197351013868636,1,7,0.21886777665077076,0.48568669408722703,0,2,0.8657389021360374,0.7403529805810531,0,2,0.8657389021360374,0.7403529805810531,0,0.4036556100396657,0.5757144500737595,1.2562500000000003,"{""1"": 117399.179271562, ""2"": 77015.33373023376, ""3"": 66948.79577516473, ""4"": 59919.024075617635, ""5"": 56599.125406142084, ""6"": 53387.84872167455, ""7"": 52087.216529145415, ""8"": 51387.03448353111, ""9"": 50583.21760740886, ""10"": 50736.00118979212, ""11"": 50497.26298304412, ""12"": 49381.138786574935, ""13"": 48830.91068444091, ""14"": 48429.44981210166, ""15"": 48407.80060947672}",55.187134981155396
mueller_brown,subsample,pca,16000,10,1,5,3,3,0.0873125,15,0.1115368204526259,0.4050675190987528,1,15,0.1115368204526259,0.4050675190987528,1,6,0.2729155870283108,0.5302907585266227,0,2,0.9029568314470394,0.796046159151169,0,2,0.9029568314470394,0.796046159151169,0,0.437818719820671,0.5953737575520313,1.212375,"{""1"": 118592.745086326, ""2"": 77654.62956140221, ""3"": 67535.7512847901, ""4"": 59047.18006753259, ""5"": 55653.61898481226, ""6"": 52641.64149592717, ""7"": 51192.062190427656, ""8"": 50258.820972997375, ""9"": 50086.3358876404, ""10"": 48751.936711267386, ""11"": 48475.80118636107, ""12"": 47892.272700441994, ""13"": 47440.7376901457, ""14"": 47282.64921502817, ""15"": 47043.26360456294}",55.812841176986694
mueller_brown,subsample,pca,16000,10,1,6,3,3,0.0615,15,0.09185217732045285,0.36112711618648824,1,15,0.09185217732045285,0.36112711618648824,1,6,0.23544911681840733,0.49238708897364575,0,2,0.8450667583827091,0.7127865877259149,0,2,0.8450667583827091,0.7127865877259149,0,0.3619100757629544,0.524238564957227,1.2995000000000003,"{""1"": 115965.39867570427, ""2"": 73314.36861088978, ""3"": 62806.630424914256, ""4"": 56678.201555056454, ""5"": 51804.0649214138, ""6"": 49078.945864833106, ""7"": 47435.50192930501, ""8"": 46702.72175461536, ""9"": 45448.775796559414, ""10"": 45040.843149057386, ""11"": 45131.89285634907, ""12"": 44460.20694401397, ""13"": 43895.90318946977, ""14"": 43735.69180886882, ""15"": 43553.53145616644}",55.988118410110474
mueller_brown,subsample,pca,16000,10,1,7,3,3,0.0855625,15,0.1350929976812709,0.42685300140932336,1,15,0.1350929976812709,0.42685300140932336,1,6,0.29320287966990644,0.5514420233720927,0,2,0.9063399538459854,0.8154304261838901,0,2,0.9063399538459854,0.8154304261838901,0,0.4743766875145651,0.6315756335933929,1.216125,"{""1"": 119868.21772988248, ""2"": 77703.51844441782, ""3"": 67712.78986374133, ""4"": 58185.87879681895, ""5"": 54646.94247785304, ""6"": 51708.61647932609, ""7"": 50343.48629942542, ""8"": 49993.22308131517, ""9"": 49315.34055078676, ""10"": 48602.09454023686, ""11"": 47396.535829448534, ""12"": 47093.05390756623, ""13"": 47026.71024236445, ""14"": 46593.28563959677, ""15"": 46457.85359610304}",55.48099112510681
mueller_brown,subsample,pca,16000,10,1,8,3,3,0.06375,15,0.10061452770886171,0.380897670097542,1,15,0.10061452770886171,0.380897670097542,1,8,0.17648118959862294,0.44679781720495704,0,2,0.8585934535741299,0.7329282691990051,0,2,0.8585934535741299,0.7329282691990051,0,0.3788382499928688,0.5384598297273131,1.3121249999999998,"{""1"": 117336.9611913034, ""2"": 74930.74348358654, ""3"": 64263.270108007746, ""4"": 55931.725637430376, ""5"": 52092.63279619749, ""6"": 50236.74189378063, ""7"": 47735.700199239946, ""8"": 46127.08522055635, ""9"": 45681.23462212488, ""10"": 44877.57523729756, ""11"": 44352.547504387854, ""12"": 43867.78075443381, ""13"": 43730.11861609464, ""14"": 43319.97112739078, ""15"": 43303.090533809125}",56.53306555747986
mueller_brown,subsample,pca,16000,10,1,9,3,3,0.09375,15,0.14761091517717198,0.4298664116947637,1,15,0.14761091517717198,0.4298664116947637,1,6,0.3009853899383022,0.5476749593569922,0,2,0.8958614589194566,0.798804814336051,0,2,0.8958614589194566,0.798804814336051,0,0.4900627425941745,0.633360992519721,1.1219999999999999,"{""1"": 119782.04020551153, ""2"": 77676.38164404075, ""3"": 68255.92468734109, ""4"": 58440.479444725024, ""5"": 54874.65995373165, ""6"": 51720.69126832364, ""7"": 50426.92771500095, ""8"": 49931.365799389925, ""9"": 49519.588613540975, ""10"": 49153.64646645949, ""11"": 48100.60341345365, ""12"": 47604.24005601844, ""13"": 47232.93431900437, ""14"": 46904.53967517426, ""15"": 46835.98946905809}",54.88587832450867
mueller_brown,subsample,pca,16000,10,1,10,3,3,0.08825,15,0.16557340734588075,0.44923651300647555,1,15,0.16557340734588075,0.44923651300647555,1,7,0.2515493255866169,0.5276576137595225,0,2,0.9247860379344726,0.8503923288288864,0,2,0.9247860379344726,0.8503923288288864,0,0.5116618013043054,0.645679385189702,1.067625,"{""1"": 120802.93807815888, ""2"": 79241.52903664643, ""3"": 68825.53693450548, ""4"": 58614.71198621313, ""5"": 54712.56671075168, ""6"": 52006.10742812296, ""7"": 50632.66600432823, ""8"": 50148.25221747237, ""9"": 48826.426267938245, ""10"": 48317.23727957723, ""11"": 47605.92943340914, ""12"": 47185.506206631915, ""13"": 47102.05415659979, ""14"": 46922.53455778363, ""15"": 46795.02914644255}",56.176593542099
mueller_brown,subsample,pca,16000,10,1,11,3,3,0.0755625,15,0.11874837709017683,0.41194278859146494,1,15,0.11874837709017683,0.41194278859146494,1,7,0.24461512419558276,0.49569989804099573,0,2,0.9396642958492533,0.850884080481426,0,2,0.9396642958492533,0.850884080481426,0,0.45814606796791857,0.614999494683026,1.2085,"{""1"": 118615.94133942753, ""2"": 78263.97541053222, ""3"": 67876.21014705654, ""4"": 57752.0708444743, ""5"": 54440.85254720248, ""6"": 51179.2144396625, ""7"": 49577.363469157164, ""8"": 48682.49694433301, ""9"": 48186.0008325961, ""10"": 47256.65044319244, ""11"": 46755.680009663105, ""12"": 46347.86904461563, ""13"": 46126.64013806274, ""14"": 45892.44888536666, ""15"": 45756.52105367722}",56.099116802215576
mueller_brown,subsample,pca,16000,10,1,12,3,3,0.0659375,15,0.08453163380336598,0.35188235905857707,1,15,0.08453163380336598,0.35188235905857707,1,5,0.2897039494512144,0.5328860234063963,0,2,0.7672298977935371,0.6338814289437031,0,2,0.7672298977935371,0.6338814289437031,0,0.3925540579875486,0.5617667116980236,1.3571250000000001,"{""1"": 116621.20177663027, ""2"": 76177.85798237009, ""3"": 66238.45392279212, ""4"": 58943.819848754836, ""5"": 55269.22378040871, ""6"": 53232.56091574391, ""7"": 51399.914659847745, ""8"": 49564.83653434813, ""9"": 48391.97964422555, ""10"": 47932.76202570182, ""11"": 47291.47513930364, ""12"": 47102.48145203819, ""13"": 46847.66796108301, ""14"": 46540.0667451656, ""15"": 46525.47864171282}",56.0482337474823
mueller_brown,subsample,pca,16000,10,1,13,3,3,0.063875,15,0.08995320711323727,0.3527910446304195,1,15,0.08995320711323727,0.3527910446304195,1,5,0.2636923320485645,0.48889058317684353,0,2,0.7639315823376884,0.6265780834526807,0,2,0.7639315823376884,0.6265780834526807,0,0.3394583755316153,0.500147764502717,1.2798749999999997,"{""1"": 115509.88839262133, ""2"": 75343.17298535923, ""3"": 65275.99056088118, ""4"": 58370.7635580534, ""5"": 54888.73779567155, ""6"": 53052.985195079, ""7"": 50808.907314056356, ""8"": 49276.89341953068, ""9"": 48368.55118334306, ""10"": 48025.543930387175, ""11"": 47737.479040995495, ""12"": 47843.672857964346, ""13"": 47145.376850567154, ""14"": 46598.82217735688, ""15"": 46363.96627939376}",56.09420418739319
mueller_brown,subsample,pca,16000,10,1,14,3,3,0.0635,15,0.10349728905103078,0.39072805596371085,1,15,0.10349728905103078,0.39072805596371085,1,7,0.23469832336007704,0.4899153009682888,0,2,0.9485777139064078,0.8621194244257772,0,2,0.9485777139064078,0.8621194244257772,0,0.43061917358997065,0.6066826277437676,1.28425,"{""1"": 117999.38692700036, ""2"": 75735.69953190953, ""3"": 64418.00945250361, ""4"": 55350.62811788193, ""5"": 52131.677036844965, ""6"": 48575.850703944365, ""7"": 47153.0111601795, ""8"": 46513.52004844848, ""9"": 45383.23544057909, ""10"": 44646.73948391723, ""11"": 44292.73061789148, ""12"": 44345.29018387297, ""13"": 43791.91575362611, ""14"": 43332.575889524174, ""15"": 43049.27443530833}",54.90144157409668
mueller_brown,subsample,pca,16000,10,1,15,3,3,0.0630625,14,0.0918605800897579,0.33514023851954683,0,15,0.06859409585000283,0.3131933887825048,1,5,0.23855421249714734,0.4596510734194724,0,2,0.7902031217978693,0.645173691690227,0,2,0.7902031217978693,0.645173691690227,0,0.3125298220287103,0.4691346730386303,1.257875,"{""1"": 112929.1611042012, ""2"": 73666.41876707746, ""3"": 64320.343996909374, ""4"": 59397.29219007481, ""5"": 55657.010977232785, ""6"": 54247.57459229319, ""7"": 52076.77176236695, ""8"": 50592.32773899479, ""9"": 50547.33377377983, ""10"": 49087.30840309284, ""11"": 48517.465085318014, ""12"": 48293.37537268141, ""13"": 48075.05172232065, ""14"": 47741.26478101913, ""15"": 47763.80232196761}",56.075995206832886
mueller_brown,subsample,pca,16000,10,1,16,3,3,0.0643125,15,0.1082461254817161,0.3822006924256738,1,15,0.1082461254817161,0.3822006924256738,1,8,0.1832971063960143,0.45103900776219397,0,2,0.8710720303003074,0.747914868035181,0,2,0.8710720303003074,0.747914868035181,0,0.3813580548260478,0.5442485800463673,1.196625,"{""1"": 116882.81966665876, ""2"": 73887.34725536943, ""3"": 63061.74455524645, ""4"": 55233.607324182965, ""5"": 51785.43063599244, ""6"": 49304.39308790034, ""7"": 47429.0445777793, ""8"": 46681.294228298924, ""9"": 45533.06555518584, ""10"": 45493.90228796134, ""11"": 44556.02772488778, ""12"": 44546.04436360174, ""13"": 44083.13498453576, ""14"": 43757.07586640415, ""15"": 43421.66510262602}",56.210920572280884
mueller_brown,subsample,pca,16000,10,1,17,3,3,0.070875,15,0.11845283686247615,0.40091617400306634,1,15,0.11845283686247615,0.40091617400306634,1,6,0.27748621735476103,0.5311049631159188,0,2,0.8504189339799362,0.7292362772437417,0,2,0.8504189339799362,0.7292362772437417,0,0.46176799878756863,0.6116087672377623,1.1986250000000003,"{""1"": 118177.15573474873, ""2"": 76246.4147350689, ""3"": 66805.30248778126, ""4"": 56955.69186631565, ""5"": 53183.970200980184, ""6"": 50740.35412371074, ""7"": 49176.64533191203, ""8"": 48408.23203027417, ""9"": 48182.09111278132, ""10"": 47922.37224522436, ""11"": 46571.8918012614, ""12"": 45857.68034520835, ""13"": 45330.368197574455, ""14"": 45149.01519471689, ""15"": 44963.0315211582}",56.11530423164368
mueller_brown,subsample,pca,16000,10,1,18,3,3,0.031625,14,0.03027662448213591,0.19004546229925204,0,14,0.03027662448213591,0.19004546229925204,0,4,0.1425812162789678,0.329848447937943,0,2,0.47049641772281997,0.36839051805900747,0,3,0.16708770029815087,0.287481486391841,0,0.16708770029815087,0.287481486391841,1.5155000000000003,"{""1"": 103892.17223461265, ""2"": 71742.86956317643, ""3"": 64211.98730855235, ""4"": 60924.05337143677, ""5"": 58510.64149729785, ""6"": 57030.00400716125, ""7"": 56468.699501139854, ""8"": 54841.3685755808, ""9"": 54364.37104907416, ""10"": 53557.79018368901, ""11"": 53319.73680852316, ""12"": 52705.026280579805, ""13"": 52909.65732473073, ""14"": 52468.12372999571, ""15"": 52572.17379044274}",55.17154836654663
mueller_brown,subsample,pca,16000,10,1,19,3,3,0.062875,15,0.07968178968463882,0.3398227426697771,1,15,0.07968178968463882,0.3398227426697771,1,8,0.145269178936184,0.4053296120517638,0,2,0.7587976606215207,0.620411200814817,0,2,0.7587976606215207,0.620411200814817,0,0.3958054521375619,0.5559501287148969,1.3534999999999997,"{""1"": 114701.01980119981, ""2"": 75786.50484142175, ""3"": 68355.26148450057, ""4"": 60104.408405785485, ""5"": 55495.85198360798, ""6"": 53801.34176534542, ""7"": 51865.80487897852, ""8"": 50397.25427732546, ""9"": 50252.543112115614, ""10"": 48936.27773162844, ""11"": 48612.27949916117, ""12"": 48240.99459023712, ""13"": 47629.810546560955, ""14"": 47551.408649827965, ""15"": 47096.94289005459}",56.340521812438965
mueller_brown,subsample,pca,32000,10,1,0,3,3,0.0914375,15,0.1453455854403909,0.44651360529966094,1,15,0.1453455854403909,0.44651360529966094,1,6,0.3233619956081557,0.5711868398209705,0,2,0.921214087485911,0.8546227320068395,0,2,0.921214087485911,0.8546227320068395,0,0.5067352033526205,0.6506085545992019,1.2210000000000003,"{""1"": 241428.87515511384, ""2"": 151724.84709844153, ""3"": 132696.3681237693, ""4"": 115370.41926670336, ""5"": 105818.98657868496, ""6"": 100549.53510020266, ""7"": 98073.38353371974, ""8"": 96906.80891244153, ""9"": 95260.74726384696, ""10"": 94054.47852515132, ""11"": 92204.66802619137, ""12"": 91476.78138713047, ""13"": 90538.06642949389, ""14"": 89924.07164914538, ""15"": 89262.38277631575}",152.78733801841736
mueller_brown,subsample,pca,32000,10,1,1,3,3,0.08178125,15,0.1252679065312291,0.4147404015350274,1,15,0.1252679065312291,0.4147404015350274,1,6,0.29015481687659084,0.5415248031064456,0,2,0.9351776404468302,0.8543277751892491,0,2,0.9351776404468302,0.8543277751892491,0,0.48400283193413385,0.6330729834153108,1.1896250000000002,"{""1"": 240011.66625051404, ""2"": 160841.1560831392, ""3"": 137807.7292839754, ""4"": 118044.50880027347, ""5"": 110767.22707725893, ""6"": 104199.01505002109, ""7"": 101118.70599113916, ""8"": 99646.64421268893, ""9"": 99153.99258908017, ""10"": 98450.14199463057, ""11"": 96386.05692702332, ""12"": 95067.4926769718, ""13"": 95380.18030949711, ""14"": 94135.17261009463, ""15"": 93803.22254307898}",148.96030831336975
mueller_brown,subsample,pca,32000,10,1,2,3,3,0.0976875,15,0.1567986248726028,0.45288018167490984,1,15,0.1567986248726028,0.45288018167490984,1,6,0.3200386893870488,0.5722807997736503,0,2,0.9226115786198467,0.8538381631755391,0,2,0.9226115786198467,0.8538381631755391,0,0.49612159338158285,0.6453548211539964,1.1232499999999999,"{""1"": 241849.401183223, ""2"": 156063.03998307657, ""3"": 136599.63329761766, ""4"": 118846.70130157316, ""5"": 109990.6611747884, ""6"": 104770.09220144915, ""7"": 102071.99916802312, ""8"": 101025.86813412671, ""9"": 99644.66180786172, ""10"": 98125.17939257584, ""11"": 96334.71909358674, ""12"": 95444.9299980356, ""13"": 94868.5100495288, ""14"": 94082.02778561611, ""15"": 93932.52342106827}",148.87554717063904
mueller_brown,subsample,pca,32000,10,1,3,3,3,0.066875,15,0.12313300383833174,0.4073770529198319,1,15,0.12313300383833174,0.4073770529198319,1,6,0.26895451052694236,0.5285352094056763,0,2,0.9217735095502922,0.8212400573724578,0,2,0.9217735095502922,0.8212400573724578,0,0.4092179468869819,0.5729707278869643,1.2220000000000002,"{""1"": 235530.72805508605, ""2"": 147816.737102724, ""3"": 126748.52052419794, ""4"": 108887.12087370724, ""5"": 101509.69066253667, ""6"": 96041.04029465913, ""7"": 92994.66179330766, ""8"": 91365.91743355119, ""9"": 89253.64242590089, ""10"": 87777.80132041585, ""11"": 87292.64712727744, ""12"": 85889.08693472091, ""13"": 85444.21420970728, ""14"": 85128.36289920362, ""15"": 84617.88067209131}",151.48704648017883
mueller_brown,subsample,pca,32000,10,1,4,3,3,0.08184375,15,0.09928157970338275,0.38120835385368806,1,15,0.09928157970338275,0.38120835385368806,1,7,0.21965761505523798,0.4816889790626093,0,2,0.8912520099476056,0.771686232529534,0,2,0.8912520099476056,0.771686232529534,0,0.4053611589064874,0.5715727046528045,1.2746875000000002,"{""1"": 234784.48440992355, ""2"": 154506.59528175896, ""3"": 133761.62649019287, ""4"": 119782.3762759986, ""5"": 113017.57711702693, ""6"": 106692.22889389508, ""7"": 103693.22703929654, ""8"": 102441.62014197726, ""9"": 101680.35288349923, ""10"": 99349.30611652546, ""11"": 100481.93894706572, ""12"": 98288.96549423864, ""13"": 96799.21794130842, ""14"": 96126.45294772233, ""15"": 95335.04418164399}",149.04660034179688
mueller_brown,subsample,pca,32000,10,1,5,3,3,0.08690625,15,0.12600341608367907,0.40846761236656043,1,15,0.12600341608367907,0.40846761236656043,1,6,0.2701164680131204,0.5332843256485297,0,2,0.9061706390117298,0.8003533912538355,0,2,0.9061706390117298,0.8003533912538355,0,0.43701676484251306,0.5941900009137849,1.14975,"{""1"": 237121.00674147691, ""2"": 155314.39210883653, ""3"": 135024.7657133455, ""4"": 118162.61802709702, ""5"": 111117.65786333085, ""6"": 105055.36576206218, ""7"": 102164.40089500105, ""8"": 100441.87853074422, ""9"": 99750.49838091565, ""10"": 97827.34487354947, ""11"": 96602.18110131736, ""12"": 95643.35578868794, ""13"": 95019.13952819523, ""14"": 94073.43992176227, ""15"": 93587.64561257373}",150.5630133152008
mueller_brown,subsample,pca,32000,10,1,6,3,3,0.06128125,15,0.08387293804967622,0.35521559906972566,1,15,0.08387293804967622,0.35521559906972566,1,6,0.2360828855269387,0.49308268378713976,0,2,0.845253109486186,0.7130114806285341,0,2,0.845253109486186,0.7130114806285341,0,0.3596577504780843,0.5207286005405415,1.3135625000000002,"{""1"": 231803.41953661048, ""2"": 146556.9416482634, ""3"": 124959.13764921833, ""4"": 110684.66731736447, ""5"": 102912.9920403216, ""6"": 97648.3242329526, ""7"": 95757.91589352359, ""8"": 92508.88168394596, ""9"": 91604.7425128963, ""10"": 89443.75520995335, ""11"": 88834.43446386827, ""12"": 87768.57212971064, ""13"": 87975.6820539145, ""14"": 87383.87172854743, ""15"": 87012.58350312289}",151.64329743385315
mueller_brown,subsample,pca,32000,10,1,7,3,3,0.08503125,15,0.12335976627640967,0.4259217689710304,1,15,0.12335976627640967,0.4259217689710304,1,6,0.297839240505532,0.5524052608239993,0,2,0.9047719224310699,0.8130551864489781,0,2,0.9047719224310699,0.8130551864489781,0,0.4738486364996522,0.630863882090571,1.3124375,"{""1"": 239630.61782709835, ""2"": 154978.43465515386, ""3"": 135099.95338242207, ""4"": 115752.83891750363, ""5"": 108789.64399183792, ""6"": 103094.2339884187, ""7"": 100339.81938031505, ""8"": 99106.08826724859, ""9"": 98381.7281156256, ""10"": 95969.06316030973, ""11"": 94201.285149393, ""12"": 93920.3585471458, ""13"": 93152.70348293716, ""14"": 92553.57222454301, ""15"": 92266.90815292097}",150.89986038208008
mueller_brown,subsample,pca,32000,10,1,8,3,3,0.06359375,15,0.10059003573300729,0.38086152077104823,1,15,0.10059003573300729,0.38086152077104823,1,8,0.17007276186205567,0.4423963955829362,0,2,0.8585175529912973,0.7328081554356047,0,2,0.8585175529912973,0.7328081554356047,0,0.38693625042832325,0.5449848924558074,1.2901250000000002,"{""1"": 234730.35173656623, ""2"": 150353.47294701994, ""3"": 128328.3589187987, ""4"": 111696.69629777831, ""5"": 103579.87015024404, ""6"": 99749.10012816112, ""7"": 95233.08758414845, ""8"": 93028.06634260861, ""9"": 90339.5920601863, ""10"": 89648.73599218382, ""11"": 88507.36355208566, ""12"": 88216.90035880939, ""13"": 86977.7308452494, ""14"": 86307.08803941739, ""15"": 86058.2438176264}",155.6332573890686
mueller_brown,subsample,pca,32000,10,1,9,3,3,0.09334375,15,0.14099166200681146,0.43518931119572707,1,15,0.14099166200681146,0.43518931119572707,1,6,0.29838834414054527,0.5500200770354289,0,2,0.8986609524879136,0.8026499236707522,0,2,0.8986609524879136,0.8026499236707522,0,0.49121642856682246,0.6351059031833254,1.1435625,"{""1"": 239525.3882430885, ""2"": 155436.1189212016, ""3"": 136533.38790216204, ""4"": 116712.48824884841, ""5"": 109578.83408377644, ""6"": 103305.18722823828, ""7"": 100767.4224022213, ""8"": 99712.27682771455, ""9"": 98696.39813757826, ""10"": 96189.88128783269, ""11"": 95069.73956205351, ""12"": 94419.78225387035, ""13"": 94235.40178922651, ""14"": 93280.9223382689, ""15"": 92352.75519738534}",153.06876802444458
mueller_brown,subsample,pca,32000,10,1,10,3,3,0.08821875,15,0.14387715433715945,0.4357884106065878,1,15,0.14387715433715945,0.4357884106065878,1,6,0.31540500546325045,0.5639347045250416,0,2,0.9250812446851933,0.8512007751914329,0,2,0.9250812446851933,0.8512007751914329,0,0.5171428926611819,0.6486633285848487,1.1985000000000001,"{""1"": 241497.33138880896, ""2"": 158419.06063341183, ""3"": 137107.70731373507, ""4"": 116843.57509200944, ""5"": 108935.72866665441, ""6"": 102917.65636705417, ""7"": 100192.59921037624, ""8"": 99212.34033016635, ""9"": 97722.02706054309, ""10"": 96643.43327657873, ""11"": 95702.73432061632, ""12"": 94904.99547616848, ""13"": 93152.83876657575, ""14"": 92519.5358822362, ""15"": 92119.64164404948}",152.43317031860352
mueller_brown,subsample,pca,32000,10,1,11,3,3,0.07525,15,0.12054407178545332,0.40502570327261594,1,15,0.12054407178545332,0.40502570327261594,1,6,0.2732516238283932,0.5313808655182661,0,2,0.9422597680841711,0.8557534474943095,0,2,0.9422597680841711,0.8557534474943095,0,0.4617824120763805,0.6178011212031277,1.20575,"{""1"": 237173.19721164633, ""2"": 156174.7563700363, ""3"": 134549.02002343742, ""4"": 115003.82930053596, ""5"": 107978.85914513223, ""6"": 101423.49202512875, ""7"": 98372.33901499788, ""8"": 96728.56463138644, ""9"": 94260.30695716468, ""10"": 93635.27831716418, ""11"": 92299.19253277344, ""12"": 91720.91461116863, ""13"": 90999.36006030586, ""14"": 90758.49289843142, ""15"": 90038.5743252118}",153.8880639076233
mueller_brown,subsample,pca,32000,10,1,12,3,3,0.06553125,15,0.08607591168633719,0.3592028432021986,1,15,0.08607591168633719,0.3592028432021986,1,5,0.28835502628608317,0.5212400522262437,0,2,0.769861262342228,0.6363055402930418,0,2,0.769861262342228,0.6363055402930418,0,0.3919162028763579,0.5545431273546108,1.3385,"{""1"": 233220.4942387991, ""2"": 151988.4347093312, ""3"": 131914.2590281778, ""4"": 117362.6169365455, ""5"": 109490.15707448202, ""6"": 105599.42744288448, ""7"": 102264.43260874508, ""8"": 98230.9357454278, ""9"": 97741.84543249068, ""10"": 97225.13244502892, ""11"": 94069.22911044209, ""12"": 93616.23060401935, ""13"": 92678.86450942155, ""14"": 92251.00998338137, ""15"": 91786.63277672978}",149.40850019454956
mueller_brown,subsample,pca,32000,10,1,13,3,3,0.06346875,14,0.0922858249110615,0.3568893562118691,0,14,0.0922858249110615,0.3568893562118691,0,5,0.26414900557344884,0.49064185207571387,0,2,0.7582360895564477,0.621369862122954,0,2,0.7582360895564477,0.621369862122954,0,0.33595142505486525,0.49785367457618135,1.3008750000000002,"{""1"": 230904.3014036413, ""2"": 150297.45493668996, ""3"": 130400.2788316732, ""4"": 116160.64364859306, ""5"": 109025.76639810363, ""6"": 105490.6321990881, ""7"": 100897.95328000307, ""8"": 98038.2563440534, ""9"": 96085.30176372822, ""10"": 95430.69146213417, ""11"": 94892.76598582395, ""12"": 94398.29919591035, ""13"": 93328.89827181362, ""14"": 92137.54058558443, ""15"": 93019.40923331933}",150.5945279598236
mueller_brown,subsample,pca,32000,10,1,14,3,3,0.064,15,0.10443410444081079,0.38948497061130105,1,15,0.10443410444081079,0.38948497061130105,1,7,0.23357365552922363,0.49019237212246275,0,2,0.8765991975897162,0.7582266129872762,0,2,0.8765991975897162,0.7582266129872762,0,0.4282146794608802,0.60311429854584,1.3031875000000002,"{""1"": 235852.96810066042, ""2"": 149631.70389890432, ""3"": 128809.14881106297, ""4"": 110975.2068079537, ""5"": 103269.87296491768, ""6"": 97607.67612819125, ""7"": 94633.8990397758, ""8"": 93097.3780679737, ""9"": 90774.30836637282, ""10"": 90073.45143992509, ""11"": 89293.22234635275, ""12"": 87804.02509374623, ""13"": 87440.05974758414, ""14"": 86952.93268432682, ""15"": 86233.78832844265}",152.11723160743713
mueller_brown,subsample,pca,32000,10,1,15,3,3,0.062875,15,0.07440674858575656,0.31675708039669986,1,15,0.07440674858575656,0.31675708039669986,1,5,0.23677506892950176,0.4579381348933607,0,2,0.7793025111795842,0.634704887099953,0,2,0.7793025111795842,0.634704887099953,0,0.30126698135742336,0.45812627253718946,1.3509374999999997,"{""1"": 225924.7686213462, ""2"": 147073.74190947288, ""3"": 128297.07536322791, ""4"": 117383.37887705296, ""5"": 111452.55687423384, ""6"": 108469.194499418, ""7"": 103887.3228828737, ""8"": 101209.0973193171, ""9"": 101020.8321346066, ""10"": 98169.21184144901, ""11"": 97484.11221542813, ""12"": 97114.41619641753, ""13"": 96812.75243403102, ""14"": 96167.60085514093, ""15"": 95110.29602496761}",150.45581078529358
mueller_brown,subsample,pca,32000,10,1,16,3,3,0.064125,14,0.10884334327547293,0.38858589319852627,0,15,0.12034547952463744,0.3910984107220139,1,8,0.17975171347698424,0.4503829909618308,0,2,0.8676118327253716,0.7438786811739322,0,2,0.8676118327253716,0.7438786811739322,0,0.37905867863451476,0.5394863594340333,1.2634375,"{""1"": 233828.7551105509, ""2"": 147784.71444669715, ""3"": 126092.6147885333, ""4"": 113583.04678918941, ""5"": 103017.49699328134, ""6"": 98298.55151940229, ""7"": 94425.7940996053, ""8"": 92760.3847634408, ""9"": 91879.1158465919, ""10"": 91629.0710112752, ""11"": 91135.45967209742, ""12"": 86929.63642916446, ""13"": 86456.77745181193, ""14"": 85780.12916693979, ""15"": 85785.2430822205}",149.45112013816833
mueller_brown,subsample,pca,32000,10,1,17,3,3,0.07125,15,0.11375232764157465,0.39860455641711723,1,15,0.11375232764157465,0.39860455641711723,1,6,0.2774328107367475,0.5309122703724432,0,2,0.8438996633498785,0.722117853119138,0,2,0.8438996633498785,0.722117853119138,0,0.40508100143035713,0.5500798748551576,1.2143125,"{""1"": 236255.3416634198, ""2"": 152083.4579183898, ""3"": 130981.77449177862, ""4"": 112827.36442357415, ""5"": 105661.6198543691, ""6"": 100360.31257243043, ""7"": 97137.54008937598, ""8"": 95614.3806997859, ""9"": 95222.83975567961, ""10"": 92415.67046251881, ""11"": 91912.4993973811, ""12"": 90697.21871163265, ""13"": 89455.62777922857, ""14"": 89009.29699229349, ""15"": 88502.65765275787}",151.89686465263367
mueller_brown,subsample,pca,32000,10,1,18,3,3,0.03159375,15,0.02872445701952431,0.18650982148989928,1,15,0.02872445701952431,0.18650982148989928,1,4,0.14331550322051845,0.32995097709836924,0,2,0.4775118042608206,0.37327519863893477,0,3,0.17225348025538698,0.2935082222502848,0,0.17225348025538698,0.2935082222502848,1.55525,"{""1"": 207724.17784350677, ""2"": 143523.00327153422, ""3"": 128612.99463473045, ""4"": 122048.77301866072, ""5"": 117025.26066436604, ""6"": 113628.56466512906, ""7"": 111514.30944531059, ""8"": 109287.64955483215, ""9"": 107626.84352589713, ""10"": 106616.38837364849, ""11"": 106023.81401783407, ""12"": 105018.48839988356, ""13"": 104954.13347023814, ""14"": 104078.66007488583, ""15"": 103879.73573412247}",150.49997425079346
mueller_brown,subsample,pca,32000,10,1,19,3,3,0.06353125,14,0.09025752391431066,0.3523540081720942,0,14,0.09025752391431066,0.3523540081720942,0,8,0.15071043512268203,0.41269120911778495,0,2,0.7557674839902941,0.6176469401902265,0,2,0.7557674839902941,0.6176469401902265,0,0.38810350196850246,0.5478352973071037,1.326375,"{""1"": 229348.4704484027, ""2"": 151430.27942706205, ""3"": 136382.6536236476, ""4"": 117758.92546806818, ""5"": 110320.40251882574, ""6"": 106967.00672895332, ""7"": 104842.65124177879, ""8"": 100495.15683236034, ""9"": 99952.22911099829, ""10"": 97057.82952448294, ""11"": 96391.82861408214, ""12"": 95801.91301261696, ""13"": 94187.60434589889, ""14"": 93286.81670291371, ""15"": 94935.42343286403}",148.71765780448914
mueller_brown,subsample,tica,250,10,1,0,3,3,0.088,2,0.32297750113331186,0.19424474718366744,0,15,0.013586512976190181,0.08208642702187531,1,1,0.0,0.0,0,2,0.32297750113331186,0.19424474718366744,0,2,0.32297750113331186,0.19424474718366744,0,0.09151264002111978,0.10473041476480925,0.32000000000000006,"{""1"": 1453.6669811717234, ""2"": 1445.507440181653, ""3"": 1470.1000491228026, ""4"": 1503.5090310636404, ""5"": 1517.086619042752, ""6"": 1547.832345685681, ""7"": 1568.3279772556325, ""8"": 1576.6371606507546, ""9"": 1611.593936263277, ""10"": 1640.7300859862348, ""11"": 1652.8910494466795, ""12"": 1683.0126371023287, ""13"": 1682.8197593224381, ""14"": 1716.1795462406615, ""15"": 1713.6959525058646}",1.124608039855957
mueller_brown,subsample,tica,250,10,1,1,3,3,0.06,1,0.0,0.0,0,7,0.034819934645679895,0.04990812448875043,0,1,0.0,0.0,0,2,0.15091754516270506,0.05389131952631414,0,2,0.15091754516270506,0.05389131952631414,0,0.06630993834737244,0.057565512533172616,0.46399999999999997,"{""1"": 1449.209647982272, ""2"": 1454.0694606963414, ""3"": 1460.9506869092954, ""4"": 1488.1782714975507, ""5"": 1513.168161963863, ""6"": 1541.512925390494, ""7"": 1542.759788518351, ""8"": 1587.0049304717704, ""9"": 1591.1371232699812, ""10"": 1609.6284935722501, ""11"": 1645.5430783693773, ""12"": 1673.7280359014346, ""13"": 1693.608753301622, ""14"": 1719.7509353895468, ""15"": 1748.6206891224515}",1.04888916015625
mueller_brown,subsample,tica,250,10,1,2,3,3,0.092,2,0.5994987694598695,0.40788132777537434,0,2,0.5994987694598695,0.40788132777537434,0,1,0.0,0.0,0,2,0.5994987694598695,0.40788132777537434,0,3,0.2834971233624137,0.23944794989281812,0,0.2834971233624137,0.23944794989281812,0.18400000000000002,"{""1"": 1445.5466939013477, ""2"": 1433.9693077413692, ""3"": 1466.201272618416, ""4"": 1492.139850467082, ""5"": 1517.541095950654, ""6"": 1548.0976540771949, ""7"": 1578.7558367808929, ""8"": 1600.2997067922156, ""9"": 1632.0327897251282, ""10"": 1658.227036302991, ""11"": 1679.1522342729431, ""12"": 1679.973183652077, ""13"": 1699.3562288308515, ""14"": 1726.456424491542, ""15"": 1745.1964028373172}",0.9208786487579346
mueller_brown,subsample,tica,250,10,1,3,3,3,0.048,2,0.20120167719777338,0.11351687402457665,0,14,0.06035430801847749,0.14338854794692563,0,1,0.0,0.0,0,2,0.20120167719777338,0.11351687402457665,0,2,0.20120167719777338,0.11351687402457665,0,0.395234612460508,0.2138660352600533,0.256,"{""1"": 1446.232234321838, ""2"": 1396.9472467627882, ""3"": 1412.2635813020775, ""4"": 1440.2989350243247, ""5"": 1467.730257446579, ""6"": 1498.2833023096105, ""7"": 1497.0688446645856, ""8"": 1531.1660115643494, ""9"": 1541.8905191481604, ""10"": 1562.5039995116115, ""11"": 1599.868351388764, ""12"": 1597.0586777844348, ""13"": 1628.7717263262412, ""14"": 1627.4228585281649, ""15"": 1676.3534553610307}",1.0005578994750977
mueller_brown,subsample,tica,250,10,1,4,3,3,0.072,2,0.11738928228079314,0.04760069947115152,0,2,0.11738928228079314,0.04760069947115152,0,1,0.0,0.0,0,2,0.11738928228079314,0.04760069947115152,0,2,0.11738928228079314,0.04760069947115152,0,0.12545942153110085,0.043229679892019576,0.2719999999999999,"{""1"": 1460.6163298813867, ""2"": 1422.3261470222617, ""3"": 1448.8676527397192, ""4"": 1481.3449910055479, ""5"": 1496.8484198266838, ""6"": 1524.4613821709422, ""7"": 1548.240079465286, ""8"": 1564.6464924985808, ""9"": 1590.1311379118106, ""10"": 1608.7847425744942, ""11"": 1624.953923962621, ""12"": 1647.771982792042, ""13"": 1661.173222251287, ""14"": 1702.6548828846217, ""15"": 1710.8980465437012}",0.9231178760528564
mueller_brown,subsample,tica,250,10,1,5,3,3,0.112,1,0.0,0.0,0,2,0.1761590412037726,0.0707053869715362,0,1,0.0,0.0,0,6,0.05926520226710451,0.0751258163347278,0,3,0.11945368353703278,0.08748876032721405,0,0.11945368353703278,0.08748876032721405,0.45599999999999996,"{""1"": 1453.5428859552662, ""2"": 1465.2165909393518, ""3"": 1498.6115075008577, ""4"": 1520.6837742646942, ""5"": 1547.6298655392422, ""6"": 1571.339260562022, ""7"": 1597.071746670948, ""8"": 1623.993861130627, ""9"": 1640.4489905689975, ""10"": 1651.4327829608158, ""11"": 1699.872604978814, ""12"": 1698.1935696110695, ""13"": 1724.9468504076326, ""14"": 1724.8660949584303, ""15"": 1752.3881981272093}",1.092318058013916
mueller_brown,subsample,tica,250,10,1,6,3,3,0.056,1,0.0,0.0,0,2,0.1596391432091146,0.08284491977857712,0,1,0.0,0.0,0,2,0.1596391432091146,0.08284491977857712,0,2,0.1596391432091146,0.08284491977857712,0,0.160882926514762,0.18652616136910838,0.36000000000000004,"{""1"": 1445.5435759639172, ""2"": 1455.2545574832207, ""3"": 1477.4990139853655, ""4"": 1506.6336963224235, ""5"": 1535.364335392547, ""6"": 1556.3925894847098, ""7"": 1586.8922191658087, ""8"": 1612.4046814914436, ""9"": 1633.0975541460998, ""10"": 1654.0128676211605, ""11"": 1680.6919641929983, ""12"": 1703.0058690220956, ""13"": 1715.349982464158, ""14"": 1732.6722119588746, ""15"": 1739.8721226555463}",0.9286255836486816
mueller_brown,subsample,tica,250,10,1,7,3,3,0.08,1,0.0,0.0,0,1,0.0,0.0,0,1,0.0,0.0,0,7,0.03468286704727874,0.07326793131121052,0,2,0.012001878280791614,0.04645421432292982,0,0.015213604603618392,0.05387468355827069,0.528,"{""1"": 1452.606950850253, ""2"": 1484.5177777150473, ""3"": 1510.694109142791, ""4"": 1538.2040579974, ""5"": 1557.959118041894, ""6"": 1588.6669779070915, ""7"": 1619.2322172136585, ""8"": 1638.44563680382, ""9"": 1666.227372239985, ""10"": 1689.3162630781337, ""11"": 1694.4854855519143, ""12"": 1705.0271699455714, ""13"": 1726.4766966675234, ""14"": 1766.1836636694716, ""15"": 1787.5762098180285}",0.8575825691223145
mueller_brown,subsample,tica,250,10,1,8,3,3,0.06,2,0.3480362083341612,0.16730103170891208,0,15,0.058366833399822016,0.17270776409968816,1,1,0.0,0.0,0,3,0.5884653542547332,0.3131915488651144,0,3,0.5884653542547332,0.3131915488651144,0,0.5884653542547332,0.3131915488651144,0.192,"{""1"": 1475.8851955849423, ""2"": 1402.0859422278818, ""3"": 1406.736776015609, ""4"": 1434.1170288884396, ""5"": 1464.076397934353, ""6"": 1482.0491387547086, ""7"": 1491.6504312867542, ""8"": 1501.9040272022335, ""9"": 1526.3419963130718, ""10"": 1567.7830444585386, ""11"": 1573.9178042494996, ""12"": 1600.8049151021185, ""13"": 1608.9374886745948, ""14"": 1645.9366925970808, ""15"": 1643.579585287453}",0.9848709106445312
mueller_brown,subsample,tica,250,10,1,9,3,3,0.092,1,0.0,0.0,0,14,0.03550238326384652,0.1303138177150585,0,1,0.0,0.0,0,5,0.10886490585436778,0.1131627776005504,0,3,0.2314006784549312,0.11466297606310821,0,0.2314006784549312,0.11466297606310821,0.512,"{""1"": 1447.5791246901504, ""2"": 1463.105515875633, ""3"": 1473.7860441845744, ""4"": 1493.9556687146926, ""5"": 1513.4670416955912, ""6"": 1529.9826321983367, ""7"": 1553.0509822159202, ""8"": 1577.9459284128284, ""9"": 1598.893026930209, ""10"": 1630.224632244802, ""11"": 1651.0624989618102, ""12"": 1659.1003643025588, ""13"": 1683.7498372588063, ""14"": 1696.9298147057764, ""15"": 1733.30671544516}",0.9413177967071533
mueller_brown,subsample,tica,250,10,1,10,3,3,0.088,1,0.0,0.0,0,12,0.02155050653431672,0.08431377580651321,0,1,0.0,0.0,0,13,0.027166261249193094,0.09091587395298675,0,2,0.044018668741168596,0.012005354938319389,0,0.09656118159759682,0.07507414541878688,0.56,"{""1"": 1451.116830335502, ""2"": 1457.7462399207102, ""3"": 1480.01999943729, ""4"": 1503.2424272759322, ""5"": 1524.9587505618013, ""6"": 1554.0892318429717, ""7"": 1582.7302842507522, ""8"": 1609.0292158168327, ""9"": 1615.8223836704788, ""10"": 1632.5805769703259, ""11"": 1675.48437142098, ""12"": 1668.8636341945646, ""13"": 1704.9753054761154, ""14"": 1722.4945092340715, ""15"": 1740.3069827324234}",0.9547264575958252
mueller_brown,subsample,tica,250,10,1,11,3,3,0.092,1,0.0,0.0,0,14,0.02316486235071815,0.06556618115715462,0,1,0.0,0.0,0,13,0.03821204103542851,0.07682714841619374,0,2,0.014717979622479707,0.011869107828036532,0,0.002216346472173061,0.03588692772461995,0.43999999999999995,"{""1"": 1442.5717828002535, ""2"": 1474.1412591129977, ""3"": 1495.496172103252, ""4"": 1527.443084816821, ""5"": 1549.3456282225432, ""6"": 1569.4002466381642, ""7"": 1587.1456004895626, ""8"": 1613.1535774457561, ""9"": 1634.6217317461346, ""10"": 1642.2319090151998, ""11"": 1663.082387305221, ""12"": 1689.4189437161165, ""13"": 1710.8992865509508, ""14"": 1715.1132831204716, ""15"": 1752.8280568304049}",0.8928437232971191
mueller_brown,subsample,tica,250,10,1,12,3,3,0.072,1,0.0,0.0,0,5,0.005942742993213972,0.03270622628307546,0,1,0.0,0.0,0,2,0.0029906345916734436,0.0020796413124769307,0,2,0.0029906345916734436,0.0020796413124769307,0,0.006000591454374438,0.0238696514565653,0.36000000000000004,"{""1"": 1447.1667925950712, ""2"": 1473.0595146864823, ""3"": 1495.1142762274492, ""4"": 1525.0713063272108, ""5"": 1526.5330399046122, ""6"": 1553.3310914722495, ""7"": 1597.8677537292092, ""8"": 1598.7032970747755, ""9"": 1622.8533646650053, ""10"": 1639.9163096671653, ""11"": 1656.4054730938387, ""12"": 1686.3199182901026, ""13"": 1711.1063348694133, ""14"": 1732.4420971118323, ""15"": 1746.2224665417953}",0.9695086479187012
mueller_brown,subsample,tica,250,10,1,13,3,3,0.056,1,0.0,0.0,0,1,0.0,0.0,0,1,0.0,0.0,0,3,0.004178502881526494,0.03737764170283642,0,3,0.004178502881526494,0.03737764170283642,0,0.004178502881526494,0.03737764170283642,0.32,"{""1"": 1452.117069082307, ""2"": 1479.0611748850067, ""3"": 1511.504733683608, ""4"": 1541.4621649262072, ""5"": 1557.8038575474204, ""6"": 1586.5342754302128, ""7"": 1600.5161750173331, ""8"": 1630.7240701276123, ""9"": 1643.5864152703803, ""10"": 1666.2602885201172, ""11"": 1697.0729598846538, ""12"": 1728.847692100159, ""13"": 1733.3380685726022, ""14"": 1770.0197016451175, ""15"": 1781.5439527853227}",1.1210989952087402
mueller_brown,subsample,tica,250,10,1,14,3,3,0.052,1,0.0,0.0,0,13,0.025605480553598337,0.0706962160183897,0,1,0.0,0.0,0,2,0.1949547286707568,0.06586272294951302,0,2,0.1949547286707568,0.06586272294951302,0,0.08637193632938048,0.06356720923736014,0.416,"{""1"": 1459.4564686746967, ""2"": 1459.952156058486, ""3"": 1485.582348451859, ""4"": 1509.3225316410403, ""5"": 1537.372877668073, ""6"": 1560.218394689868, ""7"": 1582.342675436105, ""8"": 1596.5780477698472, ""9"": 1640.3112106286717, ""10"": 1643.3270503446413, ""11"": 1663.767192952393, ""12"": 1683.6871321668284, ""13"": 1672.1090450093748, ""14"": 1714.4272170524532, ""15"": 1740.6237786205666}",0.9474079608917236
mueller_brown,subsample,tica,250,10,1,15,3,3,0.068,1,0.0,0.0,0,1,0.0,0.0,0,1,0.0,0.0,0,3,-0.01041269041231844,0.011610188332268599,0,3,-0.01041269041231844,0.011610188332268599,0,-0.01041269041231844,0.011610188332268599,0.28,"{""1"": 1448.3930074650411, ""2"": 1471.1762628650013, ""3"": 1498.9230518255094, ""4"": 1522.3058531799088, ""5"": 1548.6066005226296, ""6"": 1578.2264405398455, ""7"": 1593.4456074939355, ""8"": 1619.3456863393367, ""9"": 1623.337233053226, ""10"": 1662.6356949069407, ""11"": 1662.9653060002347, ""12"": 1700.581122542632, ""13"": 1722.9539595097417, ""14"": 1752.3184541536582, ""15"": 1772.8303418206451}",0.958470344543457
mueller_brown,subsample,tica,250,10,1,16,3,3,0.06,1,0.0,0.0,0,1,0.0,0.0,0,1,0.0,0.0,0,3,0.03979657995548608,0.09172959170744267,0,3,0.03979657995548608,0.09172959170744267,0,0.03979657995548608,0.09172959170744267,0.424,"{""1"": 1448.5687400916083, ""2"": 1470.608468883422, ""3"": 1495.1596448356313, ""4"": 1522.1594240351471, ""5"": 1543.9188814828665, ""6"": 1563.3928672519946, ""7"": 1587.5111440186047, ""8"": 1616.7520967324872, ""9"": 1623.1143486714423, ""10"": 1654.2695560825696, ""11"": 1675.1195128256118, ""12"": 1690.0231263110584, ""13"": 1730.626573411675, ""14"": 1739.8614660390174, ""15"": 1773.3742741642563}",1.0175108909606934
mueller_brown,subsample,tica,250,10,1,17,3,3,0.076,2,0.17963094235064897,0.08132983317372722,0,14,0.0243008397662633,0.06954990065175397,0,1,0.0,0.0,0,2,0.17963094235064897,0.08132983317372722,0,2,0.17963094235064897,0.08132983317372722,0,0.05268400265373045,0.05692194905371623,0.3279999999999999,"{""1"": 1439.1076458011235, ""2"": 1437.6271752130303, ""3"": 1465.5324338775338, ""4"": 1484.9592974936106, ""5"": 1519.8094376609245, ""6"": 1534.5406977199973, ""7"": 1545.016845393254, ""8"": 1560.587578228898, ""9"": 1594.4499584429059, ""10"": 1610.2669930406878, ""11"": 1617.9414064508044, ""12"": 1643.598792580665, ""13"": 1657.7083753486636, ""14"": 1675.8028077770387, ""15"": 1704.5862440740002}",1.1339662075042725
mueller_brown,subsample,tica,250,10,1,18,3,3,0.024,1,0.0,0.0,0,4,0.017480801072661346,0.029319995653441427,0,1,0.0,0.0,0,7,0.008141226944874342,0.03610280487622432,0,3,-0.00298718085833063,0.026194520612267708,0,-0.00298718085833063,0.026194520612267708,0.11200000000000004,"{""1"": 1443.9012560986957, ""2"": 1466.8727564686085, ""3"": 1480.4611494548033, ""4"": 1500.6286704774936, ""5"": 1531.821436785438, ""6"": 1557.1095419399317, ""7"": 1568.1890623069396, ""8"": 1597.0507214813865, ""9"": 1624.704967743397, ""10"": 1630.8097947912402, ""11"": 1670.4605324347667, ""12"": 1686.3557700218341, ""13"": 1709.1727343978555, ""14"": 1735.5308169446373, ""15"": 1742.4087802171816}",0.871589183807373
mueller_brown,subsample,tica,250,10,1,19,3,3,0.068,1,0.0,0.0,0,15,0.019233110398500553,0.09528883103014002,1,1,0.0,0.0,0,2,0.2737338552653734,0.11761411210632987,0,2,0.2737338552653734,0.11761411210632987,0,0.04747695192727292,0.04276877757861375,0.32,"{""1"": 1443.8736264263985, ""2"": 1453.2468695841528, ""3"": 1483.0473917172487, ""4"": 1509.3647911509765, ""5"": 1531.8761148737528, ""6"": 1561.311969257003, ""7"": 1577.4523599412087, ""8"": 1600.4479761482417, ""9"": 1616.0849914705336, ""10"": 1653.5805448339268, ""11"": 1665.012501392156, ""12"": 1690.9718496060382, ""13"": 1699.0582144701398, ""14"": 1722.7139722372638, ""15"": 1712.3247708686472}",0.9165346622467041
mueller_brown,subsample,tica,500,10,1,0,3,3,0.1,2,0.7143109734665569,0.578658469768323,0,12,0.1215870928091468,0.31862822929410384,0,1,0.0,0.0,0,2,0.7143109734665569,0.578658469768323,0,2,0.7143109734665569,0.578658469768323,0,0.5756250458646279,0.47809146608512176,0.2679999999999999,"{""1"": 2868.395473245559, ""2"": 2783.46153305212, ""3"": 2818.0562569019735, ""4"": 2849.102208044988, ""5"": 2880.8780887299354, ""6"": 2907.8065124139553, ""7"": 2925.56667803721, ""8"": 2949.716153675724, ""9"": 2972.1996633899075, ""10"": 2999.041049895403, ""11"": 3029.074974150173, ""12"": 3035.1118797266363, ""13"": 3090.0941696620325, ""14"": 3123.5774678543144, ""15"": 3128.2377623870816}",1.1300806999206543
mueller_brown,subsample,tica,500,10,1,1,3,3,0.074,2,0.8549030355078093,0.7021407132426764,0,2,0.8549030355078093,0.7021407132426764,0,2,0.8549030355078093,0.7021407132426764,0,2,0.8549030355078093,0.7021407132426764,0,2,0.8549030355078093,0.7021407132426764,0,0.4169866222920484,0.4870380356346386,0.14800000000000002,"{""1"": 2860.6539149135597, ""2"": 2570.0553895505273, ""3"": 2602.4595793050903, ""4"": 2639.19922452832, ""5"": 2674.997925572176, ""6"": 2708.9687293421493, ""7"": 2744.602979040113, ""8"": 2777.634504456273, ""9"": 2814.6880883397694, ""10"": 2850.2311664262866, ""11"": 2867.078154270931, ""12"": 2913.1910298351454, ""13"": 2935.175867792702, ""14"": 2964.7933855235337, ""15"": 2998.814610777761}",1.0748052597045898
mueller_brown,subsample,tica,500,10,1,2,3,3,0.1,2,0.8865714324509426,0.7780625390904551,0,2,0.8865714324509426,0.7780625390904551,0,2,0.8865714324509426,0.7780625390904551,0,2,0.8865714324509426,0.7780625390904551,0,2,0.8865714324509426,0.7780625390904551,0,0.8632988760145539,0.6618896448329304,0.20000000000000004,"{""1"": 2865.450522741603, ""2"": 2514.2634453629107, ""3"": 2543.0953047082257, ""4"": 2578.5027083711275, ""5"": 2591.3584657450465, ""6"": 2626.655923914303, ""7"": 2661.5447425757775, ""8"": 2687.2256276679714, ""9"": 2714.4342484143385, ""10"": 2720.627049340196, ""11"": 2774.302908405941, ""12"": 2794.0024450503342, ""13"": 2812.7765403232947, ""14"": 2863.654683369301, ""15"": 2886.942255505193}",1.2436463832855225
mueller_brown,subsample,tica,500,10,1,3,3,3,0.062,2,0.8606088198349029,0.7060508961978134,0,15,0.07613987410387167,0.27702798284250546,1,2,0.8606088198349029,0.7060508961978134,0,2,0.8606088198349029,0.7060508961978134,0,2,0.8606088198349029,0.7060508961978134,0,0.37643567363783914,0.5060817830583451,0.128,"{""1"": 2860.670201408822, ""2"": 2681.1874796684697, ""3"": 2712.959284907717, ""4"": 2723.5361072733167, ""5"": 2756.8534185859544, ""6"": 2793.819862298973, ""7"": 2808.3881716675005, ""8"": 2823.067447068794, ""9"": 2844.0737474789994, ""10"": 2876.899290242435, ""11"": 2911.5251334733903, ""12"": 2930.631114112818, ""13"": 2961.5442387485336, ""14"": 2997.0764240956173, ""15"": 2987.8261862892373}",1.1842715740203857
mueller_brown,subsample,tica,500,10,1,4,3,3,0.072,2,0.8839320855166155,0.746988022201862,0,2,0.8839320855166155,0.746988022201862,0,2,0.8839320855166155,0.746988022201862,0,2,0.8839320855166155,0.746988022201862,0,3,0.333518440053454,0.4855602072781893,0,0.333518440053454,0.4855602072781893,0.16399999999999998,"{""1"": 2892.153757203803, ""2"": 2592.5159030708437, ""3"": 2627.688349037472, ""4"": 2654.613054876661, ""5"": 2693.1580504777908, ""6"": 2728.2029086319303, ""7"": 2757.847340297903, ""8"": 2781.5965899180765, ""9"": 2812.016129250265, ""10"": 2844.8410313217273, ""11"": 2866.955756005106, ""12"": 2901.1402670861135, ""13"": 2929.0748701680786, ""14"": 2935.3503832484166, ""15"": 2964.3524526493716}",1.203599452972412
mueller_brown,subsample,tica,500,10,1,5,3,3,0.092,3,0.4132973354614345,0.20923327113517137,0,3,0.4132973354614345,0.20923327113517137,0,2,0.3878299366302935,0.185457413844647,0,2,0.3878299366302935,0.185457413844647,0,2,0.3878299366302935,0.185457413844647,0,0.4132973354614345,0.20923327113517137,0.1759999999999999,"{""1"": 2902.8045726954297, ""2"": 2678.5725221678217, ""3"": 2646.0181923989535, ""4"": 2679.3730431308113, ""5"": 2702.3436222060254, ""6"": 2729.9588889089605, ""7"": 2758.447310678979, ""8"": 2791.4251433112718, ""9"": 2823.3921731256014, ""10"": 2851.9145915111717, ""11"": 2887.4420481700563, ""12"": 2902.8129462167035, ""13"": 2910.914563755009, ""14"": 2943.428263471679, ""15"": 2965.007315310494}",1.2067701816558838
mueller_brown,subsample,tica,500,10,1,6,3,3,0.066,3,0.9413325445599154,0.802348665039496,0,3,0.9413325445599154,0.802348665039496,0,3,0.9413325445599154,0.802348665039496,0,2,0.9215731012897661,0.797552217222822,0,2,0.9215731012897661,0.797552217222822,0,0.9413325445599154,0.802348665039496,0.0119999999999999,"{""1"": 2881.443615163458, ""2"": 1984.10124186255, ""3"": 1946.4426036140085, ""4"": 1979.6197347767813, ""5"": 2013.5016052751719, ""6"": 2042.5715052959874, ""7"": 2071.725638780806, ""8"": 2101.199622603528, ""9"": 2124.696007629941, ""10"": 2161.4966416125, ""11"": 2187.077203480464, ""12"": 2219.5586435541422, ""13"": 2236.773592157536, ""14"": 2273.3137407553522, ""15"": 2271.794015527968}",1.3776390552520752
mueller_brown,subsample,tica,500,10,1,7,3,3,0.094,2,0.7729699883434505,0.5981793004732501,0,9,0.2383695250218197,0.3683194239372786,0,2,0.7729699883434505,0.5981793004732501,0,2,0.7729699883434505,0.5981793004732501,0,2,0.7729699883434505,0.5981793004732501,0,0.7442903716485818,0.5261251483107781,0.188,"{""1"": 2872.772697435837, ""2"": 2677.408321606919, ""3"": 2700.639564915156, ""4"": 2714.963593635266, ""5"": 2734.191583625193, ""6"": 2778.998259908315, ""7"": 2808.8162919202523, ""8"": 2823.0035069438386, ""9"": 2822.279472282126, ""10"": 2853.5522811872825, ""11"": 2885.2845780586567, ""12"": 2904.8535913859796, ""13"": 2940.9684103571694, ""14"": 2962.764196762065, ""15"": 2995.1436727850746}",1.1974239349365234
mueller_brown,subsample,tica,500,10,1,8,3,3,0.066,3,0.5710197380669956,0.354584051587993,0,14,0.07397761902810926,0.17561587352790725,0,2,0.5254105697047761,0.35971072284080974,0,2,0.5254105697047761,0.35971072284080974,0,3,0.5710197380669956,0.354584051587993,0,0.5710197380669956,0.354584051587993,0.12799999999999995,"{""1"": 2943.118118155678, ""2"": 2488.8166992267534, ""3"": 2458.705555456488, ""4"": 2496.1268903521564, ""5"": 2486.781284422482, ""6"": 2556.7455594156877, ""7"": 2564.8030104972913, ""8"": 2588.7556890188794, ""9"": 2613.308490305195, ""10"": 2643.0123300729933, ""11"": 2659.457985777707, ""12"": 2696.5949333232998, ""13"": 2703.7604005420317, ""14"": 2710.628140608198, ""15"": 2773.344050025576}",1.1550424098968506
mueller_brown,subsample,tica,500,10,1,9,3,3,0.094,2,0.8613055610463314,0.722598693000876,0,7,0.4097580997469015,0.44637316445198183,0,2,0.8613055610463314,0.722598693000876,0,3,0.8508337809159185,0.6514581754957202,0,2,0.8613055610463314,0.722598693000876,0,0.8508337809159185,0.6514581754957202,0.188,"{""1"": 2887.0504051295943, ""2"": 2506.3154796152926, ""3"": 2521.4240284818343, ""4"": 2544.684795128883, ""5"": 2573.0678236713966, ""6"": 2600.8385314935763, ""7"": 2598.115905546203, ""8"": 2634.169026299292, ""9"": 2669.0536573416607, ""10"": 2700.0984706805584, ""11"": 2730.159358610096, ""12"": 2769.1812529690774, ""13"": 2793.066479831897, ""14"": 2827.8216756653437, ""15"": 2851.1367892762746}",1.1908774375915527
mueller_brown,subsample,tica,500,10,1,10,3,3,0.084,1,0.0,0.0,0,2,0.03846088295925713,0.052495679353852846,0,1,0.0,0.0,0,3,0.1388281624437042,0.1289432951166808,0,3,0.1388281624437042,0.1289432951166808,0,0.1388281624437042,0.1289432951166808,0.552,"{""1"": 2868.5688448189944, ""2"": 2887.6779025367177, ""3"": 2922.008022771975, ""4"": 2950.3048350599547, ""5"": 2986.5357852885463, ""6"": 3019.8763550020426, ""7"": 3054.2915393863495, ""8"": 3082.5621547067303, ""9"": 3111.078466538045, ""10"": 3136.46844563229, ""11"": 3137.4095454561048, ""12"": 3182.505861777162, ""13"": 3233.675158031509, ""14"": 3217.078035395247, ""15"": 3272.374208356892}",1.2922701835632324
mueller_brown,subsample,tica,500,10,1,11,3,3,0.072,2,0.8567467714235354,0.7102483500878471,0,2,0.8567467714235354,0.7102483500878471,0,2,0.8567467714235354,0.7102483500878471,0,2,0.8567467714235354,0.7102483500878471,0,2,0.8567467714235354,0.7102483500878471,0,0.8366358431492177,0.6428423653406928,0.16800000000000004,"{""1"": 2860.1767190513874, ""2"": 2516.4220532787213, ""3"": 2553.2229918793532, ""4"": 2589.719512003307, ""5"": 2616.8629228859313, ""6"": 2646.7001533947637, ""7"": 2674.2780990910946, ""8"": 2702.526152678672, ""9"": 2734.8013344008295, ""10"": 2763.073777069381, ""11"": 2806.096901658945, ""12"": 2834.4921374052947, ""13"": 2839.6254738065913, ""14"": 2886.0937941774027, ""15"": 2916.98540120616}",1.1627705097198486
mueller_brown,subsample,tica,500,10,1,12,3,3,0.066,2,0.4322938244113006,0.31400505658314865,0,9,0.0720281982403873,0.16035656306359283,0,2,0.4322938244113006,0.31400505658314865,0,2,0.4322938244113006,0.31400505658314865,0,3,0.14739022491560838,0.1777513609357328,0,0.14739022491560838,0.1777513609357328,0.1800000000000001,"{""1"": 2861.830935559147, ""2"": 2658.391720859803, ""3"": 2685.0568620858253, ""4"": 2702.9065830358018, ""5"": 2739.8919513105807, ""6"": 2766.0854568611467, ""7"": 2781.51388641218, ""8"": 2821.045343092963, ""9"": 2810.9544969479803, ""10"": 2846.7649548983295, ""11"": 2882.786711375171, ""12"": 2910.322740890448, ""13"": 2938.4502773232584, ""14"": 2966.291855973325, ""15"": 3001.6961986541146}",1.4016518592834473
mueller_brown,subsample,tica,500,10,1,13,3,3,0.052,1,0.0,0.0,0,2,0.0799774473018445,0.0411857374572296,0,1,0.0,0.0,0,15,0.010533570687677457,0.06681060384987768,1,2,0.0799774473018445,0.0411857374572296,0,0.02464919161636477,0.032691477067167234,0.328,"{""1"": 2868.3861672955786, ""2"": 2869.0312877208708, ""3"": 2905.0186706818554, ""4"": 2936.4424007208627, ""5"": 2961.354781396091, ""6"": 2995.468626129896, ""7"": 3021.2840681293683, ""8"": 3050.881646039383, ""9"": 3082.8492659544645, ""10"": 3115.7623504704184, ""11"": 3138.485985780396, ""12"": 3172.1632702196457, ""13"": 3194.865185494508, ""14"": 3219.3761726571415, ""15"": 3256.3454897321617}",1.2180688381195068
mueller_brown,subsample,tica,500,10,1,14,3,3,0.046,2,0.6138575537907196,0.39965186646608813,0,2,0.6138575537907196,0.39965186646608813,0,1,0.0,0.0,0,2,0.6138575537907196,0.39965186646608813,0,3,0.27151436692694686,0.2763366643187784,0,0.27151436692694686,0.2763366643187784,0.09999999999999999,"{""1"": 2872.5754870909536, ""2"": 2821.3338515803644, ""3"": 2860.939958797951, ""4"": 2885.465567107311, ""5"": 2919.8746910535046, ""6"": 2957.8040949423907, ""7"": 2980.1749956282656, ""8"": 3008.273048718991, ""9"": 3045.152423687399, ""10"": 3068.2250828064175, ""11"": 3096.017673836246, ""12"": 3134.3329784303414, ""13"": 3155.6921603533497, ""14"": 3165.819611186853, ""15"": 3205.17582899238}",1.2507169246673584
mueller_brown,subsample,tica,500,10,1,15,3,3,0.058,1,0.0,0.0,0,3,0.04984042618220171,0.033152615331149785,0,1,0.0,0.0,0,12,0.014169768325400562,0.040112529378803184,0,3,0.04984042618220171,0.033152615331149785,0,0.04984042618220171,0.033152615331149785,0.28400000000000003,"{""1"": 2867.087210806103, ""2"": 2886.4526042223324, ""3"": 2905.4951714678436, ""4"": 2935.7788369172763, ""5"": 2968.499406088359, ""6"": 3005.6401353358738, ""7"": 3015.315464799767, ""8"": 3054.1371564205315, ""9"": 3085.3590302125594, ""10"": 3108.708233956541, ""11"": 3140.0710959860207, ""12"": 3161.2900590847726, ""13"": 3187.947842896738, ""14"": 3208.2074202388976, ""15"": 3222.5504149181256}",1.313262939453125
mueller_brown,subsample,tica,500,10,1,16,3,3,0.06,2,0.8615444725209226,0.7077859216041176,0,15,0.10558626274880366,0.30431296055951096,1,2,0.8615444725209226,0.7077859216041176,0,2,0.8615444725209226,0.7077859216041176,0,3,0.6784947696416277,0.5577351575236378,0,0.6784947696416277,0.5577351575236378,0.12799999999999997,"{""1"": 2861.984490816686, ""2"": 2526.5832381142236, ""3"": 2531.439806994714, ""4"": 2549.1354430263596, ""5"": 2572.270715969068, ""6"": 2594.080752723064, ""7"": 2596.621679508092, ""8"": 2626.1020381336493, ""9"": 2648.8999778413477, ""10"": 2679.2367300576157, ""11"": 2714.0594755814527, ""12"": 2731.2653515381253, ""13"": 2750.8024419314374, ""14"": 2779.358096966384, ""15"": 2792.0039140554995}",1.3009121417999268
mueller_brown,subsample,tica,500,10,1,17,3,3,0.064,1,0.0,0.0,0,1,0.0,0.0,0,1,0.0,0.0,0,4,0.0005325422231391002,0.0072775746147774765,0,3,-0.0015732491070218793,0.0024349409298749956,0,-0.0015732491070218793,0.0024349409298749956,0.436,"{""1"": 2864.4289750054318, ""2"": 2900.6565366124905, ""3"": 2936.8718007103157, ""4"": 2972.9989577654055, ""5"": 3001.778989140692, ""6"": 3027.13440203903, ""7"": 3066.2414501082512, ""8"": 3095.91175753349, ""9"": 3123.006244967014, ""10"": 3159.5419606607124, ""11"": 3178.6560115760212, ""12"": 3215.763495100074, ""13"": 3240.6064886465933, ""14"": 3275.698221324199, ""15"": 3307.262266050843}",1.2123692035675049
mueller_brown,subsample,tica,500,10,1,18,3,3,0.026,2,0.26128948228133064,0.09562612168652862,0,10,0.005136558642783398,0.0415134165256348,0,1,0.0,0.0,0,2,0.26128948228133064,0.09562612168652862,0,2,0.26128948228133064,0.09562612168652862,0,0.04034249485489857,0.06464032129529007,0.05200000000000002,"{""1"": 2867.152191156249, ""2"": 2805.101089857027, ""3"": 2831.375582357791, ""4"": 2857.260014705571, ""5"": 2889.05729208278, ""6"": 2922.0113963029057, ""7"": 2953.8725097076112, ""8"": 2983.5156116253797, ""9"": 3007.87437297939, ""10"": 3005.722412642935, ""11"": 3067.8434688140187, ""12"": 3092.2683871849667, ""13"": 3088.637899862932, ""14"": 3129.827459273558, ""15"": 3143.3538304447316}",1.2619104385375977
mueller_brown,subsample,tica,500,10,1,19,3,3,0.056,1,0.0,0.0,0,2,0.021202677752218294,0.005659923365725245,0,1,0.0,0.0,0,12,0.007733256703787182,0.02411437592690922,0,2,0.021202677752218294,0.005659923365725245,0,0.025728706291914785,0.011357228172840943,0.332,"{""1"": 2860.1276023124333, ""2"": 2870.15705901208, ""3"": 2896.6256919547927, ""4"": 2931.1702053358895, ""5"": 2965.653197986069, ""6"": 2995.1647042133295, ""7"": 3023.9090040330784, ""8"": 3057.1300304006045, ""9"": 3084.494888493138, ""10"": 3096.420416589712, ""11"": 3123.989645860471, ""12"": 3141.5884209306687, ""13"": 3183.1208026459058, ""14"": 3222.8543859019924, ""15"": 3223.6801404461366}",1.1796104907989502
mueller_brown,subsample,tica,1000,10,1,0,3,3,0.092,3,0.6693597453889618,0.7022822489585883,0,4,0.41240745115921223,0.6038554340306211,0,2,0.9273947539372536,0.8695832431648154,0,2,0.9273947539372536,0.8695832431648154,0,2,0.9273947539372536,0.8695832431648154,0,0.6693597453889618,0.7022822489585883,0.21599999999999997,"{""1"": 5702.440980258148, ""2"": 4151.892402294082, ""3"": 4122.028304091528, ""4"": 4146.374918444102, ""5"": 4177.303300075906, ""6"": 4216.44328653539, ""7"": 4251.211500639879, ""8"": 4286.869243139121, ""9"": 4320.379370002662, ""10"": 4356.3978169538295, ""11"": 4392.84163821508, ""12"": 4429.026162488038, ""13"": 4456.055245376222, ""14"": 4495.73171287302, ""15"": 4522.422585685556}",1.5059187412261963
mueller_brown,subsample,tica,1000,10,1,1,3,3,0.079,4,0.4331466412658569,0.5884048198052517,0,6,0.4778003426712618,0.5972006190508826,0,2,0.9400696732370443,0.8617854969251934,0,2,0.9400696732370443,0.8617854969251934,0,2,0.9400696732370443,0.8617854969251934,0,0.6084114176028644,0.6658071635593705,0.5760000000000001,"{""1"": 5699.977630640809, ""2"": 3723.7512749733687, ""3"": 3727.3450068417446, ""4"": 3674.12012648609, ""5"": 3704.5910142736557, ""6"": 3722.9959600445727, ""7"": 3767.315347953154, ""8"": 3795.792400826002, ""9"": 3822.532208212694, ""10"": 3854.8237228217695, ""11"": 3898.852203307099, ""12"": 3920.0694648410104, ""13"": 3962.2919699779295, ""14"": 3998.59244644523, ""15"": 4029.413098474724}",1.6396832466125488
mueller_brown,subsample,tica,1000,10,1,2,3,3,0.094,3,0.8327495908423393,0.7822457240607684,0,7,0.38540543240202807,0.5008214335927393,0,2,0.9170811401808515,0.8430811906662826,0,2,0.9170811401808515,0.8430811906662826,0,2,0.9170811401808515,0.8430811906662826,0,0.8327495908423393,0.7822457240607684,0.18600000000000005,"{""1"": 5699.175036348886, ""2"": 3728.9577926601946, ""3"": 3709.541244388464, ""4"": 3715.2759242918846, ""5"": 3752.3192330720653, ""6"": 3787.808285326376, ""7"": 3801.420447772688, ""8"": 3856.1476208277254, ""9"": 3889.062622800302, ""10"": 3931.2775210227005, ""11"": 3926.7871631085063, ""12"": 3962.1141049759367, ""13"": 4001.355189392185, ""14"": 4023.882892409746, ""15"": 4084.421202466428}",1.6461658477783203
mueller_brown,subsample,tica,1000,10,1,3,3,3,0.065,2,0.9476448578730666,0.8631290850150924,0,4,0.4678486338727618,0.5959088134432701,0,2,0.9476448578730666,0.8631290850150924,0,2,0.9476448578730666,0.8631290850150924,0,2,0.9476448578730666,0.8631290850150924,0,0.4099029320187423,0.596414189065689,0.13,"{""1"": 5701.958898792118, ""2"": 3832.5129068564784, ""3"": 3867.765908882467, ""4"": 3843.2667904007294, ""5"": 3890.1828923658254, ""6"": 3928.1475726737854, ""7"": 3956.851269269974, ""8"": 3986.0055185291944, ""9"": 4019.556121983703, ""10"": 4053.5482276175894, ""11"": 4077.2444388877925, ""12"": 4109.986305106203, ""13"": 4124.88266577761, ""14"": 4168.022370542023, ""15"": 4220.412762145164}",1.82832670211792
mueller_brown,subsample,tica,1000,10,1,4,3,3,0.081,2,0.9449468767284553,0.8496929839235497,0,6,0.3793991875433405,0.4933162322024026,0,2,0.9449468767284553,0.8496929839235497,0,3,0.9456326257892227,0.7629262345118965,0,2,0.9449468767284553,0.8496929839235497,0,0.9456326257892227,0.7629262345118965,0.16200000000000003,"{""1"": 5743.1064518099665, ""2"": 3467.3384278692174, ""3"": 3471.0371276305264, ""4"": 3494.884690781982, ""5"": 3524.546132542709, ""6"": 3544.19251934066, ""7"": 3587.081654926542, ""8"": 3607.674775421755, ""9"": 3643.2450305626116, ""10"": 3668.7134392100684, ""11"": 3696.3123439645196, ""12"": 3737.1993739838676, ""13"": 3768.4901552210167, ""14"": 3805.1690415988487, ""15"": 3826.6792673831746}",1.5151410102844238
mueller_brown,subsample,tica,1000,10,1,5,3,3,0.093,2,0.9072513764694954,0.7944232444741673,0,2,0.9072513764694954,0.7944232444741673,0,2,0.9072513764694954,0.7944232444741673,0,2,0.9072513764694954,0.7944232444741673,0,2,0.9072513764694954,0.7944232444741673,0,0.38076148859137415,0.5528097806128419,0.186,"{""1"": 5722.071286251785, ""2"": 4756.936572721544, ""3"": 4799.400092407685, ""4"": 4830.871512519594, ""5"": 4871.263890348481, ""6"": 4901.981412936268, ""7"": 4937.312502451692, ""8"": 4972.140219047199, ""9"": 5008.901684371481, ""10"": 5048.229127117258, ""11"": 5082.8972345754155, ""12"": 5116.497191015219, ""13"": 5152.694237723396, ""14"": 5187.933170828281, ""15"": 5206.789983644656}",1.5685656070709229
mueller_brown,subsample,tica,1000,10,1,6,3,3,0.066,3,0.960316043616639,0.7977903369750876,0,4,0.3678924723098261,0.5405124748601183,0,2,0.9557794348478309,0.8642415051468796,0,2,0.9557794348478309,0.8642415051468796,0,2,0.9557794348478309,0.8642415051468796,0,0.960316043616639,0.7977903369750876,0.017999999999999995,"{""1"": 5718.889849274941, ""2"": 3230.281206341764, ""3"": 3220.5304901484387, ""4"": 3249.1780288951404, ""5"": 3292.614367173512, ""6"": 3318.215147963256, ""7"": 3365.9923064467102, ""8"": 3396.041911764729, ""9"": 3438.5300626863022, ""10"": 3477.492599030236, ""11"": 3492.196824687123, ""12"": 3534.7450838181844, ""13"": 3570.366082510216, ""14"": 3601.625999965853, ""15"": 3631.395924632236}",1.4652302265167236
mueller_brown,subsample,tica,1000,10,1,7,3,3,0.088,4,0.6452810383523663,0.6231283587779861,0,4,0.6452810383523663,0.6231283587779861,0,2,0.9216468922234707,0.8390562377341221,0,2,0.9216468922234707,0.8390562377341221,0,2,0.9216468922234707,0.8390562377341221,0,0.6295946095010871,0.6700234007474197,0.236,"{""1"": 5715.980915517614, ""2"": 3749.1482549522343, ""3"": 3747.6163656606736, ""4"": 3731.5003042334665, ""5"": 3780.4058244746134, ""6"": 3814.608297902844, ""7"": 3841.006917451621, ""8"": 3853.7043200465355, ""9"": 3888.1636615259167, ""10"": 3928.842003017158, ""11"": 3965.632372816908, ""12"": 3996.734553314857, ""13"": 4031.217648715233, ""14"": 4062.137580204888, ""15"": 4098.451845703676}",1.5457603931427002
mueller_brown,subsample,tica,1000,10,1,8,3,3,0.066,5,0.49816723105842564,0.5999635848119282,0,6,0.34962412570011603,0.5229357485190501,0,2,0.911634300429466,0.7864990066242876,0,2,0.911634300429466,0.7864990066242876,0,2,0.911634300429466,0.7864990066242876,0,0.4688787375476521,0.5686830811925495,0.41800000000000004,"{""1"": 5729.9940670945225, ""2"": 3878.756378864817, ""3"": 3911.3869590715203, ""4"": 3908.3827564685726, ""5"": 3870.116031450858, ""6"": 3898.946084055215, ""7"": 3933.6967404389234, ""8"": 3976.5572378686225, ""9"": 4005.004214062666, ""10"": 4033.289505634891, ""11"": 4072.299583124799, ""12"": 4112.414760268041, ""13"": 4144.729593018265, ""14"": 4172.06722605585, ""15"": 4222.274695189665}",1.5947751998901367
mueller_brown,subsample,tica,1000,10,1,9,3,3,0.086,3,0.9422813513540197,0.8316039961833676,0,5,0.4276732992056551,0.584251161817882,0,2,0.9288128501731189,0.845691846918686,0,2,0.9288128501731189,0.845691846918686,0,2,0.9288128501731189,0.845691846918686,0,0.9422813513540197,0.8316039961833676,0.12,"{""1"": 5716.674877883233, ""2"": 4062.318200969659, ""3"": 4012.055668530682, ""4"": 4039.4446254606783, ""5"": 4065.592232343602, ""6"": 4096.330852835699, ""7"": 4134.46867165641, ""8"": 4168.813193625136, ""9"": 4203.079844749381, ""10"": 4248.99923456231, ""11"": 4262.494456034965, ""12"": 4290.376112256361, ""13"": 4323.219774115335, ""14"": 4351.778194374042, ""15"": 4383.239181744405}",1.7497947216033936
mueller_brown,subsample,tica,1000,10,1,10,3,3,0.082,3,0.8222664937304197,0.7562080765554957,0,6,0.35281046737950716,0.5071166799711727,0,2,0.8836641122389852,0.7779547687872498,0,2,0.8836641122389852,0.7779547687872498,0,2,0.8836641122389852,0.7779547687872498,0,0.8222664937304197,0.7562080765554957,0.15800000000000006,"{""1"": 5717.002037591715, ""2"": 3883.7704194507487, ""3"": 3792.963280397627, ""4"": 3855.40523918693, ""5"": 3837.6764440419943, ""6"": 3861.636875110153, ""7"": 3899.4802763906637, ""8"": 3937.8181757567804, ""9"": 3974.170561393045, ""10"": 4009.2573035441355, ""11"": 4050.295087609067, ""12"": 4058.8810514111433, ""13"": 4082.5775658889625, ""14"": 4155.843605484647, ""15"": 4189.455833049682}",1.7233963012695312
mueller_brown,subsample,tica,1000,10,1,11,3,3,0.074,2,0.9081535625765854,0.793541337138943,0,2,0.9081535625765854,0.793541337138943,0,2,0.9081535625765854,0.793541337138943,0,2,0.9081535625765854,0.793541337138943,0,2,0.9081535625765854,0.793541337138943,0,0.6599828299367037,0.6414577114070829,0.16200000000000003,"{""1"": 5704.340123562278, ""2"": 4184.786042640477, ""3"": 4219.596844853499, ""4"": 4256.983087955126, ""5"": 4287.769138790736, ""6"": 4319.320043034259, ""7"": 4359.440678068058, ""8"": 4383.621540998818, ""9"": 4412.549473126145, ""10"": 4441.805279627794, ""11"": 4478.082275791242, ""12"": 4512.561685649744, ""13"": 4528.219617747815, ""14"": 4582.9035985687915, ""15"": 4602.600615782162}",1.5760042667388916
mueller_brown,subsample,tica,1000,10,1,12,3,3,0.065,5,0.37830900581621246,0.5600214158260658,0,5,0.37830900581621246,0.5600214158260658,0,2,0.9605123859410433,0.8761210172051173,0,2,0.9605123859410433,0.8761210172051173,0,2,0.9605123859410433,0.8761210172051173,0,0.3799948413922865,0.5832122583168111,0.6719999999999999,"{""1"": 5699.861857717358, ""2"": 3190.3811077604496, ""3"": 3211.7391230687567, ""4"": 3080.902431183977, ""5"": 3078.1776031212394, ""6"": 3136.3441501476277, ""7"": 3168.5322704931164, ""8"": 3197.068438329557, ""9"": 3232.873212528568, ""10"": 3270.3030992049275, ""11"": 3293.0878681306594, ""12"": 3320.092248548622, ""13"": 3350.309088908538, ""14"": 3379.6125547108886, ""15"": 3376.0255242783824}",1.751162052154541
mueller_brown,subsample,tica,1000,10,1,13,3,3,0.066,2,0.8888893043432159,0.7454764160297946,0,5,0.23304784027629807,0.36576614466971796,0,2,0.8888893043432159,0.7454764160297946,0,2,0.8888893043432159,0.7454764160297946,0,3,0.3396955991411494,0.468760453480865,0,0.3396955991411494,0.468760453480865,0.132,"{""1"": 5700.546602830146, ""2"": 5182.884053059629, ""3"": 5223.147024762616, ""4"": 5236.248542476362, ""5"": 5263.1320731632495, ""6"": 5302.3768809926305, ""7"": 5323.474656244809, ""8"": 5353.76656397483, ""9"": 5385.274225846227, ""10"": 5421.512099643414, ""11"": 5454.485038045151, ""12"": 5493.9260184432815, ""13"": 5523.725506178503, ""14"": 5561.189729042037, ""15"": 5595.979636404192}",1.6942737102508545
mueller_brown,subsample,tica,1000,10,1,14,3,3,0.059,2,0.9513400604263813,0.8702172105341521,0,6,0.33104536520428435,0.49672934056990004,0,2,0.9513400604263813,0.8702172105341521,0,2,0.9513400604263813,0.8702172105341521,0,2,0.9513400604263813,0.8702172105341521,0,0.5380143888105925,0.6388323153749316,0.122,"{""1"": 5727.695744133112, ""2"": 3925.9320637534256, ""3"": 3958.5783774793263, ""4"": 3963.878448315192, ""5"": 3982.6148011077216, ""6"": 3998.5332923017195, ""7"": 4029.9062085890746, ""8"": 4066.736058052092, ""9"": 4097.737407545086, ""10"": 4131.338269611897, ""11"": 4175.878844551841, ""12"": 4200.098928356337, ""13"": 4229.257542794939, ""14"": 4245.998626094383, ""15"": 4283.567716896177}",1.6244361400604248
mueller_brown,subsample,tica,1000,10,1,15,3,3,0.065,2,0.8874708572389263,0.7314187296557235,0,2,0.8874708572389263,0.7314187296557235,0,2,0.8874708572389263,0.7314187296557235,0,2,0.8874708572389263,0.7314187296557235,0,2,0.8874708572389263,0.7314187296557235,0,0.2890939211213874,0.4414328816802109,0.13,"{""1"": 5729.812137703004, ""2"": 4748.496771483525, ""3"": 4791.265657488869, ""4"": 4828.532606536133, ""5"": 4867.679804995415, ""6"": 4901.394992371486, ""7"": 4939.389897866184, ""8"": 4968.516028651431, ""9"": 5008.833440412868, ""10"": 5041.110619668387, ""11"": 5078.092772499005, ""12"": 5107.767654669945, ""13"": 5146.200446512457, ""14"": 5183.0140648692395, ""15"": 5201.233732447579}",1.497359275817871
mueller_brown,subsample,tica,1000,10,1,16,3,3,0.065,4,0.4424888643785069,0.6145967446126166,0,4,0.4424888643785069,0.6145967446126166,0,2,0.9537349154333685,0.8694122022243848,0,2,0.9537349154333685,0.8694122022243848,0,2,0.9537349154333685,0.8694122022243848,0,0.439451186686861,0.59451208899465,0.5599999999999999,"{""1"": 5705.806448172916, ""2"": 3542.1301026116525, ""3"": 3549.1624409545643, ""4"": 3532.2585731854533, ""5"": 3562.708370552893, ""6"": 3601.1488211549213, ""7"": 3636.9909808899456, ""8"": 3675.3512382962704, ""9"": 3705.2716090299664, ""10"": 3745.101844192291, ""11"": 3775.0213902312357, ""12"": 3795.099003704719, ""13"": 3830.926431791164, ""14"": 3870.1718817749625, ""15"": 3887.366985877673}",1.5826740264892578
mueller_brown,subsample,tica,1000,10,1,17,3,3,0.07,5,0.44145747767714805,0.5715621368480035,0,5,0.44145747767714805,0.5715621368480035,0,2,0.9070589263709046,0.7881686738172872,0,2,0.9070589263709046,0.7881686738172872,0,2,0.9070589263709046,0.7881686738172872,0,0.9161972308780825,0.7980167291382001,0.5499999999999999,"{""1"": 5701.566980351421, ""2"": 3828.989911565108, ""3"": 3767.2055752324845, ""4"": 3762.44377927832, ""5"": 3760.734172085936, ""6"": 3796.195641177979, ""7"": 3820.8356978419724, ""8"": 3853.1039284088406, ""9"": 3893.8551690679064, ""10"": 3917.9570008720575, ""11"": 3953.0049927837426, ""12"": 3991.536265272133, ""13"": 4021.3514231192294, ""14"": 4033.38295119978, ""15"": 4081.3229394651194}",1.9118022918701172
mueller_brown,subsample,tica,1000,10,1,18,3,3,0.028,2,0.9724745193032283,0.8753958605625588,0,2,0.9724745193032283,0.8753958605625588,0,2,0.9724745193032283,0.8753958605625588,0,2,0.9724745193032283,0.8753958605625588,0,3,0.18782632962098783,0.38461767624237625,0,0.18782632962098783,0.38461767624237625,0.055999999999999994,"{""1"": 5705.413928908317, ""2"": 4235.415825337247, ""3"": 4280.587014105749, ""4"": 4296.805047080439, ""5"": 4356.293688082699, ""6"": 4371.7027470252615, ""7"": 4412.317861595277, ""8"": 4442.303593354272, ""9"": 4482.260570733467, ""10"": 4523.810081997401, ""11"": 4556.649712668985, ""12"": 4591.751592618833, ""13"": 4625.051677227317, ""14"": 4653.726105049061, ""15"": 4689.96481392336}",1.4516339302062988
mueller_brown,subsample,tica,1000,10,1,19,3,3,0.064,3,0.8443507891876505,0.6633838409192875,0,3,0.8443507891876505,0.6633838409192875,0,2,0.8896034068378748,0.7396485437545386,0,2,0.8896034068378748,0.7396485437545386,0,2,0.8896034068378748,0.7396485437545386,0,0.8443507891876505,0.6633838409192875,0.05799999999999991,"{""1"": 5702.501580577813, ""2"": 4791.712810531007, ""3"": 4756.552734312303, ""4"": 4794.779811052502, ""5"": 4822.551962335972, ""6"": 4871.3885622226435, ""7"": 4902.410921437465, ""8"": 4927.849402694363, ""9"": 4962.418518048477, ""10"": 4999.474133930969, ""11"": 5032.9953733621915, ""12"": 5073.613469224416, ""13"": 5081.239859215496, ""14"": 5138.2328253419755, ""15"": 5181.866929571125}",1.5178935527801514
mueller_brown,subsample,tica,2000,10,1,0,3,3,0.0935,4,0.5602205840366613,0.661322753518339,0,6,0.46568715452675524,0.5804426253389677,0,3,0.9158484726733694,0.8095172191649959,0,2,0.9204921591484494,0.8535856769998431,0,2,0.9204921591484494,0.8535856769998431,0,0.9158484726733694,0.8095172191649959,0.37499999999999994,"{""1"": 11386.245412019678, ""2"": 4895.813712394655, ""3"": 4203.157095074419, ""4"": 4169.663905134097, ""5"": 4199.915170071543, ""6"": 4231.010750344707, ""7"": 4301.02978598508, ""8"": 4328.48134450115, ""9"": 4338.715029717088, ""10"": 4383.236843638677, ""11"": 4402.368185100027, ""12"": 4452.695761707817, ""13"": 4489.261105821036, ""14"": 4529.545656755183, ""15"": 4569.735152044954}",3.004014253616333
mueller_brown,subsample,tica,2000,10,1,1,3,3,0.0855,3,0.90344544123392,0.7969224474188046,0,7,0.4276650541796345,0.6111981518094445,0,3,0.90344544123392,0.7969224474188046,0,2,0.9242628874565305,0.8367179397101613,0,2,0.9242628874565305,0.8367179397101613,0,0.90344544123392,0.7969224474188046,0.12499999999999997,"{""1"": 11377.40843646878, ""2"": 4931.250227105841, ""3"": 4159.367816959162, ""4"": 4161.70193700695, ""5"": 4193.227469695242, ""6"": 4195.877027401379, ""7"": 4159.8472285564185, ""8"": 4225.12508997901, ""9"": 4243.040434798659, ""10"": 4274.930785251728, ""11"": 4300.893177956085, ""12"": 4353.575698949978, ""13"": 4378.30997590731, ""14"": 4413.257834453234, ""15"": 4472.6125962830665}",2.908137321472168
mueller_brown,subsample,tica,2000,10,1,2,3,3,0.0975,4,0.8615386951594428,0.7737830116726367,0,13,0.23484838819318216,0.4430165704577695,0,3,0.869917850642067,0.7663529058624778,0,2,0.9064607130135252,0.8248997810646879,0,2,0.9064607130135252,0.8248997810646879,0,0.869917850642067,0.7663529058624778,0.16900000000000007,"{""1"": 11381.12208626322, ""2"": 5553.063048817069, ""3"": 4785.970627420613, ""4"": 4678.292951738747, ""5"": 4713.28640316596, ""6"": 4758.752706437816, ""7"": 4800.1670484776405, ""8"": 4816.428012575437, ""9"": 4849.611833106423, ""10"": 4898.909012942058, ""11"": 4944.918967745067, ""12"": 4956.805085755958, ""13"": 4975.492179288823, ""14"": 5037.11784936521, ""15"": 5046.882276076462}",3.826807737350464
mueller_brown,subsample,tica,2000,10,1,3,3,3,0.069,4,0.9366357002146349,0.762461819590918,0,15,0.14276933835542283,0.3822570558931597,1,3,0.9437217393841878,0.8203419381739282,0,2,0.940342936321966,0.8500021287184993,0,2,0.940342936321966,0.8500021287184993,0,0.9437217393841878,0.8203419381739282,0.08499999999999999,"{""1"": 11375.9445274705, ""2"": 4875.408334332763, ""3"": 4344.915132001511, ""4"": 4334.8830674403835, ""5"": 4381.287024281766, ""6"": 4393.922631812532, ""7"": 4442.713495786307, ""8"": 4476.9920011112235, ""9"": 4480.213131366939, ""10"": 4507.487219420119, ""11"": 4545.392093182486, ""12"": 4589.076813974499, ""13"": 4615.235769327078, ""14"": 4665.077634947864, ""15"": 4674.398591379398}",2.7155704498291016
mueller_brown,subsample,tica,2000,10,1,4,3,3,0.084,6,0.3889989401489525,0.5561230730223848,0,13,0.14629728077182982,0.39556503280809574,0,2,0.94327623525635,0.8480166405345547,0,2,0.94327623525635,0.8480166405345547,0,2,0.94327623525635,0.8480166405345547,0,0.3903292854020014,0.5790137812768441,0.7380000000000001,"{""1"": 11406.341963841274, ""2"": 5038.438035411927, ""3"": 5085.363035469642, ""4"": 4678.299676686351, ""5"": 4581.762569604728, ""6"": 4548.385877804543, ""7"": 4549.131256674271, ""8"": 4589.745123863437, ""9"": 4642.651952151668, ""10"": 4674.810097960929, ""11"": 4705.603843679194, ""12"": 4730.511751888646, ""13"": 4731.678794614499, ""14"": 4805.881575726586, ""15"": 4835.01285032382}",2.7951998710632324
mueller_brown,subsample,tica,2000,10,1,5,3,3,0.0865,5,0.4347658569378561,0.5852384038338102,0,5,0.4347658569378561,0.5852384038338102,0,3,0.9391780859993828,0.814793906276921,0,2,0.9230225084658631,0.8260192503093918,0,2,0.9230225084658631,0.8260192503093918,0,0.9391780859993828,0.814793906276921,0.566,"{""1"": 11401.80079308327, ""2"": 5417.682901700455, ""3"": 5057.156259808188, ""4"": 5082.025566669288, ""5"": 5000.773798266132, ""6"": 5043.655288360317, ""7"": 5073.432158482297, ""8"": 5115.063513585595, ""9"": 5138.0911741201035, ""10"": 5177.624941970697, ""11"": 5220.155202932578, ""12"": 5247.748886113062, ""13"": 5292.140655166666, ""14"": 5325.827974659009, ""15"": 5368.6053743784405}",2.772454261779785
mueller_brown,subsample,tica,2000,10,1,6,3,3,0.065,4,0.9228420454177848,0.7909655376378494,0,10,0.2807704632347645,0.48135483028097664,0,4,0.9228420454177848,0.7909655376378494,0,3,0.9337746577293402,0.8095718487507023,0,3,0.9337746577293402,0.8095718487507023,0,0.9337746577293402,0.8095718487507023,0.09799999999999989,"{""1"": 11416.171011873343, ""2"": 2396.3490058702127, ""3"": 1767.0124963150524, ""4"": 1640.692416533991, ""5"": 1682.6937685936043, ""6"": 1723.5984658907844, ""7"": 1715.5478099865177, ""8"": 1696.1628003793464, ""9"": 1729.191121849485, ""10"": 1753.77329870884, ""11"": 1795.83259298134, ""12"": 1837.538951599924, ""13"": 1871.0758986988453, ""14"": 1900.9931384295394, ""15"": 1958.9591874789173}",2.707749366760254
mueller_brown,subsample,tica,2000,10,1,7,3,3,0.087,3,0.9239131355180894,0.8102300447465501,0,7,0.36629961518162024,0.5118592649127215,0,3,0.9239131355180894,0.8102300447465501,0,3,0.9239131355180894,0.8102300447465501,0,2,0.9336353155445248,0.8630572282731218,0,0.9239131355180894,0.8102300447465501,0.12599999999999997,"{""1"": 11393.548737848716, ""2"": 5706.427732876723, ""3"": 5088.186135097217, ""4"": 5133.644988211792, ""5"": 5129.08309742498, ""6"": 5154.3764147141555, ""7"": 5187.537171962912, ""8"": 5232.8286123707885, ""9"": 5265.651230141125, ""10"": 5317.041596136124, ""11"": 5349.450678724583, ""12"": 5386.549337167988, ""13"": 5418.976156900699, ""14"": 5474.725154394506, ""15"": 5514.77732431956}",2.6641573905944824
mueller_brown,subsample,tica,2000,10,1,8,3,3,0.0595,3,0.9684901646452284,0.8854149609852191,0,9,0.19880840366729446,0.46341761330206316,0,3,0.9684901646452284,0.8854149609852191,0,2,0.9427205242735113,0.84794752693489,0,2,0.9427205242735113,0.84794752693489,0,0.9684901646452284,0.8854149609852191,0.013999999999999957,"{""1"": 11402.524108116988, ""2"": 4868.609116054943, ""3"": 4632.812243896099, ""4"": 4669.263036961043, ""5"": 4685.842137815409, ""6"": 4726.401762132637, ""7"": 4738.871157583761, ""8"": 4792.2826708658795, ""9"": 4804.489699665089, ""10"": 4847.67253475907, ""11"": 4880.363633783681, ""12"": 4916.210587139123, ""13"": 4964.271286113044, ""14"": 5000.463892761563, ""15"": 5042.665259924103}",2.994654893875122
mueller_brown,subsample,tica,2000,10,1,9,3,3,0.096,6,0.42354019372511115,0.5816560841103623,0,9,0.3491326070019665,0.499746874232052,0,4,0.9172090036309944,0.7863994972292042,0,2,0.911915690392836,0.8227601089330893,0,3,0.9125559065622224,0.7928083608605968,0,0.9125559065622224,0.7928083608605968,0.7200000000000001,"{""1"": 11422.362763000267, ""2"": 4658.971767794944, ""3"": 4107.503096993965, ""4"": 3984.489197282974, ""5"": 3986.318773088464, ""6"": 3946.227374241568, ""7"": 3972.2215848227565, ""8"": 4003.2972823203672, ""9"": 4032.453305976137, ""10"": 4077.3352975477314, ""11"": 4124.556342243247, ""12"": 4157.127969747426, ""13"": 4190.612840373355, ""14"": 4203.102731581366, ""15"": 4244.276457722892}",3.101050615310669
mueller_brown,subsample,tica,2000,10,1,10,3,3,0.0905,5,0.6374894972155224,0.7051037068300973,0,11,0.236247922041067,0.4956981972190825,0,3,0.9305895821799529,0.8527248623234499,0,2,0.8952880009393572,0.8067633478526283,0,2,0.8952880009393572,0.8067633478526283,0,0.9305895821799529,0.8527248623234499,0.3190000000000001,"{""1"": 11400.229018509679, ""2"": 5802.5900995167085, ""3"": 5171.287515309784, ""4"": 5165.875551718496, ""5"": 4992.567037764437, ""6"": 5035.481762314694, ""7"": 5072.525404668603, ""8"": 5111.090670578663, ""9"": 5120.304542550454, ""10"": 5155.44248105532, ""11"": 5187.360102495053, ""12"": 5224.627133025313, ""13"": 5272.993610740629, ""14"": 5310.206817349179, ""15"": 5375.820917605263}",3.5407426357269287
mueller_brown,subsample,tica,2000,10,1,11,3,3,0.0775,3,0.9219216157449336,0.812158100333334,0,8,0.23769769870532323,0.4610605806168682,0,3,0.9219216157449336,0.812158100333334,0,2,0.9365157526580351,0.8474721873975323,0,2,0.9365157526580351,0.8474721873975323,0,0.9219216157449336,0.812158100333334,0.10200000000000004,"{""1"": 11386.20500511823, ""2"": 5661.804154116458, ""3"": 4899.664746209499, ""4"": 4903.848053837639, ""5"": 4933.372050614167, ""6"": 4949.041896812318, ""7"": 4926.0388285999825, ""8"": 4958.562026567918, ""9"": 4998.452441974336, ""10"": 5037.566087618883, ""11"": 5084.775068147594, ""12"": 5106.503081465998, ""13"": 5154.146547948892, ""14"": 5198.6607729609805, ""15"": 5215.318364754982}",2.945297956466675
mueller_brown,subsample,tica,2000,10,1,12,3,3,0.0655,4,0.37631903534300093,0.5866946873060853,0,10,0.20858759163056406,0.4502035804348196,0,2,0.9440462101597259,0.8433006788385244,0,2,0.9440462101597259,0.8433006788385244,0,2,0.9440462101597259,0.8433006788385244,0,0.637366798011864,0.660046772300558,0.751,"{""1"": 11375.646770921778, ""2"": 3670.139227057336, ""3"": 3641.3250403098605, ""4"": 3118.0611480615585, ""5"": 3129.3107547168406, ""6"": 3156.686354463846, ""7"": 3207.895726001008, ""8"": 3231.6182536400934, ""9"": 3252.8161930988176, ""10"": 3268.2506660815748, ""11"": 3337.9322381023117, ""12"": 3369.313323754499, ""13"": 3399.610303262477, ""14"": 3465.485718205939, ""15"": 3475.6958461156664}",2.9915578365325928
mueller_brown,subsample,tica,2000,10,1,13,3,3,0.063,5,0.3594965126864948,0.5789881376041468,0,6,0.35658073580402927,0.5520846250024201,0,2,0.9467727492062393,0.8433580153314336,0,2,0.9467727492062393,0.8433580153314336,0,2,0.9467727492062393,0.8433580153314336,0,0.3610674154320551,0.5509237035047748,0.788,"{""1"": 11377.173182958482, ""2"": 5303.989107258521, ""3"": 5346.332903677511, ""4"": 5137.27586905562, ""5"": 5126.419586372997, ""6"": 5127.127773570222, ""7"": 5166.847214579402, ""8"": 5196.6967721723095, ""9"": 5234.160738855627, ""10"": 5272.334149280209, ""11"": 5314.792101287359, ""12"": 5365.626231405226, ""13"": 5400.350339941965, ""14"": 5442.988636712005, ""15"": 5456.983749691627}",2.930344343185425
mueller_brown,subsample,tica,2000,10,1,14,3,3,0.069,4,0.9225144330088562,0.7593265380186212,0,9,0.28625422037317994,0.47228419576659625,0,3,0.9282626279302931,0.7979884241668636,0,2,0.9521158166009211,0.8735141725195189,0,2,0.9521158166009211,0.8735141725195189,0,0.9282626279302931,0.7979884241668636,0.04700000000000007,"{""1"": 11433.247984089016, ""2"": 4284.132846251466, ""3"": 3909.7382251218746, ""4"": 3842.9462997968026, ""5"": 3891.9222880286716, ""6"": 3887.5892802492335, ""7"": 3916.328203737337, ""8"": 3942.8811176613203, ""9"": 3934.9781094449418, ""10"": 3976.8901917453377, ""11"": 4014.3016267469065, ""12"": 4060.170329749518, ""13"": 4093.9575406009935, ""14"": 4118.2787095025615, ""15"": 4143.856140840646}",2.82612943649292
mueller_brown,subsample,tica,2000,10,1,15,3,3,0.0615,4,0.3144597823401121,0.5093492369289524,0,10,0.13344993232598445,0.37237308010887626,0,2,0.8852955863399231,0.7488373496914678,0,2,0.8852955863399231,0.7488373496914678,0,2,0.8852955863399231,0.7488373496914678,0,0.30255798964345704,0.47218663187349735,0.846,"{""1"": 11432.285550815377, ""2"": 6030.7411314355295, ""3"": 6055.071293563057, ""4"": 5923.476073885573, ""5"": 5939.661831615298, ""6"": 5972.5939348262555, ""7"": 5999.551372644055, ""8"": 6038.844645915037, ""9"": 6065.242499113788, ""10"": 6095.831626575519, ""11"": 6140.032588257916, ""12"": 6179.314757031813, ""13"": 6206.042798648748, ""14"": 6237.61158756172, ""15"": 6264.50926265608}",2.970409631729126
mueller_brown,subsample,tica,2000,10,1,16,3,3,0.063,4,0.7111916185402436,0.7479713320915258,0,9,0.18813959195888097,0.4515054069217022,0,2,0.9569951614664185,0.8769917581366735,0,2,0.9569951614664185,0.8769917581366735,0,2,0.9569951614664185,0.8769917581366735,0,0.8127305922927631,0.7642559781768146,0.2060000000000001,"{""1"": 11383.04759706183, ""2"": 4996.30821143402, ""3"": 4764.616855216977, ""4"": 4642.931809191916, ""5"": 4658.144914998877, ""6"": 4665.140119715563, ""7"": 4693.409063224238, ""8"": 4721.511910059654, ""9"": 4751.317395130577, ""10"": 4793.63577832922, ""11"": 4841.448811284817, ""12"": 4883.3459083686475, ""13"": 4890.719740970472, ""14"": 4952.5276656681235, ""15"": 4990.904782087496}",3.2365658283233643
mueller_brown,subsample,tica,2000,10,1,17,3,3,0.071,4,0.6661769395296705,0.6948456245512857,0,7,0.3107549284564059,0.5337240728147111,0,2,0.9327241799619849,0.8391910857567196,0,2,0.9327241799619849,0.8391910857567196,0,2,0.9327241799619849,0.8391910857567196,0,0.3911136152698135,0.5817006864458113,0.23600000000000002,"{""1"": 11380.154960654636, ""2"": 4790.242781290751, ""3"": 4845.157031736236, ""4"": 4247.007471889427, ""5"": 4254.033031947968, ""6"": 4296.570504068812, ""7"": 4317.8240069179565, ""8"": 4352.845109132443, ""9"": 4410.209000159683, ""10"": 4450.459125311325, ""11"": 4469.524835002844, ""12"": 4523.265675896578, ""13"": 4549.3578374945055, ""14"": 4610.748663413919, ""15"": 4638.276425485098}",2.9297943115234375
mueller_brown,subsample,tica,2000,10,1,18,3,3,0.031,4,0.22185201639199012,0.4262861928013798,0,10,0.0884653417156583,0.27122391119725364,0,2,0.9503802298962003,0.8331547540665414,0,2,0.9503802298962003,0.8331547540665414,0,2,0.9503802298962003,0.8331547540665414,0,0.22950601918076724,0.4086853205654313,0.686,"{""1"": 11375.27597419616, ""2"": 4934.047384180799, ""3"": 4944.0689354766355, ""4"": 4911.174314486687, ""5"": 4937.656870206072, ""6"": 4942.384140775381, ""7"": 4966.346565196549, ""8"": 4992.309376354531, ""9"": 5022.816986850231, ""10"": 5052.314601287629, ""11"": 5089.610096763708, ""12"": 5123.567712654303, ""13"": 5164.831630623789, ""14"": 5192.188720243143, ""15"": 5221.255579008087}",2.3008482456207275
mueller_brown,subsample,tica,2000,10,1,19,3,3,0.061,4,0.38517316600264706,0.556032421221029,0,9,0.18836183602173046,0.41956160539891807,0,3,0.9389142324269755,0.8123820476939422,0,2,0.9288918621296568,0.8088000696055978,0,2,0.9288918621296568,0.8088000696055978,0,0.9389142324269755,0.8123820476939422,0.598,"{""1"": 11376.77966588972, ""2"": 5806.398094890897, ""3"": 5599.597480483951, ""4"": 5519.385336680361, ""5"": 5532.349843845059, ""6"": 5574.547477380708, ""7"": 5625.701769094012, ""8"": 5654.364703301725, ""9"": 5644.314669448553, ""10"": 5685.675606893273, ""11"": 5729.139841906522, ""12"": 5768.972006279051, ""13"": 5795.568013156835, ""14"": 5821.7283842636225, ""15"": 5849.596040396076}",2.791116714477539
mueller_brown,subsample,tica,4000,10,1,0,3,3,0.0895,8,0.3889389916115386,0.5406208591812739,0,8,0.3889389916115386,0.5406208591812739,0,3,0.9140471283578392,0.8136975703179133,0,2,0.9169167311997927,0.8465766344807857,0,2,0.9169167311997927,0.8465766344807857,0,0.9140471283578392,0.8136975703179133,0.6485,"{""1"": 22743.05969193976, ""2"": 9277.871588223627, ""3"": 7478.218853839102, ""4"": 7341.964376752621, ""5"": 7198.342335069786, ""6"": 7202.218002591051, ""7"": 7150.864840200687, ""8"": 7127.452679199114, ""9"": 7206.906491473335, ""10"": 7274.056212510552, ""11"": 7332.285621761979, ""12"": 7337.917673381271, ""13"": 7388.127307337286, ""14"": 7395.060538003806, ""15"": 7439.644731995096}",7.140294075012207
mueller_brown,subsample,tica,4000,10,1,1,3,3,0.07975,6,0.5305495851870937,0.6325244040518229,0,8,0.2861291266224351,0.5275206218631283,0,3,0.8698993826377407,0.7767681262808944,0,2,0.9255876001907241,0.8374410510084849,0,2,0.9255876001907241,0.8374410510084849,0,0.8698993826377407,0.7767681262808944,0.4165,"{""1"": 22733.110517834382, ""2"": 9093.590450392761, ""3"": 7693.0484682709575, ""4"": 7100.993969300706, ""5"": 7091.257064163527, ""6"": 7039.364820999912, ""7"": 7084.742905740089, ""8"": 7064.025606103176, ""9"": 7110.164131916064, ""10"": 7148.952184139182, ""11"": 7227.509044642895, ""12"": 7246.705647167093, ""13"": 7275.9167664840115, ""14"": 7327.473770378999, ""15"": 7350.149980513574}",6.625568628311157
mueller_brown,subsample,tica,4000,10,1,2,3,3,0.09675,5,0.6661359717193124,0.6432763986027807,0,9,0.2515783806804862,0.48860292312529086,0,3,0.8495371834940699,0.7469910884187291,0,2,0.9077328951649442,0.8282954248747062,0,2,0.9077328951649442,0.8282954248747062,0,0.8495371834940699,0.7469910884187291,0.257,"{""1"": 22731.597198344472, ""2"": 8765.353901973866, ""3"": 6164.603664102143, ""4"": 5818.8948679946325, ""5"": 5666.638769525973, ""6"": 5692.691544666542, ""7"": 5742.190579409402, ""8"": 5760.534115091069, ""9"": 5710.365911376366, ""10"": 5764.427729551212, ""11"": 5791.054390164386, ""12"": 5860.553031544343, ""13"": 5874.146411180033, ""14"": 5949.977745717548, ""15"": 5959.202917333055}",5.875558137893677
mueller_brown,subsample,tica,4000,10,1,3,3,3,0.068,5,0.6203694225826379,0.6405900541534779,0,11,0.23815339392585322,0.4360687835611663,0,3,0.9152215030891332,0.8048730992894688,0,2,0.9469386790805584,0.8646100915824437,0,2,0.9469386790805584,0.8646100915824437,0,0.9152215030891332,0.8048730992894688,0.2839999999999999,"{""1"": 22729.19419746479, ""2"": 7933.518597294075, ""3"": 6515.961762352405, ""4"": 6251.921224061436, ""5"": 6078.530074572425, ""6"": 6126.421564803398, ""7"": 6191.719268377163, ""8"": 6151.332002459303, ""9"": 6203.621632197825, ""10"": 6248.393522577347, ""11"": 6196.6557510095, ""12"": 6247.20525989108, ""13"": 6284.482956561315, ""14"": 6362.462828821712, ""15"": 6385.6502235530015}",7.0273520946502686
mueller_brown,subsample,tica,4000,10,1,4,3,3,0.0815,8,0.35232963144353935,0.5566349672128009,0,13,0.18273507567610087,0.4423727050977315,0,3,0.8705339282459373,0.7559327303292996,0,2,0.9416838828346797,0.8440158163557373,0,2,0.9416838828346797,0.8440158163557373,0,0.8705339282459373,0.7559327303292996,0.8405000000000001,"{""1"": 22753.736075798523, ""2"": 8807.243225384964, ""3"": 3704.458574357198, ""4"": 3370.3096710071522, ""5"": 3181.3220210839268, ""6"": 3190.062523457617, ""7"": 3110.9856551805888, ""8"": 3073.3120869836475, ""9"": 3106.055387834538, ""10"": 3125.0910566028388, ""11"": 3156.5533012243086, ""12"": 3166.7279600650013, ""13"": 3192.2689059929585, ""14"": 3250.7667151815867, ""15"": 3275.887576373392}",6.108981370925903
mueller_brown,subsample,tica,4000,10,1,5,3,3,0.0865,6,0.42470618306839,0.5998049478972908,0,13,0.15738708111693162,0.43348997639891945,0,3,0.9053053821847487,0.7966463704013571,0,2,0.9115090462837713,0.8082365585435114,0,3,0.9053053821847487,0.7966463704013571,0,0.9053053821847487,0.7966463704013571,0.6334999999999998,"{""1"": 22764.455417303798, ""2"": 6670.485419691382, ""3"": 5140.821586040689, ""4"": 4996.798214771137, ""5"": 4957.030196182933, ""6"": 4913.31447794498, ""7"": 4955.380757749588, ""8"": 4933.3623101022795, ""9"": 4990.971644213335, ""10"": 4978.443130744794, ""11"": 5001.526349812146, ""12"": 5037.448565735289, ""13"": 5043.046367147476, ""14"": 5089.848881655175, ""15"": 5126.5070792051365}",5.344823360443115
mueller_brown,subsample,tica,4000,10,1,6,3,3,0.06125,6,0.4346232251105505,0.5604562226885375,0,12,0.17453035471352596,0.39811262863734087,0,3,0.9071233111433262,0.793887371680487,0,3,0.9071233111433262,0.793887371680487,0,2,0.9388401611570049,0.8356673920292644,0,0.9071233111433262,0.793887371680487,0.502,"{""1"": 22783.187475047573, ""2"": 5586.345432786916, ""3"": 3234.286795923087, ""4"": 3207.9349128244007, ""5"": 3220.6182093715584, ""6"": 3048.1365297523475, ""7"": 3076.956617260936, ""8"": 3080.6154183296876, ""9"": 3118.1750716090423, ""10"": 3128.9207449652176, ""11"": 3176.994878915809, ""12"": 3200.961393350373, ""13"": 3266.7713201147467, ""14"": 3298.690799278077, ""15"": 3323.280901697173}",5.3291075229644775
mueller_brown,subsample,tica,4000,10,1,7,3,3,0.08475,4,0.7809655029643329,0.7387101553898686,0,14,0.15943881500042556,0.41390789881464907,0,3,0.863322125487097,0.7667533156441869,0,2,0.9292115950148899,0.8534802693791018,0,2,0.9292115950148899,0.8534802693791018,0,0.863322125487097,0.7667533156441869,0.175,"{""1"": 22751.25909959898, ""2"": 10219.525739111346, ""3"": 8000.401273041247, ""4"": 7722.429136090722, ""5"": 7739.642936828314, ""6"": 7825.719953448751, ""7"": 7840.110603462216, ""8"": 7863.845143015047, ""9"": 7935.296421143244, ""10"": 7985.948970483652, ""11"": 7914.746963492629, ""12"": 7994.079768372183, ""13"": 7981.407573805558, ""14"": 8003.661270453729, ""15"": 8041.740600489874}",6.117485046386719
mueller_brown,subsample,tica,4000,10,1,8,3,3,0.06425,6,0.6101718880325796,0.6714069358076716,0,11,0.2612455510083404,0.48352361198357663,0,3,0.9322680074372591,0.8410395394838475,0,3,0.9322680074372591,0.8410395394838475,0,2,0.9267357621487987,0.8215720333926778,0,0.9322680074372591,0.8410395394838475,0.2865000000000001,"{""1"": 22775.59403786434, ""2"": 5759.668615497935, ""3"": 3816.0670166675786, ""4"": 3513.3725417217515, ""5"": 3340.360732022404, ""6"": 3274.1004076411305, ""7"": 3281.3441597458263, ""8"": 3299.3772074579547, ""9"": 3343.8194453428137, ""10"": 3344.7602853544076, ""11"": 3356.8812857057974, ""12"": 3409.6780892821903, ""13"": 3443.849905160893, ""14"": 3494.790769768955, ""15"": 3529.1894867724395}",6.0328521728515625
mueller_brown,subsample,tica,4000,10,1,9,3,3,0.09475,7,0.5958654181194091,0.6618874278073067,0,14,0.1945788800914778,0.45920779852184257,0,3,0.8766291808297213,0.7700497862292444,0,2,0.9162725149728161,0.8297187885127794,0,3,0.8766291808297213,0.7700497862292444,0,0.8766291808297213,0.7700497862292444,0.3385,"{""1"": 22760.679375235097, ""2"": 7239.727979444166, ""3"": 5104.627381488308, ""4"": 4636.702463030037, ""5"": 4563.799105043529, ""6"": 4313.453774053961, ""7"": 4296.248697647257, ""8"": 4310.425488345118, ""9"": 4363.113834001853, ""10"": 4367.602055275829, ""11"": 4414.811449000073, ""12"": 4434.536211430293, ""13"": 4488.051545819966, ""14"": 4506.687621948992, ""15"": 4582.404103221859}",6.076449155807495
mueller_brown,subsample,tica,4000,10,1,10,3,3,0.08825,6,0.764118179995957,0.7252454658602514,0,13,0.16472209599783746,0.45061930403367334,0,4,0.8357145277809432,0.8078707160666135,0,2,0.9219475664910564,0.8467090390460186,0,2,0.9219475664910564,0.8467090390460186,0,0.8032435159770409,0.7488143969810929,0.2614999999999999,"{""1"": 22749.31391641323, ""2"": 11007.029154907645, ""3"": 9417.551813466747, ""4"": 8238.517074849267, ""5"": 8239.101108027942, ""6"": 8190.589295646217, ""7"": 8197.518556920248, ""8"": 8244.364516169459, ""9"": 8290.144798953601, ""10"": 8329.647648853957, ""11"": 8347.418153701874, ""12"": 8397.304599988795, ""13"": 8419.499630738084, ""14"": 8460.155893725316, ""15"": 8503.159037423738}",6.178727149963379
mueller_brown,subsample,tica,4000,10,1,11,3,3,0.07575,6,0.3385413680080756,0.5323760175509294,0,10,0.1743787840216245,0.4342440523458244,0,3,0.9012563882809586,0.7799827849872496,0,2,0.91888545121801,0.8183928028418533,0,2,0.91888545121801,0.8183928028418533,0,0.9012563882809586,0.7799827849872496,0.6759999999999999,"{""1"": 22736.560048395688, ""2"": 9660.642262946525, ""3"": 7991.868564885987, ""4"": 7764.425771408713, ""5"": 7794.672123787289, ""6"": 7696.835683833052, ""7"": 7743.5517118875205, ""8"": 7761.634331646554, ""9"": 7805.261235964288, ""10"": 7818.188870706861, ""11"": 7901.314188514532, ""12"": 7899.025206307921, ""13"": 7960.909655643389, ""14"": 7992.379319136972, ""15"": 8053.664860614983}",6.374662160873413
mueller_brown,subsample,tica,4000,10,1,12,3,3,0.06475,6,0.4078495127910134,0.597949525845844,0,15,0.13423515435862446,0.3963470623168229,1,3,0.9408356389571092,0.8677843322399785,0,2,0.9191270952168562,0.8032487829877641,0,2,0.9191270952168562,0.8032487829877641,0,0.9408356389571092,0.8677843322399785,0.5895,"{""1"": 22729.99283782515, ""2"": 7055.55958595402, ""3"": 5819.774326850949, ""4"": 5645.779908218283, ""5"": 5423.374855746237, ""6"": 5412.409763709848, ""7"": 5486.155260525814, ""8"": 5456.84690491476, ""9"": 5457.190609679188, ""10"": 5490.887843605285, ""11"": 5501.358368148267, ""12"": 5549.182500021965, ""13"": 5596.628352834496, ""14"": 5627.710246759136, ""15"": 5644.547208250731}",6.000088214874268
mueller_brown,subsample,tica,4000,10,1,13,3,3,0.06175,8,0.1805258637710858,0.42720476526052925,0,11,0.1310699786154228,0.3871368598608225,0,3,0.9185480277563283,0.8121421545873664,0,2,0.9267808331837752,0.8107381826612972,0,2,0.9267808331837752,0.8107381826612972,0,0.9185480277563283,0.8121421545873664,1.06,"{""1"": 22747.048070607256, ""2"": 9989.889834000647, ""3"": 9053.264871527932, ""4"": 9089.588281185725, ""5"": 8908.874782863428, ""6"": 8931.482733373745, ""7"": 8971.727345829802, ""8"": 8900.984851292438, ""9"": 8919.652369597643, ""10"": 8960.900278478231, ""11"": 8972.7027220458, ""12"": 9051.175961451716, ""13"": 9077.279070917193, ""14"": 9098.975986669853, ""15"": 9134.192329181018}",6.298577785491943
mueller_brown,subsample,tica,4000,10,1,14,3,3,0.06475,7,0.5288725195536489,0.6288126942892827,0,9,0.36907090871717346,0.5437970957962442,0,3,0.9272177083010749,0.8366450065320945,0,2,0.9321298840400862,0.8348249473986251,0,2,0.9321298840400862,0.8348249473986251,0,0.9272177083010749,0.8366450065320945,0.387,"{""1"": 22767.513080210894, ""2"": 6404.624371928383, ""3"": 5007.334949792302, ""4"": 4791.724653018603, ""5"": 4698.0149917420495, ""6"": 4544.019383509582, ""7"": 4540.4208005037435, ""8"": 4624.959664165368, ""9"": 4609.251365459637, ""10"": 4663.68238015416, ""11"": 4719.776883026823, ""12"": 4741.6212249993805, ""13"": 4804.315468855532, ""14"": 4824.067512315275, ""15"": 4896.300546796311}",6.136096715927124
mueller_brown,subsample,tica,4000,10,1,15,3,3,0.0635,6,0.2593646935563912,0.4529518988606372,0,12,0.1084123846503772,0.33752092169586423,0,3,0.8877157321948905,0.7641718247924063,0,2,0.8792417600591086,0.741351927589375,0,2,0.8792417600591086,0.741351927589375,0,0.8877157321948905,0.7641718247924063,0.7715,"{""1"": 22776.730169135535, ""2"": 8479.383057266758, ""3"": 7937.26288568156, ""4"": 7753.076902556309, ""5"": 7927.181138544034, ""6"": 7695.125170830788, ""7"": 7734.010423654711, ""8"": 7836.642672387997, ""9"": 7850.470581516936, ""10"": 7968.470003796865, ""11"": 7835.480143816579, ""12"": 7823.0316053515235, ""13"": 7888.179762655993, ""14"": 7922.03398455876, ""15"": 7975.660608902062}",6.383064031600952
mueller_brown,subsample,tica,4000,10,1,16,3,3,0.0645,9,0.21601556450562107,0.4672929035165942,0,11,0.21259904197905877,0.45010546508831495,0,4,0.9060636664455692,0.7890412747209264,0,2,0.9241745345200301,0.8183254644021548,0,3,0.9030777621464147,0.7947154766085648,0,0.9030777621464147,0.7947154766085648,0.987,"{""1"": 22751.48466535334, ""2"": 6595.233864161023, ""3"": 4984.701972433525, ""4"": 4744.054578608196, ""5"": 4763.391836778585, ""6"": 4611.401102143919, ""7"": 4444.752362606072, ""8"": 4445.501286558901, ""9"": 4423.480392283674, ""10"": 4463.9410029999135, ""11"": 4492.732158915359, ""12"": 4570.549407120887, ""13"": 4584.05235409167, ""14"": 4646.744971030898, ""15"": 4693.513516860868}",7.046936988830566
mueller_brown,subsample,tica,4000,10,1,17,3,3,0.071,7,0.36261959870303234,0.5636978167678998,0,13,0.19195982388687408,0.4572776711642631,0,3,0.9166704435582496,0.8528289156159777,0,2,0.8845978260497261,0.769859123144987,0,2,0.8845978260497261,0.769859123144987,0,0.9166704435582496,0.8528289156159777,0.6490000000000001,"{""1"": 22739.70887923285, ""2"": 7913.9514520922685, ""3"": 6563.0460921333015, ""4"": 6323.312300474691, ""5"": 6338.059592757698, ""6"": 6344.339341666647, ""7"": 6291.199489094753, ""8"": 6291.965624366218, ""9"": 6316.44600308153, ""10"": 6348.7734887791075, ""11"": 6394.909484126133, ""12"": 6421.169878968511, ""13"": 6448.555386238062, ""14"": 6488.360898143675, ""15"": 6525.290827905196}",6.152122497558594
mueller_brown,subsample,tica,4000,10,1,18,3,3,0.03175,4,0.9238649609965148,0.8008117137598705,0,15,0.05577664830747405,0.23681734123131648,1,3,0.92936557038488,0.8177284870070886,0,2,0.9415926994335015,0.8189904609799026,0,2,0.9415926994335015,0.8189904609799026,0,0.92936557038488,0.8177284870070886,0.04650000000000004,"{""1"": 22729.390344631745, ""2"": 6276.766564282426, ""3"": 6099.2163657223555, ""4"": 5991.769352820546, ""5"": 6028.422034215184, ""6"": 6024.832713166976, ""7"": 6094.293495660716, ""8"": 6134.933215139033, ""9"": 6174.28706556509, ""10"": 6223.617551074723, ""11"": 6271.414926958654, ""12"": 6295.35636532219, ""13"": 6215.135283219413, ""14"": 6247.156577491492, ""15"": 6284.807079829447}",5.386253595352173
mueller_brown,subsample,tica,4000,10,1,19,3,3,0.06275,8,0.26120068036081934,0.4834163833551585,0,15,0.12935408130287876,0.37999134226412806,1,3,0.8590123348447709,0.7647643960778784,0,3,0.8590123348447709,0.7647643960778784,0,3,0.8590123348447709,0.7647643960778784,0,0.8590123348447709,0.7647643960778784,0.9005000000000001,"{""1"": 22730.554146641116, ""2"": 5857.5168577973955, ""3"": 4442.872505682914, ""4"": 4331.078122828551, ""5"": 4008.6823789677114, ""6"": 3932.365635545238, ""7"": 3943.0503417886457, ""8"": 3929.6936340419456, ""9"": 3937.4322277213687, ""10"": 3978.729989060984, ""11"": 4004.0952787697533, ""12"": 4036.1654948565556, ""13"": 4074.1046984392265, ""14"": 4123.81306427626, ""15"": 4139.278040603141}",6.0469348430633545
mueller_brown,subsample,tica,8000,10,1,0,3,3,0.093,9,0.4398230640581828,0.5817866529725396,0,13,0.22245082742864522,0.4913152572831097,0,4,0.906089552142035,0.8078753550553084,0,3,0.912113492460266,0.819325389828719,0,3,0.912113492460266,0.819325389828719,0,0.912113492460266,0.819325389828719,0.5572499999999998,"{""1"": 45435.93442328023, ""2"": 12328.926372102524, ""3"": 6695.09475455921, ""4"": 5513.265723456586, ""5"": 4927.850583952625, ""6"": 4955.722414263431, ""7"": 4939.900782687219, ""8"": 4959.297699293483, ""9"": 4839.614207986697, ""10"": 4896.871113062217, ""11"": 4976.277026574253, ""12"": 5020.2322070880155, ""13"": 5005.64893662924, ""14"": 5054.300054990054, ""15"": 5136.059492148823}",14.72534966468811
mueller_brown,subsample,tica,8000,10,1,1,3,3,0.0835,10,0.3807234735294248,0.5692634819716185,0,15,0.2382647948477391,0.49128424961206374,1,4,0.8820231035874212,0.7865799101716736,0,3,0.9147868230657479,0.8400785836394609,0,3,0.9147868230657479,0.8400785836394609,0,0.9147868230657479,0.8400785836394609,0.71,"{""1"": 45434.908256607894, ""2"": 4274.224808659962, ""3"": -418.09465656590305, ""4"": -2093.8062365066626, ""5"": -2711.0133700873066, ""6"": -2916.2183225208237, ""7"": -2887.4844992488197, ""8"": -2993.122409931849, ""9"": -3008.8458474753616, ""10"": -3084.2070900892863, ""11"": -2934.5630304411966, ""12"": -2936.487477231314, ""13"": -2926.8424551437556, ""14"": -2822.9177103657476, ""15"": -2945.266090236246}",13.722667217254639
mueller_brown,subsample,tica,8000,10,1,2,3,3,0.098375,9,0.6693291710660256,0.6657790378131583,0,15,0.22272201675537656,0.4946691627092297,1,5,0.8041081098385303,0.7562987599809541,0,2,0.9253939791433401,0.860655416130442,0,3,0.8567607877646352,0.7592060672655324,0,0.8567607877646352,0.7592060672655324,0.45574999999999993,"{""1"": 45435.33534565822, ""2"": 4335.689035756539, ""3"": -1787.9565595451145, ""4"": -3093.889736944029, ""5"": -3991.517814981179, ""6"": -4323.372137604531, ""7"": -4425.6039158996555, ""8"": -4549.898802209463, ""9"": -4583.086372439294, ""10"": -4533.79128135798, ""11"": -4485.187199473306, ""12"": -4463.028055297963, ""13"": -4432.1060780136095, ""14"": -4392.506158822197, ""15"": -4393.7647650993185}",14.250731229782104
mueller_brown,subsample,tica,8000,10,1,3,3,3,0.067625,10,0.23021407032024413,0.4848739971977588,0,15,0.1642986212098529,0.4286226684471914,1,3,0.9160172316982088,0.8137306962220814,0,3,0.9160172316982088,0.8137306962220814,0,3,0.9160172316982088,0.8137306962220814,0,0.9160172316982088,0.8137306962220814,1.0102499999999999,"{""1"": 45438.32443202359, ""2"": 10780.771595918188, ""3"": 5796.89162380448, ""4"": 4982.009329496544, ""5"": 4649.814722549344, ""6"": 4605.691566585244, ""7"": 4497.037224773075, ""8"": 4475.549665110235, ""9"": 4479.658711644576, ""10"": 4456.37738219581, ""11"": 4516.834060981827, ""12"": 4491.108765326364, ""13"": 4547.5327234160695, ""14"": 4560.489698740078, ""15"": 4594.302559638974}",13.814087867736816
mueller_brown,subsample,tica,8000,10,1,4,3,3,0.08225,8,0.35102807994821555,0.5554835924569695,0,11,0.23126023595821446,0.4803283697563128,0,4,0.9209354532290228,0.8331147420096704,0,3,0.9125397766350015,0.7971329691384231,0,3,0.9125397766350015,0.7971329691384231,0,0.9125397766350015,0.7971329691384231,0.71675,"{""1"": 45471.17688402358, ""2"": 8109.978183737098, ""3"": 4178.785537611875, ""4"": 3344.2183207034045, ""5"": 2909.7609549005538, ""6"": 2835.817003132559, ""7"": 2658.08526173559, ""8"": 2657.4571023049953, ""9"": 2718.980238002724, ""10"": 2733.748616512722, ""11"": 2744.4479761943753, ""12"": 2826.738179840291, ""13"": 2853.6621161289804, ""14"": 2927.747242180598, ""15"": 2982.1070611058867}",13.77616000175476
mueller_brown,subsample,tica,8000,10,1,5,3,3,0.087125,11,0.3450060797021756,0.553118130434168,0,13,0.343097360478263,0.5464433458201738,0,4,0.9011811030758019,0.7862416504717641,0,3,0.9088246673667026,0.8040606353490578,0,3,0.9088246673667026,0.8040606353490578,0,0.9088246673667026,0.8040606353490578,0.8592499999999998,"{""1"": 45464.929300003925, ""2"": -2565.510483748494, ""3"": -8078.389591478845, ""4"": -9616.508480292525, ""5"": -10406.727408819092, ""6"": -10645.752109068706, ""7"": -10802.726153824418, ""8"": -10874.676965421873, ""9"": -11075.217351565783, ""10"": -11043.203475597957, ""11"": -11075.644494481203, ""12"": -11024.113677928286, ""13"": -11010.190346193387, ""14"": -10958.049946209605, ""15"": -10901.402083419925}",14.521357536315918
mueller_brown,subsample,tica,8000,10,1,6,3,3,0.060875,7,0.3394726752302354,0.5079487755532586,0,11,0.31294301016381965,0.4762342422362307,0,3,0.91488524855727,0.7994843025033369,0,2,0.9360978047782919,0.8311153571972917,0,2,0.9360978047782919,0.8311153571972917,0,0.91488524855727,0.7994843025033369,0.6542500000000001,"{""1"": 45487.27944925923, ""2"": 7851.40838109003, ""3"": 3914.499724144276, ""4"": 3454.8145657953264, ""5"": 3292.6731016321455, ""6"": 2918.9192476159574, ""7"": 2907.8224679813784, ""8"": 2931.3810780055596, ""9"": 2962.034256944421, ""10"": 3014.5774691649603, ""11"": 2931.0665381027256, ""12"": 2998.226351723053, ""13"": 3021.3231068222085, ""14"": 3068.3406545774315, ""15"": 3160.8661586488224}",14.716439723968506
mueller_brown,subsample,tica,8000,10,1,7,3,3,0.086125,12,0.3280639330250889,0.529935103011697,0,12,0.3280639330250889,0.529935103011697,0,3,0.874408311902438,0.7742323784536045,0,2,0.9309704182048427,0.8569306672606511,0,3,0.874408311902438,0.7742323784536045,0,0.874408311902438,0.7742323784536045,0.69425,"{""1"": 45467.329285544736, ""2"": 8383.51114670186, ""3"": 1998.956961030759, ""4"": 1413.8750858518295, ""5"": 971.3285286094315, ""6"": 740.5417428555174, ""7"": 695.7197988535288, ""8"": 607.8452048341688, ""9"": 594.3324737661744, ""10"": 554.8416131495284, ""11"": 530.4520964354524, ""12"": 505.50453932439075, ""13"": 607.5835113512118, ""14"": 592.8651879065999, ""15"": 726.6075371031772}",14.120318174362183
mueller_brown,subsample,tica,8000,10,1,8,3,3,0.064,7,0.8458040506775998,0.7601137760129186,0,15,0.3071736863905961,0.4953562085580889,1,4,0.9203656511537072,0.8019215144423679,0,3,0.9444267567639736,0.8679227810824806,0,3,0.9444267567639736,0.8679227810824806,0,0.9444267567639736,0.8679227810824806,0.223,"{""1"": 45504.80434049118, ""2"": -4111.312162786535, ""3"": -8572.521596457202, ""4"": -9572.504942627247, ""5"": -10078.341568767179, ""6"": -10341.874878242978, ""7"": -10342.281657947176, ""8"": -10329.893223743133, ""9"": -10305.399070201127, ""10"": -10277.901676538724, ""11"": -10240.4167424923, ""12"": -10238.148673001528, ""13"": -10221.454199350705, ""14"": -10194.719337398743, ""15"": -10159.66376346903}",15.459107875823975
mueller_brown,subsample,tica,8000,10,1,9,3,3,0.09325,12,0.3033301587295295,0.5229542992498084,0,15,0.29301247881193426,0.5091628419669604,1,4,0.878122347770474,0.7885535250619209,0,3,0.8968173568665102,0.818500198041745,0,3,0.8968173568665102,0.818500198041745,0,0.8968173568665102,0.818500198041745,0.74675,"{""1"": 45460.737495516856, ""2"": 4878.583447674108, ""3"": -223.77727551597332, ""4"": -1945.4900454848855, ""5"": -2897.7350095670563, ""6"": -3184.6389995231602, ""7"": -3298.8559016429676, ""8"": -3301.8632953653887, ""9"": -3442.208982274811, ""10"": -3465.450717370757, ""11"": -3452.807000883672, ""12"": -3466.7652816571963, ""13"": -3427.486205255682, ""14"": -3396.942690862047, ""15"": -3358.131632230027}",14.206283569335938
mueller_brown,subsample,tica,8000,10,1,10,3,3,0.088875,7,0.7083164129901814,0.7003617510476627,0,14,0.2607664874588612,0.5003292896271713,0,5,0.8146214534110229,0.766089034743817,0,3,0.880337807293981,0.8023150328233154,0,3,0.880337807293981,0.8023150328233154,0,0.880337807293981,0.8023150328233154,0.327,"{""1"": 45456.545823467815, ""2"": 7212.833880865336, ""3"": -106.11395112850892, ""4"": -1959.3797174812437, ""5"": -2814.649220676668, ""6"": -3047.206689982462, ""7"": -3238.487001701915, ""8"": -3194.9290265670143, ""9"": -3238.033428917611, ""10"": -3204.4455838508684, ""11"": -3174.886070530092, ""12"": -3139.5916175876278, ""13"": -3093.8354451382393, ""14"": -3057.7981228240005, ""15"": -3003.5367884947927}",14.167378902435303
mueller_brown,subsample,tica,8000,10,1,11,3,3,0.074875,7,0.577124841259216,0.6433332848750407,0,14,0.1981141084761744,0.45260419000999397,0,3,0.8602912237832345,0.755532614295899,0,2,0.8628427026660386,0.745151143464477,0,3,0.8602912237832345,0.755532614295899,0,0.8602912237832345,0.755532614295899,0.34475000000000006,"{""1"": 45436.164345890065, ""2"": 11397.653801151058, ""3"": 6430.095869588919, ""4"": 5647.791940021743, ""5"": 5075.129105992162, ""6"": 4927.294444139822, ""7"": 4896.562765532286, ""8"": 4932.863834561316, ""9"": 4929.6758114210525, ""10"": 4967.7382086896605, ""11"": 5003.645593015692, ""12"": 5023.5020876596045, ""13"": 5101.038247200379, ""14"": 5107.111571139133, ""15"": 5180.943026329434}",14.273061513900757
mueller_brown,subsample,tica,8000,10,1,12,3,3,0.0635,7,0.5940493602105955,0.65309726189235,0,12,0.23462625760986905,0.4763255365854231,0,4,0.8985264318101512,0.8350757457987089,0,3,0.9147436706786355,0.8242188265473702,0,3,0.9147436706786355,0.8242188265473702,0,0.9147436706786355,0.8242188265473702,0.28950000000000004,"{""1"": 45437.191145160374, ""2"": 1630.9996975112272, ""3"": -2733.5961813226713, ""4"": -4068.879327506541, ""5"": -4609.993733730708, ""6"": -4796.841200940925, ""7"": -4807.653217103801, ""8"": -4782.830047318637, ""9"": -4792.031854933755, ""10"": -4755.975451038787, ""11"": -4709.938100919152, ""12"": -4685.3876584636155, ""13"": -4641.885078182029, ""14"": -4590.464655749927, ""15"": -4558.00907144631}",13.575693368911743
mueller_brown,subsample,tica,8000,10,1,13,3,3,0.063375,8,0.3174109587770382,0.5397506651794293,0,14,0.17048802138938782,0.42569683414103393,0,4,0.9013622744178872,0.80711880795934,0,3,0.9236873296171189,0.841368725107722,0,3,0.9236873296171189,0.841368725107722,0,0.9236873296171189,0.841368725107722,0.7942499999999999,"{""1"": 45433.6626499435, ""2"": 168.46097330711618, ""3"": -3851.6897516059535, ""4"": -5258.979387434826, ""5"": -5925.446233358639, ""6"": -6123.324527502112, ""7"": -6183.795049834395, ""8"": -6207.239433564981, ""9"": -6196.524327622763, ""10"": -6146.412164427907, ""11"": -6102.98942907747, ""12"": -6069.436745564063, ""13"": -6045.406888922497, ""14"": -6024.564480730765, ""15"": -5936.531954094055}",13.608891010284424
mueller_brown,subsample,tica,8000,10,1,14,3,3,0.0635,8,0.3632551861878831,0.5649050056927771,0,12,0.27802741511661316,0.5040280001404266,0,4,0.9261657698868428,0.8199436668700962,0,3,0.9449703253288644,0.8697717865897362,0,3,0.9449703253288644,0.8697717865897362,0,0.9449703253288644,0.8697717865897362,0.6752499999999999,"{""1"": 45465.09236625471, ""2"": 3523.5738676289566, ""3"": -1063.318990059108, ""4"": -2305.4265682709392, ""5"": -2601.6407557799794, ""6"": -2845.20408806889, ""7"": -2840.7913202702152, ""8"": -2891.987256713367, ""9"": -2833.112494379011, ""10"": -2852.371476235434, ""11"": -2837.777725986413, ""12"": -2860.255447168001, ""13"": -2778.374188617747, ""14"": -2747.5946242720374, ""15"": -2703.259183815525}",14.384246110916138
mueller_brown,subsample,tica,8000,10,1,15,3,3,0.061875,8,0.31633590576308607,0.5134234437366465,0,15,0.13834206438363528,0.380739854584714,1,3,0.8594730409496266,0.7425025248473659,0,2,0.8948959671356483,0.7610107600903752,0,3,0.8594730409496266,0.7425025248473659,0,0.8594730409496266,0.7425025248473659,0.742,"{""1"": 45487.641712026605, ""2"": -1415.338379005903, ""3"": -4844.933631439698, ""4"": -5695.835423109746, ""5"": -6102.424762247035, ""6"": -6253.878951044031, ""7"": -6342.89842396871, ""8"": -6403.3526726611135, ""9"": -6294.756290053614, ""10"": -6376.499776792156, ""11"": -6367.334749939809, ""12"": -6314.1765760148755, ""13"": -6268.2475250495545, ""14"": -6229.134798896878, ""15"": -6212.837700607396}",14.105825901031494
mueller_brown,subsample,tica,8000,10,1,16,3,3,0.062875,6,0.6260938945629572,0.680195935067922,0,15,0.14962082097421628,0.4159962598177702,1,4,0.9088746059396318,0.8199270091088396,0,3,0.9147254795970228,0.8231821400800121,0,3,0.9147254795970228,0.8231821400800121,0,0.9147254795970228,0.8231821400800121,0.28275,"{""1"": 45467.86608121289, ""2"": 6555.854682361814, ""3"": 1149.655507513451, ""4"": 210.36253493067946, ""5"": -528.4567227608877, ""6"": -785.3258502807328, ""7"": -783.5100705786673, ""8"": -646.9877009914823, ""9"": -695.4181776699565, ""10"": -646.3537126724469, ""11"": -607.5244473321418, ""12"": -558.6121198399696, ""13"": -532.9864141537123, ""14"": -484.7779945322445, ""15"": -450.8130699595471}",13.396404504776001
mueller_brown,subsample,tica,8000,10,1,17,3,3,0.070625,7,0.7940209025777673,0.7470538107122802,0,14,0.2753801996465033,0.5066816632036566,0,4,0.875749738829474,0.8308374876251059,0,3,0.9085610975126902,0.8431775272280594,0,3,0.9085610975126902,0.8431775272280594,0,0.9085610975126902,0.8431775272280594,0.2225,"{""1"": 45462.6930500893, ""2"": 2154.8213801625825, ""3"": -3114.698447087784, ""4"": -4742.544554885578, ""5"": -5718.583185579116, ""6"": -5758.3608037015265, ""7"": -6089.955057924436, ""8"": -6076.322108032603, ""9"": -6037.22505217329, ""10"": -6012.2042503348775, ""11"": -5995.2637696306165, ""12"": -5988.963440658455, ""13"": -5926.898329339033, ""14"": -5911.537984308296, ""15"": -5864.38236342102}",14.119691371917725
mueller_brown,subsample,tica,8000,10,1,18,3,3,0.031875,8,0.18360028110145307,0.37126451459307136,0,10,0.12042868958955336,0.32450524594227387,0,3,0.8904370313928895,0.8123886372994521,0,2,0.9101907840692732,0.7732470597778144,0,3,0.8904370313928895,0.8123886372994521,0,0.8904370313928895,0.8123886372994521,0.7015,"{""1"": 45431.88614165629, ""2"": 3656.6743544370556, ""3"": 2557.2638640969617, ""4"": 2049.2065851954594, ""5"": 1918.5192442628947, ""6"": 1829.5674778959183, ""7"": 1813.2780541294042, ""8"": 1790.44195633572, ""9"": 1807.2932643070835, ""10"": 1790.4545746725544, ""11"": 1870.964572941321, ""12"": 1881.6949554781404, ""13"": 1969.8382316091538, ""14"": 2032.869434185353, ""15"": 2068.256501286997}",13.829155921936035
mueller_brown,subsample,tica,8000,10,1,19,3,3,0.06225,9,0.32136560538315323,0.5217954456536608,0,12,0.2418414629584163,0.4649465623279032,0,5,0.7970579185613469,0.7528205383781881,0,3,0.8467542307044936,0.7491782274095409,0,3,0.8467542307044936,0.7491782274095409,0,0.8467542307044936,0.7491782274095409,0.753,"{""1"": 45434.269448586194, ""2"": -599.3200295170172, ""3"": -5046.97033719614, ""4"": -6079.109828168222, ""5"": -6664.865893968982, ""6"": -6758.879122438456, ""7"": -6891.191829200926, ""8"": -6968.573280961921, ""9"": -7075.34525688566, ""10"": -7041.8047120689325, ""11"": -7006.653258568368, ""12"": -6996.950131315404, ""13"": -6944.374125561904, ""14"": -6887.026415433856, ""15"": -6838.328184494123}",13.968080997467041
mueller_brown,subsample,tica,16000,10,1,0,3,3,0.0920625,12,0.39480145492786817,0.5875592829796851,0,15,0.3047556680811891,0.5400636438850372,1,4,0.882051541188805,0.7809938671775866,0,3,0.9533341549446042,0.9094792879370859,0,3,0.9533341549446042,0.9094792879370859,0,0.9533341549446042,0.9094792879370859,0.6365,"{""1"": 90844.71668155064, ""2"": -4421.858880928734, ""3"": -17302.77510746967, ""4"": -23034.617239608244, ""5"": -25836.71186327647, ""6"": -26822.68197994864, ""7"": -27497.916094890064, ""8"": -27860.51783278564, ""9"": -28216.882777075767, ""10"": -28278.25646692079, ""11"": -28287.123313146127, ""12"": -28309.74815115919, ""13"": -28274.096064453825, ""14"": -28251.7148310441, ""15"": -28244.537027995666}",53.24355745315552
mueller_brown,subsample,tica,16000,10,1,1,3,3,0.081,11,0.5399197784920364,0.6144195109089942,0,15,0.2679064121368519,0.49860171662592445,1,4,0.8427684719143514,0.7558598782251486,0,3,0.8784362190037623,0.8190358807911741,0,3,0.8784362190037623,0.8190358807911741,0,0.8784362190037623,0.8190358807911741,0.4074999999999999,"{""1"": 90844.12957499738, ""2"": -30.126088602561936, ""3"": -13373.014229821549, ""4"": -17759.70737139224, ""5"": -20477.5091858223, ""6"": -21408.515984961792, ""7"": -21983.64615544385, ""8"": -22422.850230282766, ""9"": -22852.83007642146, ""10"": -22967.224516722967, ""11"": -23075.255137206634, ""12"": -22939.805512615985, ""13"": -22960.170925230363, ""14"": -23050.3104951143, ""15"": -23009.18349001479}",54.82294702529907
mueller_brown,subsample,tica,16000,10,1,2,3,3,0.097625,11,0.43562897554491314,0.5956137711012328,0,13,0.3771903365599651,0.5684662179830966,0,5,0.794467215992756,0.7536835107044705,0,4,0.8545788408425856,0.7575480807664358,0,3,0.850524026421467,0.7543523664799652,0,0.850524026421467,0.7543523664799652,0.5595000000000001,"{""1"": 90844.86786446154, ""2"": -1145.8101794959607, ""3"": -16871.627291985555, ""4"": -20044.618752227467, ""5"": -22684.890823623577, ""6"": -23632.01756816547, ""7"": -24079.481116245686, ""8"": -24278.494906474232, ""9"": -24404.705529665927, ""10"": -24586.14376066559, ""11"": -24592.626815874493, ""12"": -24590.51778531657, ""13"": -24563.948246675798, ""14"": -24508.81290230078, ""15"": -24466.149061026776}",53.61255979537964
mueller_brown,subsample,tica,16000,10,1,3,3,3,0.06675,12,0.3216415181722159,0.5351842003437751,0,14,0.3125138904374528,0.5197502930469355,0,4,0.8919372737495269,0.7877991777357342,0,3,0.9278233615934658,0.8521817055626052,0,3,0.9278233615934658,0.8521817055626052,0,0.9278233615934658,0.8521817055626052,0.869,"{""1"": 90843.30086873467, ""2"": -6848.113781211662, ""3"": -18820.79408213708, ""4"": -22569.49526773887, ""5"": -24361.980729383977, ""6"": -24926.008478997097, ""7"": -25498.28608252344, ""8"": -25723.5928349707, ""9"": -25836.209550179577, ""10"": -25847.08433108177, ""11"": -25883.72597908759, ""12"": -25889.78164844773, ""13"": -25769.76945008717, ""14"": -25842.068254080354, ""15"": -25772.678746691734}",53.764631032943726
mueller_brown,subsample,tica,16000,10,1,4,3,3,0.082125,12,0.2822372653260961,0.5064142343893699,0,14,0.24424841268088118,0.47937049730405695,0,4,0.878862289976873,0.7814804963985972,0,4,0.878862289976873,0.7814804963985972,0,3,0.8750212965023312,0.7592575559416702,0,0.8750212965023312,0.7592575559416702,0.8531249999999999,"{""1"": 90889.37133465489, ""2"": -10778.203856727967, ""3"": -21452.330215258968, ""4"": -23831.804394917646, ""5"": -25902.444136747814, ""6"": -26534.28000971436, ""7"": -27119.035650165304, ""8"": -27340.139350644386, ""9"": -27531.118965972, ""10"": -27625.55913652223, ""11"": -27541.521650110197, ""12"": -27722.09720431483, ""13"": -27576.903002472664, ""14"": -27718.085881532592, ""15"": -27615.025350375538}",54.416181564331055
mueller_brown,subsample,tica,16000,10,1,5,3,3,0.0873125,11,0.4638406315973123,0.5886972270029198,0,15,0.2778730966539868,0.5058994218889531,1,4,0.8849898312573381,0.7719175204408943,0,4,0.8849898312573381,0.7719175204408943,0,3,0.8783771327614088,0.7664043398807252,0,0.8783771327614088,0.7664043398807252,0.5205,"{""1"": 90872.80156603837, ""2"": -13004.610345438874, ""3"": -26086.213705693, ""4"": -28735.39347485445, ""5"": -30803.147039110016, ""6"": -31804.066357239924, ""7"": -32097.11365003254, ""8"": -32188.20967875502, ""9"": -32248.2462683709, ""10"": -32341.702281169022, ""11"": -32420.306752820055, ""12"": -32418.08783686892, ""13"": -32415.62953768728, ""14"": -32396.77840203386, ""15"": -32388.509864458207}",54.614786863327026
mueller_brown,subsample,tica,16000,10,1,6,3,3,0.0615,11,0.4657661025236096,0.5598390217290785,0,15,0.2563273828712385,0.4713558000113177,1,4,0.8531234422683374,0.8012324143452179,0,3,0.8715157152696164,0.7673419468130048,0,3,0.8715157152696164,0.7673419468130048,0,0.8715157152696164,0.7673419468130048,0.456875,"{""1"": 90886.16921000437, ""2"": -10172.425538424672, ""3"": -21061.141807372493, ""4"": -23524.16667238552, ""5"": -24984.7988188483, ""6"": -25956.191184030424, ""7"": -26170.114119755326, ""8"": -26275.615463397604, ""9"": -26342.981721187483, ""10"": -26338.264990663283, ""11"": -26417.1219106901, ""12"": -26377.57579034725, ""13"": -26390.929295904956, ""14"": -26331.84275978597, ""15"": -26299.638612163642}",55.30521297454834
mueller_brown,subsample,tica,16000,10,1,7,3,3,0.0855625,10,0.6043121028581315,0.649735904812447,0,15,0.2958084793032735,0.5226869445917685,1,4,0.8526461762225455,0.7565485832837056,0,4,0.8526461762225455,0.7565485832837056,0,3,0.8457721160913303,0.7516800589384313,0,0.8457721160913303,0.7516800589384313,0.40675,"{""1"": 90872.38832683951, ""2"": -332.1293608501877, ""3"": -17091.529279818657, ""4"": -20041.540170966087, ""5"": -22038.927719206855, ""6"": -22987.53790954755, ""7"": -23471.527427083147, ""8"": -23805.178441954253, ""9"": -24092.525375425834, ""10"": -24132.9425927156, ""11"": -24105.042776917355, ""12"": -24086.722655411333, ""13"": -24043.727344421786, ""14"": -24026.9796542322, ""15"": -24017.719297692205}",53.7048065662384
mueller_brown,subsample,tica,16000,10,1,8,3,3,0.06375,13,0.3003377318024163,0.5240234584326213,0,15,0.22176801624484288,0.47288529062884194,1,4,0.891852799027361,0.7808715528770986,0,3,0.9421327922446067,0.886306322858107,0,3,0.9421327922446067,0.886306322858107,0,0.9421327922446067,0.886306322858107,0.8996250000000001,"{""1"": 90922.50197953045, ""2"": -15846.097157647702, ""3"": -26882.949789440507, ""4"": -31393.97171107424, ""5"": -33806.72895994935, ""6"": -34773.4650087506, ""7"": -35191.599271289546, ""8"": -35377.12352615167, ""9"": -35469.52193664208, ""10"": -35499.84707331358, ""11"": -35509.54814457272, ""12"": -35508.36193194644, ""13"": -35522.2420267635, ""14"": -35482.86303485716, ""15"": -35456.73982213382}",53.86822152137756
mueller_brown,subsample,tica,16000,10,1,9,3,3,0.09375,13,0.3002701085830564,0.5322609354273441,0,15,0.29371356893201844,0.5197162394199625,1,4,0.8759198126572619,0.7895898591194013,0,3,0.9319490172269398,0.8717152141091492,0,3,0.9319490172269398,0.8717152141091492,0,0.9319490172269398,0.8717152141091492,0.809125,"{""1"": 90868.93352836883, ""2"": -3894.290928138411, ""3"": -15919.818409844898, ""4"": -21833.751728724394, ""5"": -23831.979420239717, ""6"": -24887.508166952564, ""7"": -25204.705908108965, ""8"": -25462.808291115558, ""9"": -25801.68279505186, ""10"": -25910.37139497523, ""11"": -25962.784329420683, ""12"": -25967.558238926504, ""13"": -25985.348046974592, ""14"": -25953.07752006748, ""15"": -25925.833558171646}",55.348363399505615
mueller_brown,subsample,tica,16000,10,1,10,3,3,0.08825,11,0.38626866857301173,0.5686794858402322,0,13,0.42100092965141234,0.5645141511877956,0,5,0.7563483306764692,0.7422618763896139,0,3,0.810933110822549,0.7309664039587297,0,3,0.810933110822549,0.7309664039587297,0,0.810933110822549,0.7309664039587297,0.619,"{""1"": 90865.65038867379, ""2"": 7521.486137553736, ""3"": -10396.603616316117, ""4"": -13883.948823964123, ""5"": -16133.083041157512, ""6"": -16565.13790184751, ""7"": -17265.676666912303, ""8"": -17516.759862199047, ""9"": -17681.093611989287, ""10"": -17696.30588271984, ""11"": -17805.60104701863, ""12"": -17738.071210181133, ""13"": -17758.722269544007, ""14"": -17664.360439462827, ""15"": -17581.044847556153}",55.835986614227295
mueller_brown,subsample,tica,16000,10,1,11,3,3,0.0755625,10,0.45575432195161764,0.5894629922360188,0,14,0.2795013768150545,0.5084453686648611,0,5,0.7623069631348588,0.727575622011272,0,3,0.8486666808133294,0.7838526665523368,0,3,0.8486666808133294,0.7838526665523368,0,0.8486666808133294,0.7838526665523368,0.472875,"{""1"": 90843.83116793778, ""2"": 1026.514049060033, ""3"": -13009.637296577806, ""4"": -16806.9810150492, ""5"": -19459.175751305258, ""6"": -20502.586519706743, ""7"": -21026.688977266425, ""8"": -21244.828920277432, ""9"": -21376.4670848538, ""10"": -21475.134827510927, ""11"": -21457.118763285922, ""12"": -21445.404465242733, ""13"": -21413.111710974248, ""14"": -21369.91096609951, ""15"": -21270.266373117887}",53.861069202423096
mueller_brown,subsample,tica,16000,10,1,12,3,3,0.0659375,9,0.5711697516373777,0.6219410366073823,0,10,0.5727953726954995,0.6149296316258543,0,4,0.8660035077168569,0.7520787742316889,0,3,0.8846729842048896,0.7961153351797848,0,3,0.8846729842048896,0.7961153351797848,0,0.8846729842048896,0.7961153351797848,0.3192499999999999,"{""1"": 90846.2259515565, ""2"": -7079.334133698943, ""3"": -16504.044172322174, ""4"": -18710.23440111408, ""5"": -20884.495016131736, ""6"": -21571.38517754338, ""7"": -21798.340964494895, ""8"": -21839.115389782695, ""9"": -22043.16192899911, ""10"": -22032.961349667017, ""11"": -21927.876464420136, ""12"": -21909.801598335656, ""13"": -21877.789781759977, ""14"": -21834.339428163687, ""15"": -21785.82640892619}",54.791157960891724
mueller_brown,subsample,tica,16000,10,1,13,3,3,0.063875,15,0.19343472327805258,0.43787306093929484,1,15,0.19343472327805258,0.43787306093929484,1,6,0.6280364074504958,0.666539347909103,0,3,0.8946248344794016,0.8024710924097239,0,3,0.8946248344794016,0.8024710924097239,0,0.8946248344794016,0.8024710924097239,0.968125,"{""1"": 90842.72732184108, ""2"": -8249.43803373812, ""3"": -17177.97392270137, ""4"": -21291.93476157582, ""5"": -23316.480827732034, ""6"": -23801.33668031884, ""7"": -24278.206770611814, ""8"": -24577.092272796493, ""9"": -24651.085070769175, ""10"": -24702.89636383214, ""11"": -24718.257156730004, ""12"": -24728.36369597776, ""13"": -24705.702380179686, ""14"": -24706.23283738047, ""15"": -24802.558775852252}",53.10190987586975
mueller_brown,subsample,tica,16000,10,1,14,3,3,0.0635,11,0.6127343469024877,0.6393697950330935,0,15,0.25084575175474316,0.48675724601135884,1,4,0.8808893298595922,0.7708405851624842,0,3,0.8924309546604351,0.7953252425147324,0,3,0.8924309546604351,0.7953252425147324,0,0.8924309546604351,0.7953252425147324,0.3415,"{""1"": 90875.21285299482, ""2"": -10702.11934472839, ""3"": -23233.609046533787, ""4"": -26403.915572680187, ""5"": -28267.54472185069, ""6"": -28930.06483293359, ""7"": -29407.42703382004, ""8"": -29495.04236518807, ""9"": -29556.116606249878, ""10"": -29705.60383877311, ""11"": -29747.09716109454, ""12"": -29638.744951160235, ""13"": -29570.46887146881, ""14"": -29572.198622398137, ""15"": -29589.855407188887}",55.177926778793335
mueller_brown,subsample,tica,16000,10,1,15,3,3,0.0630625,12,0.3268700656184636,0.5001228385663079,0,12,0.3268700656184636,0.5001228385663079,0,3,0.8413218383987849,0.7279590453609023,0,2,0.8852292461281877,0.7487757122437375,0,3,0.8413218383987849,0.7279590453609023,0,0.8413218383987849,0.7279590453609023,0.6718750000000001,"{""1"": 90895.43608519749, ""2"": -14541.148748713678, ""3"": -22317.83657810485, ""4"": -25025.468185648042, ""5"": -26282.12299178249, ""6"": -26599.202269066616, ""7"": -26919.331392067823, ""8"": -27055.983372149232, ""9"": -27200.24768541261, ""10"": -27173.154152725463, ""11"": -27257.62334636184, ""12"": -27270.89707328677, ""13"": -27213.27851317153, ""14"": -27172.656590515464, ""15"": -27116.202696935947}",54.61744976043701
mueller_brown,subsample,tica,16000,10,1,16,3,3,0.0643125,10,0.4896609656831153,0.5909921986155222,0,14,0.31664209731627524,0.5132469055320029,0,3,0.8553186511842517,0.7555355485886142,0,3,0.8553186511842517,0.7555355485886142,0,3,0.8553186511842517,0.7555355485886142,0,0.8553186511842517,0.7555355485886142,0.41224999999999995,"{""1"": 90868.01010044763, ""2"": 5021.851451177986, ""3"": -7833.838247506883, ""4"": -10285.63432941096, ""5"": -12483.228220858919, ""6"": -13046.01197743726, ""7"": -13788.714281573279, ""8"": -13836.190194269684, ""9"": -14155.299619373902, ""10"": -14163.578417140538, ""11"": -14131.395886407005, ""12"": -14142.331142024705, ""13"": -14130.268446751834, ""14"": -14132.338716423621, ""15"": -14082.287600764974}",55.14821481704712
mueller_brown,subsample,tica,16000,10,1,17,3,3,0.070875,9,0.6609813374029416,0.6695948841763275,0,15,0.23868162893882458,0.48221828137963474,1,5,0.7895418120083638,0.7447059996525452,0,3,0.8863540934343114,0.8106490005679466,0,3,0.8863540934343114,0.8106490005679466,0,0.8863540934343114,0.8106490005679466,0.326875,"{""1"": 90866.99016526909, ""2"": -4707.684542370996, ""3"": -18076.58853610716, ""4"": -21768.785410480265, ""5"": -23985.93712982427, ""6"": -24831.03902145559, ""7"": -25191.03870027822, ""8"": -25441.743794381684, ""9"": -25529.13753559207, ""10"": -25491.325053482997, ""11"": -25484.68353174886, ""12"": -25497.708679749278, ""13"": -25429.942820586086, ""14"": -25429.085658255033, ""15"": -25386.975577371177}",53.80506443977356
mueller_brown,subsample,tica,16000,10,1,18,3,3,0.031625,9,0.16830038754194415,0.3754109612315468,0,13,0.13767670953170114,0.3342353282557164,0,3,0.8456015856176309,0.7510154943220907,0,2,0.8718094277358194,0.7238388260036022,0,3,0.8456015856176309,0.7510154943220907,0,0.8456015856176309,0.7510154943220907,0.8872500000000001,"{""1"": 90841.47956134661, ""2"": -12917.200311872997, ""3"": -16469.561665023844, ""4"": -19339.264641169702, ""5"": -20011.491731727303, ""6"": -20505.71730402084, ""7"": -20460.373585381272, ""8"": -20608.019062070383, ""9"": -20634.766975161114, ""10"": -20626.295278821486, ""11"": -20544.623483405354, ""12"": -20502.423789619053, ""13"": -20539.02963324078, ""14"": -20469.28219028053, ""15"": -20442.501644042688}",54.03547644615173
mueller_brown,subsample,tica,16000,10,1,19,3,3,0.062875,12,0.26185962898170373,0.47918452693576236,0,15,0.22638387311870775,0.44873564147761413,1,5,0.7626798152952524,0.7300643013962568,0,3,0.8270330587170595,0.7293482809653253,0,3,0.8270330587170595,0.7293482809653253,0,0.8270330587170595,0.7293482809653253,0.9056250000000001,"{""1"": 90843.6937812328, ""2"": -10903.011873287678, ""3"": -20876.47946171568, ""4"": -23316.425920687816, ""5"": -25160.462996746923, ""6"": -25733.806544438172, ""7"": -25856.50660309722, ""8"": -26194.868974548524, ""9"": -26276.1036888017, ""10"": -26280.117543740565, ""11"": -26214.848834672084, ""12"": -26321.13968927049, ""13"": -26276.645180255975, ""14"": -26227.33450539394, ""15"": -26262.918769187916}",53.95203709602356
mueller_brown,subsample,tica,32000,10,1,0,3,3,0.0914375,13,0.5640455678201372,0.6223966997643554,0,15,0.37190406230473394,0.5567668485968238,1,4,0.8779560712310926,0.7799122012546592,0,4,0.8779560712310926,0.7799122012546592,0,3,0.8804096078783494,0.784642999654059,0,0.8804096078783494,0.784642999654059,0.46281250000000007,"{""1"": 181660.09401744517, ""2"": -14133.659809111505, ""3"": -43902.65943203514, ""4"": -52354.17313654026, ""5"": -57720.92773016045, ""6"": -59687.18601903673, ""7"": -61242.644744850324, ""8"": -61767.8442856161, ""9"": -62621.700349558414, ""10"": -62774.12028002516, ""11"": -62794.47813064647, ""12"": -62834.06300096355, ""13"": -62898.00467899056, ""14"": -62866.74147892329, ""15"": -62875.1548250513}",152.80757927894592
mueller_brown,subsample,tica,32000,10,1,1,3,3,0.08178125,15,0.26897579368019436,0.5055938069400012,1,15,0.26897579368019436,0.5055938069400012,1,5,0.7422275258604926,0.711581452808549,0,4,0.8081025754231584,0.8189617861515943,0,3,0.8171874997583873,0.7293357389729879,0,0.8171874997583873,0.7293357389729879,0.836375,"{""1"": 181659.58811156027, ""2"": -3978.3794749496224, ""3"": -35635.830718678866, ""4"": -43144.88162352477, ""5"": -48674.13810456556, ""6"": -50822.94216416758, ""7"": -51917.21143728707, ""8"": -52761.49195672972, ""9"": -53129.21638293223, ""10"": -53339.08583450814, ""11"": -53509.727898744655, ""12"": -53664.11485192992, ""13"": -53579.90996977368, ""14"": -53607.38045543805, ""15"": -53753.29797464335}",152.2358477115631
mueller_brown,subsample,tica,32000,10,1,2,3,3,0.0976875,12,0.4808734193088691,0.6026814422634057,0,15,0.35690033549112493,0.550153351246801,1,6,0.7852499792023667,0.7574834162993966,0,4,0.8588457339040582,0.7576856575474891,0,3,0.8518270024997486,0.7550599171096403,0,0.8518270024997486,0.7550599171096403,0.48062499999999997,"{""1"": 181659.93372043187, ""2"": -12370.298239706342, ""3"": -45164.042190850225, ""4"": -52128.19791672667, ""5"": -57254.1797999469, ""6"": -58931.999109566765, ""7"": -60534.613857773125, ""8"": -60981.44503485354, ""9"": -61261.07254801338, ""10"": -61472.05627080178, ""11"": -61593.406666654926, ""12"": -61667.64034620169, ""13"": -61637.30138448843, ""14"": -61594.016082563416, ""15"": -61593.470801108226}",153.45045042037964
mueller_brown,subsample,tica,32000,10,1,3,3,3,0.066875,14,0.27005857782574527,0.5005387928319212,0,14,0.27005857782574527,0.5005387928319212,0,4,0.8839594727176094,0.7798848595816766,0,3,0.9253790517649101,0.8543333990868764,0,3,0.9253790517649101,0.8543333990868764,0,0.9253790517649101,0.8543333990868764,0.8515624999999999,"{""1"": 181659.14768444194, ""2"": -21074.45429058675, ""3"": -45601.02370181421, ""4"": -53358.68025098597, ""5"": -57899.7988634997, ""6"": -59279.359274540584, ""7"": -60518.65322867398, ""8"": -61270.52984435166, ""9"": -61626.02240769768, ""10"": -61519.214135699294, ""11"": -61600.470939978135, ""12"": -61646.73375526983, ""13"": -61739.11203098125, ""14"": -61766.40024498398, ""15"": -61665.70872272707}",152.55997395515442
mueller_brown,subsample,tica,32000,10,1,4,3,3,0.08184375,14,0.2881420364089995,0.5044139142161358,0,14,0.2881420364089995,0.5044139142161358,0,4,0.872304102805512,0.7616721441229677,0,2,0.9286440687740897,0.8251483257578585,0,3,0.8721436326471668,0.7568483483668343,0,0.8721436326471668,0.7568483483668343,0.8574999999999998,"{""1"": 181697.2757009547, ""2"": -31144.94947377143, ""3"": -53836.339727448176, ""4"": -58522.74552134286, ""5"": -62869.55091606076, ""6"": -64450.045678862436, ""7"": -65711.50267281067, ""8"": -66152.55843956636, ""9"": -66556.31219866627, ""10"": -66679.57839063313, ""11"": -66702.99866178195, ""12"": -66806.69832554698, ""13"": -66971.88960142416, ""14"": -67048.44991349016, ""15"": -66915.90505570461}",154.73752856254578
mueller_brown,subsample,tica,32000,10,1,5,3,3,0.08690625,15,0.3055345822932297,0.5256505564927336,1,15,0.3055345822932297,0.5256505564927336,1,4,0.8682249132437746,0.7584553226499966,0,4,0.8682249132437746,0.7584553226499966,0,3,0.8687339884947446,0.7591920803296128,0,0.8687339884947446,0.7591920803296128,0.8576875000000002,"{""1"": 181681.9714842841, ""2"": -24147.468958402224, ""3"": -50966.41425615521, ""4"": -58122.999594706525, ""5"": -63787.63002694601, ""6"": -66409.04838382393, ""7"": -67548.49559947691, ""8"": -68094.8664479089, ""9"": -68536.11067156789, ""10"": -68726.60495493122, ""11"": -68828.17975787255, ""12"": -68990.98175197047, ""13"": -69049.39883754174, ""14"": -69041.5189577024, ""15"": -69147.15512326728}",151.6501886844635
mueller_brown,subsample,tica,32000,10,1,6,3,3,0.06128125,11,0.47414887857431476,0.5718450349778655,0,14,0.26869411649186475,0.4808717746121202,0,4,0.8594200642185712,0.7745755275055785,0,3,0.8673882462582846,0.7638250712522084,0,3,0.8673882462582846,0.7638250712522084,0,0.8673882462582846,0.7638250712522084,0.41475,"{""1"": 181702.34482770893, ""2"": -24822.25500530971, ""3"": -47775.41182944427, ""4"": -52636.21115954321, ""5"": -56047.27660330461, ""6"": -58316.080792124056, ""7"": -59219.36395578224, ""8"": -59463.737203124496, ""9"": -59789.08853999993, ""10"": -59967.490034293485, ""11"": -60133.43392862552, ""12"": -60036.229060179576, ""13"": -60004.13913414201, ""14"": -60047.8217839197, ""15"": -59880.09233271558}",153.04429745674133
mueller_brown,subsample,tica,32000,10,1,7,3,3,0.08503125,14,0.32634786784755715,0.534661245226324,0,15,0.31867388983054057,0.525868351045465,1,5,0.7564556384999949,0.7326466481608667,0,4,0.8372398654149622,0.7475470670405011,0,3,0.8350976881589137,0.744245832802727,0,0.8350976881589137,0.744245832802727,0.7708125,"{""1"": 181688.56467093976, ""2"": -5345.3753376861005, ""3"": -40020.032021406725, ""4"": -46222.55630903435, ""5"": -51491.8478446513, ""6"": -53619.40833659996, ""7"": -55083.194847848026, ""8"": -55568.97396198488, ""9"": -56386.44240556517, ""10"": -56487.91023423009, ""11"": -56546.65039858259, ""12"": -56589.49852768582, ""13"": -56607.803238084176, ""14"": -56651.48289433781, ""15"": -56640.70795228562}",150.66056609153748
mueller_brown,subsample,tica,32000,10,1,8,3,3,0.06359375,15,0.2849971248424979,0.505173040819609,1,15,0.2849971248424979,0.505173040819609,1,4,0.8852779230599594,0.7750977189095922,0,3,0.9008936860565657,0.8018939052448457,0,3,0.9008936860565657,0.8018939052448457,0,0.9008936860565657,0.8018939052448457,0.9174374999999999,"{""1"": 181741.52729834107, ""2"": -34604.52460798159, ""3"": -59020.79589859265, ""4"": -65669.45490225198, ""5"": -70765.78155969216, ""6"": -72496.23972192626, ""7"": -74195.13783662715, ""8"": -74589.9215588394, ""9"": -75225.63159727586, ""10"": -75361.90137521637, ""11"": -75476.64497892736, ""12"": -75532.0309826662, ""13"": -75614.43671869133, ""14"": -75632.67733873281, ""15"": -75681.36802460099}",152.28903126716614
mueller_brown,subsample,tica,32000,10,1,9,3,3,0.09334375,14,0.3353182612731912,0.5443874370143995,0,15,0.2849927967803281,0.5186272259155084,1,4,0.8491514516871567,0.7637532276331994,0,3,0.8938049942030669,0.8181964054140347,0,3,0.8938049942030669,0.8181964054140347,0,0.8938049942030669,0.8181964054140347,0.7702500000000001,"{""1"": 181688.4410492516, ""2"": -14750.20463698707, ""3"": -41096.75882945977, ""4"": -52887.757282305574, ""5"": -58092.067405062495, ""6"": -60303.01055819332, ""7"": -61259.39633911761, ""8"": -61970.28924015609, ""9"": -62674.46246163331, ""10"": -62737.67155793616, ""11"": -63062.375687274696, ""12"": -63170.35264470481, ""13"": -63300.94022848738, ""14"": -63381.41506343748, ""15"": -63363.392149883344}",152.11658453941345
mueller_brown,subsample,tica,32000,10,1,10,3,3,0.08821875,14,0.47301240291593866,0.5785535549720315,0,14,0.47301240291593866,0.5785535549720315,0,6,0.7468556650735536,0.7425441172012098,0,4,0.819275157405402,0.7428902117834448,0,3,0.819376480617485,0.7362822248113738,0,0.819376480617485,0.7362822248113738,0.52325,"{""1"": 181681.22324456353, ""2"": 3230.3520618621355, ""3"": -33433.94611554524, ""4"": -41358.38346934019, ""5"": -46925.80365063262, ""6"": -48458.51484027064, ""7"": -50388.3771280385, ""8"": -51144.62666683198, ""9"": -51655.08154768617, ""10"": -51899.04497309415, ""11"": -52056.81589830983, ""12"": -52153.263136625814, ""13"": -52119.84773817008, ""14"": -52159.75749811851, ""15"": -52085.51731450872}",152.14028787612915
mueller_brown,subsample,tica,32000,10,1,11,3,3,0.07525,12,0.4238436198253189,0.5683863424844736,0,15,0.3097941387574823,0.5191490027315764,1,5,0.7499145293416675,0.7313190695202016,0,4,0.8232429765432376,0.7363186682881437,0,3,0.8209126630663801,0.7306346200339298,0,0.8209126630663801,0.7306346200339298,0.51675,"{""1"": 181659.2935907279, ""2"": -10793.26755712307, ""3"": -41865.72124648652, ""4"": -48607.38282228951, ""5"": -54557.50566396574, ""6"": -56839.39785039273, ""7"": -58001.02309002375, ""8"": -58627.50365086919, ""9"": -58993.77772255067, ""10"": -59282.40904762965, ""11"": -59381.87278166468, ""12"": -59542.58275760601, ""13"": -59492.744439868104, ""14"": -59446.64966319483, ""15"": -59460.17967232129}",151.56448483467102
mueller_brown,subsample,tica,32000,10,1,12,3,3,0.06553125,14,0.2515824819679547,0.47870706694593484,0,14,0.2515824819679547,0.47870706694593484,0,4,0.8388787567250507,0.7377915002937022,0,2,0.9106632016402213,0.7914713439422383,0,3,0.843970614106035,0.7413810761173308,0,0.843970614106035,0.7413810761173308,0.91075,"{""1"": 181661.84331711484, ""2"": -21608.36737855038, ""3"": -45368.41318776116, ""4"": -50147.35404746125, ""5"": -55466.09995711998, ""6"": -57185.961504938175, ""7"": -57770.684951630516, ""8"": -58470.52240288849, ""9"": -58769.961284104844, ""10"": -58883.914319811476, ""11"": -58966.720563759, ""12"": -58982.88176382493, ""13"": -59002.28176824058, ""14"": -59003.856443240955, ""15"": -58911.80445952687}",151.539000749588
mueller_brown,subsample,tica,32000,10,1,13,3,3,0.06346875,14,0.26642755986421446,0.4822611778946735,0,14,0.26642755986421446,0.4822611778946735,0,5,0.6860721199381125,0.6742953215060673,0,2,0.8799274705629416,0.7475266783951078,0,3,0.8410402845875603,0.7362116195104365,0,0.8410402845875603,0.7362116195104365,0.8413750000000001,"{""1"": 181658.0080233227, ""2"": -26333.329598322045, ""3"": -47314.55007714314, ""4"": -54403.94128581302, ""5"": -58863.382040576995, ""6"": -60584.14283695372, ""7"": -61648.37701149139, ""8"": -62175.38832450429, ""9"": -62520.05742053687, ""10"": -62715.5138653323, ""11"": -62729.50644200079, ""12"": -62765.60090644192, ""13"": -62864.75955755013, ""14"": -62869.21801157731, ""15"": -62799.001938249574}",153.72364616394043
mueller_brown,subsample,tica,32000,10,1,14,3,3,0.064,9,0.6322005786637394,0.6582419963647788,0,15,0.2734629937902675,0.49429340174588793,1,4,0.8855717812785264,0.7764169418437211,0,3,0.9005631586584694,0.8013657672262762,0,3,0.9005631586584694,0.8013657672262762,0,0.9005631586584694,0.8013657672262762,0.3275625,"{""1"": 181690.50753494233, ""2"": -29335.203092622465, ""3"": -54635.19245634842, ""4"": -61969.35821784842, ""5"": -66056.12189970135, ""6"": -67809.74035027795, ""7"": -68572.03951522532, ""8"": -68945.44016850821, ""9"": -69406.5021315595, ""10"": -69273.39446816416, ""11"": -69378.32476778784, ""12"": -69348.52722836644, ""13"": -69314.9087726333, ""14"": -69347.44622471335, ""15"": -69405.86919468804}",152.80688953399658
mueller_brown,subsample,tica,32000,10,1,15,3,3,0.062875,11,0.2890946340304536,0.4886116013312908,0,15,0.20474277736421045,0.42901246042563745,1,6,0.725072586013233,0.7030433329319101,0,2,0.8494439751249675,0.7065852630203787,0,3,0.8279301900048437,0.7193665342250762,0,0.8279301900048437,0.7193665342250762,0.7716249999999999,"{""1"": 181712.61021578044, ""2"": -33239.02854599488, ""3"": -51311.133125132015, ""4"": -57235.838998653824, ""5"": -59799.60254388962, ""6"": -61247.868709558374, ""7"": -62032.75030262189, ""8"": -62384.26954876469, ""9"": -62916.10715641032, ""10"": -63004.53517163278, ""11"": -63172.820173905166, ""12"": -63129.697595531616, ""13"": -63113.16830534058, ""14"": -63129.036950463844, ""15"": -63102.5578663369}",151.90747714042664
mueller_brown,subsample,tica,32000,10,1,16,3,3,0.064125,14,0.3513943741017299,0.5258073102515238,0,15,0.263546247225465,0.4873470947748949,1,6,0.7743879840360912,0.7452026561621712,0,4,0.8551053347644757,0.7445807867036198,0,3,0.8607479271469688,0.7632090872444468,0,0.8607479271469688,0.7632090872444468,0.6665,"{""1"": 181691.4822779709, ""2"": -15876.12938005974, ""3"": -41926.31349939899, ""4"": -45777.61812970775, ""5"": -50688.3448624868, ""6"": -52006.79875674668, ""7"": -54472.82120175098, ""8"": -54790.71112204738, ""9"": -55398.22948971737, ""10"": -55571.54031069107, ""11"": -55631.636355967654, ""12"": -55695.81398343997, ""13"": -55845.15326197063, ""14"": -55865.63725249038, ""15"": -55817.46899696585}",153.65242338180542
mueller_brown,subsample,tica,32000,10,1,17,3,3,0.07125,12,0.5015869955431685,0.5881686831375391,0,15,0.2931321505327701,0.5078283937136108,1,5,0.7188905713071093,0.6964189052323821,0,3,0.8447619019474325,0.7564014475593461,0,3,0.8447619019474325,0.7564014475593461,0,0.8447619019474325,0.7564014475593461,0.39631249999999996,"{""1"": 181681.82179957198, ""2"": -9613.540997769747, ""3"": -37849.11961652483, ""4"": -45584.75252038424, ""5"": -50917.36309766436, ""6"": -52717.15332979487, ""7"": -53790.17229308137, ""8"": -54354.590335904875, ""9"": -54673.467214037366, ""10"": -54942.75830081868, ""11"": -55065.007498452534, ""12"": -55174.64849211664, ""13"": -55030.77538535037, ""14"": -55079.78197527728, ""15"": -55085.24297194778}",152.9408974647522
mueller_brown,subsample,tica,32000,10,1,18,3,3,0.03159375,15,0.09960006589058985,0.2955437447038223,1,15,0.09960006589058985,0.2955437447038223,1,3,0.8395965108386598,0.733904020063869,0,2,0.8819263946260337,0.7363284413803792,0,3,0.8395965108386598,0.733904020063869,0,0.8395965108386598,0.733904020063869,1.0624375000000001,"{""1"": 181656.94272442663, ""2"": -32696.858718711333, ""3"": -40551.092550316134, ""4"": -45572.14104873569, ""5"": -47275.66044514437, ""6"": -48191.06706982561, ""7"": -48655.17629266197, ""8"": -48884.16480336844, ""9"": -49145.03141585616, ""10"": -49178.05989832815, ""11"": -49166.599930296026, ""12"": -49246.155328465204, ""13"": -49221.69511117674, ""14"": -49330.43897836356, ""15"": -49363.78244436967}",149.8080313205719
mueller_brown,subsample,tica,32000,10,1,19,3,3,0.06353125,12,0.32178493009161396,0.5001523666011388,0,14,0.2823393154278836,0.48302605633544743,0,5,0.7286364029723732,0.7121396433021852,0,3,0.8074570160392626,0.7189806981326462,0,3,0.8074570160392626,0.7189806981326462,0,0.8074570160392626,0.7189806981326462,0.6736249999999999,"{""1"": 181658.94476385863, ""2"": -24641.858027712602, ""3"": -45006.37402291751, ""4"": -51808.299135480534, ""5"": -55050.18251561448, ""6"": -56867.042010022546, ""7"": -57736.80122850524, ""8"": -58130.00335827399, ""9"": -58583.37894177445, ""10"": -58658.15821327736, ""11"": -58682.064981105425, ""12"": -58910.340963594135, ""13"": -58867.73112404205, ""14"": -58903.671982962485, ""15"": -58739.88292530191}",152.90349745750427
mueller_brown,subsample,vae,250,10,1,0,3,3,0.088,2,0.9330566527254368,0.8723825661721533,0,2,0.9330566527254368,0.8723825661721533,0,1,0.0,0.0,0,2,0.9330566527254368,0.8723825661721533,0,3,0.7214368662132162,0.6830970125013563,0,0.7214368662132162,0.6830970125013563,0.17600000000000002,"{""1"": 1427.8091446882054, ""2"": 1418.7057858354922, ""3"": 1439.9165715510608, ""4"": 1471.4464450316011, ""5"": 1497.5988121494272, ""6"": 1530.7149964734049, ""7"": 1557.8293179186683, ""8"": 1570.5194395464118, ""9"": 1606.1573232087267, ""10"": 1610.9630706428368, ""11"": 1630.2597846520346, ""12"": 1658.7945877454115, ""13"": 1671.8996753327947, ""14"": 1705.9413455388485, ""15"": 1727.9800701494805}",10.315497636795044
mueller_brown,subsample,vae,250,10,1,1,3,3,0.06,2,0.9554770596753805,0.8909408849802135,0,11,0.19511166964720617,0.4000456776379313,0,1,0.0,0.0,0,2,0.9554770596753805,0.8909408849802135,0,3,0.4191268312470801,0.6221755206686049,0,0.4191268312470801,0.6221755206686049,0.12000000000000002,"{""1"": 1412.3799456108836, ""2"": 1405.5705072139015, ""3"": 1436.579677689286, ""4"": 1417.7463065107866, ""5"": 1460.4230718958022, ""6"": 1488.8855829003496, ""7"": 1502.0198262799418, ""8"": 1505.6475528662286, ""9"": 1544.4503074982604, ""10"": 1566.7881865227603, ""11"": 1536.718066701868, ""12"": 1599.7749935793206, ""13"": 1605.8058442116667, ""14"": 1627.483884303913, ""15"": 1642.330151262462}",10.604213953018188
mueller_brown,subsample,vae,250,10,1,2,3,3,0.092,2,0.9315565346884979,0.8705547474913791,0,2,0.9315565346884979,0.8705547474913791,0,1,0.0,0.0,0,2,0.9315565346884979,0.8705547474913791,0,3,0.5356624826833722,0.6015431441706002,0,0.5356624826833722,0.6015431441706002,0.18400000000000002,"{""1"": 1440.7946735448902, ""2"": 1426.5602468253353, ""3"": 1455.5401874026907, ""4"": 1476.842162192168, ""5"": 1500.8688378280217, ""6"": 1535.9618176458634, ""7"": 1562.9878093630384, ""8"": 1592.0421728163333, ""9"": 1609.176994874983, ""10"": 1618.390256965516, ""11"": 1657.2390460126608, ""12"": 1694.858109853809, ""13"": 1702.0271383724876, ""14"": 1723.067368442906, ""15"": 1767.5640631676192}",10.173444032669067
mueller_brown,subsample,vae,250,10,1,3,3,3,0.048,2,0.9529145553640639,0.8718672832728728,0,15,0.08687193285296542,0.36494465003384097,1,1,0.0,0.0,0,2,0.9529145553640639,0.8718672832728728,0,3,0.41837366093339234,0.5726955477017182,0,0.41837366093339234,0.5726955477017182,0.09599999999999999,"{""1"": 1421.3430917095889, ""2"": 1410.9496309941912, ""3"": 1437.1115063690033, ""4"": 1455.652288377229, ""5"": 1481.5535064990943, ""6"": 1498.7267405574357, ""7"": 1522.1303355278908, ""8"": 1540.264115514813, ""9"": 1562.3654226636404, ""10"": 1577.5009439403582, ""11"": 1606.1283092955023, ""12"": 1635.0756146053684, ""13"": 1655.6251647266813, ""14"": 1676.158528056676, ""15"": 1681.4768909972627}",9.613095760345459
mueller_brown,subsample,vae,250,10,1,4,3,3,0.072,2,0.9591799358580831,0.8847771135207544,0,14,0.07612448879157524,0.33962363636618215,0,1,0.0,0.0,0,2,0.9591799358580831,0.8847771135207544,0,3,0.37699342844842015,0.5915556691870202,0,0.37699342844842015,0.5915556691870202,0.14400000000000002,"{""1"": 1422.3978382377668, ""2"": 1406.7042798344753, ""3"": 1437.329328672614, ""4"": 1457.8903682401797, ""5"": 1483.303268924715, ""6"": 1489.073749856004, ""7"": 1518.586510762986, ""8"": 1539.342926574183, ""9"": 1554.7568675658958, ""10"": 1598.490491938656, ""11"": 1605.867210464255, ""12"": 1624.059475055679, ""13"": 1653.9629729469025, ""14"": 1655.6360802863499, ""15"": 1698.4353556710657}",10.295022249221802
mueller_brown,subsample,vae,250,10,1,5,3,3,0.112,2,0.9304943535177647,0.8390579384781429,0,2,0.9304943535177647,0.8390579384781429,0,2,0.9304943535177647,0.8390579384781429,0,2,0.9304943535177647,0.8390579384781429,0,2,0.9304943535177647,0.8390579384781429,0,0.6880747744672681,0.6481389150571426,0.224,"{""1"": 1419.1418665337083, ""2"": 1348.1838712195051, ""3"": 1378.9665243834381, ""4"": 1392.2419821026056, ""5"": 1411.812044928401, ""6"": 1446.873219475432, ""7"": 1472.687863085467, ""8"": 1497.2953986577704, ""9"": 1523.2525131215102, ""10"": 1527.5336147619012, ""11"": 1541.4917159672177, ""12"": 1575.911419020604, ""13"": 1596.5584271214066, ""14"": 1619.4877516286417, ""15"": 1657.7126908158284}",10.293282985687256
mueller_brown,subsample,vae,250,10,1,6,3,3,0.056,2,0.8806002857071191,0.7770601538926939,0,4,0.2377949122667368,0.44429249173562274,0,1,0.0,0.0,0,2,0.8806002857071191,0.7770601538926939,0,2,0.8806002857071191,0.7770601538926939,0,0.5119133390372336,0.5623516151442275,0.11200000000000002,"{""1"": 1412.2891168159138, ""2"": 1401.4627463516895, ""3"": 1425.4573832065796, ""4"": 1442.4036004086538, ""5"": 1470.0020724085025, ""6"": 1496.0882379616028, ""7"": 1521.9752412382197, ""8"": 1548.0708257833135, ""9"": 1570.7070335530043, ""10"": 1576.0298981613428, ""11"": 1604.2430868187553, ""12"": 1627.710012320357, ""13"": 1640.7030683261878, ""14"": 1677.421415028394, ""15"": 1692.5155627308436}",10.15454649925232
mueller_brown,subsample,vae,250,10,1,7,3,3,0.08,2,0.9387225225885024,0.8769767823990903,0,14,0.1444370159484314,0.40570565699388866,0,1,0.0,0.0,0,2,0.9387225225885024,0.8769767823990903,0,2,0.9387225225885024,0.8769767823990903,0,0.5176752550261813,0.6018505623122042,0.16000000000000003,"{""1"": 1419.626171332929, ""2"": 1394.0332692647414, ""3"": 1415.5986301301123, ""4"": 1441.3747967869122, ""5"": 1448.1649312578004, ""6"": 1464.5400780661812, ""7"": 1481.0680493663092, ""8"": 1501.4203198319246, ""9"": 1509.9410041471997, ""10"": 1545.2402641135802, ""11"": 1561.7205208480839, ""12"": 1571.4344318620097, ""13"": 1604.7977118768513, ""14"": 1592.0422053842228, ""15"": 1653.3896104593814}",10.15762710571289
mueller_brown,subsample,vae,250,10,1,8,3,3,0.06,1,0.0,0.0,0,9,0.12334193999006712,0.3896824151281853,0,1,0.0,0.0,0,12,0.0992210854335156,0.3767977684169979,0,2,0.3721049415256766,0.3744927933869218,0,0.388785636637795,0.5769570614879805,0.39999999999999997,"{""1"": 1401.7070926266126, ""2"": 1427.152947622459, ""3"": 1434.251342506762, ""4"": 1442.797546344144, ""5"": 1454.6803300070678, ""6"": 1456.4787626305183, ""7"": 1467.4751403576581, ""8"": 1495.9666686522141, ""9"": 1508.1162695114035, ""10"": 1547.8494826020271, ""11"": 1578.134753552645, ""12"": 1586.4376010509777, ""13"": 1601.403068660168, ""14"": 1627.127898821601, ""15"": 1648.8669864028907}",10.362802028656006
mueller_brown,subsample,vae,250,10,1,9,3,3,0.092,2,0.9255166838036234,0.8428341272325685,0,14,0.1440779753658178,0.4470538733557738,0,1,0.0,0.0,0,2,0.9255166838036234,0.8428341272325685,0,2,0.9255166838036234,0.8428341272325685,0,0.5902439501004875,0.6341072247733783,0.184,"{""1"": 1420.2316430096132, ""2"": 1404.7849354358862, ""3"": 1417.6565153791432, ""4"": 1442.4593562992077, ""5"": 1458.3003578306189, ""6"": 1484.4877840153326, ""7"": 1500.0741747194427, ""8"": 1528.5469833687998, ""9"": 1532.7471227250116, ""10"": 1567.5618543030803, ""11"": 1559.3938162847685, ""12"": 1588.3850592367214, ""13"": 1590.8228112702186, ""14"": 1602.7067616504826, ""15"": 1642.8611144408874}",10.242390155792236
mueller_brown,subsample,vae,250,10,1,10,3,3,0.088,2,0.8820781053606809,0.791873019441272,0,15,0.12047443659550373,0.42212487000836235,1,1,0.0,0.0,0,2,0.8820781053606809,0.791873019441272,0,2,0.8820781053606809,0.791873019441272,0,0.7558446389602292,0.7271995481971242,0.19999999999999998,"{""1"": 1410.594480300626, ""2"": 1406.5059254957505, ""3"": 1427.936287491982, ""4"": 1447.2845000762613, ""5"": 1474.7342728519043, ""6"": 1494.859767617737, ""7"": 1532.761229833496, ""8"": 1547.338403587854, ""9"": 1552.9380152261692, ""10"": 1599.4617913335965, ""11"": 1601.011228959224, ""12"": 1633.903714701212, ""13"": 1635.678691065762, ""14"": 1687.0218222314986, ""15"": 1671.1704241098264}",10.38984227180481
mueller_brown,subsample,vae,250,10,1,11,3,3,0.092,2,0.9093443272432282,0.8009710297055123,0,10,0.15836997876180903,0.4289128063199348,0,2,0.9093443272432282,0.8009710297055123,0,2,0.9093443272432282,0.8009710297055123,0,3,0.3887194146522577,0.562184044262374,0,0.3887194146522577,0.562184044262374,0.184,"{""1"": 1428.7526807996364, ""2"": 1407.4546079910745, ""3"": 1438.2750719353794, ""4"": 1460.646220445368, ""5"": 1489.266345816872, ""6"": 1498.0224980525927, ""7"": 1513.569105204935, ""8"": 1545.4069548015623, ""9"": 1559.823665008521, ""10"": 1572.9865299927642, ""11"": 1608.156813989354, ""12"": 1623.9580583801014, ""13"": 1638.462153269132, ""14"": 1678.3367601643556, ""15"": 1695.1982052981202}",10.35040283203125
mueller_brown,subsample,vae,250,10,1,12,3,3,0.072,2,0.9180500434911882,0.8041441384410264,0,7,0.16837238191692439,0.3668859133393722,0,1,0.0,0.0,0,2,0.9180500434911882,0.8041441384410264,0,2,0.9180500434911882,0.8041441384410264,0,0.6809711354965704,0.6447476854949495,0.14400000000000002,"{""1"": 1404.0346850969086, ""2"": 1384.6257690711798, ""3"": 1409.1364470286458, ""4"": 1434.0167290035718, ""5"": 1449.3399958324296, ""6"": 1472.4745961953888, ""7"": 1485.8430046853666, ""8"": 1513.7095907754756, ""9"": 1544.673349285155, ""10"": 1560.8435838567684, ""11"": 1577.320095251253, ""12"": 1597.7732163692501, ""13"": 1625.0206228492618, ""14"": 1650.0376159678701, ""15"": 1672.2425620497743}",9.48935341835022
mueller_brown,subsample,vae,250,10,1,13,3,3,0.056,1,0.0,0.0,0,11,0.08930694043126106,0.322450450124926,0,1,0.0,0.0,0,2,0.6117188724664333,0.5045783625578054,0,2,0.6117188724664333,0.5045783625578054,0,0.29595212002137533,0.4325393822822595,0.32,"{""1"": 1414.9922843096926, ""2"": 1438.9662710227174, ""3"": 1448.4267042870226, ""4"": 1471.7844303170662, ""5"": 1497.4422826706761, ""6"": 1503.0465357911316, ""7"": 1511.5684994181026, ""8"": 1548.9857788938093, ""9"": 1570.7027246439347, ""10"": 1591.2985811209944, ""11"": 1583.848121686493, ""12"": 1636.8257828870612, ""13"": 1636.6577942934025, ""14"": 1675.9644365292486, ""15"": 1694.5539854242284}",10.29032015800476
mueller_brown,subsample,vae,250,10,1,14,3,3,0.052,2,0.9475080040460785,0.8593074355887572,0,2,0.9475080040460785,0.8593074355887572,0,2,0.9475080040460785,0.8593074355887572,0,2,0.9475080040460785,0.8593074355887572,0,3,0.7295985324552542,0.7310611473504982,0,0.7295985324552542,0.7310611473504982,0.10399999999999998,"{""1"": 1408.5993494915674, ""2"": 1383.2907629320632, ""3"": 1406.5135027375406, ""4"": 1429.997419199125, ""5"": 1449.1293443954933, ""6"": 1483.5763646026312, ""7"": 1507.2570677407691, ""8"": 1524.7769550496128, ""9"": 1537.9749734929133, ""10"": 1553.1458651142623, ""11"": 1579.294063743154, ""12"": 1605.246531436548, ""13"": 1630.9366075030098, ""14"": 1646.6589717208228, ""15"": 1663.5733657445617}",10.367770910263062
mueller_brown,subsample,vae,250,10,1,15,3,3,0.068,2,0.935900857035692,0.8194896118673993,0,3,0.5019896106092578,0.5304013957470307,0,2,0.935900857035692,0.8194896118673993,0,2,0.935900857035692,0.8194896118673993,0,3,0.5019896106092578,0.5304013957470307,0,0.5019896106092578,0.5304013957470307,0.136,"{""1"": 1422.4279850078474, ""2"": 1401.7106913632472, ""3"": 1413.2287579185918, ""4"": 1447.0541030262223, ""5"": 1473.325253517011, ""6"": 1492.9919624339318, ""7"": 1518.9786717168342, ""8"": 1544.7479771018116, ""9"": 1567.984381527538, ""10"": 1576.0400480668861, ""11"": 1600.8190175982822, ""12"": 1628.6276153271453, ""13"": 1631.6862937914232, ""14"": 1674.5986446684965, ""15"": 1667.5135982073557}",10.162922620773315
mueller_brown,subsample,vae,250,10,1,16,3,3,0.06,2,0.9594728227061969,0.89106826428406,0,2,0.9594728227061969,0.89106826428406,0,1,0.0,0.0,0,2,0.9594728227061969,0.89106826428406,0,2,0.9594728227061969,0.89106826428406,0,0.47903676942862405,0.5811713259239318,0.12,"{""1"": 1406.6926272797064, ""2"": 1394.664313123112, ""3"": 1419.9071776335668, ""4"": 1450.7140043063582, ""5"": 1471.1312841248516, ""6"": 1501.21521354735, ""7"": 1518.4587828559663, ""8"": 1539.4242598744809, ""9"": 1558.3486722187963, ""10"": 1601.4431499317636, ""11"": 1604.0246360580063, ""12"": 1630.2367809593604, ""13"": 1640.4233500940293, ""14"": 1680.7428601035072, ""15"": 1719.4608268477018}",10.226280689239502
mueller_brown,subsample,vae,250,10,1,17,3,3,0.076,2,0.9395100964330089,0.8502666518363478,0,14,0.12074188262564141,0.4131573225619667,0,1,0.0,0.0,0,2,0.9395100964330089,0.8502666518363478,0,3,0.40793209096448074,0.564554779552606,0,0.40793209096448074,0.564554779552606,0.15200000000000002,"{""1"": 1412.4206604720603, ""2"": 1394.8157703905488, ""3"": 1402.8072025830695, ""4"": 1431.2736829231214, ""5"": 1442.8302238301112, ""6"": 1460.9465714775517, ""7"": 1491.2683203520144, ""8"": 1516.037208347187, ""9"": 1518.4209301677538, ""10"": 1541.7952466215845, ""11"": 1565.5188845825382, ""12"": 1595.1517216437026, ""13"": 1599.834236454795, ""14"": 1606.1563356409454, ""15"": 1643.34750668868}",9.790300369262695
mueller_brown,subsample,vae,250,10,1,18,3,3,0.024,1,0.0,0.0,0,7,0.061052029722947265,0.25970822045082886,0,1,0.0,0.0,0,6,0.05761812082065125,0.22576714666753694,0,2,0.014508573044744314,0.05043961351778892,0,0.1070341676039832,0.197816224893441,0.11200000000000004,"{""1"": 1405.9479813025885, ""2"": 1435.038653860384, ""3"": 1454.2488782810954, ""4"": 1442.8066064225725, ""5"": 1472.424121237002, ""6"": 1502.0956555729083, ""7"": 1498.9479964989455, ""8"": 1549.5382507515942, ""9"": 1579.6516360885503, ""10"": 1582.4662612298619, ""11"": 1607.6168415780376, ""12"": 1614.0867490903004, ""13"": 1630.8341027890353, ""14"": 1656.8894248642634, ""15"": 1696.128150617285}",10.201112747192383
mueller_brown,subsample,vae,250,10,1,19,3,3,0.068,1,0.0,0.0,0,15,0.07152158681911339,0.29881604178378957,1,1,0.0,0.0,0,12,0.08452884833975229,0.329194923897426,0,3,0.5469558197858242,0.6346193971338107,0,0.5469558197858242,0.6346193971338107,0.32,"{""1"": 1427.243300107274, ""2"": 1440.6426196018974, ""3"": 1438.2598994721877, ""4"": 1463.3714103360585, ""5"": 1491.2167461215247, ""6"": 1515.5477957105522, ""7"": 1523.7415276349736, ""8"": 1556.3150909517694, ""9"": 1575.6293066641279, ""10"": 1598.90905343019, ""11"": 1614.8050621869336, ""12"": 1649.5042148894938, ""13"": 1661.3593541787286, ""14"": 1676.5124872593246, ""15"": 1689.2793084000573}",10.194146633148193
mueller_brown,subsample,vae,500,10,1,0,3,3,0.1,2,0.9217798852614061,0.8655298518950376,0,5,0.3093138281747699,0.5196551837452643,0,1,0.0,0.0,0,2,0.9217798852614061,0.8655298518950376,0,2,0.9217798852614061,0.8655298518950376,0,0.7837663447276502,0.7307783314969962,0.19999999999999998,"{""1"": 2804.997075127114, ""2"": 2746.5387948692255, ""3"": 2777.1221810269285, ""4"": 2793.437074964304, ""5"": 2815.992576049121, ""6"": 2850.610774315097, ""7"": 2882.3724004966916, ""8"": 2908.659640484964, ""9"": 2947.159929342136, ""10"": 2973.444686398085, ""11"": 3003.248381850388, ""12"": 3030.5914728905454, ""13"": 3073.6682976806364, ""14"": 3072.4304614548146, ""15"": 3124.732364118338}",10.301738262176514
mueller_brown,subsample,vae,500,10,1,1,3,3,0.074,2,0.928634768314761,0.8318612023537275,0,2,0.928634768314761,0.8318612023537275,0,1,0.0,0.0,0,2,0.928634768314761,0.8318612023537275,0,2,0.928634768314761,0.8318612023537275,0,0.4165957532843277,0.584102560390265,0.14800000000000002,"{""1"": 2793.8250845865427, ""2"": 2751.956752426423, ""3"": 2783.3100310240266, ""4"": 2815.51290700346, ""5"": 2829.865994745539, ""6"": 2863.8483627412247, ""7"": 2885.848475027082, ""8"": 2920.01281341576, ""9"": 2948.2190735133395, ""10"": 2961.219489856059, ""11"": 2983.642743918028, ""12"": 3020.3560321236864, ""13"": 3031.9399889148685, ""14"": 3061.922302989639, ""15"": 3095.383497580921}",10.37536334991455
mueller_brown,subsample,vae,500,10,1,2,3,3,0.1,2,0.9195148769158511,0.8504757655066477,0,4,0.4679866261906979,0.6229099529202364,0,2,0.9195148769158511,0.8504757655066477,0,2,0.9195148769158511,0.8504757655066477,0,3,0.4440564167557483,0.5833250126556884,0,0.4440564167557483,0.5833250126556884,0.19999999999999998,"{""1"": 2835.308206818481, ""2"": 2735.5485482762433, ""3"": 2754.786636294842, ""4"": 2750.0728807682954, ""5"": 2812.8326345507166, ""6"": 2821.3123760341937, ""7"": 2847.5794254207112, ""8"": 2859.1589208337464, ""9"": 2892.511986912348, ""10"": 2920.4673880390446, ""11"": 2956.0278577328827, ""12"": 2977.289034514977, ""13"": 3011.5015949043727, ""14"": 3024.362808182255, ""15"": 3045.0469321182354}",10.342494010925293
mueller_brown,subsample,vae,500,10,1,3,3,3,0.062,2,0.9524604536791176,0.8718986104267847,0,15,0.09749673194130096,0.37658610564753325,1,1,0.0,0.0,0,2,0.9524604536791176,0.8718986104267847,0,3,0.4222464141631008,0.5852348175562219,0,0.4222464141631008,0.5852348175562219,0.124,"{""1"": 2820.6924745066613, ""2"": 2774.4071830210974, ""3"": 2794.501326507661, ""4"": 2802.5056117011545, ""5"": 2840.813097332424, ""6"": 2865.4571653867415, ""7"": 2886.6160202045467, ""8"": 2881.7702582967117, ""9"": 2891.117766794753, ""10"": 2931.2375398921304, ""11"": 2940.3387718935865, ""12"": 2949.0029876455674, ""13"": 2986.9933019081113, ""14"": 2996.383673417375, ""15"": 3017.6478523791543}",10.577269554138184
mueller_brown,subsample,vae,500,10,1,4,3,3,0.072,1,0.0,0.0,0,8,0.2048257234955048,0.4467099876521656,0,1,0.0,0.0,0,2,0.737928677355655,0.6152792559705178,0,2,0.737928677355655,0.6152792559705178,0,0.4639774337029031,0.6064882265113427,0.39599999999999996,"{""1"": 2782.19189836323, ""2"": 2789.6846128416155, ""3"": 2800.108750036534, ""4"": 2809.203433674419, ""5"": 2829.7429782568915, ""6"": 2867.17529173844, ""7"": 2891.11258525583, ""8"": 2888.014376112957, ""9"": 2933.5275842081155, ""10"": 2950.5667759873345, ""11"": 2989.2608570758803, ""12"": 3005.2623138669487, ""13"": 3031.1287957106965, ""14"": 3058.953087661519, ""15"": 3096.624563406103}",10.38840126991272
mueller_brown,subsample,vae,500,10,1,5,3,3,0.092,2,0.9343736241103557,0.8433729799910826,0,6,0.27247622713787134,0.4772992271273348,0,1,0.0,0.0,0,2,0.9343736241103557,0.8433729799910826,0,3,0.42056625529047525,0.5555359838491121,0,0.42056625529047525,0.5555359838491121,0.184,"{""1"": 2831.0079316567058, ""2"": 2786.9123235740385, ""3"": 2798.7585637456964, ""4"": 2830.3340062100615, ""5"": 2848.320945907022, ""6"": 2861.2800444601808, ""7"": 2895.8440465340636, ""8"": 2928.667684363301, ""9"": 2951.276567123749, ""10"": 2990.3233573183898, ""11"": 3012.2604787027994, ""12"": 3034.116675336856, ""13"": 3073.6242329049637, ""14"": 3087.851922083756, ""15"": 3130.170316542463}",10.18173336982727
mueller_brown,subsample,vae,500,10,1,6,3,3,0.066,2,0.6937890232296893,0.5744032477807027,0,15,0.09937119436722261,0.34097598867290707,1,1,0.0,0.0,0,2,0.6937890232296893,0.5744032477807027,0,3,0.3757902820327892,0.5742476495565988,0,0.3757902820327892,0.5742476495565988,0.26399999999999996,"{""1"": 2826.967261939674, ""2"": 2804.2735763108117, ""3"": 2821.9903380635646, ""4"": 2825.752580047612, ""5"": 2848.0093453974837, ""6"": 2872.521289600891, ""7"": 2900.4819251612676, ""8"": 2917.241541233641, ""9"": 2946.014475367079, ""10"": 2964.681047182271, ""11"": 2980.4316242570403, ""12"": 3000.3138276165905, ""13"": 3028.3944810529524, ""14"": 3077.1007306923266, ""15"": 3075.4894566834305}",9.69307017326355
mueller_brown,subsample,vae,500,10,1,7,3,3,0.094,2,0.8934708464931723,0.7996058432961224,0,6,0.27060550004828726,0.4671513475138886,0,2,0.8934708464931723,0.7996058432961224,0,2,0.8934708464931723,0.7996058432961224,0,2,0.8934708464931723,0.7996058432961224,0,0.9163192853677752,0.8060390288568493,0.20800000000000002,"{""1"": 2836.1666563119647, ""2"": 2757.7812311371767, ""3"": 2792.3273497582036, ""4"": 2802.02932853006, ""5"": 2838.1317159670025, ""6"": 2852.116102453381, ""7"": 2895.963795577396, ""8"": 2915.686423921843, ""9"": 2953.4462976108325, ""10"": 2954.7327446614204, ""11"": 2992.9502495362694, ""12"": 3023.2413900786873, ""13"": 3048.7617591199237, ""14"": 3070.2394097515444, ""15"": 3080.9884644446634}",10.41559362411499
mueller_brown,subsample,vae,500,10,1,8,3,3,0.066,2,0.9525621351082945,0.8653942237698136,0,4,0.3998024577331262,0.6056324424028365,0,2,0.9525621351082945,0.8653942237698136,0,2,0.9525621351082945,0.8653942237698136,0,2,0.9525621351082945,0.8653942237698136,0,0.42159189546752224,0.5911097045008984,0.136,"{""1"": 2802.6708829556915, ""2"": 2732.196846600104, ""3"": 2760.052707197857, ""4"": 2774.8213892081494, ""5"": 2805.8917905773947, ""6"": 2837.5599599514594, ""7"": 2863.4710068701343, ""8"": 2889.9461864352693, ""9"": 2909.174686054971, ""10"": 2940.860165202847, ""11"": 2971.2429080517304, ""12"": 2989.0954617086463, ""13"": 3012.8892111378473, ""14"": 3052.932010926015, ""15"": 3079.7829393492034}",10.306529998779297
mueller_brown,subsample,vae,500,10,1,9,3,3,0.094,2,0.9376531188463966,0.8715118295505104,0,4,0.4250282219453851,0.5988191401275753,0,1,0.0,0.0,0,2,0.9376531188463966,0.8715118295505104,0,3,0.4563259200418567,0.5744242130093979,0,0.4563259200418567,0.5744242130093979,0.188,"{""1"": 2809.6052068871522, ""2"": 2752.8425688125276, ""3"": 2772.496722058596, ""4"": 2793.86792823856, ""5"": 2823.390182947928, ""6"": 2863.525815511962, ""7"": 2887.0737313036525, ""8"": 2916.1967933293786, ""9"": 2947.138199579705, ""10"": 2977.3616044415744, ""11"": 2996.185710505003, ""12"": 3019.690835049453, ""13"": 3038.599339517933, ""14"": 3047.4810084980754, ""15"": 3075.395409377071}",10.162390947341919
mueller_brown,subsample,vae,500,10,1,10,3,3,0.084,2,0.9253973581831472,0.855351769276123,0,5,0.3162286247602714,0.5617494622826319,0,1,0.0,0.0,0,2,0.9253973581831472,0.855351769276123,0,2,0.9253973581831472,0.855351769276123,0,0.4061232541306969,0.5671265820437006,0.17200000000000004,"{""1"": 2832.273262431921, ""2"": 2769.6780633072217, ""3"": 2806.630446694922, ""4"": 2808.459013613946, ""5"": 2824.4361466501077, ""6"": 2856.2274083189786, ""7"": 2886.0411521092874, ""8"": 2915.0573486062985, ""9"": 2938.4235370710653, ""10"": 2973.370580438182, ""11"": 2998.1966921143203, ""12"": 3033.505569279764, ""13"": 3065.1436724675377, ""14"": 3052.159546298514, ""15"": 3079.8615423346896}",10.250370502471924
mueller_brown,subsample,vae,500,10,1,11,3,3,0.072,1,0.0,0.0,0,10,0.1403244622906013,0.40881506145096524,0,1,0.0,0.0,0,2,0.7751914424592022,0.6569501327186151,0,2,0.7751914424592022,0.6569501327186151,0,0.3749805879509713,0.5393862575233752,0.444,"{""1"": 2782.0483794070074, ""2"": 2795.9415947275165, ""3"": 2788.8212413873453, ""4"": 2800.5108206339037, ""5"": 2828.611834797802, ""6"": 2854.506995391964, ""7"": 2873.6607251437936, ""8"": 2899.7421911398455, ""9"": 2921.5725236512553, ""10"": 2930.7116697970077, ""11"": 2979.5557738357793, ""12"": 3013.4525226469927, ""13"": 3041.0681690073297, ""14"": 3066.638961511951, ""15"": 3093.468722155337}",9.558263778686523
mueller_brown,subsample,vae,500,10,1,12,3,3,0.066,2,0.9501192244628752,0.8531400636222193,0,10,0.1321240415777233,0.38280824418663456,0,2,0.9501192244628752,0.8531400636222193,0,2,0.9501192244628752,0.8531400636222193,0,3,0.36997413804842383,0.5598068047995096,0,0.36997413804842383,0.5598068047995096,0.132,"{""1"": 2806.673676036625, ""2"": 2735.7360188999696, ""3"": 2775.5764677849734, ""4"": 2776.8998170215227, ""5"": 2811.962868660832, ""6"": 2844.169443805233, ""7"": 2856.7760136481056, ""8"": 2887.3107855439616, ""9"": 2902.491812475433, ""10"": 2926.8450609066645, ""11"": 2967.126115057099, ""12"": 2992.1692439618123, ""13"": 3041.781118953652, ""14"": 3053.8412712338977, ""15"": 3078.792597947596}",10.366355180740356
mueller_brown,subsample,vae,500,10,1,13,3,3,0.052,2,0.9633078898837909,0.8762997693512473,0,5,0.23145413580520083,0.49298855549342335,0,2,0.9633078898837909,0.8762997693512473,0,2,0.9633078898837909,0.8762997693512473,0,3,0.5587822271690401,0.5925243530070028,0,0.5587822271690401,0.5925243530070028,0.10400000000000001,"{""1"": 2808.7349619842794, ""2"": 2751.8875245168656, ""3"": 2778.546072819167, ""4"": 2806.635781778166, ""5"": 2812.7960164270885, ""6"": 2855.0134903078433, ""7"": 2879.1027529959056, ""8"": 2898.0433048132422, ""9"": 2922.1609558866567, ""10"": 2952.2980087024857, ""11"": 2979.368302096015, ""12"": 3014.3893339801502, ""13"": 3032.702752132239, ""14"": 3066.9378978018067, ""15"": 3091.6469294602034}",10.288831949234009
mueller_brown,subsample,vae,500,10,1,14,3,3,0.046,2,0.9669118074855766,0.9028973942139721,0,4,0.4194710982004636,0.6249456291495943,0,2,0.9669118074855766,0.9028973942139721,0,2,0.9669118074855766,0.9028973942139721,0,3,0.3866572934170411,0.5818648627353035,0,0.3866572934170411,0.5818648627353035,0.09199999999999998,"{""1"": 2824.6778648766717, ""2"": 2749.391894016042, ""3"": 2771.628113014141, ""4"": 2789.245358065928, ""5"": 2832.382371549451, ""6"": 2853.2775433785077, ""7"": 2881.4559769372813, ""8"": 2913.139842615435, ""9"": 2941.6024369791658, ""10"": 2970.2994847753175, ""11"": 3003.7792169167305, ""12"": 3017.7485931047154, ""13"": 3055.136634118702, ""14"": 3089.4516434628035, ""15"": 3115.4279157291926}",10.15367865562439
mueller_brown,subsample,vae,500,10,1,15,3,3,0.058,2,0.9648747591125155,0.8713171618348016,0,5,0.30059968553182465,0.5123581612404043,0,2,0.9648747591125155,0.8713171618348016,0,2,0.9648747591125155,0.8713171618348016,0,3,0.3636469916817306,0.5231751399403092,0,0.3636469916817306,0.5231751399403092,0.11600000000000002,"{""1"": 2820.5416356891633, ""2"": 2761.5627969594343, ""3"": 2775.897051441755, ""4"": 2808.0381537851545, ""5"": 2812.3321038448794, ""6"": 2841.430201722022, ""7"": 2875.243908820036, ""8"": 2910.863379933118, ""9"": 2946.468053182337, ""10"": 2956.667786007645, ""11"": 2988.292810589406, ""12"": 3016.851661037499, ""13"": 3050.8655529496386, ""14"": 3076.428173876363, ""15"": 3105.3551765527563}",10.111563682556152
mueller_brown,subsample,vae,500,10,1,16,3,3,0.06,2,0.9487120399805953,0.8593499315284483,0,9,0.13089439035172373,0.40657892494917786,0,2,0.9487120399805953,0.8593499315284483,0,2,0.9487120399805953,0.8593499315284483,0,3,0.4067836306117682,0.586114980454265,0,0.4067836306117682,0.586114980454265,0.12,"{""1"": 2834.8676880543476, ""2"": 2769.437754060541, ""3"": 2807.650408048842, ""4"": 2804.5966877462643, ""5"": 2842.970591509471, ""6"": 2874.681234794049, ""7"": 2875.308305590711, ""8"": 2909.8928811102382, ""9"": 2925.713312993027, ""10"": 2971.857239669209, ""11"": 2994.087444728054, ""12"": 3026.1567135753594, ""13"": 3037.682160006416, ""14"": 3079.740576281808, ""15"": 3097.827964406167}",10.385529518127441
mueller_brown,subsample,vae,500,10,1,17,3,3,0.064,2,0.941896141081428,0.849553982835732,0,5,0.2812470407634761,0.5122049992774563,0,1,0.0,0.0,0,2,0.941896141081428,0.849553982835732,0,2,0.941896141081428,0.849553982835732,0,0.5894518362025347,0.6222308661456476,0.128,"{""1"": 2809.119280271506, ""2"": 2750.857023274535, ""3"": 2780.3175356223696, ""4"": 2784.5190782813215, ""5"": 2802.1322881277083, ""6"": 2840.8636143401577, ""7"": 2874.521583150168, ""8"": 2901.5771106881753, ""9"": 2931.830763296504, ""10"": 2948.570718459379, ""11"": 2983.216650631448, ""12"": 3008.2948701596374, ""13"": 3017.3470182895217, ""14"": 3063.6701373083074, ""15"": 3079.1827806729916}",10.256767988204956
mueller_brown,subsample,vae,500,10,1,18,3,3,0.026,1,0.0,0.0,0,4,0.14064520497184466,0.31486891755833973,0,1,0.0,0.0,0,2,0.4538646694901971,0.35616337096107614,0,2,0.4538646694901971,0.35616337096107614,0,0.18933001881407618,0.32799643477227985,0.12400000000000005,"{""1"": 2812.811564959586, ""2"": 2813.20630880458, ""3"": 2838.249538865414, ""4"": 2837.294476563185, ""5"": 2864.6467247207484, ""6"": 2893.9069978648363, ""7"": 2920.0537377144356, ""8"": 2943.598831045997, ""9"": 2976.741723156624, ""10"": 3013.0425766286057, ""11"": 3030.9999554890246, ""12"": 3057.1026081880027, ""13"": 3101.686053475683, ""14"": 3096.3403825972714, ""15"": 3139.191400396329}",10.24075436592102
mueller_brown,subsample,vae,500,10,1,19,3,3,0.056,2,0.9462779157642993,0.8451982192209295,0,4,0.18982534922665037,0.417102817324939,0,2,0.9462779157642993,0.8451982192209295,0,2,0.9462779157642993,0.8451982192209295,0,3,0.3764136864697791,0.5236180093701525,0,0.3764136864697791,0.5236180093701525,0.11200000000000002,"{""1"": 2798.521278148772, ""2"": 2743.1607318747324, ""3"": 2752.4452032254394, ""4"": 2771.9340611860785, ""5"": 2804.5942544925338, ""6"": 2839.8581985983847, ""7"": 2870.2720466301726, ""8"": 2884.936795631939, ""9"": 2929.088234223155, ""10"": 2951.2622382393497, ""11"": 2986.3157532270034, ""12"": 3012.4809873701233, ""13"": 3034.443270760083, ""14"": 3057.6008446548467, ""15"": 3068.658693043365}",10.454644441604614
mueller_brown,subsample,vae,1000,10,1,0,3,3,0.092,2,0.9223587585048573,0.8540209156228353,0,8,0.27744626097422437,0.5440532819571435,0,2,0.9223587585048573,0.8540209156228353,0,2,0.9223587585048573,0.8540209156228353,0,2,0.9223587585048573,0.8540209156228353,0,0.716820127576073,0.6903728436381362,0.18399999999999997,"{""1"": 5613.68941598396, ""2"": 5448.330438430675, ""3"": 5467.4295020468635, ""4"": 5467.273046942641, ""5"": 5518.675265506107, ""6"": 5500.927923479121, ""7"": 5538.156370755166, ""8"": 5550.352479520617, ""9"": 5594.077390871285, ""10"": 5626.569602708716, ""11"": 5673.180686451684, ""12"": 5706.618659533234, ""13"": 5732.923289729712, ""14"": 5771.413321193805, ""15"": 5800.486134993993}",10.20157265663147
mueller_brown,subsample,vae,1000,10,1,1,3,3,0.079,2,0.9374480045192818,0.8587188831186631,0,5,0.30617756134177737,0.5294113747534606,0,2,0.9374480045192818,0.8587188831186631,0,2,0.9374480045192818,0.8587188831186631,0,2,0.9374480045192818,0.8587188831186631,0,0.6242189518737493,0.6151390301292258,0.16199999999999998,"{""1"": 5564.505960590621, ""2"": 5410.205900427164, ""3"": 5411.228746346783, ""4"": 5439.56869018152, ""5"": 5463.030347083, ""6"": 5499.702575727847, ""7"": 5528.4201145095085, ""8"": 5556.541565549778, ""9"": 5594.925192308691, ""10"": 5640.497083067374, ""11"": 5673.411501435485, ""12"": 5702.670594189934, ""13"": 5741.953507400969, ""14"": 5761.74125159293, ""15"": 5770.854586845751}",10.581549167633057
mueller_brown,subsample,vae,1000,10,1,2,3,3,0.094,3,0.5690377857477129,0.6229718021515721,0,6,0.34537877031987285,0.5757437199676595,0,2,0.929313280084557,0.8692975506352263,0,2,0.929313280084557,0.8692975506352263,0,2,0.929313280084557,0.8692975506352263,0,0.5690377857477129,0.6229718021515721,0.32799999999999996,"{""1"": 5715.175122452252, ""2"": 5451.9547830554575, ""3"": 5449.509194607138, ""4"": 5461.99211508527, ""5"": 5504.617020280589, ""6"": 5496.111729109593, ""7"": 5539.162637539611, ""8"": 5572.856739551706, ""9"": 5604.299466029891, ""10"": 5644.668346297409, ""11"": 5662.849431104645, ""12"": 5686.295484674271, ""13"": 5736.079781406484, ""14"": 5743.7031079217895, ""15"": 5784.800741289502}",10.768903255462646
mueller_brown,subsample,vae,1000,10,1,3,3,3,0.065,2,0.9260010049246244,0.826808551918521,0,4,0.3883113697708492,0.5537044754716224,0,2,0.9260010049246244,0.826808551918521,0,2,0.9260010049246244,0.826808551918521,0,3,0.40820477651639486,0.5462791507637812,0,0.40820477651639486,0.5462791507637812,0.13,"{""1"": 5656.865222241714, ""2"": 5455.186085062986, ""3"": 5480.096610330554, ""4"": 5471.258047450963, ""5"": 5504.065402456065, ""6"": 5536.2579753108685, ""7"": 5577.08826768445, ""8"": 5612.426717517636, ""9"": 5644.271351874696, ""10"": 5685.18591410951, ""11"": 5719.435321040052, ""12"": 5756.320342014268, ""13"": 5785.769371526766, ""14"": 5825.731241852747, ""15"": 5855.842735849703}",10.755727529525757
mueller_brown,subsample,vae,1000,10,1,4,3,3,0.081,4,0.4102030384793401,0.49434170335540345,0,14,0.10046835272488483,0.3775555763830154,0,1,0.0,0.0,0,2,0.7588472210191843,0.63328255946685,0,2,0.7588472210191843,0.63328255946685,0,0.5321250572297046,0.5559418774225768,0.494,"{""1"": 5520.491146253972, ""2"": 5514.071251975454, ""3"": 5501.0122390566885, ""4"": 5500.184882567977, ""5"": 5503.282108471303, ""6"": 5539.836270454022, ""7"": 5560.617289132232, ""8"": 5590.1009320139465, ""9"": 5619.875126051915, ""10"": 5652.329547322346, ""11"": 5685.013977041188, ""12"": 5698.102833710235, ""13"": 5734.716057393302, ""14"": 5753.742804025069, ""15"": 5790.603969266073}",10.42437219619751
mueller_brown,subsample,vae,1000,10,1,5,3,3,0.093,2,0.935781825166547,0.8452117370337472,0,5,0.3414992837826352,0.5534334115002829,0,2,0.935781825166547,0.8452117370337472,0,2,0.935781825166547,0.8452117370337472,0,2,0.935781825166547,0.8452117370337472,0,0.3886038960661201,0.5621176918896154,0.186,"{""1"": 5685.143448532805, ""2"": 5514.562450750976, ""3"": 5533.274531102664, ""4"": 5572.137953814069, ""5"": 5565.036884917626, ""6"": 5603.242297508344, ""7"": 5641.3605176588435, ""8"": 5669.671478254822, ""9"": 5703.016375463768, ""10"": 5739.321456072195, ""11"": 5778.7466059335275, ""12"": 5814.4434574729175, ""13"": 5833.051701991011, ""14"": 5885.620426259157, ""15"": 5912.03934833598}",10.506561756134033
mueller_brown,subsample,vae,1000,10,1,6,3,3,0.066,2,0.9641263264744588,0.8884572499589818,0,4,0.2893641001643929,0.4569938339728847,0,2,0.9641263264744588,0.8884572499589818,0,2,0.9641263264744588,0.8884572499589818,0,3,0.3877817559184364,0.558728281506383,0,0.3877817559184364,0.558728281506383,0.132,"{""1"": 5616.007730177285, ""2"": 5489.434568570688, ""3"": 5506.682540195528, ""4"": 5517.195355261158, ""5"": 5550.241586178735, ""6"": 5585.146844027625, ""7"": 5624.830936924407, ""8"": 5648.743739294247, ""9"": 5667.51162358516, ""10"": 5723.328283392153, ""11"": 5743.296763592911, ""12"": 5772.187114491194, ""13"": 5809.152113943997, ""14"": 5850.219451663181, ""15"": 5891.770458820425}",10.668774843215942
mueller_brown,subsample,vae,1000,10,1,7,3,3,0.088,3,0.5450752132307884,0.6086295935549082,0,7,0.31537633685727884,0.52761574654883,0,2,0.92711667276203,0.8448107764064874,0,2,0.92711667276203,0.8448107764064874,0,2,0.92711667276203,0.8448107764064874,0,0.5450752132307884,0.6086295935549082,0.352,"{""1"": 5614.965972813219, ""2"": 5432.91466488903, ""3"": 5429.022465946435, ""4"": 5464.982664999587, ""5"": 5458.518381002116, ""6"": 5498.815686969098, ""7"": 5489.470152634603, ""8"": 5519.4410753122975, ""9"": 5551.215594823337, ""10"": 5591.625088190422, ""11"": 5624.081209056148, ""12"": 5676.201528124135, ""13"": 5708.942518693257, ""14"": 5736.920186623296, ""15"": 5767.87844969013}",10.627608060836792
mueller_brown,subsample,vae,1000,10,1,8,3,3,0.066,4,0.4361942813471486,0.6200739653226456,0,4,0.4361942813471486,0.6200739653226456,0,1,0.0,0.0,0,2,0.5885982840315597,0.5025625176791009,0,3,0.41035468891980587,0.6027146764865537,0,0.41035468891980587,0.6027146764865537,0.5820000000000001,"{""1"": 5585.261419474031, ""2"": 5504.58141421179, ""3"": 5405.425054747027, ""4"": 5398.373198246585, ""5"": 5433.630465209934, ""6"": 5472.516662510338, ""7"": 5510.982558817607, ""8"": 5550.026082318629, ""9"": 5574.432905072764, ""10"": 5600.758320884526, ""11"": 5623.170305910506, ""12"": 5656.630272352199, ""13"": 5670.781013142494, ""14"": 5709.683279258461, ""15"": 5758.317662833109}",10.625375032424927
mueller_brown,subsample,vae,1000,10,1,9,3,3,0.086,4,0.4333313000941224,0.6044018084699266,0,10,0.17922283040447234,0.4560762169974345,0,2,0.9400742439153291,0.8746879264990041,0,2,0.9400742439153291,0.8746879264990041,0,3,0.4688162366857275,0.6123166897581388,0,0.4688162366857275,0.6123166897581388,0.696,"{""1"": 5616.305625125543, ""2"": 5357.383673204903, ""3"": 5378.115792866993, ""4"": 5317.5468195384365, ""5"": 5370.703050322884, ""6"": 5372.707786417517, ""7"": 5408.475383263865, ""8"": 5432.692518539898, ""9"": 5471.8457341519415, ""10"": 5488.75411744353, ""11"": 5541.008487750372, ""12"": 5569.780062948927, ""13"": 5613.672710251572, ""14"": 5638.160106817148, ""15"": 5656.513591284867}",10.282877683639526
mueller_brown,subsample,vae,1000,10,1,10,3,3,0.082,3,0.5007017586966794,0.5880192340199678,0,10,0.22045282971002922,0.49768226472026295,0,1,0.0,0.0,0,2,0.9279894076923227,0.8536675094519747,0,3,0.5007017586966794,0.5880192340199678,0,0.5007017586966794,0.5880192340199678,0.42999999999999994,"{""1"": 5584.3743663057385, ""2"": 5495.140191418063, ""3"": 5494.3190487793545, ""4"": 5555.8919156805805, ""5"": 5523.58693783759, ""6"": 5548.5735930239325, ""7"": 5596.322123077179, ""8"": 5627.413937709142, ""9"": 5645.431923245661, ""10"": 5665.69300716169, ""11"": 5696.074747848388, ""12"": 5728.453150328294, ""13"": 5765.144574847455, ""14"": 5789.774179489223, ""15"": 5822.054775802916}",10.621827840805054
mueller_brown,subsample,vae,1000,10,1,11,3,3,0.074,3,0.4892348025001783,0.5812893037787605,0,15,0.095935875757462,0.38176344579104016,1,2,0.9496292076200111,0.8722976022836851,0,2,0.9496292076200111,0.8722976022836851,0,3,0.4892348025001783,0.5812893037787605,0,0.4892348025001783,0.5812893037787605,0.4200000000000001,"{""1"": 5640.639283293471, ""2"": 5481.634510648034, ""3"": 5467.828836010087, ""4"": 5507.069801101171, ""5"": 5510.416486439553, ""6"": 5519.8195015517085, ""7"": 5562.889530222654, ""8"": 5599.977614649466, ""9"": 5631.988867369035, ""10"": 5667.370942610747, ""11"": 5699.271923687454, ""12"": 5728.455334633892, ""13"": 5750.599331452787, ""14"": 5777.605763648247, ""15"": 5779.079268932771}",10.765609979629517
mueller_brown,subsample,vae,1000,10,1,12,3,3,0.065,2,0.9652357763472846,0.8891699466973142,0,9,0.14157124209370128,0.3982553931219204,0,2,0.9652357763472846,0.8891699466973142,0,2,0.9652357763472846,0.8891699466973142,0,3,0.4274196273194878,0.5406980322210769,0,0.4274196273194878,0.5406980322210769,0.13,"{""1"": 5647.146634373654, ""2"": 5464.229372877698, ""3"": 5474.848278142819, ""4"": 5511.324309133347, ""5"": 5537.819430845962, ""6"": 5576.301655453756, ""7"": 5584.143610913601, ""8"": 5609.318262000175, ""9"": 5634.308938957389, ""10"": 5679.202547840836, ""11"": 5700.858218905278, ""12"": 5724.884835861201, ""13"": 5773.454477303645, ""14"": 5806.699651180668, ""15"": 5845.2012059172175}",10.73956561088562
mueller_brown,subsample,vae,1000,10,1,13,3,3,0.066,2,0.9641352880948035,0.877685497409732,0,13,0.08526534468953892,0.3537348567582029,0,2,0.9641352880948035,0.877685497409732,0,2,0.9641352880948035,0.877685497409732,0,3,0.3544697184960226,0.514740944252528,0,0.3544697184960226,0.514740944252528,0.132,"{""1"": 5623.370768117319, ""2"": 5455.313963726164, ""3"": 5478.359240059849, ""4"": 5487.6425079396095, ""5"": 5508.692886703863, ""6"": 5545.295577719876, ""7"": 5571.658191205797, ""8"": 5604.693341704898, ""9"": 5633.153370869933, ""10"": 5654.3002766642385, ""11"": 5669.722459878811, ""12"": 5713.090338914642, ""13"": 5723.3474770682615, ""14"": 5777.653631172483, ""15"": 5806.739256684542}",10.170893669128418
mueller_brown,subsample,vae,1000,10,1,14,3,3,0.059,4,0.48029876106402475,0.6347866552855331,0,4,0.48029876106402475,0.6347866552855331,0,2,0.9538977203908725,0.874099473934838,0,2,0.9538977203908725,0.874099473934838,0,3,0.4630613146708214,0.6092935067691376,0,0.4630613146708214,0.6092935067691376,0.48,"{""1"": 5622.493938193702, ""2"": 5421.704682958687, ""3"": 5403.487159461521, ""4"": 5402.7245173388665, ""5"": 5451.660119734451, ""6"": 5480.743928999048, ""7"": 5494.050075750471, ""8"": 5551.599303462666, ""9"": 5579.716457772795, ""10"": 5611.168682763748, ""11"": 5622.666054749648, ""12"": 5660.099625189482, ""13"": 5684.077133066691, ""14"": 5720.078240791403, ""15"": 5728.669403924735}",10.774578332901001
mueller_brown,subsample,vae,1000,10,1,15,3,3,0.065,3,0.40032672280955306,0.5102584714729311,0,5,0.2944202818042919,0.4867478316304753,0,2,0.9544682233495636,0.8512180679382866,0,2,0.9544682233495636,0.8512180679382866,0,3,0.40032672280955306,0.5102584714729311,0,0.40032672280955306,0.5102584714729311,0.47,"{""1"": 5604.586455754793, ""2"": 5488.129765316776, ""3"": 5484.549071639112, ""4"": 5503.0187560135455, ""5"": 5529.564353843051, ""6"": 5563.154800176223, ""7"": 5603.793479985769, ""8"": 5635.244512752164, ""9"": 5653.628626688045, ""10"": 5694.728031030867, ""11"": 5731.9836403049485, ""12"": 5769.666750640935, ""13"": 5809.68423163949, ""14"": 5833.086219010793, ""15"": 5826.034677757018}",10.861440420150757
mueller_brown,subsample,vae,1000,10,1,16,3,3,0.065,2,0.9470337384088051,0.8556550728730009,0,7,0.18226853680858301,0.4404678482653785,0,2,0.9470337384088051,0.8556550728730009,0,2,0.9470337384088051,0.8556550728730009,0,3,0.37758793523722955,0.5751700264088793,0,0.37758793523722955,0.5751700264088793,0.13,"{""1"": 5680.138733748992, ""2"": 5455.568477972415, ""3"": 5487.420032681655, ""4"": 5473.001829564205, ""5"": 5518.304112673996, ""6"": 5533.630559395156, ""7"": 5559.22976442143, ""8"": 5590.696983138625, ""9"": 5627.807427188501, ""10"": 5665.175341653439, ""11"": 5701.477513285088, ""12"": 5730.228332212332, ""13"": 5769.504357532384, ""14"": 5804.646977504128, ""15"": 5839.880924119175}",10.658308982849121
mueller_brown,subsample,vae,1000,10,1,17,3,3,0.07,2,0.951862163460442,0.874543302851754,0,8,0.19606172450664647,0.4800719879747005,0,1,0.0,0.0,0,2,0.951862163460442,0.874543302851754,0,3,0.43924695585455464,0.5898198376676245,0,0.43924695585455464,0.5898198376676245,0.14,"{""1"": 5585.221863019913, ""2"": 5461.626126032332, ""3"": 5496.672062342541, ""4"": 5503.153510390645, ""5"": 5527.927870095335, ""6"": 5563.700632597718, ""7"": 5574.22148010192, ""8"": 5602.514601028252, ""9"": 5640.639410824307, ""10"": 5665.187785676302, ""11"": 5701.9635538919265, ""12"": 5740.499042039977, ""13"": 5776.620366416855, ""14"": 5792.2407468024285, ""15"": 5844.513612624169}",10.60083270072937
mueller_brown,subsample,vae,1000,10,1,18,3,3,0.028,4,0.15332493029115046,0.3171083103171554,0,13,0.031081153441898688,0.19798323780807567,0,1,0.0,0.0,0,14,0.029344623572047205,0.19631278115993275,0,2,0.0019091071518470661,0.07285055810303474,0,0.11413589782258127,0.15625035043434612,0.734,"{""1"": 5595.823932229712, ""2"": 5631.183319099801, ""3"": 5594.492788967973, ""4"": 5530.514986942585, ""5"": 5562.232231175393, ""6"": 5580.916753990007, ""7"": 5608.381332153422, ""8"": 5642.173036329676, ""9"": 5670.239466769122, ""10"": 5704.31046409026, ""11"": 5728.522437051383, ""12"": 5755.485903056305, ""13"": 5780.740377841429, ""14"": 5831.513573823926, ""15"": 5845.721995760416}",10.20125961303711
mueller_brown,subsample,vae,1000,10,1,19,3,3,0.064,3,0.4909800028512404,0.5281858338340636,0,10,0.12222719046545885,0.39268163701172704,0,1,0.0,0.0,0,2,0.8174358635826241,0.6766194808734332,0,2,0.8174358635826241,0.6766194808734332,0,0.4909800028512404,0.5281858338340636,0.3439999999999999,"{""1"": 5619.538067161928, ""2"": 5584.210889406256, ""3"": 5502.592054879644, ""4"": 5545.444834962657, ""5"": 5562.960796491799, ""6"": 5604.454754928946, ""7"": 5619.82882035676, ""8"": 5656.902936884759, ""9"": 5676.770931962683, ""10"": 5693.689729542984, ""11"": 5741.9744124841745, ""12"": 5760.999663193144, ""13"": 5797.310748515923, ""14"": 5825.262495170709, ""15"": 5849.3593189135345}",10.765159845352173
mueller_brown,subsample,vae,2000,10,1,0,3,3,0.0935,4,0.4573495886488095,0.6089030579811268,0,11,0.1842321889734358,0.48682672315561,0,2,0.9220503230773567,0.8564165006059106,0,2,0.9220503230773567,0.8564165006059106,0,2,0.9220503230773567,0.8564165006059106,0,0.5915129431913125,0.607860452365096,0.6359999999999999,"{""1"": 11105.340385988035, ""2"": 10761.741580322328, ""3"": 10711.772140387726, ""4"": 10694.906492502294, ""5"": 10714.82536755725, ""6"": 10727.99719112436, ""7"": 10771.17825815521, ""8"": 10795.281665642327, ""9"": 10833.91285531544, ""10"": 10871.76215735344, ""11"": 10892.504698055403, ""12"": 10942.57530355298, ""13"": 10977.206741667578, ""14"": 11010.508734339013, ""15"": 11047.685823544733}",11.794742584228516
mueller_brown,subsample,vae,2000,10,1,1,3,3,0.0855,3,0.46237492808921143,0.5630998639820747,0,7,0.24565312521007568,0.5133343774040924,0,2,0.9295037761642373,0.8395830443502055,0,2,0.9295037761642373,0.8395830443502055,0,3,0.46237492808921143,0.5630998639820747,0,0.46237492808921143,0.5630998639820747,0.45899999999999985,"{""1"": 11187.330729126825, ""2"": 10891.746232049134, ""3"": 10840.973652198247, ""4"": 10887.32840658566, ""5"": 10866.653452271908, ""6"": 10878.537385238644, ""7"": 10881.06018133907, ""8"": 10944.824994157745, ""9"": 10966.521435225011, ""10"": 11005.538464045918, ""11"": 11038.703105110966, ""12"": 11076.138027496734, ""13"": 11109.543676285708, ""14"": 11138.039311167116, ""15"": 11169.192412583201}",12.008154392242432
mueller_brown,subsample,vae,2000,10,1,2,3,3,0.0975,4,0.5015547581687635,0.6664172534737046,0,12,0.14290739961276827,0.4506220589435955,0,2,0.9254512879666177,0.8573154002161246,0,2,0.9254512879666177,0.8573154002161246,0,2,0.9254512879666177,0.8573154002161246,0,0.5593152396682243,0.6353480832511451,0.528,"{""1"": 11174.83687269287, ""2"": 10608.248790002277, ""3"": 10554.946294908266, ""4"": 10502.4709584394, ""5"": 10554.128135930385, ""6"": 10574.341210553233, ""7"": 10558.788442175914, ""8"": 10597.024868900447, ""9"": 10612.39590150387, ""10"": 10655.087211203612, ""11"": 10699.307226589071, ""12"": 10709.557581718827, ""13"": 10779.690828176083, ""14"": 10780.686478991707, ""15"": 10826.944804013185}",10.446887016296387
mueller_brown,subsample,vae,2000,10,1,3,3,3,0.069,2,0.9486773455360222,0.867412635352216,0,8,0.1805276363175112,0.4494987574424834,0,2,0.9486773455360222,0.867412635352216,0,2,0.9486773455360222,0.867412635352216,0,2,0.9486773455360222,0.867412635352216,0,0.3994028335231546,0.5870073932568395,0.138,"{""1"": 11158.086471547906, ""2"": 10715.081139144006, ""3"": 10762.80696972967, ""4"": 10751.374105317793, ""5"": 10743.809384956845, ""6"": 10791.30627216474, ""7"": 10804.372525466162, ""8"": 10823.046871799468, ""9"": 10876.58151300616, ""10"": 10912.792215876654, ""11"": 10947.815438198457, ""12"": 10984.693925505022, ""13"": 11032.96396894677, ""14"": 11054.15568091175, ""15"": 11084.27573220787}",11.681277990341187
mueller_brown,subsample,vae,2000,10,1,4,3,3,0.084,4,0.47934265978748414,0.6396868136212925,0,15,0.08344543683456213,0.3640858229769124,1,2,0.951727098805127,0.8682797507795018,0,2,0.951727098805127,0.8682797507795018,0,3,0.44404755611009755,0.5924864059249466,0,0.44404755611009755,0.5924864059249466,0.4750000000000001,"{""1"": 11109.173955485763, ""2"": 10690.512953918695, ""3"": 10659.93661758536, ""4"": 10620.02443422028, ""5"": 10655.769071585, ""6"": 10694.542570180423, ""7"": 10721.561137376864, ""8"": 10769.21667398936, ""9"": 10810.005400687725, ""10"": 10849.24121468801, ""11"": 10866.213347116754, ""12"": 10897.900304091423, ""13"": 10935.045574138534, ""14"": 10953.862601900202, ""15"": 10979.877637200307}",11.870433568954468
mueller_brown,subsample,vae,2000,10,1,5,3,3,0.0865,4,0.46845281847278564,0.6367211256835973,0,9,0.16221108288861927,0.44058456298043625,0,1,0.0,0.0,0,2,0.8291736927725936,0.7084749277348343,0,2,0.8291736927725936,0.7084749277348343,0,0.5840757294434031,0.5907604288808243,0.528,"{""1"": 10988.023553954052, ""2"": 10898.218085421908, ""3"": 10810.497041232824, ""4"": 10762.732412883803, ""5"": 10800.554552849339, ""6"": 10837.82441908259, ""7"": 10872.087224729674, ""8"": 10834.51026981843, ""9"": 10858.614371007701, ""10"": 10898.893938778716, ""11"": 10933.726864885197, ""12"": 10973.136230841568, ""13"": 11027.176711502281, ""14"": 11048.454298419461, ""15"": 11091.690902789269}",12.07378339767456
mueller_brown,subsample,vae,2000,10,1,6,3,3,0.065,4,0.29913581527982297,0.4631921250871648,0,8,0.15300441379867982,0.40878683387219933,0,1,0.0,0.0,0,3,0.36430151595359755,0.572630347453752,0,3,0.36430151595359755,0.572630347453752,0,0.36430151595359755,0.572630347453752,0.801,"{""1"": 11255.43532756665, ""2"": 11040.979581429156, ""3"": 10932.788573411246, ""4"": 10904.621629468886, ""5"": 10910.61371612014, ""6"": 10925.462264869533, ""7"": 10961.169694311206, ""8"": 10967.68344010808, ""9"": 11005.07455487216, ""10"": 11043.70753422771, ""11"": 11079.229968954944, ""12"": 11116.511969916837, ""13"": 11171.401361014905, ""14"": 11211.948505598632, ""15"": 11221.367463347564}",10.942525386810303
mueller_brown,subsample,vae,2000,10,1,7,3,3,0.087,2,0.9322678220533844,0.8573664654630616,0,11,0.13987747260835143,0.4409807879256583,0,2,0.9322678220533844,0.8573664654630616,0,2,0.9322678220533844,0.8573664654630616,0,2,0.9322678220533844,0.8573664654630616,0,0.5170239763803877,0.5945776977465188,0.174,"{""1"": 11137.565241328495, ""2"": 10706.641521873798, ""3"": 10716.470634020736, ""4"": 10732.56693927478, ""5"": 10717.449004993927, ""6"": 10733.877946818575, ""7"": 10751.066423753693, ""8"": 10783.965564402575, ""9"": 10839.886776004303, ""10"": 10872.12253359782, ""11"": 10876.549304244922, ""12"": 10923.213728410701, ""13"": 10955.554893780476, ""14"": 11011.613931843343, ""15"": 11034.569949717385}",11.928815841674805
mueller_brown,subsample,vae,2000,10,1,8,3,3,0.0595,5,0.2668820953333266,0.5334985575914409,0,5,0.2668820953333266,0.5334985575914409,0,1,0.0,0.0,0,2,0.9512121430065389,0.8624653557247304,0,2,0.9512121430065389,0.8624653557247304,0,0.3702560448372382,0.5378550024722121,0.9219999999999999,"{""1"": 11079.228249892767, ""2"": 10863.6015534574, ""3"": 10846.601813791449, ""4"": 10845.741773569473, ""5"": 10836.88195621, ""6"": 10876.673996797572, ""7"": 10909.83405673966, ""8"": 10941.264978722083, ""9"": 10975.52794147738, ""10"": 11018.983736684202, ""11"": 11049.763587174875, ""12"": 11087.01008779401, ""13"": 11127.570333687068, ""14"": 11162.350656536282, ""15"": 11203.058388668062}",11.830253839492798
mueller_brown,subsample,vae,2000,10,1,9,3,3,0.096,5,0.3638311458940409,0.5595553728056767,0,12,0.1271970955963547,0.42006334284421765,0,2,0.9251720926907242,0.8412205491400424,0,2,0.9251720926907242,0.8412205491400424,0,2,0.9251720926907242,0.8412205491400424,0,0.4833041624677333,0.5970262544764026,0.709,"{""1"": 11254.378654530869, ""2"": 10775.369288769554, ""3"": 10725.19292103431, ""4"": 10735.911112678694, ""5"": 10712.158545425844, ""6"": 10743.238515738853, ""7"": 10779.445312389362, ""8"": 10824.604585822384, ""9"": 10857.563098957984, ""10"": 10885.341597670284, ""11"": 10911.10329040296, ""12"": 10943.356239466762, ""13"": 10988.465889467298, ""14"": 11036.683750849, ""15"": 11090.054081978842}",11.916516065597534
mueller_brown,subsample,vae,2000,10,1,10,3,3,0.0905,5,0.3656607709471811,0.5985694398400846,0,12,0.15758104663523026,0.4543271753104448,0,1,0.0,0.0,0,2,0.8936507541919314,0.7948657882691889,0,2,0.8936507541919314,0.7948657882691889,0,0.611145524567774,0.6214689400557374,0.7999999999999999,"{""1"": 11125.790124715402, ""2"": 10849.992733178124, ""3"": 10751.391399118162, ""4"": 10747.375275758084, ""5"": 10709.03275208359, ""6"": 10746.89799287246, ""7"": 10779.304803232908, ""8"": 10813.670669477462, ""9"": 10852.223855100649, ""10"": 10883.409597740958, ""11"": 10921.968598102027, ""12"": 10942.96460555979, ""13"": 10996.576372451322, ""14"": 11024.221216434382, ""15"": 11078.81520169067}",10.930557250976562
mueller_brown,subsample,vae,2000,10,1,11,3,3,0.0775,5,0.3925964813004129,0.5916820477657957,0,10,0.15927439163125262,0.45028721555000056,0,2,0.947274240893263,0.8690752796009151,0,2,0.947274240893263,0.8690752796009151,0,3,0.4308359996042456,0.6133702372041034,0,0.4308359996042456,0.6133702372041034,0.593,"{""1"": 11230.476726001769, ""2"": 10896.385398744682, ""3"": 10866.669735981408, ""4"": 10872.063102849757, ""5"": 10842.540060117963, ""6"": 10869.94955179525, ""7"": 10866.86663309316, ""8"": 10933.853304114182, ""9"": 10921.145412346963, ""10"": 10954.431119687257, ""11"": 10990.232021854474, ""12"": 11030.54357552984, ""13"": 11071.167477610968, ""14"": 11104.994763892608, ""15"": 11131.757865093503}",11.873791217803955
mueller_brown,subsample,vae,2000,10,1,12,3,3,0.0655,4,0.3128081780058827,0.4585172136625899,0,15,0.07983867977208685,0.35301020090255225,1,2,0.9351354335913048,0.8286877676991873,0,2,0.9351354335913048,0.8286877676991873,0,3,0.3439229768633064,0.5293682214165055,0,0.3439229768633064,0.5293682214165055,0.641,"{""1"": 11258.873872368058, ""2"": 10905.529676904278, ""3"": 10937.025723754772, ""4"": 10888.60683849677, ""5"": 10894.863722316317, ""6"": 10960.424987835202, ""7"": 10985.07114093868, ""8"": 11008.111736045368, ""9"": 11025.565815917344, ""10"": 11064.450407082619, ""11"": 11105.808348377774, ""12"": 11132.765850855141, ""13"": 11161.328109037979, ""14"": 11197.452297949834, ""15"": 11223.148062030039}",11.720493793487549
mueller_brown,subsample,vae,2000,10,1,13,3,3,0.063,5,0.2415772433303076,0.5022395190847004,0,13,0.08059922547837849,0.3489468754770533,0,2,0.9586359239972362,0.8652786479545036,0,2,0.9586359239972362,0.8652786479545036,0,3,0.36955396725463663,0.5405110014571642,0,0.36955396725463663,0.5405110014571642,0.9819999999999999,"{""1"": 11237.988977755569, ""2"": 10857.68613268703, ""3"": 10864.653345337183, ""4"": 10876.222617540792, ""5"": 10843.587508930721, ""6"": 10901.805437955969, ""7"": 10921.83149869278, ""8"": 10943.413679209458, ""9"": 10987.969109274334, ""10"": 11024.723760213148, ""11"": 11039.534483785254, ""12"": 11070.642690015864, ""13"": 11097.29693854016, ""14"": 11139.988312622223, ""15"": 11177.989344408099}",11.777332544326782
mueller_brown,subsample,vae,2000,10,1,14,3,3,0.069,4,0.43557654659903916,0.6148576619203604,0,10,0.13165741048644994,0.4240189958746751,0,2,0.9468990459960451,0.8603147771130222,0,2,0.9468990459960451,0.8603147771130222,0,3,0.42714199702214495,0.5741225680100052,0,0.42714199702214495,0.5741225680100052,0.5930000000000001,"{""1"": 11190.580142571303, ""2"": 10777.943610229046, ""3"": 10740.04620822848, ""4"": 10700.364768160434, ""5"": 10736.088372994538, ""6"": 10771.76878659927, ""7"": 10823.616896602203, ""8"": 10836.23281799598, ""9"": 10854.48140656847, ""10"": 10874.205718404053, ""11"": 10913.383085218751, ""12"": 10943.563833600421, ""13"": 10991.714112044308, ""14"": 11049.472694593394, ""15"": 11097.45835293679}",11.163341045379639
mueller_brown,subsample,vae,2000,10,1,15,3,3,0.0615,3,0.3465185452345045,0.5064456186606536,0,13,0.0705561730700299,0.31647449146233975,0,1,0.0,0.0,0,2,0.38213008119993175,0.35028783220923976,0,3,0.3465185452345045,0.5064456186606536,0,0.3465185452345045,0.5064456186606536,0.6020000000000001,"{""1"": 11148.4146553928, ""2"": 10929.951348231674, ""3"": 10815.805334037208, ""4"": 10824.053948374383, ""5"": 10845.775278965915, ""6"": 10857.013165410805, ""7"": 10904.077365014087, ""8"": 10944.84097721585, ""9"": 10960.394218182402, ""10"": 11004.130316960878, ""11"": 11036.170926659186, ""12"": 11075.617422557696, ""13"": 11089.151086441729, ""14"": 11132.662686932415, ""15"": 11163.535506851687}",11.824771642684937
mueller_brown,subsample,vae,2000,10,1,16,3,3,0.063,4,0.4880898886410071,0.6146962029876359,0,10,0.1380109692470074,0.4190083175776512,0,2,0.9547702699768686,0.8706085253048966,0,2,0.9547702699768686,0.8706085253048966,0,3,0.4585326938987358,0.5784496665473127,0,0.4585326938987358,0.5784496665473127,0.43699999999999994,"{""1"": 11260.998646848962, ""2"": 10862.330671981917, ""3"": 10834.610798526412, ""4"": 10801.861204260022, ""5"": 10851.877812547473, ""6"": 10895.294269903305, ""7"": 10920.881694210451, ""8"": 10925.583116472735, ""9"": 10953.181804510343, ""10"": 10981.907856061494, ""11"": 11024.798986765965, ""12"": 11059.487704670946, ""13"": 11094.643767498852, ""14"": 11140.107866213997, ""15"": 11190.546601060669}",11.669816255569458
mueller_brown,subsample,vae,2000,10,1,17,3,3,0.071,3,0.49218163617139815,0.5769001859319484,0,8,0.20006654354002992,0.47314465305623093,0,2,0.9505932770105191,0.8719762368341808,0,2,0.9505932770105191,0.8719762368341808,0,2,0.9505932770105191,0.8719762368341808,0,0.49218163617139815,0.5769001859319484,0.409,"{""1"": 11156.832321585465, ""2"": 10784.688937618761, ""3"": 10772.186154680798, ""4"": 10827.777455209094, ""5"": 10798.02301089903, ""6"": 10823.265157519501, ""7"": 10868.20705168821, ""8"": 10871.462469879643, ""9"": 10917.927022973305, ""10"": 10952.849090498677, ""11"": 10989.42537391289, ""12"": 11015.328806639658, ""13"": 11050.30674586763, ""14"": 11083.008578916053, ""15"": 11120.185959062088}",11.857005834579468
mueller_brown,subsample,vae,2000,10,1,18,3,3,0.031,4,0.11555893554491509,0.300791085380812,0,7,0.07115482864876711,0.2719797220394644,0,1,0.0,0.0,0,2,0.373346559128712,0.30454747161682993,0,2,0.373346559128712,0.30454747161682993,0,0.20547161335503392,0.2945081923796128,1.004,"{""1"": 11146.955641534973, ""2"": 10946.917164125325, ""3"": 10977.575429052877, ""4"": 10882.639616950248, ""5"": 10911.73424438615, ""6"": 10942.690805656232, ""7"": 10918.733318719607, ""8"": 10953.990364777506, ""9"": 10996.954021406844, ""10"": 11035.692758956864, ""11"": 11071.767627254456, ""12"": 11111.67297610302, ""13"": 11145.562734596846, ""14"": 11176.128295271932, ""15"": 11220.835663299578}",11.21656060218811
mueller_brown,subsample,vae,2000,10,1,19,3,3,0.061,3,0.6180528193801572,0.5878029397313173,0,11,0.10503274073849246,0.37592436974799714,0,2,0.9681579385299031,0.8853943569687261,0,2,0.9681579385299031,0.8853943569687261,0,3,0.6180528193801572,0.5878029397313173,0,0.6180528193801572,0.5878029397313173,0.224,"{""1"": 11277.291846227205, ""2"": 10983.083386853028, ""3"": 10862.131555277812, ""4"": 10864.539330510235, ""5"": 10899.427586406673, ""6"": 10950.028668308689, ""7"": 10950.867937956218, ""8"": 10985.645057458874, ""9"": 11009.439482929265, ""10"": 11058.786991380088, ""11"": 11062.187073770965, ""12"": 11113.712705374475, ""13"": 11142.023541338298, ""14"": 11184.189072820407, ""15"": 11219.209813412712}",12.073264837265015
mueller_brown,subsample,vae,4000,10,1,0,3,3,0.0895,6,0.40812360698123284,0.5925351903659465,0,15,0.13782712534011332,0.43805167947196416,1,2,0.9219791565773789,0.8562149371915716,0,2,0.9219791565773789,0.8562149371915716,0,2,0.9219791565773789,0.8562149371915716,0,0.6030414987312797,0.6306706691575044,0.615,"{""1"": 22380.519255146057, ""2"": 21693.031441430085, ""3"": 21589.647352566946, ""4"": 21501.705564604035, ""5"": 21530.495262163473, ""6"": 21480.92241904751, ""7"": 21522.566821268832, ""8"": 21561.56098884372, ""9"": 21627.511184599494, ""10"": 21651.07857794466, ""11"": 21682.470907628198, ""12"": 21702.554856021063, ""13"": 21747.883542912623, ""14"": 21781.706682565342, ""15"": 21802.380835177915}",14.609760761260986
mueller_brown,subsample,vae,4000,10,1,1,3,3,0.07975,8,0.20924260527312039,0.4983556330260791,0,13,0.13961189634883264,0.43033636924393315,0,2,0.9422771383522721,0.8674906245508387,0,2,0.9422771383522721,0.8674906245508387,0,3,0.4490208099120861,0.59159031884852,0,0.4490208099120861,0.59159031884852,1.045,"{""1"": 22518.139877515307, ""2"": 21469.446046754056, ""3"": 21420.69506178881, ""4"": 21361.62732001025, ""5"": 21400.669484103382, ""6"": 21385.127551676323, ""7"": 21381.974852794403, ""8"": 21347.82821581502, ""9"": 21380.05214095133, ""10"": 21420.436363541092, ""11"": 21421.307782047526, ""12"": 21428.565720412033, ""13"": 21459.744523885878, ""14"": 21515.856403270558, ""15"": 21537.95385052453}",14.092371702194214
mueller_brown,subsample,vae,4000,10,1,2,3,3,0.09675,4,0.5034198535471088,0.6625896625608156,0,6,0.34506812217739496,0.5488150297365675,0,2,0.924393674765333,0.8560052535666477,0,2,0.924393674765333,0.8560052535666477,0,2,0.924393674765333,0.8560052535666477,0,0.5259960557744378,0.6321242725385522,0.5195,"{""1"": 22129.803466507463, ""2"": 21072.110395543226, ""3"": 20891.285498021163, ""4"": 20795.69992240383, ""5"": 20843.206161112685, ""6"": 20844.16525430527, ""7"": 20904.54542240121, ""8"": 20980.251465212827, ""9"": 20989.324636823065, ""10"": 21037.605187764697, ""11"": 21054.321145125687, ""12"": 21074.711503300303, ""13"": 21130.533368090084, ""14"": 21188.761622584767, ""15"": 21212.117471609738}",14.72575306892395
mueller_brown,subsample,vae,4000,10,1,3,3,3,0.068,4,0.37167649998718477,0.5371018940729138,0,10,0.15033348712387665,0.43883304181706856,0,2,0.9517415724796976,0.8736713549243174,0,2,0.9517415724796976,0.8736713549243174,0,3,0.427535967240159,0.5600976335791671,0,0.427535967240159,0.5600976335791671,0.6594999999999999,"{""1"": 22518.173490453715, ""2"": 21921.85644547951, ""3"": 21859.280935282655, ""4"": 21816.244431606658, ""5"": 21832.112130095982, ""6"": 21823.4507541091, ""7"": 21834.11721643775, ""8"": 21820.065312751205, ""9"": 21863.728940197023, ""10"": 21875.0959842587, ""11"": 21932.136778658674, ""12"": 21951.69763777076, ""13"": 21991.551320099257, ""14"": 22041.047830729465, ""15"": 22068.317994601377}",14.504905223846436
mueller_brown,subsample,vae,4000,10,1,4,3,3,0.0815,5,0.2765063148261407,0.5296909641910831,0,14,0.10443691430583253,0.3821338366679276,0,1,0.0,0.0,0,2,0.8699694194364256,0.7454209167658498,0,2,0.8699694194364256,0.7454209167658498,0,0.4304620077207543,0.5620868647671327,0.8840000000000001,"{""1"": 22194.15964334032, ""2"": 21931.821934402422, ""3"": 21684.12199923048, ""4"": 21654.306314004196, ""5"": 21572.126534036142, ""6"": 21652.777599816593, ""7"": 21619.690134687375, ""8"": 21602.786233280254, ""9"": 21617.665084689706, ""10"": 21693.221089758044, ""11"": 21662.62261280562, ""12"": 21709.205825025627, ""13"": 21728.908465219305, ""14"": 21762.6535918689, ""15"": 21811.01329961603}",14.233606338500977
mueller_brown,subsample,vae,4000,10,1,5,3,3,0.0865,6,0.2176332080100035,0.4939992875435946,0,14,0.1017885221059733,0.3960027944580195,0,2,0.934793643438541,0.8460297614630207,0,2,0.934793643438541,0.8460297614630207,0,2,0.934793643438541,0.8460297614630207,0,0.4511908381096319,0.5561563472379445,1.0075,"{""1"": 22334.86703241324, ""2"": 21647.570343696018, ""3"": 21588.423160171023, ""4"": 21642.76218135365, ""5"": 21572.397915395864, ""6"": 21556.86997217734, ""7"": 21590.503746941933, ""8"": 21620.120911314123, ""9"": 21632.809438420805, ""10"": 21651.444997554856, ""11"": 21660.277394987304, ""12"": 21689.1255950076, ""13"": 21731.027376083555, ""14"": 21751.20006737159, ""15"": 21814.77975702821}",14.936537742614746
mueller_brown,subsample,vae,4000,10,1,6,3,3,0.06125,4,0.29929723435878897,0.47876818653961295,0,12,0.1053724573728024,0.37925971043876433,0,2,0.9575945107373854,0.8691744294320395,0,2,0.9575945107373854,0.8691744294320395,0,3,0.368429195635886,0.5642402442170658,0,0.368429195635886,0.5642402442170658,0.8569999999999999,"{""1"": 22442.140685958584, ""2"": 21909.597040507153, ""3"": 21857.170321110974, ""4"": 21830.751136898434, ""5"": 21849.899299309785, ""6"": 21890.972268667585, ""7"": 21897.92961958333, ""8"": 21905.407616606808, ""9"": 21912.461778548593, ""10"": 21936.197721439716, ""11"": 21982.45530890126, ""12"": 22009.95390910495, ""13"": 22059.91297501669, ""14"": 22105.16966809562, ""15"": 22186.939264026063}",14.855741500854492
mueller_brown,subsample,vae,4000,10,1,7,3,3,0.08475,4,0.4858545323361667,0.6503074662454147,0,12,0.1743385714610647,0.44737852395162864,0,2,0.9316862354190785,0.855246134477421,0,2,0.9316862354190785,0.855246134477421,0,2,0.9316862354190785,0.855246134477421,0,0.5240008541165554,0.603391707821475,0.5415,"{""1"": 22484.291197828716, ""2"": 21440.325128954617, ""3"": 21285.1349652905, ""4"": 21140.177033270127, ""5"": 21154.452594354163, ""6"": 21172.628077205994, ""7"": 21192.536513468975, ""8"": 21227.19347320722, ""9"": 21251.78391587388, ""10"": 21283.788207107835, ""11"": 21314.64666228365, ""12"": 21313.52018485504, ""13"": 21370.067815452807, ""14"": 21397.859415300667, ""15"": 21435.372799369477}",14.635297536849976
mueller_brown,subsample,vae,4000,10,1,8,3,3,0.06425,5,0.300857336038058,0.5366128953886921,0,15,0.09128158186184164,0.3658258980821678,1,1,0.0,0.0,0,2,0.8574123430454003,0.7314131521845804,0,2,0.8574123430454003,0.7314131521845804,0,0.5662538092374754,0.6024475476026249,0.7680000000000001,"{""1"": 22194.17867792313, ""2"": 21946.581930105847, ""3"": 21698.120233362984, ""4"": 21703.27666907963, ""5"": 21566.143133270285, ""6"": 21601.066878862, ""7"": 21573.601502252826, ""8"": 21614.754721622503, ""9"": 21644.703404244512, ""10"": 21669.49442505798, ""11"": 21732.48747610271, ""12"": 21752.6158843201, ""13"": 21784.630416834832, ""14"": 21801.81336731522, ""15"": 21790.445340666938}",14.538598775863647
mueller_brown,subsample,vae,4000,10,1,9,3,3,0.09475,4,0.4738190638843706,0.636246499397315,0,14,0.13881303225039227,0.4254328870888994,0,2,0.9340656801030496,0.8616024949163671,0,2,0.9340656801030496,0.8616024949163671,0,2,0.9340656801030496,0.8616024949163671,0,0.5401444101746957,0.608014051665168,0.5605,"{""1"": 22345.483651151553, ""2"": 21297.398781482305, ""3"": 21222.109343104064, ""4"": 21117.113262576462, ""5"": 21183.307468401537, ""6"": 21216.92487129563, ""7"": 21210.749832329875, ""8"": 21180.053754884742, ""9"": 21196.165579146513, ""10"": 21228.208571198178, ""11"": 21274.774093501383, ""12"": 21295.814075622697, ""13"": 21361.52653138134, ""14"": 21348.222921635883, ""15"": 21417.544193646892}",14.57306718826294
mueller_brown,subsample,vae,4000,10,1,10,3,3,0.08825,4,0.47462657934857516,0.637298090699672,0,10,0.19419121844534432,0.46875618935046853,0,1,0.0,0.0,0,2,0.9083985777849569,0.8140354806370564,0,2,0.9083985777849569,0.8140354806370564,0,0.581928568448935,0.589533969021276,0.5980000000000001,"{""1"": 22189.525020599984, ""2"": 21744.377134887258, ""3"": 21608.876440422235, ""4"": 21413.530572323492, ""5"": 21438.52283941354, ""6"": 21506.918263850635, ""7"": 21464.35471477843, ""8"": 21548.843718250566, ""9"": 21533.413000529505, ""10"": 21550.406691405595, ""11"": 21610.69013677955, ""12"": 21657.892691402285, ""13"": 21696.184674862787, ""14"": 21726.159763856413, ""15"": 21784.189661140932}",14.396788835525513
mueller_brown,subsample,vae,4000,10,1,11,3,3,0.07575,9,0.17635967617303974,0.4572581867933351,0,11,0.13795470993199377,0.4232731246198261,0,2,0.947090203362923,0.8659380727642644,0,2,0.947090203362923,0.8659380727642644,0,2,0.947090203362923,0.8659380727642644,0,0.43089191930851517,0.61174484416876,1.137,"{""1"": 22118.249995559036, ""2"": 21434.87034049126, ""3"": 21344.446544343937, ""4"": 21260.846881983292, ""5"": 21259.617433404455, ""6"": 21264.665363615764, ""7"": 21221.49356648265, ""8"": 21188.615174347837, ""9"": 21171.61101652732, ""10"": 21198.878164192196, ""11"": 21203.284083180926, ""12"": 21271.278410417508, ""13"": 21294.4327141597, ""14"": 21369.50510229119, ""15"": 21370.59043817038}",15.238101720809937
mueller_brown,subsample,vae,4000,10,1,12,3,3,0.06475,4,0.3246393945911869,0.4838566799050194,0,14,0.0806070764293084,0.3533512957568088,0,2,0.9542722172402744,0.8610446448897441,0,2,0.9542722172402744,0.8610446448897441,0,3,0.3536133180939149,0.5534640743321009,0,0.3536133180939149,0.5534640743321009,0.7264999999999999,"{""1"": 22294.02241563453, ""2"": 21416.464164495446, ""3"": 21479.371694794183, ""4"": 21295.34229421719, ""5"": 21309.15975327057, ""6"": 21421.396793479533, ""7"": 21363.471236324538, ""8"": 21399.583425704986, ""9"": 21448.998076414784, ""10"": 21418.103458292462, ""11"": 21444.322356083878, ""12"": 21495.109711509653, ""13"": 21534.42052688238, ""14"": 21557.599378493742, ""15"": 21602.096492407036}",14.333696842193604
mueller_brown,subsample,vae,4000,10,1,13,3,3,0.06175,5,0.32192081763265296,0.5433645762630407,0,14,0.07530075547907379,0.34371450417773997,0,2,0.9609935097728849,0.8701281501803332,0,2,0.9609935097728849,0.8701281501803332,0,3,0.38615656058747355,0.542661377965187,0,0.38615656058747355,0.542661377965187,0.684,"{""1"": 22398.696112026682, ""2"": 21639.81775365635, ""3"": 21590.62133515722, ""4"": 21557.44742606261, ""5"": 21504.20021637906, ""6"": 21552.727886087494, ""7"": 21554.873032014108, ""8"": 21573.056219953236, ""9"": 21569.992384403547, ""10"": 21620.88648505701, ""11"": 21629.26427876691, ""12"": 21678.862957841226, ""13"": 21693.63578809009, ""14"": 21729.315606460314, ""15"": 21772.589565601906}",14.400488138198853
mueller_brown,subsample,vae,4000,10,1,14,3,3,0.06475,5,0.3450926778347578,0.5529434905854185,0,10,0.14766159264091533,0.4338701687735597,0,2,0.954882119986316,0.8763079666759229,0,2,0.954882119986316,0.8763079666759229,0,3,0.4001424093456985,0.5587576024542985,0,0.4001424093456985,0.5587576024542985,0.6835,"{""1"": 22253.15317502074, ""2"": 21656.549837050727, ""3"": 21581.96632803291, ""4"": 21561.667819591083, ""5"": 21542.837858626415, ""6"": 21563.09334308002, ""7"": 21607.953267232482, ""8"": 21598.64024049762, ""9"": 21589.027899782384, ""10"": 21617.842383191273, ""11"": 21670.71281769752, ""12"": 21702.434346383194, ""13"": 21737.831254067252, ""14"": 21774.18687520881, ""15"": 21813.529065634724}",14.296783924102783
mueller_brown,subsample,vae,4000,10,1,15,3,3,0.0635,5,0.3200004486278518,0.5148093279148956,0,12,0.0837801479309053,0.34093225736900246,0,2,0.9681133911957825,0.8780831885028179,0,2,0.9681133911957825,0.8780831885028179,0,3,0.34677626180605753,0.5264722894881249,0,0.34677626180605753,0.5264722894881249,0.6505,"{""1"": 22377.557847483706, ""2"": 21569.993463510364, ""3"": 21518.043411907296, ""4"": 21472.73272580201, ""5"": 21395.99890294169, ""6"": 21451.276436399483, ""7"": 21481.981887981212, ""8"": 21514.9214384049, ""9"": 21557.70416731493, ""10"": 21600.27731912729, ""11"": 21645.97997042546, ""12"": 21644.802502306033, ""13"": 21696.423785888706, ""14"": 21755.97993819632, ""15"": 21781.076833235456}",14.394968032836914
mueller_brown,subsample,vae,4000,10,1,16,3,3,0.0645,3,0.4076831391128568,0.5635017812097122,0,10,0.1221927208642235,0.3735126063165784,0,2,0.9591475952309744,0.8825183637602274,0,2,0.9591475952309744,0.8825183637602274,0,3,0.4076831391128568,0.5635017812097122,0,0.4076831391128568,0.5635017812097122,0.5740000000000001,"{""1"": 22294.761330530957, ""2"": 21636.875991455447, ""3"": 21591.11849220731, ""4"": 21619.252369084104, ""5"": 21635.050474736017, ""6"": 21622.414318288113, ""7"": 21639.007169566197, ""8"": 21626.992934363578, ""9"": 21707.384383970468, ""10"": 21686.7837034693, ""11"": 21791.55949641546, ""12"": 21832.01238855233, ""13"": 21888.48915240034, ""14"": 21918.583220975404, ""15"": 21965.015877750702}",14.319430351257324
mueller_brown,subsample,vae,4000,10,1,17,3,3,0.071,3,0.5994355951114475,0.6168148491447771,0,13,0.10882915077151954,0.4012603940496108,0,2,0.9488837189607878,0.8664156226814985,0,2,0.9488837189607878,0.8664156226814985,0,2,0.9488837189607878,0.8664156226814985,0,0.5994355951114475,0.6168148491447771,0.2790000000000001,"{""1"": 22214.57571277202, ""2"": 21629.21799398704, ""3"": 21458.12441914412, ""4"": 21496.66039171089, ""5"": 21533.71225229337, ""6"": 21557.424095463994, ""7"": 21508.056026884646, ""8"": 21525.993384836253, ""9"": 21534.61979872648, ""10"": 21586.3912801104, ""11"": 21600.643663786446, ""12"": 21657.09213785271, ""13"": 21675.071461589745, ""14"": 21744.15325342368, ""15"": 21793.01891814846}",14.491024494171143
mueller_brown,subsample,vae,4000,10,1,18,3,3,0.03175,6,0.08697116030594584,0.28939644268423187,0,15,0.029510156278404042,0.1974172100399198,1,1,0.0,0.0,0,2,0.3125434393223149,0.26617017041492624,0,2,0.3125434393223149,0.26617017041492624,0,0.18196547353785453,0.2933942866483686,1.148,"{""1"": 22374.632951681677, ""2"": 21964.29977135154, ""3"": 22002.700008531454, ""4"": 21742.980811334524, ""5"": 21795.30888857085, ""6"": 21707.66279714714, ""7"": 21792.53408782102, ""8"": 21754.38297175763, ""9"": 21804.30374731943, ""10"": 21848.014525001483, ""11"": 21866.62605481929, ""12"": 21891.93919788097, ""13"": 21920.500259173376, ""14"": 21965.220494751695, ""15"": 21993.90144321241}",14.649139642715454
mueller_brown,subsample,vae,4000,10,1,19,3,3,0.06275,4,0.3027527329297013,0.4666339644300598,0,14,0.07856662527572573,0.34014990828071734,0,1,0.0,0.0,0,3,0.557719529291757,0.5676084822578294,0,3,0.557719529291757,0.5676084822578294,0,0.557719529291757,0.5676084822578294,0.699,"{""1"": 22470.078714953343, ""2"": 21887.784868017923, ""3"": 21551.998578997554, ""4"": 21547.164605256312, ""5"": 21584.861219902272, ""6"": 21665.930695295607, ""7"": 21670.547691239735, ""8"": 21572.79025781404, ""9"": 21677.133903144288, ""10"": 21703.664680415055, ""11"": 21708.42531505912, ""12"": 21737.601076546092, ""13"": 21756.25495922115, ""14"": 21788.322580615833, ""15"": 21846.387219909884}",14.65108585357666
mueller_brown,subsample,vae,8000,10,1,0,3,3,0.093,6,0.4191371681963112,0.6080734752788755,0,15,0.1335361214260967,0.43566444113976766,1,2,0.9247138009271733,0.8645787955616407,0,2,0.9247138009271733,0.8645787955616407,0,2,0.9247138009271733,0.8645787955616407,0,0.44771765157660354,0.6341164513691142,0.6099999999999999,"{""1"": 44942.791484231435, ""2"": 43160.350774796854, ""3"": 43079.32083941301, ""4"": 42811.11006349416, ""5"": 42825.91977923835, ""6"": 42676.81980833863, ""7"": 42685.97509055586, ""8"": 42698.26207825267, ""9"": 42815.84491211023, ""10"": 42877.31498867828, ""11"": 42833.074858506334, ""12"": 42887.63919318099, ""13"": 42907.22587932886, ""14"": 42954.85803295567, ""15"": 42960.23519482294}",22.729103326797485
mueller_brown,subsample,vae,8000,10,1,1,3,3,0.0835,9,0.1792250729964836,0.46658645086792117,0,14,0.11273073955160304,0.4080875840169513,0,2,0.9345910920685694,0.8545484628622515,0,2,0.9345910920685694,0.8545484628622515,0,2,0.9345910920685694,0.8545484628622515,0,0.5439496963942128,0.5922055606020763,1.1125,"{""1"": 44318.15726980126, ""2"": 42775.5604809796, ""3"": 42501.40704436143, ""4"": 42553.429475456614, ""5"": 42429.9468567261, ""6"": 42344.41175515092, ""7"": 42340.29391740998, ""8"": 42348.261541493666, ""9"": 42339.12545015416, ""10"": 42370.24933039731, ""11"": 42379.22267570991, ""12"": 42364.48413294354, ""13"": 42452.1089872726, ""14"": 42414.73325720132, ""15"": 42508.138729739316}",23.07293438911438
mueller_brown,subsample,vae,8000,10,1,2,3,3,0.098375,7,0.28762957615944096,0.5490908617625003,0,15,0.126615950436599,0.43451477905521885,1,2,0.9213162464515888,0.8519062161009939,0,2,0.9213162464515888,0.8519062161009939,0,2,0.9213162464515888,0.8519062161009939,0,0.5669413501671877,0.6058954714465135,0.8285,"{""1"": 44560.25187723019, ""2"": 43016.32087470659, ""3"": 42913.993227607396, ""4"": 42853.48571141506, ""5"": 42837.59896501742, ""6"": 42761.633475505805, ""7"": 42554.09709294254, ""8"": 42599.670426370976, ""9"": 42643.753180321895, ""10"": 42666.798622352864, ""11"": 42660.40917211947, ""12"": 42742.349354714876, ""13"": 42711.75775408156, ""14"": 42730.59976553469, ""15"": 42673.61386074253}",23.046292066574097
mueller_brown,subsample,vae,8000,10,1,3,3,3,0.067625,12,0.1461468374837776,0.4182423849088715,0,12,0.1461468374837776,0.4182423849088715,0,2,0.9451752385860515,0.8590480708124528,0,2,0.9451752385860515,0.8590480708124528,0,3,0.4749926080624813,0.5744805118334066,0,0.4749926080624813,0.5744805118334066,1.129,"{""1"": 44791.54942844275, ""2"": 43195.70706296228, ""3"": 42762.78509971454, ""4"": 42775.80059914925, ""5"": 42535.88233869759, ""6"": 42604.98038033697, ""7"": 42548.37645052401, ""8"": 42489.58358677308, ""9"": 42547.54228012829, ""10"": 42482.12168220513, ""11"": 42554.92354040483, ""12"": 42443.50728079666, ""13"": 42589.29382580394, ""14"": 42641.275096877005, ""15"": 42606.21893596424}",22.85113835334778
mueller_brown,subsample,vae,8000,10,1,4,3,3,0.08225,4,0.4158027860289191,0.6071776888179151,0,14,0.09128958799866949,0.3730408861079709,0,2,0.9497099995945734,0.8615030552688148,0,2,0.9497099995945734,0.8615030552688148,0,2,0.9497099995945734,0.8615030552688148,0,0.420063231697107,0.5838916051086984,0.6489999999999998,"{""1"": 44790.75273852119, ""2"": 42585.42708456511, ""3"": 42272.95137523523, ""4"": 42072.828020505774, ""5"": 42084.835826518196, ""6"": 42116.59182895919, ""7"": 42127.134720488575, ""8"": 42121.20731836407, ""9"": 42090.58820003995, ""10"": 42101.31869419283, ""11"": 42140.37693595347, ""12"": 42139.25746886383, ""13"": 42204.47564719994, ""14"": 42193.05085386217, ""15"": 42292.622766148495}",22.729908227920532
mueller_brown,subsample,vae,8000,10,1,5,3,3,0.087125,11,0.13941256060730564,0.4206458687183331,0,15,0.09467485007736899,0.3826111849985545,1,2,0.9391258043618665,0.8540075664387812,0,2,0.9391258043618665,0.8540075664387812,0,3,0.4199187841472334,0.550084239831167,0,0.4199187841472334,0.550084239831167,1.12575,"{""1"": 44988.4949351241, ""2"": 43436.35478629069, ""3"": 43263.29057466964, ""4"": 43215.405707367834, ""5"": 43027.751453926125, ""6"": 43067.228126629976, ""7"": 43061.48624589172, ""8"": 43065.21345878268, ""9"": 43005.31451300469, ""10"": 43011.620609460035, ""11"": 43002.37254808102, ""12"": 43048.18346438637, ""13"": 43080.16729015418, ""14"": 43160.82638947869, ""15"": 43148.79803572351}",22.372532844543457
mueller_brown,subsample,vae,8000,10,1,6,3,3,0.060875,8,0.1751167084131509,0.43605031541337397,0,15,0.07951331251980304,0.3441097283785356,1,2,0.9610952145520842,0.8776003063774996,0,2,0.9610952145520842,0.8776003063774996,0,3,0.42059897399683405,0.5621327295540998,0,0.42059897399683405,0.5621327295540998,1.0554999999999999,"{""1"": 44660.28770903918, ""2"": 43202.80597959823, ""3"": 42947.9071365778, ""4"": 42967.22578392463, ""5"": 42917.640162079784, ""6"": 42872.56620462307, ""7"": 42936.94217206504, ""8"": 42840.97143473729, ""9"": 42946.35667638295, ""10"": 42909.62947782997, ""11"": 42904.701238403504, ""12"": 42912.37830425434, ""13"": 42972.12757008934, ""14"": 42970.87061563145, ""15"": 42983.73874292347}",22.9124972820282
mueller_brown,subsample,vae,8000,10,1,7,3,3,0.086125,7,0.28256165387296417,0.537136633109506,0,15,0.1130132076893851,0.41226331953223005,1,2,0.928942335566658,0.8492385672259328,0,2,0.928942335566658,0.8492385672259328,0,2,0.928942335566658,0.8492385672259328,0,0.42594565277687507,0.583968298401102,0.83375,"{""1"": 44804.91846553036, ""2"": 42996.5622984357, ""3"": 42943.89009129415, ""4"": 42763.269946825974, ""5"": 42621.93211187501, ""6"": 42564.24739452662, ""7"": 42449.27787282819, ""8"": 42461.23431363231, ""9"": 42492.24871070563, ""10"": 42492.306161082255, ""11"": 42518.215726357455, ""12"": 42563.20339432288, ""13"": 42601.096296703894, ""14"": 42668.150272498286, ""15"": 42680.367955664326}",23.10813546180725
mueller_brown,subsample,vae,8000,10,1,8,3,3,0.064,8,0.18193426214572495,0.45372692071085347,0,15,0.09537896486523582,0.3661628727247219,1,2,0.9480747684017112,0.8556926239353019,0,2,0.9480747684017112,0.8556926239353019,0,2,0.9480747684017112,0.8556926239353019,0,0.37529619739736053,0.5737087518007906,1.076,"{""1"": 45024.42894679195, ""2"": 42812.32609767168, ""3"": 42750.895416273495, ""4"": 42534.49704910884, ""5"": 42555.318914872296, ""6"": 42595.28440270462, ""7"": 42525.89923564502, ""8"": 42466.16134795357, ""9"": 42512.735723711434, ""10"": 42595.024126910794, ""11"": 42604.70760633578, ""12"": 42611.989010631856, ""13"": 42620.55410502694, ""14"": 42686.510791610744, ""15"": 42679.72261328246}",21.93050503730774
mueller_brown,subsample,vae,8000,10,1,9,3,3,0.09325,8,0.21081341097260478,0.4943970526555662,0,14,0.12189578239601019,0.4181627563892328,0,2,0.9269054049339136,0.8473234464262779,0,2,0.9269054049339136,0.8473234464262779,0,2,0.9269054049339136,0.8473234464262779,0,0.5236446658872617,0.591969176810957,1.0427499999999998,"{""1"": 44716.980270502434, ""2"": 43106.08414777897, ""3"": 42839.15565392969, ""4"": 42867.1397484499, ""5"": 42658.12658476825, ""6"": 42743.46038319676, ""7"": 42673.221333002635, ""8"": 42554.17175784533, ""9"": 42580.602193874634, ""10"": 42635.831885097934, ""11"": 42652.235077823214, ""12"": 42710.164224301094, ""13"": 42736.62922061855, ""14"": 42770.52922500732, ""15"": 42815.06626655021}",21.878786087036133
mueller_brown,subsample,vae,8000,10,1,10,3,3,0.088875,4,0.49900433242683817,0.6542110790048059,0,15,0.12207939339200752,0.4129889601443991,1,2,0.9270348846695519,0.854435704755415,0,2,0.9270348846695519,0.854435704755415,0,2,0.9270348846695519,0.854435704755415,0,0.48700572707441225,0.6105461415933436,0.527,"{""1"": 44463.482462304055, ""2"": 42745.505321770004, ""3"": 42453.713157311264, ""4"": 42145.56226466845, ""5"": 42164.50784552546, ""6"": 42232.99966680613, ""7"": 42283.47060306777, ""8"": 42228.37122676211, ""9"": 42272.45249620765, ""10"": 42320.23234435581, ""11"": 42337.73048391984, ""12"": 42367.157840306674, ""13"": 42385.84687591511, ""14"": 42439.289197791535, ""15"": 42458.70254022281}",22.24155616760254
mueller_brown,subsample,vae,8000,10,1,11,3,3,0.074875,9,0.1983817295433494,0.470592277794587,0,13,0.11724963495655097,0.4061893288528485,0,2,0.949674891519673,0.8727989690777707,0,2,0.949674891519673,0.8727989690777707,0,3,0.4898438684829931,0.5719780371100118,0,0.4898438684829931,0.5719780371100118,1.0385,"{""1"": 45102.521395667325, ""2"": 43787.85632206429, ""3"": 43418.61105614233, ""4"": 43435.93229740434, ""5"": 43460.78387720911, ""6"": 43456.532282880115, ""7"": 43277.18335083628, ""8"": 43241.85326986363, ""9"": 43238.668968973834, ""10"": 43309.38373397977, ""11"": 43301.6336381839, ""12"": 43319.986022469326, ""13"": 43351.06094809256, ""14"": 43399.526630389744, ""15"": 43441.24125160149}",21.73032546043396
mueller_brown,subsample,vae,8000,10,1,12,3,3,0.0635,9,0.13207156218497512,0.3841670378327883,0,11,0.10858952850783178,0.38338607134425967,0,2,0.9572592812212789,0.8675814133350301,0,2,0.9572592812212789,0.8675814133350301,0,3,0.4230363272480654,0.5285518956412619,0,0.4230363272480654,0.5285518956412619,1.1324999999999998,"{""1"": 44428.660518286815, ""2"": 43109.21156145457, ""3"": 42833.185769537, ""4"": 42813.41814228512, ""5"": 42679.55240731409, ""6"": 42815.88249821323, ""7"": 42749.95518080083, ""8"": 42754.304255625706, ""9"": 42656.77995852869, ""10"": 42664.948410531826, ""11"": 42667.92324240464, ""12"": 42714.68371173329, ""13"": 42755.62702802875, ""14"": 42794.25429379122, ""15"": 42841.97387013921}",22.547024250030518
mueller_brown,subsample,vae,8000,10,1,13,3,3,0.063375,5,0.2855521392484747,0.5005870619576045,0,15,0.08091708132315606,0.3505566791252268,1,1,0.0,0.0,0,5,0.2855521392484747,0.5005870619576045,0,3,0.4471928918105318,0.5604355711717033,0,0.4471928918105318,0.5604355711717033,0.86525,"{""1"": 45021.19162409078, ""2"": 43994.02081164472, ""3"": 43388.435750626595, ""4"": 43257.647451092744, ""5"": 43112.0522678232, ""6"": 43159.3321024775, ""7"": 43149.703692556795, ""8"": 43150.146311838434, ""9"": 43160.729591821866, ""10"": 43159.785762270556, ""11"": 43181.720944768545, ""12"": 43178.418387480684, ""13"": 43206.86613292639, ""14"": 43223.68643953994, ""15"": 43248.495246401406}",21.284580945968628
mueller_brown,subsample,vae,8000,10,1,14,3,3,0.0635,4,0.4382348307044993,0.6207944005625945,0,14,0.09417735876309632,0.3788566635740548,0,2,0.9536051797277165,0.8735264246674809,0,2,0.9536051797277165,0.8735264246674809,0,3,0.42071801929275104,0.569634475991348,0,0.42071801929275104,0.569634475991348,0.59675,"{""1"": 44786.150159940546, ""2"": 43172.041350559644, ""3"": 42887.20599344931, ""4"": 42572.628940167284, ""5"": 42646.64362537271, ""6"": 42716.386781601745, ""7"": 42744.425132607175, ""8"": 42723.29792447893, ""9"": 42772.18788401089, ""10"": 42816.819414657664, ""11"": 42792.98117593159, ""12"": 42815.63115170271, ""13"": 42853.473456885324, ""14"": 42872.884522732136, ""15"": 42915.69256924978}",22.18543291091919
mueller_brown,subsample,vae,8000,10,1,15,3,3,0.061875,8,0.12096950364194682,0.37732108857275887,0,15,0.060493126065579904,0.3064757027083735,1,2,0.9666291197065096,0.8738362104980085,0,2,0.9666291197065096,0.8738362104980085,0,3,0.39548197041398675,0.5201333684417766,0,0.39548197041398675,0.5201333684417766,1.15,"{""1"": 44893.67824509118, ""2"": 43323.541636960996, ""3"": 42944.647913452274, ""4"": 42820.15355402797, ""5"": 42860.50713258729, ""6"": 42841.1089924765, ""7"": 42830.22373754007, ""8"": 42799.57883989582, ""9"": 42848.89792780153, ""10"": 42904.99717100267, ""11"": 42945.9767178541, ""12"": 42931.05490445406, ""13"": 42955.23934141996, ""14"": 42981.4838538444, ""15"": 43020.91272823436}",21.55970287322998
mueller_brown,subsample,vae,8000,10,1,16,3,3,0.062875,9,0.13798631446876347,0.3886328888258788,0,15,0.07936475246111409,0.3546298330011367,1,2,0.9583314257957418,0.8793522638899687,0,2,0.9583314257957418,0.8793522638899687,0,3,0.41814031226233117,0.5498146099885842,0,0.41814031226233117,0.5498146099885842,1.11625,"{""1"": 45036.066338888115, ""2"": 43929.894446614744, ""3"": 43711.9260140204, ""4"": 43747.05033317033, ""5"": 43665.79637697498, ""6"": 43687.578707775734, ""7"": 43665.5625337418, ""8"": 43643.1209910338, ""9"": 43595.46560255945, ""10"": 43655.11311316842, ""11"": 43671.739095470715, ""12"": 43726.36535044287, ""13"": 43762.98222857378, ""14"": 43784.571321938296, ""15"": 43820.67274133997}",22.27451252937317
mueller_brown,subsample,vae,8000,10,1,17,3,3,0.070625,8,0.17751271301027702,0.44476131258557994,0,14,0.10153009777398184,0.3843213633114663,0,1,0.0,0.0,0,2,0.9373897402389082,0.8388817243107916,0,2,0.9373897402389082,0.8388817243107916,0,0.5016671136344549,0.5786986334194542,1.11125,"{""1"": 44199.19895053888, ""2"": 43094.06871693836, ""3"": 42774.634203297646, ""4"": 42676.09028449894, ""5"": 42300.65464867435, ""6"": 42427.17092120922, ""7"": 42340.947562904235, ""8"": 42279.288411648595, ""9"": 42352.02552995867, ""10"": 42394.21435454357, ""11"": 42394.92014352675, ""12"": 42435.82863855757, ""13"": 42471.86237851674, ""14"": 42489.71991692248, ""15"": 42542.69143992324}",21.737515211105347
mueller_brown,subsample,vae,8000,10,1,18,3,3,0.031875,8,0.057489662905424746,0.2418211915952013,0,15,0.025216060308590995,0.18346084630329115,1,1,0.0,0.0,0,2,0.38562920011012997,0.31171508480216314,0,2,0.38562920011012997,0.31171508480216314,0,0.27282351414618516,0.43174212225297187,1.271,"{""1"": 44654.937789476986, ""2"": 43811.21913412294, ""3"": 43126.94089425171, ""4"": 43164.9590078074, ""5"": 43259.75629091745, ""6"": 43221.553087970744, ""7"": 43224.93420069444, ""8"": 42806.152521504584, ""9"": 43314.76841467807, ""10"": 42906.847000443915, ""11"": 42923.10168790275, ""12"": 42987.697943673375, ""13"": 43023.72530424997, ""14"": 43069.59076959597, ""15"": 43086.5344908794}",22.026921272277832
mueller_brown,subsample,vae,8000,10,1,19,3,3,0.06225,9,0.12793402161869943,0.37886259232160974,0,12,0.10082991993739081,0.3612202458718956,0,1,0.0,0.0,0,3,0.5192576828505474,0.5553104980788293,0,3,0.5192576828505474,0.5553104980788293,0,0.5192576828505474,0.5553104980788293,1.1684999999999999,"{""1"": 44655.15603399215, ""2"": 43335.006633645055, ""3"": 42593.614416042874, ""4"": 42525.23817572294, ""5"": 42516.77330013112, ""6"": 42632.10516218325, ""7"": 42559.558101731935, ""8"": 42444.703523459175, ""9"": 42427.32318307355, ""10"": 42449.49165072323, ""11"": 42437.32183871716, ""12"": 42454.911380713274, ""13"": 42503.83434566688, ""14"": 42561.76882220296, ""15"": 42630.558446150935}",22.84578800201416
mueller_brown,subsample,vae,16000,10,1,0,3,3,0.0920625,8,0.2295115078273817,0.5052998215635935,0,14,0.15392072084537958,0.44633341237725355,0,2,0.9246389524459953,0.8624117825520649,0,2,0.9246389524459953,0.8624117825520649,0,2,0.9246389524459953,0.8624117825520649,0,0.44568159644874594,0.6379771668116014,1.024,"{""1"": 89126.32094155595, ""2"": 86189.68305730978, ""3"": 85945.41512321885, ""4"": 85411.09723160518, ""5"": 85444.16557211806, ""6"": 85433.90160128872, ""7"": 85133.93878683075, ""8"": 85055.39377046267, ""9"": 85182.77336860352, ""10"": 85113.57299903527, ""11"": 85251.0687986051, ""12"": 85083.20578444455, ""13"": 85154.0237617606, ""14"": 85125.77509034392, ""15"": 85175.31517021636}",64.8445212841034
mueller_brown,subsample,vae,16000,10,1,1,3,3,0.081,7,0.2331409689900431,0.48734719152973016,0,15,0.0993809882708584,0.3932757995573553,1,2,0.935957519511774,0.8533972114770153,0,2,0.935957519511774,0.8533972114770153,0,3,0.4896306352762568,0.5960308022209361,0,0.4896306352762568,0.5960308022209361,0.9473749999999999,"{""1"": 89322.12317386837, ""2"": 85620.67027321602, ""3"": 85039.17381067165, ""4"": 84448.24354173042, ""5"": 84514.27565028459, ""6"": 84436.04133717131, ""7"": 84281.04322790784, ""8"": 84469.92732860269, ""9"": 84289.35316916418, ""10"": 84391.56654318022, ""11"": 84343.61656019081, ""12"": 84409.65399629658, ""13"": 84441.98972268499, ""14"": 84451.236627871, ""15"": 84461.85222778934}",64.40071058273315
mueller_brown,subsample,vae,16000,10,1,2,3,3,0.097625,10,0.17529240804362597,0.4754619820778809,0,15,0.11579276509408239,0.4200305222219352,1,2,0.9237915409529116,0.8569265569121898,0,2,0.9237915409529116,0.8569265569121898,0,2,0.9237915409529116,0.8569265569121898,0,0.5249115138185134,0.5920612276338358,1.137625,"{""1"": 89479.35286592724, ""2"": 86100.65016136461, ""3"": 85793.75886285747, ""4"": 85537.96328410922, ""5"": 85324.83869534246, ""6"": 85157.44663112963, ""7"": 84906.871306213, ""8"": 84969.37597385992, ""9"": 85004.52517430662, ""10"": 84895.14186114943, ""11"": 85021.71348069566, ""12"": 85105.25588993519, ""13"": 85097.73720879522, ""14"": 85178.6039987786, ""15"": 85105.15290617628}",64.9303834438324
mueller_brown,subsample,vae,16000,10,1,3,3,3,0.06675,9,0.16650111370086218,0.44077283183550126,0,15,0.09355937834547357,0.37867776359348565,1,2,0.9496399546795493,0.868352342364867,0,2,0.9496399546795493,0.868352342364867,0,3,0.4367609829359816,0.5763825049289143,0,0.4367609829359816,0.5763825049289143,1.077125,"{""1"": 89309.54247339512, ""2"": 86443.93540890086, ""3"": 85913.07406300335, ""4"": 85763.61486757227, ""5"": 85616.5694846097, ""6"": 85455.88411130705, ""7"": 85232.7885407719, ""8"": 85347.1015485107, ""9"": 85075.28774492859, ""10"": 85209.25002040598, ""11"": 85116.78827014638, ""12"": 85155.58125541097, ""13"": 85148.58810618281, ""14"": 85194.17971893937, ""15"": 85127.74308662239}",64.06947612762451
mueller_brown,subsample,vae,16000,10,1,4,3,3,0.082125,9,0.1486067367565891,0.4235987615553252,0,15,0.09021107205741541,0.37343853997335197,1,1,0.0,0.0,0,2,0.9304692111310149,0.8226645929418405,0,2,0.9304692111310149,0.8226645929418405,0,0.44043446714571105,0.561650533790673,1.1601249999999999,"{""1"": 88578.26278430663, ""2"": 86570.39033472723, ""3"": 86215.72770364516, ""4"": 86064.28077074428, ""5"": 85528.5697592355, ""6"": 85593.65101242662, ""7"": 85553.64538356318, ""8"": 85486.08891430522, ""9"": 85471.46139506521, ""10"": 85569.38321108161, ""11"": 85555.82829617942, ""12"": 85592.61547071727, ""13"": 85641.3421364431, ""14"": 85686.1678817391, ""15"": 85581.19560462765}",61.35600566864014
mueller_brown,subsample,vae,16000,10,1,5,3,3,0.0873125,13,0.13164431372432586,0.4099003603469015,0,15,0.10270395358990161,0.391711973978772,1,1,0.0,0.0,0,2,0.9163705279609402,0.812229099402218,0,2,0.9163705279609402,0.812229099402218,0,0.5430863914466646,0.5798954826329568,1.143,"{""1"": 87852.58019873117, ""2"": 85791.03706618368, ""3"": 85087.73370172159, ""4"": 84229.80273014822, ""5"": 84131.88498645589, ""6"": 84239.40593535772, ""7"": 84197.28996026953, ""8"": 84047.20269005463, ""9"": 83934.63520988254, ""10"": 84003.09981496341, ""11"": 83888.77734978312, ""12"": 83908.2909467221, ""13"": 83772.06336341242, ""14"": 83976.1696725306, ""15"": 83861.3853409257}",62.402520418167114
mueller_brown,subsample,vae,16000,10,1,6,3,3,0.0615,9,0.12790821571143488,0.38779654700185723,0,15,0.07754153882956738,0.34297434985175657,1,2,0.9599738502471874,0.8750401714898175,0,2,0.9599738502471874,0.8750401714898175,0,3,0.3861275314596836,0.568510423900899,0,0.3861275314596836,0.568510423900899,1.2255000000000003,"{""1"": 89658.75780896787, ""2"": 85868.47069172615, ""3"": 85663.85543036177, ""4"": 85360.52394366667, ""5"": 85302.43748204561, ""6"": 85185.03116893682, ""7"": 85176.1994487438, ""8"": 85220.4657024585, ""9"": 84943.69044047383, ""10"": 85042.09548023803, ""11"": 85115.92976458422, ""12"": 85065.10345873017, ""13"": 84974.50964656903, ""14"": 85031.48027379044, ""15"": 85055.67668601136}",63.60323476791382
mueller_brown,subsample,vae,16000,10,1,7,3,3,0.0855625,11,0.16222779858237524,0.4461357503716696,0,12,0.14230459238494983,0.4330282322780452,0,2,0.9348059485537117,0.8625161802787851,0,2,0.9348059485537117,0.8625161802787851,0,2,0.9348059485537117,0.8625161802787851,0,0.5083014347936061,0.6011615985425061,1.165375,"{""1"": 89341.81931720098, ""2"": 85851.35044621605, ""3"": 84953.55525700618, ""4"": 84401.46937709223, ""5"": 84354.29980822671, ""6"": 84281.89814869978, ""7"": 84053.53511444828, ""8"": 84079.95787302376, ""9"": 84173.2813826275, ""10"": 84052.2183883454, ""11"": 84029.72566233335, ""12"": 84061.76276790109, ""13"": 84126.56030188911, ""14"": 84170.88912232894, ""15"": 84255.0595573957}",64.58053731918335
mueller_brown,subsample,vae,16000,10,1,8,3,3,0.06375,10,0.13512148042057875,0.41442740295608343,0,14,0.09978438745128791,0.3746126943062301,0,2,0.9581661530524043,0.878026026837559,0,2,0.9581661530524043,0.878026026837559,0,3,0.3938858091568821,0.5580319441525443,0,0.3938858091568821,0.5580319441525443,1.1683750000000002,"{""1"": 89159.03809573984, ""2"": 86338.52845801694, ""3"": 85960.74666117514, ""4"": 85958.74305705934, ""5"": 85856.16194892664, ""6"": 85555.74298596085, ""7"": 85495.48376234768, ""8"": 85534.83384442177, ""9"": 85332.34225024165, ""10"": 85246.483724861, ""11"": 85305.71215618176, ""12"": 85344.9608374828, ""13"": 85335.10071067183, ""14"": 85360.72374687203, ""15"": 85435.06959850376}",63.74925708770752
mueller_brown,subsample,vae,16000,10,1,9,3,3,0.09375,11,0.16047688916160635,0.4476796913822301,0,14,0.1309371848050186,0.4234946957402617,0,2,0.9338058139612492,0.8618791551219915,0,2,0.9338058139612492,0.8618791551219915,0,2,0.9338058139612492,0.8618791551219915,0,0.4588764800250156,0.5923603314701574,1.124125,"{""1"": 87918.11968982188, ""2"": 84499.97570855495, ""3"": 84109.3349857665, ""4"": 83992.26462824497, ""5"": 83566.04102345709, ""6"": 83715.87603006748, ""7"": 83733.11831678494, ""8"": 83420.11061914738, ""9"": 83177.8812489151, ""10"": 83247.05260157536, ""11"": 83110.18082230775, ""12"": 83265.84905717074, ""13"": 83227.25644576272, ""14"": 83234.85317862278, ""15"": 83323.3522898306}",65.54120206832886
mueller_brown,subsample,vae,16000,10,1,10,3,3,0.08825,8,0.21997345450154296,0.4802082859577746,0,15,0.12415666542657694,0.4221967486320461,1,1,0.0,0.0,0,2,0.9228188995622517,0.8411953346531035,0,2,0.9228188995622517,0.8411953346531035,0,0.6465148162864113,0.6202461075812195,0.94,"{""1"": 87065.80601539562, ""2"": 85468.41834783713, ""3"": 84751.28238992163, ""4"": 84185.28349225603, ""5"": 83865.63156048379, ""6"": 84039.1008268333, ""7"": 83836.45329950299, ""8"": 83632.24012743168, ""9"": 83713.59953754814, ""10"": 83738.84474681244, ""11"": 83811.26333349543, ""12"": 83764.9689590954, ""13"": 83728.02624635282, ""14"": 83780.78152188512, ""15"": 83793.37648835173}",63.053321838378906
mueller_brown,subsample,vae,16000,10,1,11,3,3,0.0755625,9,0.21555509111260243,0.4757295957617721,0,15,0.09979854442188246,0.38786109378095013,1,1,0.0,0.0,0,2,0.9400682190232494,0.8491470466681394,0,2,0.9400682190232494,0.8491470466681394,0,0.4510841459322011,0.5889054293607121,1.0034999999999998,"{""1"": 87623.19033068087, ""2"": 85580.59574384897, ""3"": 85033.41129571755, ""4"": 84659.72963898504, ""5"": 84183.02588078518, ""6"": 84135.33530230526, ""7"": 83847.68132598262, ""8"": 83781.27829879927, ""9"": 83612.25337966387, ""10"": 83663.03059816363, ""11"": 83646.34911842081, ""12"": 83626.36598659665, ""13"": 83654.65693653945, ""14"": 83650.7931877361, ""15"": 83687.67794527652}",62.545321226119995
mueller_brown,subsample,vae,16000,10,1,12,3,3,0.0659375,10,0.12989375759270794,0.39682255672633154,0,13,0.08866111528513938,0.36493883290311835,0,2,0.9493274353560863,0.8519576084403663,0,2,0.9493274353560863,0.8519576084403663,0,3,0.3649529654074425,0.5700961434206236,0,0.3649529654074425,0.5700961434206236,1.1877499999999999,"{""1"": 89246.56244072458, ""2"": 85504.83404857687, ""3"": 85193.48520026263, ""4"": 84707.1309464474, ""5"": 84755.86317102819, ""6"": 84739.04959735271, ""7"": 84618.81998287392, ""8"": 84675.89264426641, ""9"": 84550.55411801055, ""10"": 84467.87232491959, ""11"": 84503.54910891702, ""12"": 84544.15244052891, ""13"": 84538.15031786563, ""14"": 84623.52041816931, ""15"": 84671.35061340207}",63.51191306114197
mueller_brown,subsample,vae,16000,10,1,13,3,3,0.063875,13,0.08094870355116952,0.35205642821252825,0,13,0.08094870355116952,0.35205642821252825,0,2,0.9553319038942522,0.8588721474741577,0,2,0.9553319038942522,0.8588721474741577,0,3,0.36271824021383875,0.5254590044140272,0,0.36271824021383875,0.5254590044140272,1.3775000000000004,"{""1"": 89115.95946749506, ""2"": 85877.09464363156, ""3"": 85485.54008794932, ""4"": 85379.61296631469, ""5"": 85153.14332554834, ""6"": 85169.08103388996, ""7"": 84946.77293112774, ""8"": 85004.19742534398, ""9"": 84813.22525969727, ""10"": 84776.65942698209, ""11"": 84760.65573606007, ""12"": 84793.82726434579, ""13"": 84655.5659301487, ""14"": 84722.60255952833, ""15"": 84751.82777863479}",63.181899309158325
mueller_brown,subsample,vae,16000,10,1,14,3,3,0.0635,15,0.10087772301769189,0.3814400696968861,1,15,0.10087772301769189,0.3814400696968861,1,1,0.0,0.0,0,2,0.6922826723809428,0.5829868614900731,0,2,0.6922826723809428,0.5829868614900731,0,0.5225714973559259,0.5638951828007425,1.293375,"{""1"": 88181.84746416367, ""2"": 87214.35612037002, ""3"": 85749.15439732718, ""4"": 84947.89535867337, ""5"": 85201.94817593912, ""6"": 84962.0903518526, ""7"": 84780.72036336148, ""8"": 84838.53006014555, ""9"": 84845.67282106237, ""10"": 84784.59989153524, ""11"": 84819.642377817, ""12"": 84818.65097018657, ""13"": 84729.63260327873, ""14"": 84840.41674692184, ""15"": 84628.20176153746}",62.78835654258728
mueller_brown,subsample,vae,16000,10,1,15,3,3,0.0630625,14,0.07005198699105278,0.32053147644443547,0,15,0.0658119056073511,0.31286606955297414,1,1,0.0,0.0,0,2,0.5897364816536362,0.48120441963413685,0,3,0.35238146256576497,0.5140445327685382,0,0.35238146256576497,0.5140445327685382,1.40075,"{""1"": 89362.37228993383, ""2"": 87889.2684673716, ""3"": 86671.71589678267, ""4"": 86508.66297002748, ""5"": 86516.01547863592, ""6"": 86493.74453119432, ""7"": 86340.45251048691, ""8"": 86312.56427119616, ""9"": 86295.2852238759, ""10"": 86301.88565413764, ""11"": 86244.3190292198, ""12"": 86286.72899419136, ""13"": 86188.2712166466, ""14"": 86183.08793546002, ""15"": 86201.61832092691}",61.38404989242554
mueller_brown,subsample,vae,16000,10,1,16,3,3,0.0643125,7,0.16965970450315168,0.4297179782273775,0,15,0.07951263407840543,0.35734180842170143,1,2,0.952705204942265,0.8681574923020973,0,2,0.952705204942265,0.8681574923020973,0,3,0.39433465376328497,0.5542570170112623,0,0.39433465376328497,0.5542570170112623,1.141625,"{""1"": 89113.28016504913, ""2"": 86532.67667991544, ""3"": 86066.54058151651, ""4"": 86029.63730853712, ""5"": 85971.00016592354, ""6"": 85847.91694889827, ""7"": 85677.94642492128, ""8"": 85777.00766823566, ""9"": 85705.36203391221, ""10"": 85704.60401020538, ""11"": 85721.83752193888, ""12"": 85747.77184909291, ""13"": 85892.31809736206, ""14"": 85805.1225930066, ""15"": 85844.48342684243}",64.51349639892578
mueller_brown,subsample,vae,16000,10,1,17,3,3,0.070875,10,0.15356427683126922,0.43438729443502105,0,14,0.1025607628977243,0.38575826439373756,0,1,0.0,0.0,0,2,0.9494834994395738,0.8674564060423988,0,3,0.5158695452464913,0.5890462167530128,0,0.5158695452464913,0.5890462167530128,1.142,"{""1"": 89433.07683538418, ""2"": 87182.93134858382, ""3"": 86557.54811496548, ""4"": 86765.47896139615, ""5"": 86375.96418859104, ""6"": 86319.0611010771, ""7"": 86098.13688983687, ""8"": 86032.64472420905, ""9"": 86029.75481356742, ""10"": 86025.9406673266, ""11"": 86070.97271177101, ""12"": 86120.03498595068, ""13"": 86172.66528044073, ""14"": 86179.8818290402, ""15"": 86254.42835004252}",62.52369999885559
mueller_brown,subsample,vae,16000,10,1,18,3,3,0.031625,8,0.05894472190486231,0.24769140490251992,0,15,0.028428954833792,0.19311943966092385,1,1,0.0,0.0,0,3,0.16406860295462392,0.29651535861448663,0,2,0.007370987643504255,0.07551587842102889,0,0.16406860295462392,0.29651535861448663,1.2595,"{""1"": 88874.6257471696, ""2"": 88913.6652265623, ""3"": 87685.81391366504, ""4"": 86457.05743923291, ""5"": 86329.70099968505, ""6"": 86464.69926399867, ""7"": 85938.0943214224, ""8"": 85836.04596448338, ""9"": 85913.01814663762, ""10"": 85905.97481088198, ""11"": 85953.65219673254, ""12"": 85990.52791021961, ""13"": 86049.6254724368, ""14"": 86103.33776680207, ""15"": 86118.78117360102}",60.97132587432861
mueller_brown,subsample,vae,16000,10,1,19,3,3,0.062875,8,0.15147621188625549,0.39046235921268196,0,13,0.07937777472970942,0.3214981339745833,0,1,0.0,0.0,0,2,0.4343655778619263,0.388172301481547,0,3,0.563891759572009,0.5622488164755934,0,0.563891759572009,0.5622488164755934,1.109625,"{""1"": 89344.80563988705, ""2"": 87210.47215681453, ""3"": 85930.42823277111, ""4"": 85876.10973500572, ""5"": 85861.19267090394, ""6"": 85954.59405071492, ""7"": 85864.59261313947, ""8"": 85537.45635679692, ""9"": 85559.62734394734, ""10"": 85559.55867202039, ""11"": 85602.6936617439, ""12"": 85562.40221908221, ""13"": 85558.05092147193, ""14"": 85669.23894809498, ""15"": 85669.56086310312}",64.34672784805298
mueller_brown,subsample,vae,32000,10,1,0,3,3,0.0914375,12,0.16474434499071122,0.4624888711991155,0,14,0.1227460533006708,0.42397102318505414,0,2,0.9219621087206281,0.857574187653542,0,2,0.9219621087206281,0.857574187653542,0,2,0.9219621087206281,0.857574187653542,0,0.4411730123177443,0.6358912157862711,1.2163124999999997,"{""1"": 179078.41132090695, ""2"": 173543.85770178025, ""3"": 173086.45637971416, ""4"": 171768.56351900005, ""5"": 171754.42967516102, ""6"": 170826.97115446508, ""7"": 170841.17234531563, ""8"": 170647.69292231472, ""9"": 170946.43325887, ""10"": 170710.38853795134, ""11"": 170458.6683763237, ""12"": 170410.70450113234, ""13"": 170541.24483627512, ""14"": 170469.913091531, ""15"": 170528.8376341027}",165.07082414627075
mueller_brown,subsample,vae,32000,10,1,1,3,3,0.08178125,15,0.10634198419799688,0.4022531632103684,1,15,0.10634198419799688,0.4022531632103684,1,2,0.9412476592637741,0.8658089497955551,0,2,0.9412476592637741,0.8658089497955551,0,2,0.9412476592637741,0.8658089497955551,0,0.5031508787273765,0.5841617270247037,1.3282500000000002,"{""1"": 179070.73728993468, ""2"": 173878.21895916492, ""3"": 172289.39587219333, ""4"": 172447.3889594189, ""5"": 171217.30992747817, ""6"": 171490.05366585284, ""7"": 170962.21386132145, ""8"": 170815.70719542057, ""9"": 170612.15934124746, ""10"": 170649.36070026347, ""11"": 170519.97844368118, ""12"": 170540.3851636152, ""13"": 170486.9737406309, ""14"": 170416.45161432654, ""15"": 170379.1716733637}",164.2464997768402
mueller_brown,subsample,vae,32000,10,1,2,3,3,0.0976875,7,0.28834788891884294,0.5421767026603803,0,14,0.13620357307881464,0.4373449845661484,0,2,0.9222223614827402,0.8536930172027468,0,2,0.9222223614827402,0.8536930172027468,0,2,0.9222223614827402,0.8536930172027468,0,0.5350165386617606,0.5965741087121997,0.8589374999999999,"{""1"": 177929.75017945806, ""2"": 170586.75951430862, ""3"": 170028.46436549674, ""4"": 169617.0890972971, ""5"": 169060.5489076105, ""6"": 168614.2073554518, ""7"": 167970.20635192006, ""8"": 167991.80882298131, ""9"": 168021.42035166934, ""10"": 168044.90408911367, ""11"": 168034.53640752498, ""12"": 168222.22455415226, ""13"": 168031.57316079902, ""14"": 168052.40512936117, ""15"": 168126.24274063777}",165.46614813804626
mueller_brown,subsample,vae,32000,10,1,3,3,3,0.066875,15,0.106698818120302,0.38863824880833303,1,15,0.106698818120302,0.38863824880833303,1,2,0.9542596949473312,0.8801455158920299,0,2,0.9542596949473312,0.8801455158920299,0,2,0.9542596949473312,0.8801455158920299,0,0.4131521124188219,0.5768213379494498,1.2885000000000002,"{""1"": 179832.7095621701, ""2"": 174621.43599206783, ""3"": 173752.09163050525, ""4"": 173094.1139151594, ""5"": 172999.00300684592, ""6"": 172970.30451747906, ""7"": 172530.5232028984, ""8"": 172823.96430027948, ""9"": 172781.4640728186, ""10"": 172245.036800155, ""11"": 172235.82866472504, ""12"": 172334.51673858546, ""13"": 172168.67220711103, ""14"": 172194.5860740063, ""15"": 172149.78423301413}",164.1957404613495
mueller_brown,subsample,vae,32000,10,1,4,3,3,0.08184375,13,0.10384809709889307,0.38315675335946275,0,15,0.09228794390173314,0.37021547805727745,1,2,0.9548709504795047,0.8751386398875235,0,2,0.9548709504795047,0.8751386398875235,0,2,0.9548709504795047,0.8751386398875235,0,0.40065121958139316,0.5679204028752756,1.287875,"{""1"": 177467.89842605247, ""2"": 171367.50030903253, ""3"": 170657.02042935192, ""4"": 170857.63394732762, ""5"": 169383.49975316357, ""6"": 169742.83813733762, ""7"": 169122.93303891557, ""8"": 169072.86430144243, ""9"": 168976.777965463, ""10"": 168964.07047203183, ""11"": 168780.8741557424, ""12"": 168769.2252441358, ""13"": 168724.1124571522, ""14"": 168762.01523558848, ""15"": 168759.07695623752}",162.39669942855835
mueller_brown,subsample,vae,32000,10,1,5,3,3,0.08690625,10,0.17598244886448106,0.4531237124879077,0,15,0.09261521972472123,0.38329002029052206,1,2,0.9421342563447912,0.8590890865771822,0,2,0.9421342563447912,0.8590890865771822,0,3,0.42033375537488843,0.5569762103812498,0,0.42033375537488843,0.5569762103812498,1.04475,"{""1"": 178210.7806069307, ""2"": 172178.71080521558, ""3"": 171042.28205501934, ""4"": 171017.439810628, ""5"": 170255.80714724836, ""6"": 170063.70283803187, ""7"": 170019.5423558511, ""8"": 169809.16787845906, ""9"": 169565.9852267642, ""10"": 169419.94143265352, ""11"": 169461.60901420287, ""12"": 169442.57355475385, ""13"": 169540.9391533677, ""14"": 169482.66197019073, ""15"": 169472.2709870304}",163.65857315063477
mueller_brown,subsample,vae,32000,10,1,6,3,3,0.06128125,14,0.07953323035491427,0.35179299493871,0,15,0.0748203734792428,0.3426962964688287,1,2,0.9624220152439178,0.8805694930675995,0,2,0.9624220152439178,0.8805694930675995,0,3,0.37971561995560205,0.5471833276342233,0,0.37971561995560205,0.5471833276342233,1.3795624999999998,"{""1"": 178722.5383431922, ""2"": 173997.07080213042, ""3"": 173113.66577186532, ""4"": 172771.30372105708, ""5"": 172539.75795147754, ""6"": 172444.61963097053, ""7"": 172117.2768473539, ""8"": 172271.0696431599, ""9"": 171889.6043009771, ""10"": 171821.83117996433, ""11"": 171738.7433834987, ""12"": 171741.9949531042, ""13"": 171867.44372272847, ""14"": 171729.4780714836, ""15"": 171760.48237114053}",161.2501072883606
mueller_brown,subsample,vae,32000,10,1,7,3,3,0.08503125,11,0.16257162445186724,0.4549750782463193,0,14,0.13164265691471966,0.4193405048439768,0,2,0.93621456433802,0.8666817538304417,0,2,0.93621456433802,0.8666817538304417,0,2,0.93621456433802,0.8666817538304417,0,0.5630102927770766,0.6087412108291076,1.1499375,"{""1"": 179583.4209395118, ""2"": 171685.22172594946, ""3"": 170825.65457005936, ""4"": 170793.52920825392, ""5"": 169722.8388168268, ""6"": 169363.04704537868, ""7"": 169375.28951181297, ""8"": 168657.2826095925, ""9"": 168608.92438231225, ""10"": 168557.11313841192, ""11"": 168522.6877570241, ""12"": 168574.6735642393, ""13"": 168600.19139710075, ""14"": 168587.87395587593, ""15"": 168682.50589495542}",167.0029752254486
mueller_brown,subsample,vae,32000,10,1,8,3,3,0.06359375,11,0.12443449800612562,0.4000928293424748,0,15,0.08624649752228561,0.363836723131687,1,2,0.9572941989091973,0.8754670901830273,0,2,0.9572941989091973,0.8754670901830273,0,3,0.3839566035172982,0.5442140590576908,0,0.3839566035172982,0.5442140590576908,1.1823750000000002,"{""1"": 177399.09338359162, ""2"": 172088.22024639908, ""3"": 171269.40391302117, ""4"": 171110.9359283617, ""5"": 171014.28250155313, ""6"": 170734.3288455349, ""7"": 170442.7399019873, ""8"": 170318.52786718527, ""9"": 170096.65769021335, ""10"": 170116.98977158117, ""11"": 169886.598396667, ""12"": 169959.65005373786, ""13"": 169893.2565919046, ""14"": 170051.84942723034, ""15"": 169939.7297687238}",163.73071551322937
mueller_brown,subsample,vae,32000,10,1,9,3,3,0.09334375,13,0.14888164094607617,0.4383649917428072,0,13,0.14888164094607617,0.4383649917428072,0,2,0.9352999237670964,0.8638955308661066,0,2,0.9352999237670964,0.8638955308661066,0,2,0.9352999237670964,0.8638955308661066,0,0.5484575366043816,0.5986257367678645,1.1350625,"{""1"": 178153.1183343303, ""2"": 171048.16813932025, ""3"": 169663.62845986575, ""4"": 169987.6663414417, ""5"": 168725.886155002, ""6"": 168327.21121669025, ""7"": 168193.50725270668, ""8"": 168267.15164909378, ""9"": 167784.30192941576, ""10"": 167863.93498034918, ""11"": 167813.38859985606, ""12"": 167745.02134710524, ""13"": 167414.36727608347, ""14"": 167707.76243248608, ""15"": 167638.5898715949}",166.31435251235962
mueller_brown,subsample,vae,32000,10,1,10,3,3,0.08821875,9,0.18830061220735023,0.46546041634457774,0,15,0.11953596753772405,0.42085322374844464,1,1,0.0,0.0,0,2,0.9165167857863019,0.8321125928359013,0,2,0.9165167857863019,0.8321125928359013,0,0.6320301154352592,0.627710614444489,1.0535625,"{""1"": 176570.61154345883, ""2"": 171603.60387983354, ""3"": 170114.14991496477, ""4"": 168638.04529333828, ""5"": 168416.4739009642, ""6"": 168507.32839537863, ""7"": 167908.82001126092, ""8"": 167936.17413686405, ""9"": 167752.93305534648, ""10"": 168096.64101039097, ""11"": 168179.06184169935, ""12"": 167809.0478633615, ""13"": 167780.31484074495, ""14"": 167894.01308707977, ""15"": 167819.6827828445}",154.52355861663818
mueller_brown,subsample,vae,32000,10,1,11,3,3,0.07525,15,0.11884449420657879,0.40680316112297543,1,15,0.11884449420657879,0.40680316112297543,1,2,0.9482139492530383,0.8686853403866525,0,2,0.9482139492530383,0.8686853403866525,0,2,0.9482139492530383,0.8686853403866525,0,0.4174222514848363,0.6056351499900798,1.231125,"{""1"": 178558.4404939892, ""2"": 171308.45620486423, ""3"": 170153.28874762205, ""4"": 168805.73002852045, ""5"": 168513.75169182112, ""6"": 168608.2854713109, ""7"": 167710.48667829082, ""8"": 167881.2860175081, ""9"": 167668.37531293536, ""10"": 167535.8066062017, ""11"": 167646.51407062932, ""12"": 167577.16293159293, ""13"": 167592.31178085826, ""14"": 167448.84892440058, ""15"": 167403.6873692305}",164.38878202438354
mueller_brown,subsample,vae,32000,10,1,12,3,3,0.06553125,9,0.13968949738128053,0.39838243109861593,0,15,0.07389756155451989,0.3439183457574962,1,2,0.9504947331163961,0.8541278365229013,0,2,0.9504947331163961,0.8541278365229013,0,3,0.43555181292021755,0.5486239752511943,0,0.43555181292021755,0.5486239752511943,1.1235625,"{""1"": 177213.96298035883, ""2"": 170412.0617969443, ""3"": 169663.2732868991, ""4"": 168707.34084024688, ""5"": 168604.8410889056, ""6"": 168805.96380105263, ""7"": 167956.1567047219, ""8"": 168167.60724642183, ""9"": 167719.7335709384, ""10"": 168013.0495416558, ""11"": 168052.1997770404, ""12"": 167887.43296579568, ""13"": 167914.20667956286, ""14"": 167945.43560972463, ""15"": 167881.0727625922}",167.83464550971985
mueller_brown,subsample,vae,32000,10,1,13,3,3,0.06346875,13,0.08791340465346864,0.35158152128196585,0,13,0.08791340465346864,0.35158152128196585,0,2,0.963095381069062,0.8749634249518654,0,2,0.963095381069062,0.8749634249518654,0,3,0.3821787741546785,0.5283002203578352,0,0.3821787741546785,0.5283002203578352,1.3225,"{""1"": 179664.77708480926, ""2"": 173972.29517911733, ""3"": 172773.15490743815, ""4"": 172387.61997505647, ""5"": 171459.03060013853, ""6"": 171720.2820757363, ""7"": 171292.20747189963, ""8"": 171319.60413349484, ""9"": 170999.5326855633, ""10"": 171089.67467895095, ""11"": 171007.61340857396, ""12"": 170837.28068282982, ""13"": 170831.43341728105, ""14"": 170945.452177806, ""15"": 170977.8402065769}",162.80848670005798
mueller_brown,subsample,vae,32000,10,1,14,3,3,0.064,12,0.12421806942967513,0.40844475450919476,0,14,0.09871817531606668,0.3803718242196107,0,2,0.9571603861439887,0.8829457566455932,0,2,0.9571603861439887,0.8829457566455932,0,3,0.41500177856115744,0.5517298217764751,0,0.41500177856115744,0.5517298217764751,1.2172500000000002,"{""1"": 177910.48232860115, ""2"": 172207.98351709518, ""3"": 171464.96763909818, ""4"": 171472.84858415322, ""5"": 171285.08874029128, ""6"": 170720.68689146847, ""7"": 170372.23149037955, ""8"": 170323.19657457588, ""9"": 170063.55356569233, ""10"": 169909.38293526258, ""11"": 169959.2081146932, ""12"": 169879.29628976344, ""13"": 169936.45726520754, ""14"": 169945.2406675346, ""15"": 170010.5935606884}",160.3993046283722
mueller_brown,subsample,vae,32000,10,1,15,3,3,0.062875,13,0.07140072052066264,0.3226652132599741,0,13,0.07140072052066264,0.3226652132599741,0,1,0.0,0.0,0,3,0.3418955383566284,0.5033488805519339,0,3,0.3418955383566284,0.5033488805519339,0,0.3418955383566284,0.5033488805519339,1.3886250000000002,"{""1"": 177965.0281602249, ""2"": 173978.83958694362, ""3"": 171616.7002161721, ""4"": 170949.11404684556, ""5"": 171028.73694709016, ""6"": 171138.89706854513, ""7"": 170607.95723944297, ""8"": 170327.74305342682, ""9"": 170363.95099849094, ""10"": 170408.1505211717, ""11"": 170340.96167847063, ""12"": 170338.0516245054, ""13"": 170229.16469879862, ""14"": 170307.6692265387, ""15"": 170351.0779806275}",151.87969088554382
mueller_brown,subsample,vae,32000,10,1,16,3,3,0.064125,11,0.11885767953461393,0.40277517733550144,0,14,0.08840757956856438,0.3666749247646212,0,2,0.9560549556038129,0.8740387116967656,0,2,0.9560549556038129,0.8740387116967656,0,3,0.4034599849288675,0.5490740432999569,0,0.4034599849288675,0.5490740432999569,1.2530625,"{""1"": 178495.34955393884, ""2"": 173202.84594770067, ""3"": 172235.3237803113, ""4"": 171991.986158503, ""5"": 171669.50238719292, ""6"": 171510.7178957485, ""7"": 171515.3126126976, ""8"": 171278.62958055697, ""9"": 171022.3057357266, ""10"": 171168.95276635065, ""11"": 170873.11044657393, ""12"": 170974.728855741, ""13"": 170989.49422184646, ""14"": 171008.9957693751, ""15"": 171112.25014912992}",161.18766713142395
mueller_brown,subsample,vae,32000,10,1,17,3,3,0.07125,14,0.12057130970328846,0.40099914217333876,0,14,0.12057130970328846,0.40099914217333876,0,2,0.9471296718656274,0.8611827106838289,0,2,0.9471296718656274,0.8611827106838289,0,3,0.5238844365250855,0.5887835912322389,0,0.5238844365250855,0.5887835912322389,1.1967500000000004,"{""1"": 177557.4898402401, ""2"": 171727.11053964653, ""3"": 170606.86528061016, ""4"": 170573.71167480556, ""5"": 169565.68268386667, ""6"": 169540.3634160506, ""7"": 169245.90241815514, ""8"": 168622.24260499122, ""9"": 168711.1033363267, ""10"": 168658.54277622793, ""11"": 168559.6218803714, ""12"": 168667.81268912205, ""13"": 168796.8088102811, ""14"": 168533.01537708065, ""15"": 168843.76863444017}",162.63994121551514
mueller_brown,subsample,vae,32000,10,1,18,3,3,0.03159375,8,0.0575858305499041,0.24833765384699955,0,12,0.03456902068139965,0.20677462284493467,0,1,0.0,0.0,0,4,0.1065586009202012,0.29904412836531813,0,2,0.0038482667062177027,0.07632250630025296,0,0.1558151022141776,0.2774281103445159,1.2875625,"{""1"": 177926.3444588781, ""2"": 177853.6112311094, ""3"": 175148.18790685458, ""4"": 172659.60786408852, ""5"": 172785.7277464644, ""6"": 172621.36123211903, ""7"": 171436.49085755605, ""8"": 171324.14677857526, ""9"": 171426.95696615588, ""10"": 171419.45641688243, ""11"": 171525.83937366217, ""12"": 171459.51894543497, ""13"": 171524.09003638255, ""14"": 171621.71242555304, ""15"": 171628.94643831238}",151.52101063728333
mueller_brown,subsample,vae,32000,10,1,19,3,3,0.06353125,13,0.089091428871056,0.34593498171445813,0,15,0.0655211141771514,0.3195368932826128,1,1,0.0,0.0,0,3,0.4425119339261748,0.5312005380167314,0,3,0.4425119339261748,0.5312005380167314,0,0.4425119339261748,0.5312005380167314,1.3046875000000002,"{""1"": 178833.54194988083, ""2"": 174447.0651883375, ""3"": 171743.54032050582, ""4"": 171464.76336938015, ""5"": 171579.43693321693, ""6"": 171189.87736235364, ""7"": 171440.10022969404, ""8"": 170309.01461625306, ""9"": 170205.6964826941, ""10"": 170094.81585347676, ""11"": 170082.87022106943, ""12"": 170073.61418169315, ""13"": 170056.86939027457, ""14"": 170135.12592931936, ""15"": 170157.2883468759}",154.75741529464722
