potential,mode,method,n_frames,stride,n_trajs,seed,k_true,k_visited,min_basin_frac,k_bic,ari_bic,nmi_bic,hit_ceiling_bic,k_aic,ari_aic,nmi_aic,hit_ceiling_aic,k_icl,ari_icl,nmi_icl,hit_ceiling_icl,k_silhouette,ari_silhouette,nmi_silhouette,hit_ceiling_silhouette,k_elbow_gap,ari_elbow_gap,nmi_elbow_gap,hit_ceiling_elbow_gap,ari_oracle_k,nmi_oracle_k,pop_l1_bic,bic_curve,runtime_s
prinz1d,short,pca,250,10,1,0,4,3,0.0,5,0.4075943124067149,0.540790694777016,0,9,0.24001931210233998,0.458412848729246,0,4,0.4300442763364783,0.5623235080573915,0,2,0.8536195989652162,0.798171324261344,0,2,0.8536195989652162,0.798171324261344,0,0.4300442763364783,0.5623235080573915,0.944,"{""1"": 938.4488888641491, ""2"": 444.1049027191791, ""3"": 325.114938367337, ""4"": 257.11827817762776, ""5"": 245.74956047262967, ""6"": 254.8766746601164, ""7"": 269.76184581749646, ""8"": 291.7463153027566, ""9"": 300.2500881884624, ""10"": 339.82976080608034, ""11"": 361.10505966965775, ""12"": 367.3094291870139, ""13"": 416.8570954618402, ""14"": 421.8600535934849, ""15"": 464.898563764741}",1.335813045501709
prinz1d,short,pca,250,10,1,1,4,2,0.0,5,0.4095750338646655,0.5697044179181805,0,11,0.23160687815208955,0.45800037504237306,0,3,0.7513307293588852,0.7455806947267495,0,2,0.9681285192871758,0.9406132531717487,0,2,0.9681285192871758,0.9406132531717487,0,0.516166514907221,0.6431660709026558,0.9680000000000001,"{""1"": 1190.5545312724919, ""2"": 418.36429708415363, ""3"": 279.96017349030103, ""4"": 249.22058756456425, ""5"": 227.26023913779346, ""6"": 237.69742577014492, ""7"": 249.7458865721269, ""8"": 273.08376185686507, ""9"": 293.25394385090993, ""10"": 317.23164836236015, ""11"": 326.8592672432989, ""12"": 351.33642235614127, ""13"": 376.1846740301131, ""14"": 390.43586648435644, ""15"": 413.30719817793334}",0.8413500785827637
prinz1d,short,pca,250,10,1,2,4,4,0.04,7,0.57479185985899,0.7747386568460337,0,10,0.464343147297436,0.6990061282531131,0,5,0.7667001989872968,0.8177772390587525,0,3,0.9140582921905828,0.911956794417094,0,3,0.9140582921905828,0.911956794417094,0,0.8523603797826281,0.8648087732164358,0.8640000000000001,"{""1"": 1731.1676422910834, ""2"": 884.113934196033, ""3"": 571.3835629569619, ""4"": 512.2746574691138, ""5"": 458.21837606677036, ""6"": 462.73546724497623, ""7"": 455.01781066853266, ""8"": 465.3720009771362, ""9"": 486.6794129488693, ""10"": 503.7550918970056, ""11"": 528.2716048709718, ""12"": 552.8447173011488, ""13"": 578.058105567829, ""14"": 599.8378599938289, ""15"": 611.2331401752823}",0.8282785415649414
prinz1d,short,pca,250,10,1,3,4,4,0.04,8,0.5019069763597303,0.691776557497223,0,12,0.36029471608116465,0.6338884448330441,0,6,0.7491332068034563,0.7887646526186358,0,4,0.9440574693100076,0.916736879558825,0,3,0.925460885057084,0.9033231462598266,0,0.9440574693100076,0.916736879558825,0.8,"{""1"": 1674.277935582895, ""2"": 1029.4083252985372, ""3"": 694.6601213243567, ""4"": 584.6250423475515, ""5"": 462.526703951788, ""6"": 453.64982102611236, ""7"": 430.82127684496857, ""8"": 425.76022649284033, ""9"": 433.69750687823273, ""10"": 452.2694016266919, ""11"": 480.3429110320054, ""12"": 472.80325418196935, ""13"": 529.1049598859096, ""14"": 558.1187761040121, ""15"": 575.9073969940962}",0.784111738204956
prinz1d,short,pca,250,10,1,4,4,4,0.008,6,0.49677443392263576,0.6901410847118478,0,14,0.27599552952643697,0.5689848195128331,0,5,0.5257218954201205,0.7096471403439398,0,3,0.9823656475702058,0.9610640137312135,0,3,0.9823656475702058,0.9610640137312135,0,0.6687225856154128,0.7859792154786797,0.736,"{""1"": 1451.8340218632516, ""2"": 933.3634617319769, ""3"": 481.34281549874106, ""4"": 413.41495561220853, ""5"": 336.0113136051398, ""6"": 311.523286785914, ""7"": 317.7025695081064, ""8"": 326.02852459823293, ""9"": 338.17333103563317, ""10"": 359.25760578055997, ""11"": 377.0235064767779, ""12"": 400.69846883702894, ""13"": 424.7463980319449, ""14"": 433.2743154635799, ""15"": 457.88827922526923}",0.7902441024780273
prinz1d,short,pca,250,10,1,5,4,4,0.088,7,0.5510282737965368,0.7380483346700084,0,12,0.3453184402620224,0.6402124172610014,0,7,0.5510282737965368,0.7380483346700084,0,3,0.8707734269619354,0.855363607917582,0,3,0.8707734269619354,0.855363607917582,0,0.6616479571268663,0.7807302359645445,0.616,"{""1"": 1793.391157247246, ""2"": 942.7349180668563, ""3"": 517.2722180024514, ""4"": 453.49799095312375, ""5"": 406.2247969505254, ""6"": 386.0715845604937, ""7"": 361.85211138977934, ""8"": 362.5580113355045, ""9"": 388.49249034948093, ""10"": 403.4320960266135, ""11"": 432.0747354847181, ""12"": 437.3072949891753, ""13"": 460.78142031053227, ""14"": 490.518105604865, ""15"": 518.6349481997127}",0.6629912853240967
prinz1d,short,pca,250,10,1,6,4,2,0.0,5,0.36912908074367407,0.5567927205141182,0,5,0.36912908074367407,0.5567927205141182,0,3,0.5742529320156149,0.6433548769966995,0,2,0.952366075339692,0.9168571277714381,0,2,0.952366075339692,0.9168571277714381,0,0.4871051975804823,0.6336325366764398,1.0719999999999998,"{""1"": 804.4914456247902, ""2"": 280.68289537208034, ""3"": 131.39970276811894, ""4"": 117.69414310183214, ""5"": 104.48284474812282, ""6"": 127.67494328224319, ""7"": 152.3814590676916, ""8"": 177.15142175071935, ""9"": 199.28339531138909, ""10"": 211.14790810708905, ""11"": 241.6241408218461, ""12"": 266.6918511840347, ""13"": 289.59735697690144, ""14"": 318.0831862663957, ""15"": 343.8811398072369}",0.9546713829040527
prinz1d,short,pca,250,10,1,7,4,4,0.008,7,0.5183216292125667,0.6922701679047785,0,15,0.2632847578920305,0.5711128143633845,1,6,0.5633142057259068,0.7355578343913616,0,3,0.9678888038248425,0.9422745289604284,0,3,0.9678888038248425,0.9422745289604284,0,0.7006532706791883,0.7971447550701994,0.7679999999999999,"{""1"": 1502.6643365786354, ""2"": 1013.9578226326734, ""3"": 564.8160699835701, ""4"": 466.9633730888506, ""5"": 407.9686857524789, ""6"": 358.54527813631796, ""7"": 349.56750984936275, ""8"": 368.8808350138728, ""9"": 349.7300981913238, ""10"": 367.94971295237804, ""11"": 393.672761314598, ""12"": 405.488013923754, ""13"": 435.80227470825906, ""14"": 457.3236472088744, ""15"": 465.26468340687984}",0.834758996963501
prinz1d,short,pca,250,10,1,8,4,4,0.048,6,0.5887024397349339,0.7681226674504603,0,14,0.3149229891932197,0.6314004555049654,0,6,0.5887024397349339,0.7681226674504603,0,3,0.9613583103283371,0.9480275354728536,0,3,0.9613583103283371,0.9480275354728536,0,0.9657306001322663,0.9352728530818504,0.6799999999999999,"{""1"": 1679.1174702834323, ""2"": 1168.949733852352, ""3"": 687.8713280856762, ""4"": 581.6449646495537, ""5"": 526.7186517313473, ""6"": 460.1230686362219, ""7"": 478.4355505590171, ""8"": 479.79235601931146, ""9"": 491.023813594885, ""10"": 507.99527928586656, ""11"": 528.7743381430387, ""12"": 554.3167879881657, ""13"": 574.8814775575926, ""14"": 588.1411375442053, ""15"": 631.2426165029013}",0.7360742092132568
prinz1d,short,pca,250,10,1,9,4,4,0.132,8,0.5506563028627719,0.7373381683270667,0,15,0.30954663708324937,0.6300873353218447,1,8,0.5506563028627719,0.7373381683270667,0,4,0.9345846218544102,0.9183393664422772,0,3,0.8185349785397074,0.8292945780518316,0,0.9345846218544102,0.9183393664422772,0.6320000000000001,"{""1"": 1840.0080663454405, ""2"": 1049.393104485896, ""3"": 708.8433134364493, ""4"": 571.4142845112872, ""5"": 505.1956415871134, ""6"": 476.9642962743211, ""7"": 462.2908821193585, ""8"": 450.63181936460916, ""9"": 471.8164766555543, ""10"": 492.71282907098737, ""11"": 514.6284552413813, ""12"": 539.0930906157836, ""13"": 554.7408842012217, ""14"": 570.7770537618611, ""15"": 569.2530063489116}",0.7211654186248779
prinz1d,short,pca,250,10,1,10,4,4,0.092,7,0.4881493960945604,0.6823668202357989,0,9,0.5114987050589284,0.7136908663859435,0,9,0.5114987050589284,0.7136908663859435,0,3,0.9632510231256535,0.9376586316508047,0,3,0.9632510231256535,0.9376586316508047,0,0.9280556917315977,0.8782941391286643,0.6,"{""1"": 1690.5587427487872, ""2"": 1043.710787810378, ""3"": 574.7365206396406, ""4"": 496.00628438395256, ""5"": 449.6897127934636, ""6"": 415.8829955119942, ""7"": 382.3511035315243, ""8"": 385.05918351483444, ""9"": 394.6415886532504, ""10"": 415.77276348895623, ""11"": 440.0205831900741, ""12"": 462.51331918878947, ""13"": 479.8293937663227, ""14"": 502.05841264147455, ""15"": 528.0618474217101}",0.8898627758026123
prinz1d,short,pca,250,10,1,11,4,2,0.0,5,0.3424108181022048,0.5181307070104636,0,12,0.15867353898417516,0.40098646307252134,0,3,0.5104824705163039,0.6834072032619705,0,2,0.4595882914789891,0.47879651918711225,0,2,0.4595882914789891,0.47879651918711225,0,0.2762697240921738,0.43829896209281066,0.7759999999999999,"{""1"": 857.9215612724521, ""2"": 370.43539570632583, ""3"": 189.59414897189103, ""4"": 183.73752878329552, ""5"": 133.89020268544414, ""6"": 142.44670746917728, ""7"": 160.08030619953936, ""8"": 194.67012837839343, ""9"": 216.0670596268298, ""10"": 226.23090684558102, ""11"": 261.50588815336835, ""12"": 261.65024515196046, ""13"": 297.5359453764326, ""14"": 309.79642224641157, ""15"": 335.19996878040763}",0.8614192008972168
prinz1d,short,pca,250,10,1,12,4,3,0.0,5,0.44192015050854144,0.5810551482438144,0,11,0.23410247379672955,0.5031715531402715,0,5,0.44192015050854144,0.5810551482438144,0,2,0.615618735684823,0.5926506203416689,0,2,0.615618735684823,0.5926506203416689,0,0.4677573308662426,0.5783683870177224,0.7040000000000001,"{""1"": 1204.0620404948666, ""2"": 729.0220738694694, ""3"": 392.39902561962595, ""4"": 311.5600834134514, ""5"": 229.44489846552258, ""6"": 239.2403069313815, ""7"": 254.7265612168186, ""8"": 271.7002234949181, ""9"": 294.83262316861465, ""10"": 318.01761404852726, ""11"": 324.10220106995934, ""12"": 352.84741670852225, ""13"": 368.40302007134693, ""14"": 402.35997249129105, ""15"": 415.9100770113837}",0.807776927947998
prinz1d,short,pca,250,10,1,13,4,3,0.0,5,0.43980626745904994,0.6065715711238365,0,15,0.18032000958655842,0.4828344337302581,1,4,0.5451437905874731,0.6946468456808134,0,3,0.9271002528529612,0.8849506399818372,0,2,0.7521164797021854,0.7174723519038368,0,0.5451437905874731,0.6946468456808134,0.704,"{""1"": 1307.1018891053532, ""2"": 862.2436360296102, ""3"": 423.3870751359634, ""4"": 293.2069904144324, ""5"": 255.99480825438127, ""6"": 274.35556140522203, ""7"": 273.63781527664764, ""8"": 298.1315819354189, ""9"": 317.4297463933816, ""10"": 338.8860237228066, ""11"": 365.0068122211024, ""12"": 385.6669982344779, ""13"": 409.5170177135506, ""14"": 423.6437082796196, ""15"": 435.6791514853625}",0.8025939464569092
prinz1d,short,pca,250,10,1,14,4,3,0.0,7,0.4236973802520078,0.6466679642546442,0,13,0.2781983516086517,0.5743265901810243,0,4,0.6488204110718592,0.7855181030395112,0,3,0.7334772534668125,0.7859454991158759,0,3,0.7334772534668125,0.7859454991158759,0,0.6488204110718592,0.7855181030395112,0.8160000000000001,"{""1"": 1543.710987362686, ""2"": 889.0682159108904, ""3"": 425.1633460549367, ""4"": 331.7815164829127, ""5"": 329.45036014597497, ""6"": 331.35513207636313, ""7"": 328.8109066681019, ""8"": 354.6880019224514, ""9"": 372.17406855749726, ""10"": 376.9252697578344, ""11"": 411.67869478188425, ""12"": 428.3534114174675, ""13"": 434.80305523122627, ""14"": 473.095249341536, ""15"": 495.0484277831395}",0.7312028408050537
prinz1d,short,pca,250,10,1,15,4,4,0.012,5,0.43827526146019935,0.6244089242081613,0,15,0.20640697885977988,0.5223110069110409,1,4,0.7585457367682328,0.7826480887799506,0,3,0.8130063366721368,0.8041642591125899,0,2,0.6950336242408965,0.647134253060298,0,0.7585457367682328,0.7826480887799506,0.7119999999999999,"{""1"": 1502.9833482467102, ""2"": 780.1523446168882, ""3"": 427.8565803868263, ""4"": 339.42751816083376, ""5"": 316.52960606214265, ""6"": 319.1021732239219, ""7"": 328.63486037190785, ""8"": 339.8216088634917, ""9"": 360.5990323200356, ""10"": 372.3126338303641, ""11"": 400.84146313328256, ""12"": 425.738918932221, ""13"": 442.6635138822259, ""14"": 470.2395432896848, ""15"": 473.7306177093206}",0.6556532382965088
prinz1d,short,pca,250,10,1,16,4,4,0.092,7,0.5891507362157896,0.7808176602013358,0,14,0.3810828730296923,0.6615852223043556,0,5,0.7532751745131879,0.8691088609445969,0,3,0.9030607308381706,0.8942351455160777,0,3,0.9030607308381706,0.8942351455160777,0,0.6844172052342316,0.7960286521989414,0.6799999999999999,"{""1"": 1792.5421154683581, ""2"": 1007.9028296005157, ""3"": 653.3415776693271, ""4"": 559.9421600110857, ""5"": 478.6903720846668, ""6"": 471.60183890470614, ""7"": 457.721295913581, ""8"": 467.79241016659114, ""9"": 473.8606394248953, ""10"": 492.6906900612189, ""11"": 507.0008114783484, ""12"": 531.1242297834134, ""13"": 555.7019103776606, ""14"": 561.984971399548, ""15"": 587.0961766910606}",1.0119447708129883
prinz1d,short,pca,250,10,1,17,4,4,0.04,6,0.507318282631799,0.6758326098209951,0,12,0.36402800587040496,0.599045970225185,0,5,0.6990329782366769,0.7139023301053121,0,3,0.9234762081107484,0.8633226684168617,0,3,0.9234762081107484,0.8633226684168617,0,0.706590987429885,0.7324457823797312,0.7920000000000001,"{""1"": 1542.6167954162433, ""2"": 894.3517041332589, ""3"": 497.3981590121673, ""4"": 393.12334357149683, ""5"": 332.97472451761223, ""6"": 305.98754002671734, ""7"": 316.7540310598134, ""8"": 316.1079909079732, ""9"": 333.17497071893825, ""10"": 348.6647454237252, ""11"": 361.3185159874557, ""12"": 380.4823058571793, ""13"": 402.44769372071204, ""14"": 428.6636619450385, ""15"": 445.76897783462596}",0.7102954387664795
prinz1d,short,pca,250,10,1,18,4,4,0.104,6,0.46852275187712333,0.7048750105938946,0,11,0.3544189872308385,0.6418860610882703,0,5,0.6248911853308002,0.7904913037611488,0,2,0.44771460428700594,0.6150782847753176,0,3,0.6597244538712903,0.7285750364441504,0,0.7027378819063933,0.7938410310509836,0.7040000000000001,"{""1"": 1725.6425695559437, ""2"": 937.3818591458581, ""3"": 589.9257581506625, ""4"": 503.1572645900421, ""5"": 422.97957152567596, ""6"": 416.6266756273575, ""7"": 419.4425140577649, ""8"": 435.3708884264753, ""9"": 459.0163842213986, ""10"": 471.0728005923394, ""11"": 484.7612764532606, ""12"": 509.5714213972236, ""13"": 541.9853263482357, ""14"": 567.0748334342702, ""15"": 593.0476871497868}",0.8823184967041016
prinz1d,short,pca,250,10,1,19,4,4,0.132,9,0.47467855487883837,0.7004557616069184,0,15,0.2973314390572616,0.6236893175033972,1,5,0.6223038906901728,0.7854594564929004,0,4,0.8424075860208293,0.8610988673244158,0,2,0.5344301573514777,0.6476031646912019,0,0.8424075860208293,0.8610988673244158,0.656,"{""1"": 1799.6528263735477, ""2"": 997.3079851626356, ""3"": 728.8211307495675, ""4"": 564.324842998187, ""5"": 489.9698623673502, ""6"": 488.4305823464615, ""7"": 475.67324232305725, ""8"": 468.8170458013723, ""9"": 463.98516687698776, ""10"": 488.69042472607293, ""11"": 517.9215082940468, ""12"": 525.2742164767658, ""13"": 540.5678940317799, ""14"": 561.5865754151051, ""15"": 577.9332458165525}",0.8524191379547119
prinz1d,short,pca,500,10,1,0,4,3,0.0,5,0.386997208596119,0.5229214121794121,0,10,0.21209457624983394,0.4381126745809998,0,4,0.477941297247892,0.5752802302936951,0,2,0.9331135958054018,0.8891582589682424,0,2,0.9331135958054018,0.8891582589682424,0,0.477941297247892,0.5752802302936951,0.9279999999999999,"{""1"": 1875.8119864385803, ""2"": 935.8606111966392, ""3"": 624.7049352714585, ""4"": 450.9726417871067, ""5"": 387.0938134254968, ""6"": 396.86015490680336, ""7"": 415.8488967057851, ""8"": 437.2186688986185, ""9"": 466.7087196836729, ""10"": 480.1212417576101, ""11"": 515.5591526689434, ""12"": 539.6352010744474, ""13"": 576.2202249680595, ""14"": 610.1766293388287, ""15"": 638.147057749065}",1.1859591007232666
prinz1d,short,pca,500,10,1,1,4,4,0.026,7,0.5965495318642234,0.7266283586256725,0,13,0.3567654578917024,0.6186192030723007,0,7,0.5965495318642234,0.7266283586256725,0,3,0.9588534912157304,0.9318089418436611,0,3,0.9588534912157304,0.9318089418436611,0,0.8230638379341313,0.8146657727230493,0.636,"{""1"": 3195.950474400319, ""2"": 2182.9264923734104, ""3"": 1092.9063851643418, ""4"": 944.028566638442, ""5"": 827.8932774750858, ""6"": 724.6307936881152, ""7"": 669.928264436558, ""8"": 675.1247440060004, ""9"": 680.9103087183781, ""10"": 691.1632601431962, ""11"": 703.8997639490849, ""12"": 726.3383417503869, ""13"": 742.1710617199587, ""14"": 778.6288411146527, ""15"": 807.5328773460776}",1.278559923171997
prinz1d,short,pca,500,10,1,2,4,4,0.154,7,0.6103714913813448,0.7785447368033297,0,14,0.3398508988890176,0.6447377056908867,0,7,0.6103714913813448,0.7785447368033297,0,4,0.9293186492460711,0.9235995922170877,0,2,0.5638622632813848,0.6731375347667274,0,0.9293186492460711,0.9235995922170877,0.5399999999999999,"{""1"": 3527.289784948296, ""2"": 2017.297019919422, ""3"": 1509.699368986067, ""4"": 1102.6265780318015, ""5"": 996.0717773330275, ""6"": 916.788946602997, ""7"": 872.5499911977843, ""8"": 880.19942827167, ""9"": 878.1845664067794, ""10"": 898.4496699077988, ""11"": 917.9042575461972, ""12"": 949.117864061109, ""13"": 972.1986656556784, ""14"": 982.9461670872789, ""15"": 1009.9110023265862}",1.2635281085968018
prinz1d,short,pca,500,10,1,3,4,4,0.114,9,0.5518466705541477,0.7235885657747304,0,13,0.4452062121403032,0.6835495253793565,0,7,0.677144963996727,0.7978085840103191,0,4,0.920173412049332,0.9069173709530912,0,2,0.5037630298655881,0.6658703691124495,0,0.920173412049332,0.9069173709530912,0.756,"{""1"": 3585.3184185642453, ""2"": 2252.0167329383066, ""3"": 1489.94798178667, ""4"": 1135.6265454018219, ""5"": 996.416881284245, ""6"": 936.3555153339624, ""7"": 901.4328149367157, ""8"": 844.2999587419201, ""9"": 830.8631321442955, ""10"": 851.1526849328679, ""11"": 875.0226182657364, ""12"": 888.6985601692068, ""13"": 912.4639068848538, ""14"": 941.0092420157846, ""15"": 971.9532634112691}",1.2130944728851318
prinz1d,short,pca,500,10,1,4,4,4,0.034,8,0.5528533029370309,0.72000986660458,0,14,0.35830533367804007,0.6227768592494136,0,8,0.5528533029370309,0.72000986660458,0,3,0.9195292217731118,0.89922026813635,0,2,0.5520974047344207,0.6754566677944457,0,0.8845800616321534,0.8584525186950331,0.632,"{""1"": 3169.923895732431, ""2"": 2114.2965247965244, ""3"": 1223.712152992971, ""4"": 1028.5978087875164, ""5"": 897.4357685146628, ""6"": 783.6428301728612, ""7"": 738.0870755795293, ""8"": 734.2565210401432, ""9"": 739.4302389060879, ""10"": 751.0765182814432, ""11"": 772.0729721638218, ""12"": 791.6625318487067, ""13"": 816.083339775866, ""14"": 836.2989890790834, ""15"": 864.8877200535352}",1.1656935214996338
prinz1d,short,pca,500,10,1,5,4,4,0.044,8,0.4326347955074655,0.6511675565478624,0,11,0.3027044168905231,0.5880048307646313,0,5,0.49001195836508404,0.664329603458648,0,3,0.8415338577179837,0.8196801363862798,0,3,0.8415338577179837,0.8196801363862798,0,0.618584600727147,0.7428039096232202,0.8720000000000001,"{""1"": 3278.5052612250506, ""2"": 1734.0296785419296, ""3"": 899.697491037136, ""4"": 681.4944439494509, ""5"": 618.9194445834617, ""6"": 575.681233946912, ""7"": 534.5987131430358, ""8"": 512.3776499459094, ""9"": 539.7080570316292, ""10"": 522.4597064139373, ""11"": 544.1181055222762, ""12"": 575.9267566853662, ""13"": 612.0424446880304, ""14"": 631.1894677931875, ""15"": 664.6076355658174}",1.3956384658813477
prinz1d,short,pca,500,10,1,6,4,2,0.0,5,0.41953519532347366,0.5704284698933988,0,9,0.24209381013059253,0.4842771900327496,0,4,0.5100797314598682,0.6534768008643872,0,2,0.9840320099978856,0.9663626312013337,0,2,0.9840320099978856,0.9663626312013337,0,0.5100797314598682,0.6534768008643872,0.972,"{""1"": 1759.0528247713646, ""2"": 713.8617606898769, ""3"": 393.8289711859559, ""4"": 288.03914652079607, ""5"": 196.9909077328779, ""6"": 205.6605401058028, ""7"": 217.93789488131745, ""8"": 221.37312971344159, ""9"": 245.2721551773136, ""10"": 277.5508686494835, ""11"": 303.9505771174943, ""12"": 334.4019627828454, ""13"": 369.01510627690925, ""14"": 405.39986464096313, ""15"": 427.1817871003873}",1.2532355785369873
prinz1d,short,pca,500,10,1,7,4,4,0.15,10,0.457194128374298,0.696959886205692,0,14,0.3470616789112842,0.644988903590288,0,6,0.6769645571168129,0.7952500565867726,0,4,0.8253496207089785,0.8671321820251169,0,2,0.5116558085621818,0.6578001219526165,0,0.8253496207089785,0.8671321820251169,0.9880000000000001,"{""1"": 3582.124456323802, ""2"": 2114.2084921274577, ""3"": 1567.0054459207108, ""4"": 1211.2064397399051, ""5"": 991.5906679850082, ""6"": 932.6579444870389, ""7"": 902.5975113033389, ""8"": 900.2106624931478, ""9"": 903.6411810220986, ""10"": 881.8734337855616, ""11"": 895.9588297492759, ""12"": 920.8737823614094, ""13"": 958.1524814376248, ""14"": 967.8491021025679, ""15"": 1020.2762567205731}",1.292431354522705
prinz1d,short,pca,500,10,1,8,4,4,0.206,8,0.5712297092481031,0.7641560110470973,0,15,0.37379075942841616,0.6697420172743175,1,8,0.5712297092481031,0.7641560110470973,0,4,0.927022843291114,0.9345711351720035,0,2,0.5032806776271916,0.6681596412872619,0,0.927022843291114,0.9345711351720035,0.8760000000000001,"{""1"": 3706.1075481291814, ""2"": 2157.83169739348, ""3"": 1615.5303157115304, ""4"": 1140.2937669647733, ""5"": 1064.4122754106993, ""6"": 982.3324650086694, ""7"": 940.3782602060758, ""8"": 892.910122892094, ""9"": 914.6238561046712, ""10"": 932.9760226714071, ""11"": 947.0925145260322, ""12"": 965.2443886335807, ""13"": 983.6047173122624, ""14"": 1010.8739182213978, ""15"": 1032.792701738717}",1.2140130996704102
prinz1d,short,pca,500,10,1,9,4,4,0.184,9,0.5028759137890564,0.719554931352949,0,12,0.4450137581756393,0.6848635609123309,0,7,0.6507763598339598,0.7696597834612497,0,4,0.8628989669956483,0.8842054357321367,0,2,0.49901076158246643,0.6440761647265236,0,0.8628989669956483,0.8842054357321367,0.9080000000000001,"{""1"": 3649.674828966395, ""2"": 2085.0991879337726, ""3"": 1512.842979292664, ""4"": 1143.7368123191518, ""5"": 997.4618262101521, ""6"": 914.50754347582, ""7"": 874.7339486675307, ""8"": 856.4338405226255, ""9"": 832.2824422094482, ""10"": 854.9584192632008, ""11"": 879.3799699533595, ""12"": 901.8046321481957, ""13"": 932.2549488879463, ""14"": 954.5501474323044, ""15"": 988.0113735229809}",1.2526648044586182
prinz1d,short,pca,500,10,1,10,4,4,0.152,10,0.4681911610442501,0.7030633161428137,0,13,0.40382851497368927,0.6849043929499022,0,6,0.6825292258626418,0.7567981404214621,0,2,0.5574741042460726,0.6605313056717358,0,2,0.5574741042460726,0.6605313056717358,0,0.7648375614758948,0.8012249570628256,0.8440000000000001,"{""1"": 3449.1241849711337, ""2"": 2021.2069303808505, ""3"": 1538.2798804568429, ""4"": 1192.5666382089391, ""5"": 1041.9036403580983, ""6"": 896.6841616520586, ""7"": 845.4340601146966, ""8"": 863.1712435583744, ""9"": 845.935148341265, ""10"": 844.9187946231766, ""11"": 852.6529523599727, ""12"": 882.70543877764, ""13"": 891.6889311791418, ""14"": 938.2634018301101, ""15"": 957.2859711297099}",1.3593921661376953
prinz1d,short,pca,500,10,1,11,4,3,0.0,6,0.32459832564516433,0.4994175052102794,0,11,0.18268316345946184,0.42729164668753117,0,4,0.5040187679109122,0.644109426869086,0,2,0.9569823074929791,0.9194510809014904,0,2,0.9569823074929791,0.9194510809014904,0,0.5040187679109122,0.644109426869086,1.1,"{""1"": 1809.441128131495, ""2"": 872.7330358735578, ""3"": 454.2933186581363, ""4"": 353.44089090954975, ""5"": 291.0897095415316, ""6"": 231.83895178276123, ""7"": 258.8866766979188, ""8"": 282.65066660077383, ""9"": 315.987298759686, ""10"": 345.75853070858665, ""11"": 343.8651510581577, ""12"": 375.2334530456645, ""13"": 418.7366355204376, ""14"": 437.79449837980303, ""15"": 476.926280212525}",1.3539180755615234
prinz1d,short,pca,500,10,1,12,4,4,0.046,7,0.40655213680913677,0.6476490274434236,0,14,0.26569344713751075,0.5765799861847759,0,6,0.48203362881390505,0.6737710753618841,0,3,0.8005540139004783,0.7950310315035287,0,3,0.8005540139004783,0.7950310315035287,0,0.5907519197487544,0.7156684995753957,0.9,"{""1"": 3401.782425488443, ""2"": 1861.4735778381114, ""3"": 1072.8864235707688, ""4"": 769.5140435620206, ""5"": 666.2181982466103, ""6"": 568.9832499968649, ""7"": 560.216438008579, ""8"": 562.9594075920302, ""9"": 581.0510194755932, ""10"": 593.5296168895911, ""11"": 623.0684620914009, ""12"": 644.2079347988029, ""13"": 676.3508067973289, ""14"": 693.5896614445708, ""15"": 728.4757796794718}",1.2979001998901367
prinz1d,short,pca,500,10,1,13,4,4,0.02,8,0.40419136600397737,0.6376821258744396,0,13,0.276943921271778,0.5737942812610047,0,5,0.6172000236822593,0.7319422573563721,0,3,0.8328664248023191,0.7917147457102387,0,3,0.8328664248023191,0.7917147457102387,0,0.6443058278077745,0.7678788154057754,0.9120000000000001,"{""1"": 3096.3494135497845, ""2"": 1800.956633417112, ""3"": 1026.053657040216, ""4"": 776.8389498624988, ""5"": 712.1084873006128, ""6"": 658.8403342152808, ""7"": 664.3429919833029, ""8"": 629.8969120356371, ""9"": 651.5447520940265, ""10"": 672.3974980213704, ""11"": 697.7347109988721, ""12"": 724.3023252463652, ""13"": 743.0776807018335, ""14"": 788.4930250307971, ""15"": 813.5851502454072}",1.2220978736877441
prinz1d,short,pca,500,10,1,14,4,3,0.0,7,0.47549279632586133,0.6741974711257073,0,11,0.33075557133605277,0.5841785173315042,0,4,0.7153940426053146,0.7524229188337442,0,3,0.8031419618393025,0.8122951698207219,0,2,0.514126753160426,0.5287570351796501,0,0.7153940426053146,0.7524229188337442,0.8440000000000001,"{""1"": 2836.5248048402414, ""2"": 1392.9188711889228, ""3"": 714.8622464004374, ""4"": 531.2430952961458, ""5"": 462.37945537100336, ""6"": 437.72891061178984, ""7"": 433.9265550475351, ""8"": 453.52195110150353, ""9"": 473.2327948756607, ""10"": 502.7171260185071, ""11"": 515.0413209763158, ""12"": 547.1453390665738, ""13"": 577.9353750556243, ""14"": 607.3423735700363, ""15"": 628.6114685247851}",1.2466096878051758
prinz1d,short,pca,500,10,1,15,4,4,0.088,7,0.5016694968917688,0.7003444089933887,0,12,0.35784603826153427,0.6420269775308797,0,7,0.5016694968917688,0.7003444089933887,0,4,0.7919328224071231,0.8216665130920514,0,3,0.7627357632448567,0.7837327546487957,0,0.7919328224071231,0.8216665130920514,0.708,"{""1"": 3506.8126894268294, ""2"": 1997.451785427415, ""3"": 1171.2957855080754, ""4"": 1028.9873584178847, ""5"": 859.1205103507089, ""6"": 756.3966594248762, ""7"": 726.1984721318364, ""8"": 744.085005776741, ""9"": 752.9471230650372, ""10"": 761.7258384091148, ""11"": 786.0611978970868, ""12"": 802.437350501057, ""13"": 836.5453417423818, ""14"": 865.2183113539927, ""15"": 886.2830513711326}",1.1786296367645264
prinz1d,short,pca,500,10,1,16,4,4,0.046,8,0.4772178741777539,0.6849591505111976,0,12,0.30670914941402677,0.614918452000953,0,5,0.6847677870247258,0.8294371135682955,0,3,0.8014254309083326,0.8061542492767378,0,3,0.8014254309083326,0.8061542492767378,0,0.667321706511607,0.7913582437158989,0.724,"{""1"": 3401.9875323588335, ""2"": 1968.1112010522493, ""3"": 1125.0561586238332, ""4"": 888.2760990998895, ""5"": 782.1104695267422, ""6"": 750.5590359984401, ""7"": 713.2413660972347, ""8"": 698.2669171491405, ""9"": 724.1482657719919, ""10"": 743.5653555824937, ""11"": 764.6969639988077, ""12"": 785.6810944088119, ""13"": 812.1334010890218, ""14"": 840.658851309448, ""15"": 865.1921780000562}",1.357022762298584
prinz1d,short,pca,500,10,1,17,4,4,0.132,9,0.50239149572413,0.6972242690971885,0,14,0.3743282757538991,0.6558692177953058,0,6,0.7124394746177031,0.7730341236351238,0,4,0.8752238278826016,0.8617462569319543,0,2,0.49066143435719883,0.6357337750171541,0,0.8752238278826016,0.8617462569319543,0.872,"{""1"": 3600.4526290405897, ""2"": 2192.3302207649213, ""3"": 1503.4987475001808, ""4"": 1124.5257490007214, ""5"": 973.5065948658904, ""6"": 844.1300736756854, ""7"": 823.404685946691, ""8"": 797.9413072169575, ""9"": 774.093532387718, ""10"": 789.7051613671758, ""11"": 814.6118937796514, ""12"": 838.7327443731394, ""13"": 860.9920440868689, ""14"": 882.4634681750118, ""15"": 909.9130674908683}",1.331150770187378
prinz1d,short,pca,500,10,1,18,4,4,0.052,7,0.4219419329480489,0.6440811830241155,0,10,0.33527086100733505,0.614980596816399,0,6,0.46771188702587,0.6658640056898576,0,3,0.7617906481530089,0.7694354510768806,0,3,0.7617906481530089,0.7694354510768806,0,0.5687180528165124,0.6741184031289997,0.8440000000000001,"{""1"": 3289.3086368620284, ""2"": 1803.6219296727409, ""3"": 965.5638234072688, ""4"": 764.0090230515498, ""5"": 661.8058975747826, ""6"": 585.5793300182072, ""7"": 569.4964776521713, ""8"": 575.3524751994757, ""9"": 584.870526335357, ""10"": 608.1293194677019, ""11"": 636.1231608270491, ""12"": 665.1797489821636, ""13"": 692.7951274409589, ""14"": 724.232963398506, ""15"": 752.128783023815}",1.2272467613220215
prinz1d,short,pca,500,10,1,19,4,4,0.066,7,0.49727801982557235,0.7209768688877912,0,14,0.2612201593183427,0.5935518739807596,0,5,0.5550593306447821,0.7204007475854717,0,3,0.7334743547440261,0.7475495151827147,0,3,0.7334743547440261,0.7475495151827147,0,0.539462391933573,0.6770887269944311,0.768,"{""1"": 3442.8433561883935, ""2"": 1830.686112933301, ""3"": 1113.2813239911106, ""4"": 870.960637883966, ""5"": 715.51646855736, ""6"": 661.7035783864509, ""7"": 628.2853854298307, ""8"": 633.4727119761708, ""9"": 647.0473537735677, ""10"": 665.2029767257559, ""11"": 703.0915030263454, ""12"": 685.4061282393718, ""13"": 713.7937427884309, ""14"": 735.7547590866246, ""15"": 762.5015599774495}",1.2994906902313232
prinz1d,short,pca,1000,10,1,0,4,4,0.001,7,0.4153694053551704,0.6146536319207032,0,10,0.30334371517531494,0.5584101346461177,0,4,0.7058176130904286,0.7687258380590811,0,3,0.7525408234053869,0.7516905779121896,0,2,0.40135834938352516,0.45454043149965173,0,0.7058176130904286,0.7687258380590811,0.9520000000000001,"{""1"": 5874.165044513243, ""2"": 2968.233817824158, ""3"": 1586.9438296753763, ""4"": 1181.7090050015465, ""5"": 984.0731216887527, ""6"": 968.6157585161931, ""7"": 931.388188074991, ""8"": 937.8464396614087, ""9"": 933.1446070959123, ""10"": 945.0590631916973, ""11"": 982.3464375318551, ""12"": 1011.6608716779365, ""13"": 1035.1093542660774, ""14"": 1066.9295336523423, ""15"": 1093.68234393294}",1.6628615856170654
prinz1d,short,pca,1000,10,1,1,4,4,0.146,10,0.4935395841679169,0.709958221683146,0,15,0.347897802480103,0.6427108264553101,1,5,0.7908921606401962,0.8808500245863096,0,4,0.9134828761428694,0.9184207798910714,0,2,0.5720668289736934,0.6849366617677994,0,0.9134828761428694,0.9184207798910714,0.8280000000000001,"{""1"": 6976.382863285013, ""2"": 4087.214600112786, ""3"": 3061.8662521991882, ""4"": 2024.9125231652304, ""5"": 1806.151627255422, ""6"": 1681.4634383552427, ""7"": 1573.533244610578, ""8"": 1489.579702548885, ""9"": 1449.4336492408756, ""10"": 1426.9652317341356, ""11"": 1445.8332207651674, ""12"": 1472.5537592760888, ""13"": 1512.3195852136841, ""14"": 1525.353007491708, ""15"": 1548.6587905982146}",1.6794073581695557
prinz1d,short,pca,1000,10,1,2,4,4,0.126,10,0.505905123541879,0.7047919198000722,0,14,0.3657208757425352,0.6540068532033851,0,5,0.8299602559988771,0.8750678050337445,0,4,0.8774993096767146,0.8805031529881515,0,2,0.5320337546327047,0.672526904911712,0,0.8774993096767146,0.8805031529881515,0.8860000000000002,"{""1"": 7098.100386407625, ""2"": 4010.102853255574, ""3"": 2876.1837488179594, ""4"": 2128.1588375597735, ""5"": 1900.1809731642754, ""6"": 1761.0212772538014, ""7"": 1695.3231018147176, ""8"": 1615.265707149175, ""9"": 1601.9737786220007, ""10"": 1598.8453563418177, ""11"": 1606.010269099113, ""12"": 1628.5687514280953, ""13"": 1663.2577183606904, ""14"": 1678.4002917234009, ""15"": 1708.3780222576866}",1.638249397277832
prinz1d,short,pca,1000,10,1,3,4,4,0.174,9,0.5314596699960539,0.7357806530647285,0,14,0.3808884630091636,0.6652990299941802,0,7,0.5634739457811178,0.7384559301789297,0,4,0.8184233586718613,0.8647527702251466,0,2,0.5046424812883787,0.6620584011532847,0,0.8184233586718613,0.8647527702251466,0.796,"{""1"": 7273.873241155972, ""2"": 4081.5902814565275, ""3"": 2900.5032333203812, ""4"": 2068.7850502699325, ""5"": 1777.9578010104897, ""6"": 1637.9979435071632, ""7"": 1506.9241839556016, ""8"": 1466.8092055361171, ""9"": 1431.995515022614, ""10"": 1449.1319598990135, ""11"": 1438.9981758342128, ""12"": 1474.431419444606, ""13"": 1443.3161012459575, ""14"": 1464.3656629766047, ""15"": 1513.3429220510166}",1.761521577835083
prinz1d,short,pca,1000,10,1,4,4,4,0.187,10,0.5096389221891876,0.7254581524241278,0,14,0.41112559088885703,0.6749013133902958,0,7,0.6704902222295109,0.7896246884418244,0,4,0.9277803734592722,0.9226577951031217,0,2,0.5242451672005477,0.6690964561457966,0,0.9277803734592722,0.9226577951031217,0.906,"{""1"": 7181.223297336353, ""2"": 4213.416953156291, ""3"": 3159.9339048511433, ""4"": 2234.0146080672894, ""5"": 1952.7405637776956, ""6"": 1742.340356775545, ""7"": 1624.8880027113037, ""8"": 1599.4377786117261, ""9"": 1567.7162283603097, ""10"": 1561.4781935059475, ""11"": 1578.704500209365, ""12"": 1602.8271455349213, ""13"": 1605.9324387003753, ""14"": 1611.8834801553392, ""15"": 1643.75678179217}",1.6608877182006836
prinz1d,short,pca,1000,10,1,5,4,4,0.149,9,0.5173002443644371,0.7106435478145029,0,15,0.34865749068926977,0.6477435180077531,1,6,0.7314199338144134,0.8087724685382186,0,4,0.8816918187988827,0.8934472340549168,0,2,0.4629602493731354,0.6258441404213886,0,0.8816918187988827,0.8934472340549168,0.8019999999999999,"{""1"": 7192.775438011786, ""2"": 3927.592572482345, ""3"": 2613.0238768816475, ""4"": 1994.505981064721, ""5"": 1718.9668570629867, ""6"": 1565.5128770647973, ""7"": 1487.5496022992756, ""8"": 1457.080199458167, ""9"": 1392.3556800137085, ""10"": 1406.2540370557354, ""11"": 1418.2430623202379, ""12"": 1401.9461391315679, ""13"": 1421.551092506682, ""14"": 1444.521093472515, ""15"": 1472.4157060922635}",1.6909499168395996
prinz1d,short,pca,1000,10,1,6,4,4,0.012,8,0.4085035107001392,0.61680886717218,0,10,0.3473477647673755,0.6029041802557725,0,4,0.6144933361558981,0.6650860673218157,0,3,0.8656885349844229,0.8232279943228766,0,2,0.4696092241944859,0.47867725615654066,0,0.6144933361558981,0.6650860673218157,0.9359999999999999,"{""1"": 5855.365348643383, ""2"": 2920.3284490276674, ""3"": 1386.8314812569188, ""4"": 995.4186698221998, ""5"": 842.1400685003323, ""6"": 773.4131541073323, ""7"": 764.1038252176613, ""8"": 718.5615320895627, ""9"": 763.9264406212583, ""10"": 731.1754905219498, ""11"": 760.775361204898, ""12"": 792.6912406081426, ""13"": 825.3752564402438, ""14"": 863.4114754822472, ""15"": 901.3076950973114}",1.6790745258331299
prinz1d,short,pca,1000,10,1,7,4,4,0.173,9,0.5559496919140139,0.7266394153426983,0,11,0.49271131686328934,0.7067355461832618,0,9,0.5559496919140139,0.7266394153426983,0,4,0.9131596222633652,0.9113651993701051,0,2,0.5200094117360766,0.6524195693142034,0,0.9131596222633652,0.9113651993701051,0.778,"{""1"": 7196.989769339373, ""2"": 4296.075306670099, ""3"": 3273.9222532405443, ""4"": 2372.1179318355084, ""5"": 2056.6367676506325, ""6"": 1862.6493485531616, ""7"": 1750.943750232695, ""8"": 1683.0334808181206, ""9"": 1612.981686083442, ""10"": 1614.2258097048564, ""11"": 1614.2917622946134, ""12"": 1644.5431330274118, ""13"": 1674.1273092588676, ""14"": 1709.3744317142398, ""15"": 1740.509303466582}",1.6254618167877197
prinz1d,short,pca,1000,10,1,8,4,4,0.103,9,0.5148888179607288,0.7282379347273564,0,14,0.3448378598617368,0.6529187976049757,0,7,0.536968512038734,0.7290601936197812,0,4,0.8713834143131346,0.8958043970347341,0,3,0.7914000010208069,0.8058511154178566,0,0.8713834143131346,0.8958043970347341,0.736,"{""1"": 7136.100780688691, ""2"": 3991.758379780068, ""3"": 2518.4780177213115, ""4"": 2040.1752265492148, ""5"": 1738.4453647361463, ""6"": 1560.4790883694538, ""7"": 1445.3495477056317, ""8"": 1409.3903056044924, ""9"": 1401.4948110242822, ""10"": 1421.0669895697868, ""11"": 1420.9231888945428, ""12"": 1457.5760984152425, ""13"": 1475.323035329673, ""14"": 1460.0741968145626, ""15"": 1518.3199824147475}",1.6183843612670898
prinz1d,short,pca,1000,10,1,9,4,4,0.092,9,0.4479152659117684,0.676920807295785,0,15,0.2964077189847973,0.6202322311753723,1,6,0.6516965467621609,0.756107163404694,0,3,0.8953514242231572,0.8745847955577646,0,3,0.8953514242231572,0.8745847955577646,0,0.6336227479389999,0.7408227625580338,0.8080000000000002,"{""1"": 7024.823561599307, ""2"": 3967.378815153489, ""3"": 2548.2699321900213, ""4"": 2054.212001943153, ""5"": 1667.6329551295473, ""6"": 1544.4088570550666, ""7"": 1471.2773745391605, ""8"": 1360.8392937830863, ""9"": 1336.497686936447, ""10"": 1348.545220947893, ""11"": 1365.7789230710996, ""12"": 1389.4015590248382, ""13"": 1413.3172336071855, ""14"": 1434.0975182662692, ""15"": 1460.8521685052192}",1.68756103515625
prinz1d,short,pca,1000,10,1,10,4,4,0.081,10,0.4347436799712813,0.6873784906312739,0,12,0.39891728152374534,0.6746507605548878,0,6,0.6519193603946499,0.8178701251271284,0,3,0.7823535431155171,0.8055905524950391,0,2,0.5636230790951583,0.6787876777321177,0,0.7723415646175276,0.8098253679250734,0.928,"{""1"": 6828.160733847878, ""2"": 3873.0362380796028, ""3"": 2763.4444629777795, ""4"": 2189.3294414391153, ""5"": 1795.8370583163771, ""6"": 1628.9649836579367, ""7"": 1525.208858555768, ""8"": 1464.329777245599, ""9"": 1458.3285771811954, ""10"": 1449.8270618602523, ""11"": 1491.7945045649767, ""12"": 1500.2907098530595, ""13"": 1540.5296759457801, ""14"": 1559.8356763665993, ""15"": 1609.432535587443}",1.7798657417297363
prinz1d,short,pca,1000,10,1,11,4,4,0.117,10,0.48412579319810034,0.7112326496754058,0,13,0.3703281846423629,0.6632798073074382,0,7,0.5882047786780396,0.749157556554323,0,4,0.9157704215337523,0.9241573181834221,0,2,0.4751346355092811,0.648753713608201,0,0.9157704215337523,0.9241573181834221,0.81,"{""1"": 7299.699552201391, ""2"": 3756.316993985058, ""3"": 2523.6819867407607, ""4"": 1808.6504230363946, ""5"": 1553.0694889427232, ""6"": 1384.6733019479236, ""7"": 1298.898355469128, ""8"": 1256.8691658154753, ""9"": 1232.9702777014083, ""10"": 1210.0057088940712, ""11"": 1237.3539685008777, ""12"": 1266.053558093678, ""13"": 1290.178056821847, ""14"": 1320.8059442700812, ""15"": 1358.490563046565}",1.8402671813964844
prinz1d,short,pca,1000,10,1,12,4,4,0.024,7,0.4203971384347235,0.6472563074257345,0,15,0.2075030400870113,0.5196323949464463,1,6,0.48241693128426466,0.6431027019473591,0,3,0.9075129256464453,0.8708195662529177,0,3,0.9075129256464453,0.8708195662529177,0,0.5949280398088855,0.6995508886799856,0.9460000000000002,"{""1"": 6191.36322313699, ""2"": 3297.927065283271, ""3"": 1672.195742145001, ""4"": 1069.0619077315641, ""5"": 876.751967878455, ""6"": 778.9691222480837, ""7"": 715.9618071402214, ""8"": 720.6991903254083, ""9"": 734.1755040085387, ""10"": 741.8579417876133, ""11"": 774.5957514738768, ""12"": 799.6815712164062, ""13"": 828.5557898127483, ""14"": 858.0898553634156, ""15"": 865.139602013532}",1.5594205856323242
prinz1d,short,pca,1000,10,1,13,4,4,0.054,9,0.5012473733619249,0.6944994116578105,0,13,0.34173634138396497,0.6340864439040408,0,6,0.7094889379942082,0.7911596476281058,0,3,0.8389132877311756,0.8403391021264954,0,3,0.8389132877311756,0.8403391021264954,0,0.8717037237501131,0.8600443021225477,0.872,"{""1"": 6884.873548521132, ""2"": 4004.2659839922962, ""3"": 2702.6408185157457, ""4"": 2240.278851040337, ""5"": 1856.4471774024726, ""6"": 1708.2483194895735, ""7"": 1644.9144077332649, ""8"": 1573.5503895757647, ""9"": 1551.4846247905557, ""10"": 1555.011952870897, ""11"": 1579.371337997692, ""12"": 1608.0097398674511, ""13"": 1627.825654899945, ""14"": 1661.1297359829127, ""15"": 1694.5726646022445}",1.700575590133667
prinz1d,short,pca,1000,10,1,14,4,4,0.065,8,0.47839044570806927,0.7030443079549987,0,15,0.25508180989899304,0.5748550091494211,1,8,0.47839044570806927,0.7030443079549987,0,3,0.8504700012602631,0.8262481532154673,0,3,0.8504700012602631,0.8262481532154673,0,0.6977817835483275,0.742667962194362,0.866,"{""1"": 6795.317163704909, ""2"": 3851.2827427944803, ""3"": 2009.4530416062994, ""4"": 1555.8388891589932, ""5"": 1272.640574001613, ""6"": 1056.7351260326243, ""7"": 986.8696895969189, ""8"": 949.6489473958635, ""9"": 968.5682933545454, ""10"": 975.8333786753586, ""11"": 989.9838239469701, ""12"": 1012.7407329553174, ""13"": 1027.9421396505936, ""14"": 1052.7899672450967, ""15"": 1069.8727549658715}",1.5077400207519531
prinz1d,short,pca,1000,10,1,15,4,4,0.083,8,0.512185016550119,0.7186929921785747,0,15,0.3270169885490485,0.6337038266651691,1,6,0.5953754411335624,0.7598062644982384,0,4,0.8582004793224862,0.8831877090681027,0,3,0.7972504251617619,0.8099964425739842,0,0.8582004793224862,0.8831877090681027,0.774,"{""1"": 7054.221239717212, ""2"": 4099.1969837920615, ""3"": 2620.754398492268, ""4"": 2172.514666426531, ""5"": 1804.341299299713, ""6"": 1621.796364071952, ""7"": 1544.598344297276, ""8"": 1508.4241452900415, ""9"": 1513.4727488677381, ""10"": 1520.969684479059, ""11"": 1514.6808386993544, ""12"": 1562.548654179056, ""13"": 1555.103710544161, ""14"": 1570.83452065791, ""15"": 1599.607430179682}",1.5931096076965332
prinz1d,short,pca,1000,10,1,16,4,4,0.113,8,0.5539665358867676,0.7385069084157724,0,13,0.3593263354005889,0.6506326862567371,0,6,0.6763541895212429,0.7984634375866516,0,4,0.8718902255594217,0.8926166258429775,0,2,0.49269989770380046,0.6552942327145548,0,0.8718902255594217,0.8926166258429775,0.652,"{""1"": 7105.246735546657, ""2"": 4000.0980972325765, ""3"": 2676.7052608750923, ""4"": 2121.7895385159823, ""5"": 1788.030992374069, ""6"": 1639.7510080597776, ""7"": 1525.477776558189, ""8"": 1499.2502127287598, ""9"": 1501.947071749034, ""10"": 1513.652047528119, ""11"": 1528.0555992245727, ""12"": 1514.8950927092878, ""13"": 1531.7369394858679, ""14"": 1568.3749649494493, ""15"": 1605.1734436097495}",1.6388609409332275
prinz1d,short,pca,1000,10,1,17,4,4,0.15,11,0.4570064535636795,0.6797929563773177,0,14,0.3765621426338635,0.6407047282081193,0,8,0.5803806684315533,0.7267638428488755,0,4,0.8604587945022303,0.8572340478723903,0,2,0.492694278588214,0.644695536408168,0,0.8604587945022303,0.8572340478723903,0.9319999999999999,"{""1"": 7182.858193055556, ""2"": 4290.397219118057, ""3"": 3035.010580580784, ""4"": 2240.225370544189, ""5"": 1939.0335658273345, ""6"": 1669.1198321077093, ""7"": 1563.6395281470404, ""8"": 1485.080489899372, ""9"": 1458.8876585803687, ""10"": 1426.4096768159222, ""11"": 1424.4997761506306, ""12"": 1451.4784840609486, ""13"": 1475.0219060796712, ""14"": 1502.0697327501023, ""15"": 1539.5724850716106}",1.6336185932159424
prinz1d,short,pca,1000,10,1,18,4,4,0.07,8,0.4501825041904654,0.6952290254982719,0,14,0.27034880600495925,0.5896696869686707,0,6,0.49545879955928596,0.7070498156346535,0,3,0.8078675935204991,0.7959571638527932,0,3,0.8078675935204991,0.7959571638527932,0,0.672868616818949,0.7781576073656847,0.878,"{""1"": 6741.801306647902, ""2"": 3814.381494802012, ""3"": 2176.277255326469, ""4"": 1711.4238787761963, ""5"": 1448.1312873088727, ""6"": 1280.9083868590837, ""7"": 1208.3992118188282, ""8"": 1168.5308832498222, ""9"": 1180.6061842571821, ""10"": 1194.1021041641518, ""11"": 1218.4438924287701, ""12"": 1222.1500370071135, ""13"": 1253.9777579659058, ""14"": 1271.2441784344664, ""15"": 1300.7531897705114}",1.5476274490356445
prinz1d,short,pca,1000,10,1,19,4,4,0.065,11,0.319233575070537,0.5993209351510161,0,11,0.319233575070537,0.5993209351510161,0,5,0.5559841524773813,0.7357732908835084,0,3,0.658738374544217,0.6969140491564972,0,3,0.658738374544217,0.6969140491564972,0,0.5332217834972971,0.6860912987006119,0.9339999999999999,"{""1"": 6567.879968533901, ""2"": 3664.8070406593865, ""3"": 2125.925693124939, ""4"": 1605.6195668964872, ""5"": 1316.4387601014341, ""6"": 1191.205941358922, ""7"": 1115.0271405781114, ""8"": 1090.590132239509, ""9"": 1072.1926021800941, ""10"": 1087.4564050739405, ""11"": 1067.1617851443525, ""12"": 1139.7039558492895, ""13"": 1156.3012075726665, ""14"": 1157.6140968129266, ""15"": 1234.0518506844205}",1.7902958393096924
prinz1d,short,pca,2000,10,1,0,4,4,0.043,9,0.43806218410332454,0.6585191047393172,0,13,0.2800884918630996,0.5894151901940695,0,7,0.49946501298542234,0.6704753738435304,0,3,0.8265570752704605,0.8066746147911882,0,3,0.8265570752704605,0.8066746147911882,0,0.6413021837423598,0.7188073895299394,0.9219999999999999,"{""1"": 13269.981007426764, ""2"": 7551.228898738663, ""3"": 4176.629316289195, ""4"": 3280.049393582508, ""5"": 2874.9809214547877, ""6"": 2464.143378511283, ""7"": 2274.6152547853276, ""8"": 2147.659724765484, ""9"": 2068.450098813413, ""10"": 2075.2848783412583, ""11"": 2081.1698323625774, ""12"": 2094.056655420655, ""13"": 2118.314996559465, ""14"": 2160.052866860818, ""15"": 2196.8989141702705}",2.6728742122650146
prinz1d,short,pca,2000,10,1,1,4,4,0.1115,12,0.45759132332630076,0.6863003566168308,0,15,0.375151851759538,0.6631493733647917,1,9,0.524296646676637,0.726078333139761,0,4,0.9352149688347456,0.9185353478988814,0,2,0.513691269427492,0.6641211571198746,0,0.9352149688347456,0.9185353478988814,0.938,"{""1"": 13948.032698104424, ""2"": 8385.524384107304, ""3"": 5418.488235181023, ""4"": 3966.2884434023636, ""5"": 3509.1264436850556, ""6"": 3188.610045571365, ""7"": 2844.5721881429854, ""8"": 2677.5948940754565, ""9"": 2559.8662861020193, ""10"": 2517.0200097670017, ""11"": 2520.0185012227794, ""12"": 2507.658774498303, ""13"": 2539.3421110142144, ""14"": 2572.3004001707977, ""15"": 2601.8924554009027}",2.474935531616211
prinz1d,short,pca,2000,10,1,2,4,4,0.084,10,0.4669875000121829,0.6872111320942059,0,15,0.32259180507462254,0.6346275476116331,1,5,0.803574522562093,0.8546434230749521,0,3,0.775493876844742,0.8092273693184517,0,2,0.5687448110214405,0.6858334309259595,0,0.8702118407731858,0.868011964672869,0.9279999999999999,"{""1"": 13812.264844926533, ""2"": 7781.157699069511, ""3"": 5413.94902696475, ""4"": 4030.7298021916745, ""5"": 3436.491355416977, ""6"": 3087.259143998959, ""7"": 2921.582225847915, ""8"": 2769.036476369313, ""9"": 2694.4029060878083, ""10"": 2655.6877948055394, ""11"": 2676.8676602356613, ""12"": 2700.738839343189, ""13"": 2731.040293906747, ""14"": 2768.9548715287583, ""15"": 2778.507970287147}",2.704488754272461
prinz1d,short,pca,2000,10,1,3,4,4,0.1605,11,0.49886607872887045,0.7107376902983341,0,14,0.38635306398495567,0.6648579893324918,0,8,0.5966213002813536,0.740511258398995,0,4,0.903967697216118,0.9105353266031075,0,2,0.530354695610647,0.6769628223952279,0,0.903967697216118,0.9105353266031075,0.9050000000000001,"{""1"": 14368.348451485825, ""2"": 8428.093404614698, ""3"": 6154.950088452754, ""4"": 4278.929499663795, ""5"": 3706.4306145906526, ""6"": 3247.591684261285, ""7"": 3050.3512680711665, ""8"": 2862.892200045288, ""9"": 2767.114357413898, ""10"": 2695.0090129066134, ""11"": 2611.100768460078, ""12"": 2635.2492189813097, ""13"": 2652.899407054654, ""14"": 2672.5880778979204, ""15"": 2708.87798163354}",2.8353493213653564
prinz1d,short,pca,2000,10,1,4,4,4,0.202,12,0.4649653631720169,0.6926796933477194,0,15,0.38067761869023287,0.6678763489794808,1,8,0.6420552398128455,0.7615845307373733,0,4,0.9393869666061928,0.9306377301228776,0,2,0.5091776514762735,0.6617476796174372,0,0.9393869666061928,0.9306377301228776,0.9940000000000001,"{""1"": 14511.743844860808, ""2"": 8477.980725721367, ""3"": 6375.989193784056, ""4"": 4424.1790021630495, ""5"": 3926.425573516636, ""6"": 3441.3441793512975, ""7"": 3282.1716294938465, ""8"": 3061.0087444414226, ""9"": 2932.4977087316297, ""10"": 2917.1603634684766, ""11"": 2840.45927931127, ""12"": 2825.6737334136474, ""13"": 2837.056004242022, ""14"": 2865.5989858762505, ""15"": 2885.153229630234}",2.856363534927368
prinz1d,short,pca,2000,10,1,5,4,4,0.1465,13,0.39863585924547623,0.6745047155071883,0,14,0.359734003517093,0.6521092058630205,0,6,0.7364711256106274,0.8236859663159337,0,4,0.9094146619482244,0.9081666230605527,0,2,0.4714715373100452,0.6354099138755953,0,0.9094146619482244,0.9081666230605527,1.0390000000000001,"{""1"": 14385.515969880573, ""2"": 7927.665607663272, ""3"": 5321.289143059349, ""4"": 4088.5981850100566, ""5"": 3383.570075402458, ""6"": 3097.9514517560347, ""7"": 2862.128469957556, ""8"": 2772.3645719542565, ""9"": 2630.6084993601767, ""10"": 2589.2950036140924, ""11"": 2596.2352176408854, ""12"": 2608.4861933875313, ""13"": 2541.1543727735634, ""14"": 2567.4591630092023, ""15"": 2603.1594503259294}",2.7888214588165283
prinz1d,short,pca,2000,10,1,6,4,4,0.1745,10,0.49162203238134733,0.7167379647536668,0,13,0.4030343073257422,0.6821787041012989,0,6,0.6801582402536536,0.7775929755932388,0,4,0.906352720019933,0.9092931773639886,0,2,0.4769072441220788,0.6392204829460295,0,0.906352720019933,0.9092931773639886,0.911,"{""1"": 14556.17025805784, ""2"": 7870.626567885437, ""3"": 5509.94732827629, ""4"": 3925.20541837632, ""5"": 3346.7164113524377, ""6"": 3029.266110494876, ""7"": 2801.100719790049, ""8"": 2708.073595304707, ""9"": 2652.137112052095, ""10"": 2471.3840113758483, ""11"": 2513.1500691076117, ""12"": 2485.531305169719, ""13"": 2517.2440012302577, ""14"": 2554.1143063237378, ""15"": 2601.037833789117}",2.801342487335205
prinz1d,short,pca,2000,10,1,7,4,4,0.1995,11,0.486048525763326,0.7151407054868615,0,15,0.3583428836841159,0.658322013483585,1,7,0.6371491881171961,0.7630767332758758,0,4,0.9440803773439118,0.9407201580096619,0,2,0.5110300736914197,0.658062381327921,0,0.9440803773439118,0.9407201580096619,0.949,"{""1"": 14507.39623964076, ""2"": 8531.710563508232, ""3"": 6470.2487351728505, ""4"": 4496.095491673304, ""5"": 3896.69277034471, ""6"": 3525.851230467434, ""7"": 3271.3399420090664, ""8"": 3057.296937561615, ""9"": 3004.128193108035, ""10"": 2867.639764210445, ""11"": 2858.545677227399, ""12"": 2869.6458047248825, ""13"": 2900.3888918341954, ""14"": 2899.236666606785, ""15"": 2931.335815575977}",2.564762830734253
prinz1d,short,pca,2000,10,1,8,4,4,0.1555,11,0.45156610558553995,0.7202711079779066,0,15,0.34346098911264705,0.6491973605355684,1,7,0.5765923556544758,0.7515155412937805,0,4,0.9038696362305858,0.9150920808641896,0,2,0.4682422031488219,0.6404060527243125,0,0.9038696362305858,0.9150920808641896,1.036,"{""1"": 14571.94755257434, ""2"": 7947.05132364828, ""3"": 5276.662974459676, ""4"": 3878.6874694963353, ""5"": 3320.2149695600983, ""6"": 2946.780024576393, ""7"": 2746.727665793556, ""8"": 2699.225441389472, ""9"": 2645.466140058195, ""10"": 2551.7179620313304, ""11"": 2524.2418214075324, ""12"": 2536.611468806683, ""13"": 2563.4209509022776, ""14"": 2579.8711558296586, ""15"": 2600.967075047375}",2.693725347518921
prinz1d,short,pca,2000,10,1,9,4,4,0.0695,11,0.3641710235458671,0.6423916675934179,0,15,0.29073615245564854,0.6103726694031018,1,9,0.45484384268855327,0.6867369843259987,0,3,0.8635802321572289,0.8383965176277196,0,3,0.8635802321572289,0.8383965176277196,0,0.6858573988771846,0.7794134944012443,1.031,"{""1"": 13688.406790614597, ""2"": 7753.199488370642, ""3"": 4581.219520024192, ""4"": 3597.0784891272383, ""5"": 2986.3825815586483, ""6"": 2699.3197578463783, ""7"": 2477.1918419368444, ""8"": 2307.317594300467, ""9"": 2238.3634725453567, ""10"": 2212.5897528569476, ""11"": 2201.1703135492057, ""12"": 2214.9488970731936, ""13"": 2231.285676655414, ""14"": 2265.1791105091706, ""15"": 2295.0999088481876}",2.7716355323791504
prinz1d,short,pca,2000,10,1,10,4,4,0.1525,12,0.43329597691040445,0.6915563368256861,0,15,0.34813032199469024,0.6465607529076297,1,7,0.5686634976305343,0.7415285666628161,0,4,0.8508562759163402,0.8842510244127623,0,2,0.5303375490253909,0.6653401935548542,0,0.8508562759163402,0.8842510244127623,1.022,"{""1"": 14109.289671575683, ""2"": 8070.88803812453, ""3"": 5997.4699916108975, ""4"": 4236.6987553784165, ""5"": 3604.8510161105282, ""6"": 3195.11242657238, ""7"": 2912.6901170923556, ""8"": 2782.6542681930746, ""9"": 2714.845157507244, ""10"": 2670.672170231573, ""11"": 2673.547034983059, ""12"": 2632.6272832948007, ""13"": 2649.04716740773, ""14"": 2683.0609347947907, ""15"": 2712.880631003216}",2.725001811981201
prinz1d,short,pca,2000,10,1,11,4,4,0.1725,11,0.4527777438250785,0.6954690292220974,0,15,0.3510009916020651,0.6486269371578729,1,7,0.6145364356792885,0.7623805552207112,0,4,0.9252868340922098,0.9311268354984247,0,2,0.5030827713289332,0.6585710474901398,0,0.9252868340922098,0.9311268354984247,1.034,"{""1"": 14429.221760594546, ""2"": 8209.296185391868, ""3"": 6063.3639205252975, ""4"": 4205.378739743814, ""5"": 3647.110046655473, ""6"": 3243.927855797815, ""7"": 2995.5874577029226, ""8"": 2907.7300666273036, ""9"": 2823.778147962983, ""10"": 2797.711974621686, ""11"": 2721.3593224447245, ""12"": 2750.7712123675014, ""13"": 2729.629190667207, ""14"": 2761.8513660194267, ""15"": 2784.533984033722}",2.706061840057373
prinz1d,short,pca,2000,10,1,12,4,4,0.0945,13,0.31467128762313595,0.6195405806352726,0,15,0.296873301320099,0.6114160587346977,1,6,0.5466174451684364,0.7311828750539444,0,3,0.7823655800027198,0.7907972141867283,0,3,0.7823655800027198,0.7907972141867283,0,0.6289514619859541,0.7344038931345864,1.0480000000000003,"{""1"": 13970.573674713374, ""2"": 7832.995028737437, ""3"": 4712.69375617941, ""4"": 3775.634783847067, ""5"": 2991.3479671795585, ""6"": 2544.8836607466583, ""7"": 2439.2565930342234, ""8"": 2286.963971454053, ""9"": 2279.4253680911856, ""10"": 2252.4827949563946, ""11"": 2262.1194561287243, ""12"": 2256.923216679614, ""13"": 2219.1881850121836, ""14"": 2326.619574973309, ""15"": 2284.339754176042}",2.65608549118042
prinz1d,short,pca,2000,10,1,13,4,4,0.093,10,0.4717352833463313,0.6875738206687098,0,14,0.3402924030461897,0.6413928074064843,0,8,0.532601986755256,0.7056146021211629,0,3,0.7402373758597103,0.7844449753346113,0,2,0.5717073650536105,0.6835253037129151,0,0.8504843513013229,0.8573883286905317,0.881,"{""1"": 13906.760267943915, ""2"": 8121.352654876943, ""3"": 5956.880185254316, ""4"": 4490.061056646526, ""5"": 3832.600221131347, ""6"": 3440.370216249208, ""7"": 3239.0427861584653, ""8"": 3039.8440563366908, ""9"": 2953.2891996206217, ""10"": 2943.289151545446, ""11"": 2946.2418222393494, ""12"": 2968.8864170113775, ""13"": 2971.6008792369603, ""14"": 2960.9529631120636, ""15"": 2996.230570341655}",2.789637327194214
prinz1d,short,pca,2000,10,1,14,4,4,0.136,11,0.401634180931006,0.6647990774982516,0,15,0.3117141803799808,0.629661205602263,1,7,0.5671295189988519,0.7360062635588951,0,4,0.9091703909714994,0.9159586153167605,0,3,0.8269692180893198,0.8353533831230924,0,0.9091703909714994,0.9159586153167605,0.9740000000000001,"{""1"": 14441.184440133966, ""2"": 8015.189924050955, ""3"": 5117.0366805563235, ""4"": 4083.4604607919905, ""5"": 3269.298921233838, ""6"": 2912.160454987119, ""7"": 2751.1759848087327, ""8"": 2572.1864440332643, ""9"": 2470.1324332714994, ""10"": 2445.5817213060304, ""11"": 2443.231519930791, ""12"": 2451.5406994018063, ""13"": 2469.891517200794, ""14"": 2494.2563418117566, ""15"": 2511.4775453700504}",2.8459556102752686
prinz1d,short,pca,2000,10,1,15,4,4,0.1445,12,0.4129434543505683,0.6812377774455228,0,15,0.3303587536402721,0.6396242629910036,1,8,0.5732409796637172,0.7393766820852553,0,4,0.8908916382368571,0.8999934484729724,0,2,0.48244767386355875,0.6431143204170007,0,0.8908916382368571,0.8999934484729724,1.086,"{""1"": 14448.148965744156, ""2"": 8279.443204598205, ""3"": 5748.507493941889, ""4"": 4305.574933155591, ""5"": 3616.0701436188037, ""6"": 3292.9752965241987, ""7"": 3025.1808368853185, ""8"": 2923.4377105142207, ""9"": 2868.231721333519, ""10"": 2859.03150353859, ""11"": 2756.3263811855095, ""12"": 2753.3677515466234, ""13"": 2774.4779767271402, ""14"": 2810.866436949987, ""15"": 2826.2947099058474}",2.7007858753204346
prinz1d,short,pca,2000,10,1,16,4,4,0.185,12,0.4367889185598062,0.6912845011081192,0,15,0.3691347667789601,0.6636109673828829,1,6,0.7214545120452515,0.8234953408988954,0,4,0.9417146643583858,0.9326194574979401,0,2,0.5106371754662403,0.6610129135099067,0,0.9417146643583858,0.9326194574979401,1.103,"{""1"": 14348.701192860874, ""2"": 8279.83354524733, ""3"": 5866.540844138656, ""4"": 4177.15887062672, ""5"": 3672.8380307273987, ""6"": 3209.289450671373, ""7"": 3067.4887840164038, ""8"": 2913.611993948082, ""9"": 2772.9989442112364, ""10"": 2732.670269542361, ""11"": 2697.8425058008493, ""12"": 2682.824706231041, ""13"": 2702.9689656893197, ""14"": 2725.3826097856677, ""15"": 2745.3016569637684}",2.7493491172790527
prinz1d,short,pca,2000,10,1,17,4,4,0.1995,11,0.46237315395227485,0.6895792476510284,0,15,0.3856905179625779,0.6562583589968581,1,7,0.6665229644275616,0.7539133898861407,0,4,0.9016440128448848,0.9002863815225608,0,2,0.5141534360440029,0.6712092724008097,0,0.9016440128448848,0.9002863815225608,1.025,"{""1"": 14670.369313449912, ""2"": 8247.093455011642, ""3"": 6368.375114452881, ""4"": 4088.1981374714514, ""5"": 3519.711486056935, ""6"": 3058.4176889360106, ""7"": 2841.2871383354095, ""8"": 2668.4056522125443, ""9"": 2584.2513682223694, ""10"": 2516.9569957081762, ""11"": 2440.1028616237936, ""12"": 2459.92098003161, ""13"": 2478.786713732268, ""14"": 2512.4330205704905, ""15"": 2538.376508772444}",2.7780165672302246
prinz1d,short,pca,2000,10,1,18,4,4,0.0795,11,0.3566860802621488,0.6425453958429229,0,15,0.3084046172540785,0.6150488495778093,1,5,0.7379111306016766,0.8470614538096577,0,3,0.7976245761085121,0.8049109081674616,0,3,0.7976245761085121,0.8049109081674616,0,0.6834786327098797,0.7860822855507499,1.041,"{""1"": 13825.83884752012, ""2"": 7738.8502372948615, ""3"": 4825.6953690601285, ""4"": 3904.0819193806715, ""5"": 3113.2460298096757, ""6"": 2810.2429922379047, ""7"": 2634.4370166094977, ""8"": 2501.0297406148916, ""9"": 2455.005645788956, ""10"": 2441.9564723974204, ""11"": 2421.2573475113686, ""12"": 2424.0333119971847, ""13"": 2480.6413470993257, ""14"": 2492.128690316418, ""15"": 2483.96284669313}",2.652031898498535
prinz1d,short,pca,2000,10,1,19,4,4,0.13,12,0.3847295132520954,0.6616870004387103,0,15,0.30932753421484743,0.6280260842138755,1,5,0.6661369338230907,0.799938278979997,0,4,0.851155349404921,0.8739798355597903,0,3,0.7761441548787599,0.7918277779976242,0,0.851155349404921,0.8739798355597903,0.944,"{""1"": 14272.137677396695, ""2"": 7858.261669201508, ""3"": 5146.800071469095, ""4"": 4066.8873622041497, ""5"": 3160.6601097823764, ""6"": 2886.4355752717292, ""7"": 2742.0675521313656, ""8"": 2648.495492416277, ""9"": 2556.687739234058, ""10"": 2468.498282453639, ""11"": 2434.1321725062567, ""12"": 2419.6511938751346, ""13"": 2453.5944211487613, ""14"": 2485.755635325365, ""15"": 2477.740888187037}",2.924182415008545
prinz1d,short,pca,4000,10,1,0,4,4,0.08175,12,0.3497933022946232,0.6425690054951723,0,15,0.31129667091357216,0.6178374922630111,1,7,0.545051242580782,0.7242465887301599,0,3,0.8113010769566675,0.8188533855077862,0,3,0.8113010769566675,0.8188533855077862,0,0.8689083322142951,0.8799342502535195,1.129,"{""1"": 27905.308128675635, ""2"": 15795.96297495961, ""3"": 10104.06153297186, ""4"": 8096.769052191313, ""5"": 6469.442550707541, ""6"": 5806.051527983589, ""7"": 5276.008381722383, ""8"": 4985.252947949549, ""9"": 4877.326431533839, ""10"": 4819.048992427175, ""11"": 4778.723683470364, ""12"": 4763.417651462993, ""13"": 4781.2201077914315, ""14"": 4789.168948620911, ""15"": 4809.337808869608}",5.3531882762908936
prinz1d,short,pca,4000,10,1,1,4,4,0.19175,11,0.47488525135442533,0.7092871856977613,0,15,0.35398421450400297,0.6548107610435258,1,8,0.5891705170683307,0.7485342338127156,0,4,0.894139188555134,0.9062347784836284,0,2,0.5211277022255197,0.6669216674064471,0,0.894139188555134,0.9062347784836284,0.9790000000000001,"{""1"": 28633.563474894523, ""2"": 16304.450008551818, ""3"": 11998.691148993366, ""4"": 8000.113075678807, ""5"": 6959.233837630912, ""6"": 6346.138880595879, ""7"": 5804.686125765525, ""8"": 5297.926146285715, ""9"": 5108.91508044278, ""10"": 4933.599699202783, ""11"": 4888.034750248438, ""12"": 4912.452790729276, ""13"": 4944.176182145312, ""14"": 4971.050719528973, ""15"": 4940.972960404}",5.762270212173462
prinz1d,short,pca,4000,10,1,2,4,4,0.1875,13,0.4127805578789214,0.6774707893113965,0,15,0.3534890660876291,0.650498741049424,1,7,0.6995447035799399,0.8042393127725013,0,4,0.9238950179430754,0.9275861965590654,0,2,0.5157962268545027,0.6660070175911972,0,0.9238950179430754,0.9275861965590654,1.131,"{""1"": 28719.132091128937, ""2"": 16502.125435916078, ""3"": 12352.283649036595, ""4"": 8275.297892030901, ""5"": 7051.522272936655, ""6"": 6374.811146139226, ""7"": 5977.880427196308, ""8"": 5598.927888921955, ""9"": 5367.346696860779, ""10"": 5197.4217389637815, ""11"": 5137.92682564513, ""12"": 5142.027498160342, ""13"": 5098.468206580793, ""14"": 5136.416139167878, ""15"": 5155.928212194341}",5.368474006652832
prinz1d,short,pca,4000,10,1,3,4,4,0.16075,13,0.4004056184392316,0.67282258464238,0,15,0.3573806053212973,0.6507347097149785,1,8,0.5865746875146266,0.7372354705101133,0,4,0.9114397649685415,0.9107774830685043,0,2,0.5268431588309964,0.6709790084739037,0,0.9114397649685415,0.9107774830685043,1.1374999999999997,"{""1"": 28436.828232366362, ""2"": 16731.451318097505, ""3"": 12002.472055609742, ""4"": 8515.803349478028, ""5"": 7405.77594594662, ""6"": 6301.600283590021, ""7"": 5903.851517372983, ""8"": 5525.758330374543, ""9"": 5252.671138686348, ""10"": 5145.626475459925, ""11"": 5012.141799203785, ""12"": 4963.704115344079, ""13"": 4940.263741384799, ""14"": 4957.942276888647, ""15"": 4970.900980733804}",5.469849586486816
prinz1d,short,pca,4000,10,1,4,4,4,0.1315,15,0.3560121564423616,0.6474644493098315,1,15,0.3560121564423616,0.6474644493098315,1,6,0.701399257900261,0.7866347896460779,0,4,0.9310570662388238,0.9293362199878605,0,2,0.47941567597441254,0.6440723905812041,0,0.9310570662388238,0.9293362199878605,1.1645,"{""1"": 28834.3447970099, ""2"": 16124.112356285654, ""3"": 10969.858280583387, ""4"": 8315.717526439232, ""5"": 6847.08287008524, ""6"": 6181.911141140182, ""7"": 5740.5715212921905, ""8"": 5355.9308276385855, ""9"": 5115.7312517091505, ""10"": 5047.054482544497, ""11"": 5009.690721472823, ""12"": 5007.521204392468, ""13"": 4999.725665568281, ""14"": 4998.6304646237195, ""15"": 4939.906795045307}",5.8064939975738525
prinz1d,short,pca,4000,10,1,5,4,4,0.1735,13,0.3859122640142196,0.6714558120605445,0,15,0.35050214733168483,0.6609391541497635,1,6,0.7058158000446051,0.8164378984593096,0,4,0.9141426431192385,0.9174643899453673,0,2,0.500988519605423,0.6568001943376773,0,0.9141426431192385,0.9174643899453673,1.2079999999999997,"{""1"": 28768.525411945644, ""2"": 16169.815905609968, ""3"": 11705.42108751634, ""4"": 8455.99377541311, ""5"": 7067.891618650407, ""6"": 6402.833097603423, ""7"": 5959.245238827475, ""8"": 5779.857763266795, ""9"": 5370.501355193831, ""10"": 5165.722022624681, ""11"": 5101.9492035913545, ""12"": 5075.012363448006, ""13"": 5055.938558047083, ""14"": 5069.82372839077, ""15"": 5097.418955492962}",5.884324312210083
prinz1d,short,pca,4000,10,1,6,4,4,0.216,12,0.4407742034961784,0.6884455837916805,0,15,0.3731145183808465,0.6659913225957765,1,6,0.6856046937845581,0.7930828221865318,0,4,0.9460750050460023,0.9416077328536021,0,2,0.5031932005543982,0.6587546983848027,0,0.9460750050460023,0.9416077328536021,1.1215,"{""1"": 28986.899779770298, ""2"": 16233.702621385948, ""3"": 11921.56298855539, ""4"": 8233.769662798839, ""5"": 7246.943146767731, ""6"": 6300.946181926035, ""7"": 5918.348710919015, ""8"": 5573.105468210639, ""9"": 5370.042161266222, ""10"": 5226.267980706102, ""11"": 5067.720198007592, ""12"": 5050.574709515015, ""13"": 5054.051602353462, ""14"": 5097.261490433152, ""15"": 5093.329826324788}",5.465034484863281
prinz1d,short,pca,4000,10,1,7,4,4,0.10925,15,0.3322452040286854,0.6469844470310877,1,15,0.3322452040286854,0.6469844470310877,1,5,0.833354153980626,0.8992596558603653,0,4,0.9165287972930188,0.920388363279947,0,2,0.47432120347240375,0.6355335803222203,0,0.9165287972930188,0.920388363279947,1.2105000000000001,"{""1"": 28450.063402242286, ""2"": 16279.952437179836, ""3"": 10874.164792363437, ""4"": 8402.912761644851, ""5"": 6852.489776891186, ""6"": 6313.302537846236, ""7"": 5772.986438585842, ""8"": 5513.93879788276, ""9"": 5390.327556733843, ""10"": 5166.839210920534, ""11"": 5056.4544045649045, ""12"": 5075.073470736601, ""13"": 5071.936304472691, ""14"": 5112.674023262767, ""15"": 5027.722559039623}",5.50501275062561
prinz1d,short,pca,4000,10,1,8,4,4,0.11225,14,0.33214330670850906,0.6453571363279903,0,14,0.33214330670850906,0.6453571363279903,0,7,0.531076417769054,0.7216659333296407,0,4,0.8595276646786923,0.8794492210932476,0,3,0.8004167751767178,0.810558660231601,0,0.8595276646786923,0.8794492210932476,1.164,"{""1"": 28419.716731724722, ""2"": 15659.575026885921, ""3"": 9916.373922318891, ""4"": 7846.785055251937, ""5"": 6289.386833949864, ""6"": 5491.084786581076, ""7"": 5130.152520269287, ""8"": 4874.390486377364, ""9"": 4664.851321452045, ""10"": 4655.037286651192, ""11"": 4466.488358889324, ""12"": 4582.119658438685, ""13"": 4469.023055503828, ""14"": 4459.508425721231, ""15"": 4506.254066060942}",5.527841329574585
prinz1d,short,pca,4000,10,1,9,4,4,0.1515,13,0.3867053212239117,0.6772507978378753,0,15,0.3377160497616837,0.6520223787089117,1,6,0.7039352710113306,0.8047080562036472,0,4,0.9184176555071369,0.9202061166166209,0,2,0.4876762754709118,0.6453188973126348,0,0.9184176555071369,0.9202061166166209,1.1860000000000002,"{""1"": 28765.776315858635, ""2"": 16141.771352862082, ""3"": 11185.450121170692, ""4"": 8364.264535519857, ""5"": 6873.276861337454, ""6"": 6158.778364342402, ""7"": 5689.386785898719, ""8"": 5426.942879780447, ""9"": 5192.524131343959, ""10"": 4962.4449668905, ""11"": 4906.385533203583, ""12"": 4898.633887693364, ""13"": 4863.4320754122355, ""14"": 4880.958869774963, ""15"": 4917.5512330418}",5.919400930404663
prinz1d,short,pca,4000,10,1,10,4,4,0.1035,14,0.35077056096753967,0.6476094954764859,0,14,0.35077056096753967,0.6476094954764859,0,7,0.5657148146365785,0.7417567701917706,0,4,0.922167898546577,0.9249944075372653,0,3,0.8409968488730158,0.8403386944699432,0,0.922167898546577,0.9249944075372653,1.0865,"{""1"": 28283.44149757111, ""2"": 15688.294082513126, ""3"": 10093.242795217699, ""4"": 7991.493935618647, ""5"": 6327.804491904424, ""6"": 5594.91725953783, ""7"": 5157.1041895008575, ""8"": 4840.310020306208, ""9"": 4653.547920426072, ""10"": 4484.922836256114, ""11"": 4417.969285869866, ""12"": 4428.383703479607, ""13"": 4432.161455789825, ""14"": 4409.90793816264, ""15"": 4459.440764517263}",5.367149114608765
prinz1d,short,pca,4000,10,1,11,4,4,0.149,14,0.3679960176011118,0.6579706511598955,0,14,0.3679960176011118,0.6579706511598955,0,7,0.6797047820591136,0.7746930457626017,0,4,0.8985148428435593,0.9092214777423284,0,2,0.5003118530281677,0.6520227943882896,0,0.8985148428435593,0.9092214777423284,1.2499999999999998,"{""1"": 28737.01754334352, ""2"": 16317.87421938953, ""3"": 11694.367144698494, ""4"": 8346.375779810207, ""5"": 7147.5993364563665, ""6"": 6412.803739127838, ""7"": 5930.1538765965115, ""8"": 5639.232432195012, ""9"": 5292.552859443913, ""10"": 5248.953490232276, ""11"": 5124.886771536009, ""12"": 5261.961867607297, ""13"": 5104.123349973565, ""14"": 5101.268135407875, ""15"": 5147.260782870438}",5.7448203563690186
prinz1d,short,pca,4000,10,1,12,4,4,0.0925,14,0.3065388291692232,0.6247829843738565,0,14,0.3065388291692232,0.6247829843738565,0,7,0.5153133192858965,0.7070613803126078,0,3,0.8236871534837289,0.8161383450764191,0,3,0.8236871534837289,0.8161383450764191,0,0.6547638905725056,0.7449934135628711,1.1330000000000002,"{""1"": 27791.236161046483, ""2"": 15257.093237706102, ""3"": 9092.944307441561, ""4"": 7305.60100085895, ""5"": 5695.934683463054, ""6"": 4877.365657578747, ""7"": 4508.3576733413, ""8"": 4205.78070452417, ""9"": 4146.491739377697, ""10"": 4078.9727666627905, ""11"": 4027.7681631398054, ""12"": 4023.594252659523, ""13"": 4041.9550356169516, ""14"": 3991.0220288701066, ""15"": 4053.968272616942}",5.109301567077637
prinz1d,short,pca,4000,10,1,13,4,4,0.129,13,0.36734982544376094,0.6512265846536817,0,15,0.33746932196366175,0.6406073986876647,1,8,0.5425411705130105,0.717893712498002,0,4,0.8845430520281212,0.8853249926249227,0,2,0.5419876218445697,0.6671850993615106,0,0.8845430520281212,0.8853249926249227,1.1649999999999998,"{""1"": 28266.255531538693, ""2"": 16655.250734773, ""3"": 12411.6154947455, ""4"": 9042.147323304476, ""5"": 7748.308369334309, ""6"": 6693.33575590077, ""7"": 6252.031764192291, ""8"": 5883.564771006939, ""9"": 5742.0955457796235, ""10"": 5617.238284117262, ""11"": 5559.348280578256, ""12"": 5549.224094606094, ""13"": 5435.7084463635265, ""14"": 5482.505010306797, ""15"": 5499.522738826368}",5.566259860992432
prinz1d,short,pca,4000,10,1,14,4,4,0.18575,12,0.4250188244980603,0.6877862932717931,0,15,0.3483042809544959,0.6495784643038409,1,8,0.5861754907287721,0.7501803060467908,0,4,0.9226120468319201,0.9186747660689789,0,2,0.4851963587433091,0.6519193531822698,0,0.9226120468319201,0.9186747660689789,1.139,"{""1"": 29340.177729106676, ""2"": 16338.605227472908, ""3"": 11441.723708128535, ""4"": 8267.410458706563, ""5"": 6874.581415229066, ""6"": 6234.163872973163, ""7"": 5637.540335734117, ""8"": 5118.157547301018, ""9"": 4891.276109936847, ""10"": 4820.286980130068, ""11"": 4792.87525897652, ""12"": 4588.47035344675, ""13"": 4767.305168691639, ""14"": 4603.048318951213, ""15"": 4603.034070366328}",5.724329948425293
prinz1d,short,pca,4000,10,1,15,4,4,0.11825,12,0.43127264011167993,0.6887430704102612,0,15,0.33226211072768636,0.6408464529014247,1,8,0.5505532689318783,0.7279136190228281,0,4,0.8691464057428231,0.8887509891388482,0,2,0.49162637142046095,0.646253116452347,0,0.8691464057428231,0.8887509891388482,0.982,"{""1"": 28457.08496577331, ""2"": 16178.26935710546, ""3"": 11108.598000662132, ""4"": 8424.108706390049, ""5"": 6952.860531655023, ""6"": 6304.134139676163, ""7"": 5706.777071847821, ""8"": 5457.187081874475, ""9"": 5305.050903707074, ""10"": 5214.795300161824, ""11"": 5181.668849996563, ""12"": 4946.321446292646, ""13"": 5132.984648484233, ""14"": 4985.992751769975, ""15"": 5006.027179147744}",5.475063323974609
prinz1d,short,pca,4000,10,1,16,4,4,0.17125,14,0.37273943173740165,0.6582526631624241,0,15,0.34703529406924394,0.6459567793274176,1,7,0.6751283373790501,0.7723139874647507,0,4,0.8984858701048064,0.9092957624005575,0,2,0.5092441288036752,0.6612596217062671,0,0.8984858701048064,0.9092957624005575,1.2235000000000003,"{""1"": 28841.53120540551, ""2"": 16366.83834445056, ""3"": 11973.031805546174, ""4"": 8383.231508243178, ""5"": 7147.60714185028, ""6"": 6405.653385690263, ""7"": 5974.386067644545, ""8"": 5610.396073007117, ""9"": 5384.788323654901, ""10"": 5236.2192869548035, ""11"": 5162.6576952932455, ""12"": 5124.918758481954, ""13"": 5118.348803308712, ""14"": 5075.216549064037, ""15"": 5099.9177582103475}",5.646183967590332
prinz1d,short,pca,4000,10,1,17,4,4,0.2135,13,0.4156347652824003,0.6862577468616374,0,14,0.3913192140590694,0.6662541501086892,0,8,0.5794289508949512,0.7421245152051987,0,4,0.9160853717514265,0.9180233044229459,0,2,0.49996746503335016,0.6629602510543666,0,0.9160853717514265,0.9180233044229459,1.1865,"{""1"": 29265.426267070256, ""2"": 16499.33257834603, ""3"": 12342.969505663687, ""4"": 8360.349748793555, ""5"": 7115.95802793577, ""6"": 6295.9607247556405, ""7"": 5782.069872333373, ""8"": 5321.245891082799, ""9"": 5152.21014674812, ""10"": 5053.304036878379, ""11"": 4978.889017046291, ""12"": 4887.226764292571, ""13"": 4876.305891926499, ""14"": 4889.211482479603, ""15"": 4928.968765810232}",5.487124443054199
prinz1d,short,pca,4000,10,1,18,4,4,0.16125,12,0.4123046171473483,0.6781670668117918,0,15,0.34040225032661386,0.6467024233155656,1,6,0.7110424101469754,0.813737170251545,0,4,0.8936395950029693,0.904980855921516,0,2,0.502626318093322,0.6586519084349833,0,0.8936395950029693,0.904980855921516,1.1185,"{""1"": 28741.087475199285, ""2"": 16201.624664961419, ""3"": 11571.701828717545, ""4"": 8434.255686300212, ""5"": 7041.466962505751, ""6"": 6403.8054478526965, ""7"": 5907.3267391749, ""8"": 5653.855033353506, ""9"": 5476.722956342802, ""10"": 5162.619147331228, ""11"": 5065.730807186601, ""12"": 5062.21995922954, ""13"": 5068.923140052869, ""14"": 5093.8730834232365, ""15"": 5125.980982573305}",5.6536641120910645
prinz1d,short,pca,4000,10,1,19,4,4,0.157,12,0.4191830887833756,0.6722043494732967,0,15,0.33876025294675255,0.6416828594993658,1,8,0.5376158044283622,0.7147243343780919,0,4,0.8602928794001556,0.8842227962625542,0,2,0.5078676705260549,0.6570508875833926,0,0.8602928794001556,0.8842227962625542,1.0534999999999999,"{""1"": 28641.300872399133, ""2"": 16331.013612382538, ""3"": 11831.00026529687, ""4"": 8711.562709643878, ""5"": 7292.778890189532, ""6"": 6690.864886729975, ""7"": 6141.301137562447, ""8"": 5709.870208359136, ""9"": 5539.969841485531, ""10"": 5473.119711803603, ""11"": 5406.143190041781, ""12"": 5277.535124597485, ""13"": 5294.673959122686, ""14"": 5282.632155117381, ""15"": 5297.828735033763}",5.531172275543213
prinz1d,short,pca,8000,10,1,0,4,4,0.130375,14,0.34975655752699075,0.6505677479807943,0,15,0.3237307038781895,0.6425515642930787,1,7,0.5627138159003574,0.7427872018132303,0,4,0.8883915646774826,0.8998617298400833,0,2,0.47886381124576377,0.6438126731565794,0,0.8883915646774826,0.8998617298400833,1.1732500000000001,"{""1"": 57146.485593914265, ""2"": 32082.46763108743, ""3"": 21719.79486573186, ""4"": 16495.105085823885, ""5"": 13356.40937387239, ""6"": 12094.048230673456, ""7"": 10838.451981476484, ""8"": 10207.07819804036, ""9"": 9833.090366679224, ""10"": 9655.49289329768, ""11"": 9415.440719553702, ""12"": 9358.865981810439, ""13"": 9243.243778056269, ""14"": 9241.324618883675, ""15"": 9256.518767766587}",13.836210250854492
prinz1d,short,pca,8000,10,1,1,4,4,0.185625,13,0.40748348349701763,0.6763276559172559,0,15,0.3511791552398305,0.6500374017152697,1,8,0.5768219461298872,0.738556529465825,0,4,0.9125373759370428,0.9181654660513489,0,2,0.5070251635643743,0.6607315036393558,0,0.9125373759370428,0.9181654660513489,1.1415,"{""1"": 57706.17638102339, ""2"": 32493.22334003147, ""3"": 23739.9341846155, ""4"": 16394.780148341124, ""5"": 13979.85375277434, ""6"": 12602.040154857608, ""7"": 11589.296286659888, ""8"": 10671.562541157877, ""9"": 10203.97674872411, ""10"": 9819.743369413234, ""11"": 9578.157351601432, ""12"": 9531.490399039034, ""13"": 9433.262426785248, ""14"": 9497.83419231153, ""15"": 9514.886969293002}",14.177136898040771
prinz1d,short,pca,8000,10,1,2,4,4,0.145125,15,0.3338461567949398,0.6479020477742718,1,15,0.3338461567949398,0.6479020477742718,1,6,0.688408779400508,0.8071398063798797,0,4,0.8847374871083603,0.9058063406890854,0,2,0.505347098467752,0.6586450862649676,0,0.8847374871083603,0.9058063406890854,1.278,"{""1"": 57031.321844112106, ""2"": 32322.35012126576, ""3"": 22905.17611249947, ""4"": 16591.494937597658, ""5"": 13800.01527563242, ""6"": 12498.86472758541, ""7"": 11480.848866078271, ""8"": 10914.143228224424, ""9"": 10381.433257210387, ""10"": 10109.522146788484, ""11"": 9819.240079401585, ""12"": 9860.36942316973, ""13"": 9799.088287650535, ""14"": 9801.031698616607, ""15"": 9798.774602991643}",14.050644397735596
prinz1d,short,pca,8000,10,1,3,4,4,0.19925,15,0.35697472777305367,0.650094442201965,1,15,0.35697472777305367,0.650094442201965,1,8,0.5737368592400891,0.7328876382484997,0,4,0.8970040831215839,0.9068729230845792,0,2,0.5149847563261466,0.6651411006402275,0,0.8970040831215839,0.9068729230845792,1.2680000000000002,"{""1"": 57608.9432167314, ""2"": 33059.788693716306, ""3"": 24684.826063711687, ""4"": 16848.85920675744, ""5"": 14410.604899555943, ""6"": 12630.17478721031, ""7"": 11547.76775925137, ""8"": 10866.128292151438, ""9"": 10453.814346155496, ""10"": 9937.114180668857, ""11"": 9778.734780785668, ""12"": 9680.94964313893, ""13"": 9649.280231026813, ""14"": 9581.208836336747, ""15"": 9554.91591043842}",13.703290462493896
prinz1d,short,pca,8000,10,1,4,4,4,0.14475,15,0.339745227303877,0.6493405050924835,1,15,0.339745227303877,0.6493405050924835,1,6,0.703772503985751,0.7904243392618023,0,4,0.9158660821079214,0.9220258619181455,0,2,0.4750806841633843,0.6433053615264621,0,0.9158660821079214,0.9220258619181455,1.25875,"{""1"": 57756.104558144594, ""2"": 31954.40969520507, ""3"": 21669.522350967844, ""4"": 16295.67589816822, ""5"": 13340.584097785906, ""6"": 11921.636676371249, ""7"": 10887.77731596993, ""8"": 10207.049819730928, ""9"": 9826.713201015247, ""10"": 9540.598012561475, ""11"": 9397.0070258177, ""12"": 9375.280418148071, ""13"": 9356.649032125853, ""14"": 9222.260397491369, ""15"": 9117.81230014865}",13.78410005569458
prinz1d,short,pca,8000,10,1,5,4,4,0.193125,14,0.37492367473803573,0.6587790024811485,0,15,0.35544219932070203,0.6563257310768784,1,8,0.5782269198799,0.7346113607567321,0,4,0.9069358397015097,0.912602176684936,0,2,0.5003697697917054,0.6559356984205048,0,0.9069358397015097,0.912602176684936,1.20275,"{""1"": 57862.584362352216, ""2"": 32747.7493864489, ""3"": 24002.436751956804, ""4"": 17040.875639687194, ""5"": 14317.334439104667, ""6"": 12753.29587624399, ""7"": 11796.765388145204, ""8"": 10910.643282383613, ""9"": 10600.704646262688, ""10"": 10041.707790885635, ""11"": 9947.374758742888, ""12"": 9772.295474755087, ""13"": 9717.233318543174, ""14"": 9663.695869059233, ""15"": 9663.789454523281}",14.012826442718506
prinz1d,short,pca,8000,10,1,6,4,4,0.220875,13,0.42028737059581384,0.6847166789753522,0,15,0.3769369068340267,0.6623785283625616,1,7,0.6529712601129295,0.7731054497215888,0,4,0.9426696447516596,0.9371092926464715,0,2,0.5029961776311785,0.6625645039913722,0,0.9426696447516596,0.9371092926464715,1.1742499999999998,"{""1"": 58140.42909757456, ""2"": 32716.144228370835, ""3"": 24029.916391631366, ""4"": 16407.393596253227, ""5"": 14153.249653614666, ""6"": 12452.107428310685, ""7"": 11514.403934163767, ""8"": 10615.383045831766, ""9"": 10228.82520701051, ""10"": 10028.821959760648, ""11"": 9701.202723838382, ""12"": 9580.332675193102, ""13"": 9553.693795074465, ""14"": 9557.25668216676, ""15"": 9570.834499663348}",13.747096538543701
prinz1d,short,pca,8000,10,1,7,4,4,0.1565,14,0.36744796745063163,0.6591183703495136,0,15,0.34785351758497507,0.6513410228948129,1,7,0.5941720692107575,0.7548083075047813,0,4,0.9160262228314922,0.920836094508178,0,2,0.4907082691615437,0.6492986069620273,0,0.9160262228314922,0.920836094508178,1.23025,"{""1"": 57800.850516563376, ""2"": 32839.06154697793, ""3"": 23072.29457309536, ""4"": 16968.75418833425, ""5"": 14195.947354048149, ""6"": 13097.792533558697, ""7"": 11705.633841642402, ""8"": 11230.572862839033, ""9"": 10607.77783277735, ""10"": 10329.32534355098, ""11"": 9952.794681982388, ""12"": 9804.647676494522, ""13"": 9821.197423814825, ""14"": 9799.377124785944, ""15"": 9817.042652906679}",14.366900444030762
prinz1d,short,pca,8000,10,1,8,4,4,0.16075,15,0.3529950436069362,0.6588570727918749,1,15,0.3529950436069362,0.6588570727918749,1,7,0.5934452637858476,0.7601629465326853,0,4,0.9158931716586936,0.9213038903942169,0,2,0.4901848774838177,0.6525589095753312,0,0.9158931716586936,0.9213038903942169,1.2959999999999998,"{""1"": 58006.12622922811, ""2"": 32444.806436421564, ""3"": 22896.165458147847, ""4"": 16338.51250279774, ""5"": 13613.519718307396, ""6"": 12363.714343060412, ""7"": 11203.484417062351, ""8"": 10633.222711604902, ""9"": 10096.232754565766, ""10"": 9702.48913569495, ""11"": 9474.694555179522, ""12"": 9363.823805342923, ""13"": 9337.602295622979, ""14"": 9319.191080291766, ""15"": 9311.565513262703}",14.056301593780518
prinz1d,short,pca,8000,10,1,9,4,4,0.17075,14,0.37418062916327766,0.661525410363963,0,15,0.35964175256192565,0.6580168294148726,1,6,0.7082987254462492,0.8036845806545856,0,4,0.9014935231777893,0.9093667215081408,0,2,0.49308875956429987,0.6493373920243829,0,0.9014935231777893,0.9093667215081408,1.2437500000000001,"{""1"": 57880.29504737346, ""2"": 32448.48398349301, ""3"": 23367.631869392702, ""4"": 16983.89835727926, ""5"": 14280.494980822625, ""6"": 12634.731578626504, ""7"": 11683.974997764999, ""8"": 10992.632468595713, ""9"": 10594.759300621963, ""10"": 10407.242487673571, ""11"": 10069.283352226426, ""12"": 9797.932596867424, ""13"": 9756.091765009267, ""14"": 9741.836270993797, ""15"": 9777.340843296859}",14.070266485214233
prinz1d,short,pca,8000,10,1,10,4,4,0.121875,14,0.3432466055354744,0.6444687763858087,0,14,0.3432466055354744,0.6444687763858087,0,7,0.5601873186377564,0.7378718861439892,0,4,0.8989771011975931,0.9090922567063301,0,2,0.45984528116184525,0.6288258888924152,0,0.8989771011975931,0.9090922567063301,1.162,"{""1"": 57007.72642751442, ""2"": 31652.842071597024, ""3"": 20661.711299789215, ""4"": 16082.097257372121, ""5"": 12887.099509293434, ""6"": 11464.503895456206, ""7"": 10486.214076065546, ""8"": 9864.423720513403, ""9"": 9338.79437594268, ""10"": 9169.190931164134, ""11"": 8980.574488824252, ""12"": 8950.790285039995, ""13"": 8729.989784475652, ""14"": 8701.738554402735, ""15"": 8770.081655911277}",13.702866315841675
prinz1d,short,pca,8000,10,1,11,4,4,0.183125,14,0.3733838035481107,0.6587464555740199,0,15,0.356092654563148,0.6513670569257372,1,7,0.6037880857823494,0.7579555173532454,0,4,0.8981184902208209,0.9086153791603618,0,2,0.5030454231136126,0.6539036304751357,0,0.8981184902208209,0.9086153791603618,1.1915,"{""1"": 57736.313073374076, ""2"": 32992.83716137829, ""3"": 24070.1943908137, ""4"": 16874.750185743185, ""5"": 14304.235142707405, ""6"": 12709.237143922466, ""7"": 11779.724229193886, ""8"": 11090.991261043682, ""9"": 10690.21565129799, ""10"": 10343.914563384018, ""11"": 9717.766835827046, ""12"": 9634.601061534391, ""13"": 9594.159372117574, ""14"": 9580.627407614833, ""15"": 9586.015150089483}",14.149770736694336
prinz1d,short,pca,8000,10,1,12,4,4,0.15375,15,0.34074832128137283,0.6413782085084101,1,15,0.34074832128137283,0.6413782085084101,1,7,0.5786069742048794,0.7503818183100658,0,4,0.8961345397389416,0.9065324950255845,0,2,0.46712722930136724,0.6379450358428953,0,0.8961345397389416,0.9065324950255845,1.227,"{""1"": 57739.03191763479, ""2"": 31943.86586023494, ""3"": 21386.619576836176, ""4"": 15910.927531574753, ""5"": 12885.08506202775, ""6"": 11647.816058779385, ""7"": 10653.704268692789, ""8"": 10012.539359969744, ""9"": 9575.775855364622, ""10"": 9368.735002410867, ""11"": 9340.946487380515, ""12"": 9019.151661388401, ""13"": 9052.341876201863, ""14"": 8936.006435056404, ""15"": 8907.418344160455}",13.516769886016846
prinz1d,short,pca,8000,10,1,13,4,4,0.172625,14,0.37026172244443606,0.663683878879816,0,15,0.3465190007423591,0.6517412379472298,1,8,0.5752875379292153,0.7327894162013208,0,4,0.8974940044342639,0.9055759281921176,0,2,0.517573167042163,0.6650706130138316,0,0.8974940044342639,0.9055759281921176,1.2420000000000002,"{""1"": 57412.96711965567, ""2"": 33255.721563418505, ""3"": 24748.194594678946, ""4"": 17441.806269918623, ""5"": 14897.359348339376, ""6"": 13025.55387792332, ""7"": 12132.206390958354, ""8"": 11322.463767573548, ""9"": 10947.37885948102, ""10"": 10494.010468516604, ""11"": 10380.072743088705, ""12"": 10064.282843504538, ""13"": 10002.460951459005, ""14"": 9988.664815708013, ""15"": 9997.12720643397}",14.224499702453613
prinz1d,short,pca,8000,10,1,14,4,4,0.175375,15,0.34722653217694505,0.6446128726042779,1,15,0.34722653217694505,0.6446128726042779,1,8,0.5711935718777417,0.7372198812271925,0,4,0.8939639943113245,0.9025129466472225,0,2,0.4794052513609468,0.6455254829620246,0,0.8939639943113245,0.9025129466472225,1.263,"{""1"": 58247.86836521469, ""2"": 32038.478478200468, ""3"": 22195.19556780322, ""4"": 16277.203329087492, ""5"": 13315.379226349425, ""6"": 11965.06453144324, ""7"": 10786.121298966058, ""8"": 9961.962799235042, ""9"": 9406.218696822416, ""10"": 9260.107355015076, ""11"": 9136.550610193313, ""12"": 9090.215402808197, ""13"": 8749.907267840574, ""14"": 8749.24646638029, ""15"": 8739.115654271254}",13.978178262710571
prinz1d,short,pca,8000,10,1,15,4,4,0.147,15,0.3428083121579675,0.6460139478256899,1,15,0.3428083121579675,0.6460139478256899,1,8,0.5623903028843289,0.7265014448108931,0,4,0.8873955320537866,0.9013397388683638,0,2,0.5003487881418364,0.6533482859022028,0,0.8873955320537866,0.9013397388683638,1.2732500000000002,"{""1"": 57402.71822691813, ""2"": 32731.256732129594, ""3"": 23121.883741782145, ""4"": 16832.91740681106, ""5"": 13894.853461110213, ""6"": 12474.166248448202, ""7"": 11364.45932109876, ""8"": 10662.327172622938, ""9"": 10254.810753474792, ""10"": 9996.819511005244, ""11"": 9733.079112977717, ""12"": 9548.02936899236, ""13"": 9532.977899744972, ""14"": 9481.997863859866, ""15"": 9470.79760944625}",13.955554485321045
prinz1d,short,pca,8000,10,1,16,4,4,0.205625,14,0.3953045065945638,0.675303497273436,0,15,0.3698914881757912,0.6590675479610111,1,6,0.7039322749451131,0.8030348057190426,0,4,0.9101590756079547,0.9160101086774854,0,2,0.5034156623160038,0.6612782050032179,0,0.9101590756079547,0.9160101086774854,1.2005,"{""1"": 58059.6070231636, ""2"": 32882.6228213462, ""3"": 24538.49643053964, ""4"": 16596.212368280514, ""5"": 14149.391431697515, ""6"": 12550.821506773249, ""7"": 11685.804068152904, ""8"": 10907.597496336195, ""9"": 10443.242132613195, ""10"": 10024.182815738213, ""11"": 9764.508019306206, ""12"": 9656.855041504128, ""13"": 9594.948569649332, ""14"": 9521.902319399698, ""15"": 9530.728345684336}",13.74402642250061
prinz1d,short,pca,8000,10,1,17,4,4,0.191,14,0.38341278611376567,0.6706302811611512,0,15,0.3518897037337624,0.6548773702825892,1,8,0.5586229851069555,0.7306847728979119,0,4,0.8855961762004093,0.899481132965915,0,2,0.4999228704016734,0.6567300241839756,0,0.8855961762004093,0.899481132965915,1.20075,"{""1"": 57798.83481638882, ""2"": 32482.502472589564, ""3"": 23345.817734210275, ""4"": 16708.367252841617, ""5"": 13944.675368886144, ""6"": 12416.064620713229, ""7"": 11296.313027017875, ""8"": 10587.00294651266, ""9"": 10100.097189514918, ""10"": 9942.813429295746, ""11"": 9766.649940679843, ""12"": 9688.53849100151, ""13"": 9439.645558612508, ""14"": 9415.145064322896, ""15"": 9449.193992599387}",14.456594705581665
prinz1d,short,pca,8000,10,1,18,4,4,0.132,15,0.33447441499071084,0.6418658279134708,1,15,0.33447441499071084,0.6418658279134708,1,6,0.6943588853457248,0.8074016761519697,0,4,0.8894793723978055,0.9031396406702396,0,2,0.4957108785040331,0.6518428024137833,0,0.8894793723978055,0.9031396406702396,1.2257500000000001,"{""1"": 56968.53449936855, ""2"": 32045.754751717246, ""3"": 22024.51063241177, ""4"": 16825.52609024412, ""5"": 13594.977451618748, ""6"": 12340.817039658103, ""7"": 11276.929706468023, ""8"": 10550.248347873565, ""9"": 10161.14323343436, ""10"": 9950.981476563731, ""11"": 9490.26242975641, ""12"": 9462.697383730338, ""13"": 9395.901983522828, ""14"": 9402.077147029791, ""15"": 9378.051906245812}",14.497274160385132
prinz1d,short,pca,8000,10,1,19,4,4,0.1465,14,0.3687931423088529,0.6593711737353097,0,15,0.32463491333932004,0.6341156036317045,1,7,0.5656808941251985,0.7421468038885451,0,4,0.8852994375172141,0.8998497672488117,0,2,0.47969171731199506,0.6425525501852825,0,0.8852994375172141,0.8998497672488117,1.159,"{""1"": 57406.16199724723, ""2"": 32148.838175611636, ""3"": 22074.84009911795, ""4"": 16706.256062023185, ""5"": 13539.941846644075, ""6"": 12349.153399058627, ""7"": 11302.259784148335, ""8"": 10699.742274355936, ""9"": 10140.763964287433, ""10"": 9898.324765111885, ""11"": 9660.449915165387, ""12"": 9590.554914896416, ""13"": 9462.969932711345, ""14"": 9421.342950657134, ""15"": 9457.37653549024}",14.184978485107422
prinz1d,short,pca,16000,10,1,0,4,4,0.1458125,15,0.3301979671330456,0.6483227071973557,1,15,0.3301979671330456,0.6483227071973557,1,7,0.5621384455984421,0.7381462067883732,0,4,0.8733510278582675,0.8923923846929189,0,2,0.47680622443779025,0.6429197288075059,0,0.8733510278582675,0.8923923846929189,1.22825,"{""1"": 114913.24771294036, ""2"": 63933.66106229984, ""3"": 43255.4023261096, ""4"": 32405.057913289733, ""5"": 26264.02504380866, ""6"": 23546.711721266896, ""7"": 21101.4950348663, ""8"": 19950.376662061408, ""9"": 18980.34067048565, ""10"": 18545.987213824792, ""11"": 17928.042174615824, ""12"": 17835.769561681114, ""13"": 17617.37840710507, ""14"": 17545.01535171095, ""15"": 17544.367082180197}",58.39196276664734
prinz1d,short,pca,16000,10,1,1,4,4,0.196625,15,0.3541085442021283,0.6508052005205938,1,15,0.3541085442021283,0.6508052005205938,1,8,0.5750998946567305,0.7345945000496792,0,4,0.9189021604968391,0.9208220942104868,0,2,0.5113611886587073,0.6638765011766528,0,0.9189021604968391,0.9208220942104868,1.28075,"{""1"": 115550.9500007194, ""2"": 65925.20093322756, ""3"": 49160.277923175985, ""4"": 33390.78885723356, ""5"": 28639.40968761319, ""6"": 25005.11194828489, ""7"": 23149.648422454287, ""8"": 21368.853168335416, ""9"": 20585.549006327226, ""10"": 19551.09520055949, ""11"": 18988.80358567475, ""12"": 18795.473782397272, ""13"": 18686.95861376945, ""14"": 18622.045287041583, ""15"": 18547.631090348314}",53.67039775848389
prinz1d,short,pca,16000,10,1,2,4,4,0.176,15,0.3470498514592108,0.6479162978430462,1,15,0.3470498514592108,0.6479162978430462,1,8,0.5702766654145903,0.7328052964009895,0,4,0.8891840045001042,0.904021186049305,0,2,0.5086393324929988,0.6604071338857254,0,0.8891840045001042,0.904021186049305,1.3019999999999998,"{""1"": 114898.65626355945, ""2"": 65190.561658312145, ""3"": 47663.0868554421, ""4"": 33330.73010910089, ""5"": 27996.049082279005, ""6"": 24928.651443947772, ""7"": 23014.44741354086, ""8"": 21414.065038573666, ""9"": 20423.361866389543, ""10"": 19587.620534560323, ""11"": 19258.20537041242, ""12"": 19058.887786781444, ""13"": 18939.473275784534, ""14"": 18855.520459216, ""15"": 18657.11248965401}",53.37876319885254
prinz1d,short,pca,16000,10,1,3,4,4,0.201625,15,0.3566070186590056,0.6547252961818223,1,15,0.3566070186590056,0.6547252961818223,1,8,0.5756221796415687,0.7319168620201739,0,4,0.907274778604324,0.9136297254253937,0,2,0.5053477562080037,0.6604700918306754,0,0.907274778604324,0.9136297254253937,1.3027499999999999,"{""1"": 115814.91025875398, ""2"": 65923.08176611498, ""3"": 49007.07312011443, ""4"": 33792.7396353581, ""5"": 29127.542309282006, ""6"": 25504.583785575072, ""7"": 23373.228178587222, ""8"": 21686.40338121375, ""9"": 20714.499627309244, ""10"": 19677.052538939944, ""11"": 19327.60138538701, ""12"": 19010.891102217774, ""13"": 19014.247456000434, ""14"": 18859.814088418832, ""15"": 18756.532918289256}",53.6285355091095
prinz1d,short,pca,16000,10,1,4,4,4,0.157625,15,0.34450714585032205,0.6465929009670525,1,15,0.34450714585032205,0.6465929009670525,1,6,0.678942464637788,0.784151676907836,0,4,0.8879550325530107,0.9017314248428877,0,2,0.48609022985337846,0.6501472041440248,0,0.8879550325530107,0.9017314248428877,1.238875,"{""1"": 115634.57497306317, ""2"": 64581.81015666498, ""3"": 44714.87029123463, ""4"": 32918.284944817824, ""5"": 26860.379021963723, ""6"": 24033.747378760334, ""7"": 21876.27560714235, ""8"": 20716.359662719948, ""9"": 19761.8775861073, ""10"": 19162.74216895571, ""11"": 19088.423643109894, ""12"": 18051.690681123673, ""13"": 17898.96682600899, ""14"": 17865.45050263258, ""15"": 17782.15277220551}",53.07944703102112
prinz1d,short,pca,16000,10,1,5,4,4,0.2009375,15,0.3597401249350231,0.6532908111581827,1,15,0.3597401249350231,0.6532908111581827,1,8,0.5832181681883644,0.7379676429322704,0,4,0.9101537119887513,0.9151719525494293,0,2,0.49994942902910666,0.656986616134666,0,0.9101537119887513,0.9151719525494293,1.2611249999999998,"{""1"": 116022.83108392918, ""2"": 65485.64926900006, ""3"": 48186.87888528334, ""4"": 33953.10939648176, ""5"": 28616.565126656515, ""6"": 25311.704538952115, ""7"": 23341.411010826934, ""8"": 21579.204865810563, ""9"": 20683.9536650388, ""10"": 19699.195693380276, ""11"": 19168.97800125464, ""12"": 19007.677080347745, ""13"": 18679.12947371591, ""14"": 18665.57896383453, ""15"": 18624.408191223712}",53.647449254989624
prinz1d,short,pca,16000,10,1,6,4,4,0.196375,15,0.3700268257669309,0.6610310214539843,1,15,0.3700268257669309,0.6610310214539843,1,6,0.7008184204034364,0.798944538393731,0,4,0.9376928768689369,0.935136706330889,0,2,0.4995178700164584,0.6561249285072985,0,0.9376928768689369,0.935136706330889,1.2798749999999999,"{""1"": 116361.68549397666, ""2"": 65365.762663662514, ""3"": 48805.61387145284, ""4"": 33045.51179851186, ""5"": 28253.600161964703, ""6"": 25076.302880510895, ""7"": 23246.651666050573, ""8"": 21783.877976015705, ""9"": 20817.078961029318, ""10"": 19886.97555534651, ""11"": 19372.50026263976, ""12"": 19048.36205639574, ""13"": 18977.654360903543, ""14"": 18948.583132849766, ""15"": 18781.91725349728}",52.74748921394348
prinz1d,short,pca,16000,10,1,7,4,4,0.1876875,15,0.35766167525057946,0.6524354559745497,1,15,0.35766167525057946,0.6524354559745497,1,6,0.6958278307035394,0.8018715558615634,0,4,0.9239163728967841,0.9235929299333532,0,2,0.5023199922776642,0.6566153858568743,0,0.9239163728967841,0.9235929299333532,1.27625,"{""1"": 115744.39246948357, ""2"": 65529.685661149975, ""3"": 47858.475239523854, ""4"": 33851.13179081314, ""5"": 28430.91656952451, ""6"": 25001.15332863616, ""7"": 23180.71649827072, ""8"": 22104.529154692096, ""9"": 20669.636046530944, ""10"": 19746.98836225077, ""11"": 19390.01612493268, ""12"": 19220.606718917938, ""13"": 18975.173510631525, ""14"": 18939.866898873355, ""15"": 18842.87575106246}",53.84835386276245
prinz1d,short,pca,16000,10,1,8,4,4,0.15125,15,0.3445379361879702,0.6447426516738918,1,15,0.3445379361879702,0.6447426516738918,1,8,0.5714925014282677,0.7347682717516456,0,4,0.9081716249804009,0.9154164153956587,0,2,0.4843867608677101,0.6479134215874159,0,0.9081716249804009,0.9154164153956587,1.2479999999999998,"{""1"": 115689.98671449762, ""2"": 64857.44789867713, ""3"": 44968.20437764433, ""4"": 32889.67204827269, ""5"": 27440.18259910325, ""6"": 24915.092227835386, ""7"": 22572.897841374997, ""8"": 21375.067823702717, ""9"": 20309.510605194522, ""10"": 19416.78085871232, ""11"": 18852.568855319187, ""12"": 18697.372992989887, ""13"": 18626.399307823485, ""14"": 18541.722808454957, ""15"": 18471.191763790986}",54.05026030540466
prinz1d,short,pca,16000,10,1,9,4,4,0.1659375,15,0.35024243070086003,0.6462061727726747,1,15,0.35024243070086003,0.6462061727726747,1,6,0.7067824632512026,0.8008468374103492,0,4,0.9021578108740599,0.9099811560111098,0,2,0.48882220760712536,0.6487762805059616,0,0.9021578108740599,0.9099811560111098,1.251,"{""1"": 115691.81898894405, ""2"": 64356.42287342747, ""3"": 45281.18720283836, ""4"": 32962.036098832075, ""5"": 27373.719698540073, ""6"": 24413.811001657043, ""7"": 22463.125679333007, ""8"": 21216.198339771257, ""9"": 20156.06031005991, ""10"": 19190.650544170214, ""11"": 18947.753712305766, ""12"": 18617.993503241447, ""13"": 18468.82194521452, ""14"": 18386.46866132439, ""15"": 18312.321021736392}",54.392005920410156
prinz1d,short,pca,16000,10,1,10,4,4,0.184125,15,0.3589344019363687,0.6578375653832619,1,15,0.3589344019363687,0.6578375653832619,1,8,0.5821204082372229,0.7365281346102714,0,4,0.9114456099757927,0.9145368851196245,0,2,0.5027815200843312,0.6572778823875212,0,0.9114456099757927,0.9145368851196245,1.245,"{""1"": 115711.46025843275, ""2"": 65630.69135705428, ""3"": 47584.89875612752, ""4"": 33655.443318810554, ""5"": 28266.202228408954, ""6"": 25073.20153047695, ""7"": 22939.511305185133, ""8"": 21324.355708139694, ""9"": 20380.824243002415, ""10"": 19495.012259156887, ""11"": 19005.304596273578, ""12"": 18761.623856750037, ""13"": 18601.26637033615, ""14"": 18494.340730521224, ""15"": 18414.70103717846}",52.60773539543152
prinz1d,short,pca,16000,10,1,11,4,4,0.179,15,0.35393378672924153,0.6533453858083549,1,15,0.35393378672924153,0.6533453858083549,1,6,0.7142172571979022,0.8147229171757795,0,4,0.9054052780424147,0.9142308714671437,0,2,0.49793128157165933,0.6547767120885847,0,0.9054052780424147,0.9142308714671437,1.2893749999999997,"{""1"": 115623.51382350552, ""2"": 65418.70396791976, ""3"": 46773.807010606055, ""4"": 33257.98201921294, ""5"": 27645.37708412286, ""6"": 24632.612657879297, ""7"": 22831.058664062675, ""8"": 21468.80980054516, ""9"": 20457.637168247467, ""10"": 19877.222991936516, ""11"": 18954.144377368288, ""12"": 18772.87478017533, ""13"": 18591.16627350756, ""14"": 18519.08536542578, ""15"": 18456.25808480219}",53.20610475540161
prinz1d,short,pca,16000,10,1,12,4,4,0.1476875,15,0.3278069551643649,0.6373024628086555,1,15,0.3278069551643649,0.6373024628086555,1,8,0.5636420606461046,0.7251455639290878,0,4,0.8847555957797744,0.9012025752709302,0,2,0.47154037077642375,0.63913607971079,0,0.8847555957797744,0.9012025752709302,1.25575,"{""1"": 115120.50792100132, ""2"": 63866.23184918868, ""3"": 43151.901452245715, ""4"": 32404.589614169134, ""5"": 26285.38326306278, ""6"": 23772.75413458805, ""7"": 21568.472752286547, ""8"": 20250.28068739376, ""9"": 19329.550183452517, ""10"": 18742.44196048294, ""11"": 18261.22000735967, ""12"": 18069.753677550743, ""13"": 17811.61046998652, ""14"": 17651.76045033054, ""15"": 17648.94913226137}",53.16184210777283
prinz1d,short,pca,16000,10,1,13,4,4,0.179875,15,0.34873190426980444,0.6451573592165767,1,15,0.34873190426980444,0.6451573592165767,1,9,0.5451308920032122,0.7240808604335478,0,4,0.8907545811452008,0.8997783329523499,0,2,0.5061287341484025,0.6602507607634558,0,0.8907545811452008,0.8997783329523499,1.2816249999999998,"{""1"": 115439.48644064624, ""2"": 65935.26914516771, ""3"": 48332.96589065449, ""4"": 34176.31791324197, ""5"": 28891.55900737916, ""6"": 25250.29972720654, ""7"": 23279.08817294633, ""8"": 21745.29468167272, ""9"": 20878.163054500146, ""10"": 20400.286922604242, ""11"": 19802.59233144432, ""12"": 19066.391840492182, ""13"": 18975.237795472618, ""14"": 18891.973120648836, ""15"": 18856.30236465569}",54.17239499092102
prinz1d,short,pca,16000,10,1,14,4,4,0.20675,15,0.3658131737800024,0.6534062213425529,1,15,0.3658131737800024,0.6534062213425529,1,8,0.597070735586791,0.7445336305467201,0,4,0.9139270085978032,0.9161579305988309,0,2,0.4920955964621276,0.6551911187695637,0,0.9139270085978032,0.9161579305988309,1.25475,"{""1"": 116884.06904376259, ""2"": 64931.99621043191, ""3"": 46754.31798938136, ""4"": 32610.933827096873, ""5"": 27241.172112340966, ""6"": 24362.52806231134, ""7"": 22162.142906864752, ""8"": 20674.933470168624, ""9"": 19216.406798217755, ""10"": 18853.099628353793, ""11"": 18127.637995509634, ""12"": 17812.27223305279, ""13"": 17688.517292376877, ""14"": 17584.823820492704, ""15"": 17560.680331388805}",55.257609367370605
prinz1d,short,pca,16000,10,1,15,4,4,0.1635,15,0.35186484267858603,0.6557047162265769,1,15,0.35186484267858603,0.6557047162265769,1,8,0.5722286498992646,0.7299976852537772,0,4,0.8864038885387037,0.904055560525792,0,2,0.5023967346074572,0.653772108248657,0,0.8864038885387037,0.904055560525792,1.288875,"{""1"": 115059.83387072379, ""2"": 65537.35747650212, ""3"": 47111.62634654571, ""4"": 33512.07983136345, ""5"": 27849.753652596548, ""6"": 25050.691552046013, ""7"": 22930.502783446824, ""8"": 21292.46283516953, ""9"": 20394.378818258505, ""10"": 19783.118448315294, ""11"": 18996.868777578726, ""12"": 18918.779182129965, ""13"": 18604.060932788238, ""14"": 18509.262604398074, ""15"": 18427.36559868681}",53.66476917266846
prinz1d,short,pca,16000,10,1,16,4,4,0.1821875,15,0.36330722018335804,0.6565716411362279,1,15,0.36330722018335804,0.6565716411362279,1,6,0.6963560760063565,0.8019345253547604,0,4,0.9089634191018982,0.9150186860819599,0,2,0.5029273562276689,0.658852217292744,0,0.9089634191018982,0.9150186860819599,1.2769999999999997,"{""1"": 115899.16931827283, ""2"": 65742.52996906114, ""3"": 48125.26422952327, ""4"": 33575.864629954616, ""5"": 28012.523014383478, ""6"": 24880.40354107803, ""7"": 23011.475722766543, ""8"": 21687.94980793285, ""9"": 20573.3009097059, ""10"": 19680.908688279083, ""11"": 19253.43310546579, ""12"": 19007.062219305622, ""13"": 18827.833331266294, ""14"": 18770.641907017893, ""15"": 18613.007031908506}",53.29446220397949
prinz1d,short,pca,16000,10,1,17,4,4,0.1940625,15,0.35757419568101034,0.6493374906846158,1,15,0.35757419568101034,0.6493374906846158,1,8,0.5843136466632387,0.7375700270934381,0,4,0.8911984683870615,0.8999122293024957,0,2,0.49673556505057836,0.6546503501064739,0,0.8911984683870615,0.8999122293024957,1.2151250000000002,"{""1"": 116111.2754497553, ""2"": 65122.70640569764, ""3"": 46637.57652084932, ""4"": 33088.479461308394, ""5"": 27649.34855406719, ""6"": 24929.90142264975, ""7"": 22297.13792564689, ""8"": 20781.54700256412, ""9"": 19740.507851293063, ""10"": 19350.813137743422, ""11"": 18795.30163233816, ""12"": 18287.20614891867, ""13"": 18094.97455318927, ""14"": 18465.590511187864, ""15"": 18021.37860306867}",53.61040735244751
prinz1d,short,pca,16000,10,1,18,4,4,0.17825,14,0.3820870413677405,0.667697641897003,0,14,0.3820870413677405,0.667697641897003,0,8,0.5756828729853569,0.7345630672072527,0,4,0.9055589502876895,0.9132717680221417,0,2,0.5034599946427177,0.6585675159278481,0,0.9055589502876895,0.9132717680221417,1.2256249999999997,"{""1"": 115281.35616225353, ""2"": 65024.243104990055, ""3"": 47386.087632244315, ""4"": 33659.01474195701, ""5"": 27925.014279725852, ""6"": 24932.45446799935, ""7"": 22845.620634017312, ""8"": 21549.668455411815, ""9"": 20372.22001323075, ""10"": 19420.307391167684, ""11"": 19036.256778751605, ""12"": 18830.185752658017, ""13"": 18723.715895047426, ""14"": 18517.76519246262, ""15"": 18579.793153915733}",53.116172313690186
prinz1d,short,pca,16000,10,1,19,4,4,0.1474375,15,0.3441901910553014,0.6440636056793215,1,15,0.3441901910553014,0.6440636056793215,1,6,0.6876329292101132,0.7919048407288601,0,4,0.8861328032556063,0.9022067275655709,0,2,0.4869897359932563,0.6478939783256208,0,0.8861328032556063,0.9022067275655709,1.2404999999999997,"{""1"": 114937.3782305396, ""2"": 64391.720419404824, ""3"": 44996.438589422236, ""4"": 33329.28322396326, ""5"": 27390.93495992553, ""6"": 24810.46967758612, ""7"": 22575.006242325315, ""8"": 21335.939766442007, ""9"": 20149.59588529003, ""10"": 19405.943890362843, ""11"": 19185.479691857152, ""12"": 18965.789888232746, ""13"": 18714.47833489213, ""14"": 18640.742647965148, ""15"": 18555.31456531998}",53.20474052429199
prinz1d,short,pca,32000,10,1,0,4,4,0.15209375,15,0.33199781049066784,0.6432416646914878,1,15,0.33199781049066784,0.6432416646914878,1,6,0.6747706554357594,0.784584237965982,0,4,0.8794030927307942,0.896146569570435,0,2,0.4803309480387846,0.6454434701956274,0,0.8794030927307942,0.896146569570435,1.2381250000000001,"{""1"": 230402.9316736048, ""2"": 128468.40624330637, ""3"": 87633.06659371206, ""4"": 65188.32734789317, ""5"": 52861.16751507678, ""6"": 47816.929841181496, ""7"": 43043.4344406485, ""8"": 40524.19947754434, ""9"": 38313.53967007687, ""10"": 37276.06700224016, ""11"": 35904.9884298037, ""12"": 35511.89352320474, ""13"": 35171.7824675211, ""14"": 35015.866858674875, ""15"": 35014.848938193725}",143.74686312675476
prinz1d,short,pca,32000,10,1,1,4,4,0.178125,15,0.3533611186334402,0.6514049414680482,1,15,0.3533611186334402,0.6514049414680482,1,6,0.6933296311626712,0.8003414678381199,0,4,0.9110287511830635,0.9180598014980402,0,2,0.500974617913669,0.659761910126816,0,0.9110287511830635,0.9180598014980402,1.2647500000000003,"{""1"": 231568.3486917974, ""2"": 130875.40469038181, ""3"": 94314.55812562075, ""4"": 66804.70931351413, ""5"": 55521.453137693825, ""6"": 49370.432566364856, ""7"": 45690.34053680564, ""8"": 43505.678133580805, ""9"": 40716.54351164461, ""10"": 38684.00856905443, ""11"": 37799.730001194905, ""12"": 37485.01043587882, ""13"": 37198.21820152091, ""14"": 36922.43412518422, ""15"": 36841.78417667079}",145.1766164302826
prinz1d,short,pca,32000,10,1,2,4,4,0.16378125,14,0.37792261466691496,0.6682273159262618,0,15,0.3510243733550773,0.6489311947733092,1,8,0.5639935788893852,0.7282587487093541,0,4,0.8909568689290355,0.9055979307407837,0,2,0.50229781386515,0.6565657818976022,0,0.8909568689290355,0.9055979307407837,1.2186249999999998,"{""1"": 230198.97081028944, ""2"": 130392.20086871623, ""3"": 93300.91625715444, ""4"": 66931.20005202614, ""5"": 55702.17053288374, ""6"": 49936.57162878078, ""7"": 45570.848527604016, ""8"": 42611.70490419646, ""9"": 40479.23297357307, ""10"": 39663.249825466715, ""11"": 38204.82604089356, ""12"": 37676.00598840585, ""13"": 37429.37833143925, ""14"": 36981.491747544984, ""15"": 36987.5602608589}",143.663911819458
prinz1d,short,pca,32000,10,1,3,4,4,0.15075,15,0.33802384159705634,0.6411908127085658,1,15,0.33802384159705634,0.6411908127085658,1,7,0.5686087852152459,0.7439621736931811,0,4,0.8838422256622619,0.9020229777000554,0,2,0.4895612742662744,0.6492503369498955,0,0.8838422256622619,0.9020229777000554,1.2614999999999998,"{""1"": 230210.094430934, ""2"": 129125.25302465333, ""3"": 89356.17065380268, ""4"": 65984.71874710458, ""5"": 54645.302707121635, ""6"": 49044.09755023875, ""7"": 44066.08875603342, ""8"": 41769.96942723015, ""9"": 39445.325909887855, ""10"": 37842.554346240155, ""11"": 37019.37461291334, ""12"": 36460.717125440875, ""13"": 36026.889275261616, ""14"": 35837.44479868477, ""15"": 35589.58792266471}",144.2374448776245
prinz1d,short,pca,32000,10,1,4,4,4,0.15615625,15,0.3372505982823752,0.6408651721386343,1,15,0.3372505982823752,0.6408651721386343,1,6,0.6808211575742782,0.7871772763877367,0,4,0.8929596907170242,0.906701360559547,0,2,0.4881472964625892,0.6498205376161535,0,0.8929596907170242,0.906701360559547,1.2634374999999998,"{""1"": 230667.91362576978, ""2"": 128501.08229410705, ""3"": 88830.90593625071, ""4"": 65399.53649968582, ""5"": 53549.225995954934, ""6"": 47843.73911600965, ""7"": 43323.87740749724, ""8"": 41077.8335222965, ""9"": 38836.97094878164, ""10"": 37004.6325286206, ""11"": 37333.21282219634, ""12"": 35706.00082417455, ""13"": 35094.44038839438, ""14"": 35040.49221559176, ""15"": 34607.441884822925}",143.6051950454712
prinz1d,short,pca,32000,10,1,5,4,4,0.18846875,15,0.3542312642919512,0.6512724547694732,1,15,0.3542312642919512,0.6512724547694732,1,8,0.5838960840489162,0.7366008642370074,0,4,0.9091243724038591,0.9152652036067757,0,2,0.4972598135130898,0.654909257555279,0,0.9091243724038591,0.9152652036067757,1.2725,"{""1"": 231834.02133180219, ""2"": 130494.58584294491, ""3"": 94406.08447910505, ""4"": 66806.99394801658, ""5"": 55767.19115096041, ""6"": 49878.259984537675, ""7"": 45680.68161989411, ""8"": 42413.12447254952, ""9"": 40595.984294254486, ""10"": 38511.87080472904, ""11"": 37559.8180225291, ""12"": 37135.10345793131, ""13"": 36843.16754552351, ""14"": 36295.3210712137, ""15"": 36160.026061362805}",144.5126714706421
prinz1d,short,pca,32000,10,1,6,4,4,0.1858125,15,0.3578355663801233,0.655117146397513,1,15,0.3578355663801233,0.655117146397513,1,9,0.5607019523707297,0.7402774615996034,0,4,0.9202836201821937,0.9230738172576766,0,2,0.5033996487259362,0.659732901626881,0,0.9202836201821937,0.9230738172576766,1.3046250000000001,"{""1"": 231555.29618795708, ""2"": 130935.51199703828, ""3"": 96576.19760769182, ""4"": 67014.83888528007, ""5"": 56518.861969773716, ""6"": 50164.90689672618, ""7"": 46205.912568332584, ""8"": 43458.15909637475, ""9"": 40973.0893213295, ""10"": 40392.79170431434, ""11"": 38462.05027604872, ""12"": 37931.235247397955, ""13"": 37670.32797988952, ""14"": 37407.92472558666, ""15"": 37049.94328490007}",148.8146321773529
prinz1d,short,pca,32000,10,1,7,4,4,0.21115625,15,0.366076257728604,0.6561544527399511,1,15,0.366076257728604,0.6561544527399511,1,8,0.5852190367915805,0.7396081917612699,0,4,0.9183588772488565,0.918770469731382,0,2,0.5000833438867178,0.6567082833110235,0,0.9183588772488565,0.918770469731382,1.2479375000000001,"{""1"": 232395.4342589061, ""2"": 130967.49038894559, ""3"": 97344.15998449367, ""4"": 66905.02116626005, ""5"": 56443.163025372625, ""6"": 49505.23641872505, ""7"": 45757.37949519041, ""8"": 42473.289320003794, ""9"": 40392.95297070572, ""10"": 38341.83446722699, ""11"": 37658.527280797454, ""12"": 37090.659068655455, ""13"": 36692.849365703725, ""14"": 36478.735108972396, ""15"": 36365.85577972222}",144.01454043388367
prinz1d,short,pca,32000,10,1,8,4,4,0.143125,14,0.353138074562051,0.650092360192851,0,14,0.353138074562051,0.650092360192851,0,6,0.68536809648924,0.7888910021171844,0,4,0.8946628639606389,0.9070974867890328,0,2,0.48574007938057034,0.6465729791260638,0,0.8946628639606389,0.9070974867890328,1.2346875,"{""1"": 230031.44182582686, ""2"": 129786.62621931003, ""3"": 90090.39516328905, ""4"": 66750.38421706053, ""5"": 55087.45962595209, ""6"": 49781.20685773709, ""7"": 45133.10151039024, ""8"": 42635.83362109455, ""9"": 40506.57277823725, ""10"": 38872.715844095146, ""11"": 37830.91554940206, ""12"": 37468.14984665509, ""13"": 37177.87044037837, ""14"": 36790.858039964885, ""15"": 36920.465850538014}",145.0835280418396
prinz1d,short,pca,32000,10,1,9,4,4,0.17878125,15,0.36091550047518833,0.6581248577994929,1,15,0.36091550047518833,0.6581248577994929,1,6,0.6953852705425151,0.7975519859769025,0,4,0.9051269015899538,0.9124698066365485,0,2,0.5000925603472509,0.6576028323117058,0,0.9051269015899538,0.9124698066365485,1.2644375000000003,"{""1"": 231532.873528614, ""2"": 129921.24730198925, ""3"": 94085.81051789886, ""4"": 66453.64951849674, ""5"": 56107.19503892262, ""6"": 49534.38771321739, ""7"": 45606.32948568138, ""8"": 43484.547957672105, ""9"": 40539.18026001054, ""10"": 39122.38937764542, ""11"": 37750.238683790034, ""12"": 37416.173770564696, ""13"": 36964.27967049899, ""14"": 36702.13574294537, ""15"": 36610.579539149396}",144.16832184791565
prinz1d,short,pca,32000,10,1,10,4,4,0.18353125,15,0.35518964447397794,0.6496254690813864,1,15,0.35518964447397794,0.6496254690813864,1,8,0.5849884647586631,0.7351888653983595,0,4,0.8986261751547713,0.9068959653776899,0,2,0.5029271770556607,0.656853030834458,0,0.8986261751547713,0.9068959653776899,1.2627499999999998,"{""1"": 231352.2834966839, ""2"": 131476.64577024497, ""3"": 95394.1539944253, ""4"": 67062.62580764861, ""5"": 56312.46381964661, ""6"": 50028.74704914272, ""7"": 45349.732915904715, ""8"": 42468.357880458905, ""9"": 40551.314018755205, ""10"": 38481.28731085209, ""11"": 37509.2771772037, ""12"": 36971.69534801418, ""13"": 36568.701628497525, ""14"": 36532.08180096989, ""15"": 36297.55813324814}",146.29918098449707
prinz1d,short,pca,32000,10,1,11,4,4,0.1756875,15,0.3482492503251058,0.6479971566923378,1,15,0.3482492503251058,0.6479971566923378,1,8,0.5730493075408346,0.7349217204311326,0,4,0.8999460007241954,0.9110641113667403,0,2,0.5038708895482671,0.6581054556502527,0,0.8999460007241954,0.9110641113667403,1.2794375,"{""1"": 230595.6046109237, ""2"": 130746.7189171567, ""3"": 94167.98135686191, ""4"": 66513.58502726964, ""5"": 55395.18324831869, ""6"": 49484.489818080365, ""7"": 45728.73385551453, ""8"": 42872.03215749185, ""9"": 40773.17712219471, ""10"": 38764.356872937, ""11"": 37822.27507420674, ""12"": 37262.74158051085, ""13"": 36916.669055099344, ""14"": 36666.61419908981, ""15"": 36515.6607455522}",144.95168161392212
prinz1d,short,pca,32000,10,1,12,4,4,0.12959375,15,0.31618204316556947,0.6325639895444998,1,15,0.31618204316556947,0.6325639895444998,1,7,0.5575711178074442,0.7360377601241188,0,4,0.8732674249132417,0.8939334572453388,0,2,0.46468507994964015,0.6334831024754912,0,0.8732674249132417,0.8939334572453388,1.253125,"{""1"": 228354.23870680234, ""2"": 126756.9690046064, ""3"": 83975.55968257616, ""4"": 64493.70897566593, ""5"": 51379.48788367941, ""6"": 46117.29344744581, ""7"": 41797.35594697538, ""8"": 39141.20117659821, ""9"": 37418.89577899741, ""10"": 36330.15237426813, ""11"": 35430.95968444704, ""12"": 34789.249358550005, ""13"": 34650.49482754589, ""14"": 34397.658607782, ""15"": 33849.001017547824}",143.2118010520935
prinz1d,short,pca,32000,10,1,13,4,4,0.16309375,15,0.3442324916146108,0.6432743033407429,1,15,0.3442324916146108,0.6432743033407429,1,8,0.5681059006945236,0.7293774044401289,0,4,0.886859550029137,0.9012832505141816,0,2,0.5004437210020908,0.6551551435749611,0,0.886859550029137,0.9012832505141816,1.2940624999999997,"{""1"": 230636.33125691395, ""2"": 130989.85607721505, ""3"": 93837.58861582425, ""4"": 67864.80170343717, ""5"": 56504.622072223065, ""6"": 49772.18891035418, ""7"": 45718.85168072887, ""8"": 42575.761134241846, ""9"": 40507.532686666804, ""10"": 38856.247383655136, ""11"": 38205.5891873912, ""12"": 37517.343842219125, ""13"": 36983.45332450583, ""14"": 36840.13248317786, ""15"": 36638.34905252789}",144.46105313301086
prinz1d,short,pca,32000,10,1,14,4,4,0.18496875,15,0.35366825605315916,0.6508586235875898,1,15,0.35366825605315916,0.6508586235875898,1,8,0.578067560853121,0.7372253646087272,0,4,0.9107682140132861,0.9164430232479313,0,2,0.49392098686345454,0.6537304686022748,0,0.9107682140132861,0.9164430232479313,1.2900624999999997,"{""1"": 232069.4499848589, ""2"": 129961.71935305887, ""3"": 93280.74745613745, ""4"": 66130.73461263799, ""5"": 55485.38077158785, ""6"": 49566.17949033845, ""7"": 45010.936436292424, ""8"": 41712.14237352065, ""9"": 39412.88284746165, ""10"": 37672.99910693132, ""11"": 37006.79598963331, ""12"": 36395.025977144345, ""13"": 35972.00417351661, ""14"": 35690.37605055691, ""15"": 35679.34551551267}",144.5889871120453
prinz1d,short,pca,32000,10,1,15,4,4,0.15084375,15,0.34379930473228215,0.6515276282208826,1,15,0.34379930473228215,0.6515276282208826,1,8,0.5611812316121977,0.7281615327079234,0,4,0.8749542522899582,0.8952015928741031,0,2,0.49470409207330523,0.6493889652371115,0,0.8749542522899582,0.8952015928741031,1.2397500000000004,"{""1"": 229410.67939026997, ""2"": 129509.27414158733, ""3"": 90480.67583129396, ""4"": 66281.76015573123, ""5"": 54328.43546465313, ""6"": 49037.93791881987, ""7"": 44301.0886766313, ""8"": 41748.16349083438, ""9"": 39642.2441332868, ""10"": 38549.941599967766, ""11"": 36844.86897284714, ""12"": 36430.64042092832, ""13"": 36108.0852440001, ""14"": 35753.276583593666, ""15"": 35591.20742166451}",144.62412905693054
prinz1d,short,pca,32000,10,1,16,4,4,0.1635,15,0.350915971433065,0.6469655375712839,1,15,0.350915971433065,0.6469655375712839,1,6,0.6980559373940995,0.7965091225624912,0,4,0.8964562585650194,0.9087042136261719,0,2,0.4864125247311754,0.6493424801689466,0,0.8964562585650194,0.9087042136261719,1.2234375000000002,"{""1"": 231449.52064427914, ""2"": 129276.9938975694, ""3"": 90251.57510502521, ""4"": 65568.90157017892, ""5"": 53947.72188275223, ""6"": 48494.00322967515, ""7"": 43992.98814694543, ""8"": 41708.46220245399, ""9"": 39638.000518943394, ""10"": 38550.9788643263, ""11"": 36644.13794214053, ""12"": 36063.31773251714, ""13"": 35846.152713015166, ""14"": 35598.33435002075, ""15"": 35515.73704778497}",148.44560623168945
prinz1d,short,pca,32000,10,1,17,4,4,0.1640625,15,0.3471450998521025,0.644761989824077,1,15,0.3471450998521025,0.644761989824077,1,7,0.58279248094699,0.7480412968256858,0,4,0.8797112875260724,0.896518505459756,0,2,0.488793015236283,0.647662384192314,0,0.8797112875260724,0.896518505459756,1.2329375000000002,"{""1"": 230910.82006529951, ""2"": 129401.12846651164, ""3"": 90520.28256755123, ""4"": 66145.88369319602, ""5"": 54775.187590207875, ""6"": 49258.84983020991, ""7"": 44321.54203918458, ""8"": 41904.90359985018, ""9"": 39548.14541287397, ""10"": 37844.599508760395, ""11"": 36749.32696281623, ""12"": 36108.821079262416, ""13"": 35760.76105433467, ""14"": 35641.10828748372, ""15"": 35456.95978791498}",148.53133916854858
prinz1d,short,pca,32000,10,1,18,4,4,0.16628125,15,0.341911048115405,0.6450127868135211,1,15,0.341911048115405,0.6450127868135211,1,7,0.5875991250998627,0.752804751038226,0,4,0.8917021409204335,0.9066022281949135,0,2,0.5031112666507565,0.6573407368804228,0,0.8917021409204335,0.9066022281949135,1.2902499999999997,"{""1"": 229975.95934973005, ""2"": 130409.09212194748, ""3"": 93922.61139910198, ""4"": 67336.9596863907, ""5"": 55457.2920030129, ""6"": 49880.728009162565, ""7"": 45490.80905171693, ""8"": 42992.78518323525, ""9"": 40501.314926828236, ""10"": 39491.40402642333, ""11"": 37751.75773729533, ""12"": 37418.19524880471, ""13"": 36904.64089666554, ""14"": 36789.65579941174, ""15"": 36370.61133359883}",144.75456047058105
prinz1d,short,pca,32000,10,1,19,4,4,0.19021875,15,0.3565865350445099,0.6507168842649557,1,15,0.3565865350445099,0.6507168842649557,1,8,0.5836755166412338,0.7409366201827006,0,4,0.9161378504780746,0.9207057885074182,0,2,0.49931697576469714,0.6570394672618152,0,0.9161378504780746,0.9207057885074182,1.2891875000000004,"{""1"": 231886.32655162545, ""2"": 130875.65787266551, ""3"": 96020.37424530854, ""4"": 67125.008950785, ""5"": 56220.534822552494, ""6"": 50035.57586537909, ""7"": 45933.010036344844, ""8"": 42497.960480908914, ""9"": 40332.27294851037, ""10"": 38578.63360509186, ""11"": 37922.20915985305, ""12"": 37383.5435938776, ""13"": 36783.88698671022, ""14"": 36726.551309654176, ""15"": 36490.35814751436}",143.51359581947327
prinz1d,short,tica,250,10,1,0,4,3,0.0,1,0.0,0.0,0,1,0.0,0.0,0,1,0.0,0.0,0,10,0.07547189614478206,0.17096471973198932,0,3,0.17632347315314925,0.1916827923661155,0,0.14053704297441932,0.19032183064170996,0.984,"{""1"": 1448.8785953812803, ""2"": 1482.1112922005047, ""3"": 1513.2395234066596, ""4"": 1535.0996862700072, ""5"": 1560.4974139360907, ""6"": 1590.9197655063235, ""7"": 1619.1647041615759, ""8"": 1625.194589341475, ""9"": 1658.9843063006406, ""10"": 1694.9304632268208, ""11"": 1680.1260582212442, ""12"": 1710.1026989711147, ""13"": 1722.8823008079562, ""14"": 1731.2102987109427, ""15"": 1772.1888500047917}",1.1352550983428955
prinz1d,short,tica,250,10,1,1,4,2,0.0,2,0.6131082935575992,0.5426724999289642,0,2,0.6131082935575992,0.5426724999289642,0,1,0.0,0.0,0,5,0.31222743852203627,0.3606132968589973,0,2,0.6131082935575992,0.5426724999289642,0,0.4339189550369497,0.4554257532311227,0.02400000000000002,"{""1"": 1440.900644390464, ""2"": 1410.90932067669, ""3"": 1435.2317408888805, ""4"": 1460.8121931856736, ""5"": 1493.65585024271, ""6"": 1519.1079421083014, ""7"": 1542.1269337303438, ""8"": 1560.817283344877, ""9"": 1590.693568341449, ""10"": 1624.115571646487, ""11"": 1649.5267266035669, ""12"": 1666.6310834203616, ""13"": 1667.6445302575248, ""14"": 1712.3640841508918, ""15"": 1728.6199345781947}",0.8787336349487305
prinz1d,short,tica,250,10,1,2,4,4,0.04,3,0.821763471310672,0.8084159211310538,0,3,0.821763471310672,0.8084159211310538,0,2,0.5791160653232241,0.7083263625249184,0,2,0.5791160653232241,0.7083263625249184,0,2,0.5791160653232241,0.7083263625249184,0,0.7215454948823822,0.7378631105283955,0.10400000000000001,"{""1"": 1452.8428038470647, ""2"": 1226.4103959222894, ""3"": 1211.0305175740266, ""4"": 1240.380727808321, ""5"": 1269.6901006237815, ""6"": 1300.9023640595817, ""7"": 1321.720465872449, ""8"": 1351.354490064889, ""9"": 1378.6230948169032, ""10"": 1401.879130656414, ""11"": 1397.80706248435, ""12"": 1450.8923650916365, ""13"": 1484.0892029045426, ""14"": 1483.7461266532346, ""15"": 1531.0256127375192}",1.2032794952392578
prinz1d,short,tica,250,10,1,3,4,4,0.04,2,0.4618145398561286,0.6211333086167472,0,7,0.5478539742393138,0.5448800098635872,0,2,0.4618145398561286,0.6211333086167472,0,2,0.4618145398561286,0.6211333086167472,0,2,0.4618145398561286,0.6211333086167472,0,0.594045909740296,0.6032417026398543,0.5760000000000001,"{""1"": 1451.943866255443, ""2"": 1260.523220038881, ""3"": 1287.1154950428597, ""4"": 1262.5518049836546, ""5"": 1270.1715087196405, ""6"": 1293.4624686965708, ""7"": 1311.8178869620199, ""8"": 1336.5835165225653, ""9"": 1363.0438918692303, ""10"": 1385.4220225714184, ""11"": 1404.5519830092721, ""12"": 1425.4123518844256, ""13"": 1460.620047523364, ""14"": 1479.7321169212935, ""15"": 1490.9783810301954}",1.3104298114776611
prinz1d,short,tica,250,10,1,4,4,4,0.008,3,0.9005844904887473,0.8474565979632587,0,3,0.9005844904887473,0.8474565979632587,0,3,0.9005844904887473,0.8474565979632587,0,2,0.26114039341324796,0.4616075550435647,0,3,0.9005844904887473,0.8474565979632587,0,0.7931152717315798,0.7639493652182573,0.03200000000000002,"{""1"": 1476.528718557367, ""2"": 1230.3774536825815, ""3"": 1169.4306701165212, ""4"": 1193.470480670522, ""5"": 1214.727223616589, ""6"": 1234.6790641613693, ""7"": 1256.3430071750222, ""8"": 1283.3398155347631, ""9"": 1314.7531858341908, ""10"": 1324.3192805806366, ""11"": 1343.4289008465958, ""12"": 1363.6698500121176, ""13"": 1382.6618428223178, ""14"": 1423.8930098492199, ""15"": 1438.7975885019732}",0.956714391708374
prinz1d,short,tica,250,10,1,5,4,4,0.088,2,0.4138532451481349,0.6039350042079282,0,4,0.32817740201900764,0.5516464220242264,0,2,0.4138532451481349,0.6039350042079282,0,2,0.4138532451481349,0.6039350042079282,0,2,0.4138532451481349,0.6039350042079282,0,0.32817740201900764,0.5516464220242264,0.648,"{""1"": 1465.0528371335604, ""2"": 931.1952794459945, ""3"": 953.417575321772, ""4"": 947.4493772130359, ""5"": 976.6857781895212, ""6"": 998.419674153108, ""7"": 1026.6542989396382, ""8"": 1046.6596678620715, ""9"": 1076.4427146257729, ""10"": 1106.1635841702814, ""11"": 1132.296341592237, ""12"": 1132.61421748728, ""13"": 1148.9025900996742, ""14"": 1169.1872818617696, ""15"": 1200.1017226838585}",0.9529452323913574
prinz1d,short,tica,250,10,1,6,4,2,0.0,1,0.0,0.0,0,13,0.01614477043680555,0.058437040748433144,0,1,0.0,0.0,0,3,0.09441802557447297,0.08905689120295998,0,3,0.09441802557447297,0.08905689120295998,0,0.10019110596809326,0.09812848100346687,0.8320000000000001,"{""1"": 1449.6393614475376, ""2"": 1477.5242105734603, ""3"": 1500.5290550654163, ""4"": 1525.51149993839, ""5"": 1546.82140825908, ""6"": 1572.5743242060394, ""7"": 1595.8578582999176, ""8"": 1602.4686075295303, ""9"": 1643.743937930387, ""10"": 1657.886303502956, ""11"": 1670.2505695983104, ""12"": 1693.4584047845094, ""13"": 1700.1852335585381, ""14"": 1731.8388565123657, ""15"": 1761.6898672453685}",1.0646250247955322
prinz1d,short,tica,250,10,1,7,4,4,0.008,3,0.7946064753171621,0.7764357274979565,0,3,0.7946064753171621,0.7764357274979565,0,2,0.4344671165856644,0.6151149431509033,0,3,0.7946064753171621,0.7764357274979565,0,3,0.7946064753171621,0.7764357274979565,0,0.5768444627693324,0.6757787369712742,0.10400000000000001,"{""1"": 1469.9184591900414, ""2"": 1294.6102359064785, ""3"": 1260.7179868995274, ""4"": 1290.052098321279, ""5"": 1321.0390922552792, ""6"": 1347.9498722802277, ""7"": 1379.0552288331214, ""8"": 1400.5508651900586, ""9"": 1434.8790727237347, ""10"": 1434.511320507935, ""11"": 1472.627944826981, ""12"": 1497.4849615475716, ""13"": 1516.6957671164425, ""14"": 1536.4647873663582, ""15"": 1540.9501247012172}",0.9237275123596191
prinz1d,short,tica,250,10,1,8,4,4,0.048,3,0.6969810347430381,0.7393430487690626,0,3,0.6969810347430381,0.7393430487690626,0,2,0.4263452979514459,0.6226514079765969,0,2,0.4263452979514459,0.6226514079765969,0,3,0.6969810347430381,0.7393430487690626,0,0.7000553192892534,0.7060874254090153,0.256,"{""1"": 1459.3038008382962, ""2"": 1156.7548627647568, ""3"": 1141.641172051931, ""4"": 1170.2610503457945, ""5"": 1196.885738573509, ""6"": 1212.884554302959, ""7"": 1254.1473194997302, ""8"": 1283.626705060888, ""9"": 1299.143061746854, ""10"": 1309.4440459553525, ""11"": 1343.7343327019819, ""12"": 1355.9267618648475, ""13"": 1373.0675682097362, ""14"": 1396.4668979947303, ""15"": 1444.6425590977428}",0.8412144184112549
prinz1d,short,tica,250,10,1,9,4,4,0.132,3,0.5698153867480872,0.7223045476626219,0,8,0.36424660425749544,0.531381118745996,0,3,0.5698153867480872,0.7223045476626219,0,2,0.505474734396514,0.6392108435356454,0,3,0.5698153867480872,0.7223045476626219,0,0.46218215587801614,0.6090775069231165,0.43200000000000005,"{""1"": 1456.1609569862283, ""2"": 1006.6069484711415, ""3"": 976.5470389442893, ""4"": 999.631271044575, ""5"": 1017.9030700759122, ""6"": 1039.9404791702555, ""7"": 1049.7168247937698, ""8"": 1068.8480749950465, ""9"": 1097.823160702511, ""10"": 1127.519764233741, ""11"": 1146.0922056997601, ""12"": 1160.9859263886244, ""13"": 1183.5105764213213, ""14"": 1225.324161564003, ""15"": 1237.3895517128522}",0.8067624568939209
prinz1d,short,tica,250,10,1,10,4,4,0.092,3,0.8625523648798741,0.8055499829721194,0,5,0.5313081383633298,0.6557967656383508,0,3,0.8625523648798741,0.8055499829721194,0,3,0.8625523648798741,0.8055499829721194,0,3,0.8625523648798741,0.8055499829721194,0,0.5337929079489657,0.6871951658968655,0.184,"{""1"": 1466.9370396651254, ""2"": 1023.1102696213313, ""3"": 972.2053962233152, ""4"": 996.2760972591757, ""5"": 1014.1134087670991, ""6"": 1040.7255976195252, ""7"": 1066.5199146532104, ""8"": 1093.6664233596748, ""9"": 1116.7187743134486, ""10"": 1147.186888160083, ""11"": 1170.4929422279383, ""12"": 1183.5063669662031, ""13"": 1208.1069896079248, ""14"": 1233.6450700648136, ""15"": 1244.2024550490116}",1.1096127033233643
prinz1d,short,tica,250,10,1,11,4,2,0.0,1,0.0,0.0,0,1,0.0,0.0,0,1,0.0,0.0,0,8,0.006886011017917332,0.0322244913150144,0,2,0.017455035092302996,0.01785522242817377,0,0.04009027645360047,0.0368852948411288,0.5760000000000001,"{""1"": 1450.8610654791528, ""2"": 1473.7541602392132, ""3"": 1503.5253464845175, ""4"": 1535.243219767161, ""5"": 1556.775102860146, ""6"": 1588.1583204307622, ""7"": 1612.3904447979805, ""8"": 1632.5052195205967, ""9"": 1652.8423931542075, ""10"": 1682.488346782635, ""11"": 1701.9008828097856, ""12"": 1732.1138196877878, ""13"": 1731.2519248047527, ""14"": 1759.0863624795634, ""15"": 1758.8935954176804}",0.9379997253417969
prinz1d,short,tica,250,10,1,12,4,3,0.0,1,0.0,0.0,0,2,0.24965443409056767,0.20208626675136265,0,1,0.0,0.0,0,3,0.1987521655348291,0.19034048949992188,0,3,0.1987521655348291,0.19034048949992188,0,0.17730947841468206,0.21591345044344404,0.8720000000000001,"{""1"": 1439.4148744261342, ""2"": 1460.530113292324, ""3"": 1491.7272798624683, ""4"": 1508.4964684972579, ""5"": 1534.7462361885712, ""6"": 1564.6650366718163, ""7"": 1590.8374905381777, ""8"": 1621.4828647052436, ""9"": 1647.7457294761543, ""10"": 1659.1915095426884, ""11"": 1682.7814947016268, ""12"": 1709.1007434365513, ""13"": 1721.98321257406, ""14"": 1741.7958578710088, ""15"": 1740.0194333073437}",0.9833693504333496
prinz1d,short,tica,250,10,1,13,4,3,0.0,2,0.19547055795087773,0.3402697146942087,0,5,0.17363414288968604,0.25542649792887606,0,2,0.19547055795087773,0.3402697146942087,0,2,0.19547055795087773,0.3402697146942087,0,3,0.28366602960218645,0.31891566873943344,0,0.19044575453760837,0.25800564403384474,0.6080000000000001,"{""1"": 1491.6549046151345, ""2"": 1388.4609839430352, ""3"": 1399.4786159050984, ""4"": 1429.1547014319272, ""5"": 1431.0244399970027, ""6"": 1461.365927516778, ""7"": 1493.8259307139433, ""8"": 1522.4737142600989, ""9"": 1546.0196145108948, ""10"": 1561.5371755431706, ""11"": 1591.8807482491322, ""12"": 1617.7187574356167, ""13"": 1645.0151361352941, ""14"": 1639.254995207578, ""15"": 1689.4592579912342}",0.8314025402069092
prinz1d,short,tica,250,10,1,14,4,3,0.0,2,0.40639286539444164,0.6228093849788553,0,4,0.4247050102800982,0.5621196184480822,0,2,0.40639286539444164,0.6228093849788553,0,2,0.40639286539444164,0.6228093849788553,0,3,0.46417537636957873,0.5927021898738071,0,0.4247050102800982,0.5621196184480822,0.616,"{""1"": 1465.384566412951, ""2"": 1132.180692303456, ""3"": 1153.1201922857647, ""4"": 1168.449667805121, ""5"": 1193.3724771398909, ""6"": 1220.3476845746936, ""7"": 1247.4475303137976, ""8"": 1271.058076105807, ""9"": 1296.7442524206594, ""10"": 1312.4647896785045, ""11"": 1328.6613783215041, ""12"": 1375.6550536516556, ""13"": 1377.543739518448, ""14"": 1383.7278858894065, ""15"": 1417.405301904797}",0.9583382606506348
prinz1d,short,tica,250,10,1,15,4,4,0.012,2,0.06695750923219829,0.07292719262543224,0,12,0.0393240615914323,0.08978209079353533,0,1,0.0,0.0,0,2,0.06695750923219829,0.07292719262543224,0,2,0.06695750923219829,0.07292719262543224,0,0.028692821435990976,0.06881300546279895,0.7919999999999999,"{""1"": 1474.2787243226915, ""2"": 1468.699609187405, ""3"": 1496.8414667723544, ""4"": 1512.5774211825235, ""5"": 1523.6371730517099, ""6"": 1555.8458230032338, ""7"": 1575.0195674437414, ""8"": 1586.9165732813312, ""9"": 1609.5084432405674, ""10"": 1630.4206812087812, ""11"": 1651.391241846156, ""12"": 1664.5468591115307, ""13"": 1714.5043887355519, ""14"": 1726.349480879965, ""15"": 1758.270620487183}",1.2306723594665527
prinz1d,short,tica,250,10,1,16,4,4,0.092,2,0.4467303788952212,0.629705136428533,0,3,0.49315875068960285,0.5880259042787495,0,2,0.4467303788952212,0.629705136428533,0,3,0.49315875068960285,0.5880259042787495,0,3,0.49315875068960285,0.5880259042787495,0,0.47771538714099404,0.5638509504165613,0.632,"{""1"": 1445.7548975141156, ""2"": 987.9732080949706, ""3"": 1006.1622965951123, ""4"": 1037.173899902044, ""5"": 1053.3241871517698, ""6"": 1081.2748845278838, ""7"": 1100.9319395637717, ""8"": 1132.8127555703732, ""9"": 1152.8998452908982, ""10"": 1185.3497549721426, ""11"": 1214.4169111501276, ""12"": 1241.4989101653669, ""13"": 1248.8865826770564, ""14"": 1266.7308884703293, ""15"": 1286.7838349765975}",0.7983975410461426
prinz1d,short,tica,250,10,1,17,4,4,0.04,3,0.8072627219494638,0.7154386253522147,0,11,0.24228333750916672,0.44943248472938907,0,3,0.8072627219494638,0.7154386253522147,0,3,0.8072627219494638,0.7154386253522147,0,3,0.8072627219494638,0.7154386253522147,0,0.6902989090634096,0.624741709643289,0.08000000000000003,"{""1"": 1441.5914369826535, ""2"": 1307.207215001881, ""3"": 1261.755786506176, ""4"": 1284.8534532983144, ""5"": 1315.9118985700763, ""6"": 1330.2151398242272, ""7"": 1351.417103321442, ""8"": 1368.3501702968506, ""9"": 1392.342652612584, ""10"": 1416.9866487358468, ""11"": 1427.7136862377915, ""12"": 1468.4607680466381, ""13"": 1477.102121996352, ""14"": 1496.718170432802, ""15"": 1527.863066976688}",1.0620148181915283
prinz1d,short,tica,250,10,1,18,4,4,0.104,2,0.44771460428700594,0.6150782847753176,0,2,0.44771460428700594,0.6150782847753176,0,2,0.44771460428700594,0.6150782847753176,0,2,0.44771460428700594,0.6150782847753176,0,2,0.44771460428700594,0.6150782847753176,0,0.2997439950514836,0.4769572050485467,0.536,"{""1"": 1460.5383306327622, ""2"": 1007.826763975319, ""3"": 1039.5536078792475, ""4"": 1068.7522048343724, ""5"": 1095.8948109624243, ""6"": 1123.6230667661337, ""7"": 1146.1047185544073, ""8"": 1154.8730653970858, ""9"": 1179.6096864082026, ""10"": 1202.3058868328237, ""11"": 1227.5968094764232, ""12"": 1253.874244364995, ""13"": 1265.1105502079738, ""14"": 1302.359475155782, ""15"": 1329.990380992084}",0.8413560390472412
prinz1d,short,tica,250,10,1,19,4,4,0.132,4,0.5149346918891194,0.602963211782449,0,15,0.23424909119598594,0.4559025524905036,1,2,0.5344301573514777,0.6476031646912019,0,2,0.5344301573514777,0.6476031646912019,0,2,0.5344301573514777,0.6476031646912019,0,0.5149346918891194,0.602963211782449,0.128,"{""1"": 1451.595610492763, ""2"": 1041.867037428799, ""3"": 1060.1825979294129, ""4"": 1040.4851245282057, ""5"": 1113.7295129548472, ""6"": 1086.3253641054118, ""7"": 1118.534705995859, ""8"": 1141.0839939534178, ""9"": 1162.7897387813646, ""10"": 1166.1905437857624, ""11"": 1191.4505842862632, ""12"": 1210.5928237831722, ""13"": 1246.280647123716, ""14"": 1274.0421718844943, ""15"": 1270.7631533501603}",0.9162232875823975
prinz1d,short,tica,500,10,1,0,4,3,0.0,1,0.0,0.0,0,1,0.0,0.0,0,1,0.0,0.0,0,3,0.20975461496688114,0.18891375282387504,0,3,0.20975461496688114,0.18891375282387504,0,0.16824397148037035,0.18611715989704447,0.992,"{""1"": 2868.6869458753595, ""2"": 2895.5647409733874, ""3"": 2923.116646989181, ""4"": 2958.1421121053327, ""5"": 2990.9662087153465, ""6"": 3021.5845247688076, ""7"": 3055.6055876214523, ""8"": 3084.4627689026465, ""9"": 3106.210723038473, ""10"": 3133.370787478661, ""11"": 3163.4210383964346, ""12"": 3191.992378515185, ""13"": 3230.6887831122654, ""14"": 3246.0446963050445, ""15"": 3281.8657507922953}",1.2332055568695068
prinz1d,short,tica,500,10,1,1,4,4,0.026,3,0.9000055349380295,0.86298915312098,0,4,0.7899479341546296,0.7701816861074116,0,3,0.9000055349380295,0.86298915312098,0,3,0.9000055349380295,0.86298915312098,0,3,0.9000055349380295,0.86298915312098,0,0.7899479341546296,0.7701816861074116,0.068,"{""1"": 2879.3863270525567, ""2"": 2147.591660822087, ""3"": 1685.0476770876471, ""4"": 1706.4888229566757, ""5"": 1736.2715871068935, ""6"": 1763.8307607766199, ""7"": 1802.6800478250284, ""8"": 1828.272647473269, ""9"": 1849.1647189899545, ""10"": 1881.128160641853, ""11"": 1906.2499318072823, ""12"": 1933.3066385388315, ""13"": 1960.6357352938226, ""14"": 1983.098590438679, ""15"": 2019.1070046333707}",1.2506229877471924
prinz1d,short,tica,500,10,1,2,4,4,0.154,4,0.8538737298660527,0.8406525714990511,0,4,0.8538737298660527,0.8406525714990511,0,3,0.67421791838922,0.7742289774294859,0,4,0.8538737298660527,0.8406525714990511,0,3,0.67421791838922,0.7742289774294859,0,0.8538737298660527,0.8406525714990511,0.08399999999999999,"{""1"": 2868.642232024419, ""2"": 2119.4948108439835, ""3"": 2052.8389781572378, ""4"": 2021.1903966306008, ""5"": 2048.2963952707614, ""6"": 2074.212479643759, ""7"": 2103.7825446632214, ""8"": 2132.629102301264, ""9"": 2164.839165831626, ""10"": 2197.6659916166886, ""11"": 2213.4286288127832, ""12"": 2257.9357847918764, ""13"": 2279.0242406250854, ""14"": 2319.8014215890717, ""15"": 2332.2460295936125}",1.093123197555542
prinz1d,short,tica,500,10,1,3,4,4,0.114,4,0.789023694111724,0.7860436569185936,0,5,0.7258060024029156,0.7464955653511509,0,2,0.49821209455653837,0.653337297337383,0,3,0.548046421089286,0.7145698112119532,0,3,0.548046421089286,0.7145698112119532,0,0.789023694111724,0.7860436569185936,0.05200000000000003,"{""1"": 2871.1864871405583, ""2"": 2234.9240337877463, ""3"": 2208.8705614933665, ""4"": 2137.331629139786, ""5"": 2162.0318463436065, ""6"": 2192.821030581404, ""7"": 2216.253765263253, ""8"": 2244.260297502542, ""9"": 2277.541819630056, ""10"": 2304.400618533414, ""11"": 2333.385650865963, ""12"": 2358.742210559407, ""13"": 2392.8583522324384, ""14"": 2419.437178812899, ""15"": 2429.1281163449357}",1.5414094924926758
prinz1d,short,tica,500,10,1,4,4,4,0.034,3,0.9318947895737614,0.9062359338006818,0,4,0.6639696909916374,0.7938441441434545,0,3,0.9318947895737614,0.9062359338006818,0,3,0.9318947895737614,0.9062359338006818,0,3,0.9318947895737614,0.9062359338006818,0,0.6639696909916374,0.7938441441434545,0.07999999999999999,"{""1"": 2880.994470985052, ""2"": 2151.1333412565323, ""3"": 1834.9302742945833, ""4"": 1858.2632262924155, ""5"": 1889.545107647307, ""6"": 1914.9880793161528, ""7"": 1942.7741038048694, ""8"": 1974.7786744186137, ""9"": 2003.8926192904075, ""10"": 2033.1890009215817, ""11"": 2066.0100734709695, ""12"": 2103.4513831451186, ""13"": 2120.0321101331997, ""14"": 2151.6156337605744, ""15"": 2186.3184538129653}",1.1951384544372559
prinz1d,short,tica,500,10,1,5,4,4,0.044,3,0.2889126547301526,0.5174676340937793,0,4,0.2830556042916027,0.4963668755886323,0,3,0.2889126547301526,0.5174676340937793,0,2,0.29056557359588575,0.4872831137992397,0,2,0.29056557359588575,0.4872831137992397,0,0.2830556042916027,0.4963668755886323,0.6799999999999999,"{""1"": 2919.7605085822565, ""2"": 1294.112701894704, ""3"": 1241.7737244492855, ""4"": 1252.0925395211495, ""5"": 1280.1633941620532, ""6"": 1316.4429935035603, ""7"": 1346.3666536645287, ""8"": 1370.6263457969803, ""9"": 1394.833590194039, ""10"": 1423.3261782074146, ""11"": 1452.5493937547005, ""12"": 1486.7120019962824, ""13"": 1512.854519077001, ""14"": 1536.4366387979394, ""15"": 1551.6060823578046}",1.2082359790802002
prinz1d,short,tica,500,10,1,6,4,2,0.0,1,0.0,0.0,0,3,0.231021105146261,0.20237801429762212,0,1,0.0,0.0,0,3,0.231021105146261,0.20237801429762212,0,3,0.231021105146261,0.20237801429762212,0,0.19384917674927749,0.2005296424681793,0.992,"{""1"": 2873.7648907166185, ""2"": 2891.6842945408553, ""3"": 2915.624134154874, ""4"": 2952.9545900612925, ""5"": 2977.602106060302, ""6"": 3007.5250967134384, ""7"": 3026.5043728751934, ""8"": 3059.9600960590446, ""9"": 3083.537743830621, ""10"": 3115.6246574115344, ""11"": 3154.712284123233, ""12"": 3184.4679312940143, ""13"": 3189.8259022866196, ""14"": 3220.549145959369, ""15"": 3242.1125845899674}",1.3311350345611572
prinz1d,short,tica,500,10,1,7,4,4,0.15,4,0.6439312793852346,0.766350770579387,0,7,0.5053725484735239,0.6721547741231072,0,3,0.6090515073382612,0.7596913726397051,0,3,0.6090515073382612,0.7596913726397051,0,3,0.6090515073382612,0.7596913726397051,0,0.6439312793852346,0.766350770579387,0.02400000000000002,"{""1"": 2865.172381955532, ""2"": 1830.782040534337, ""3"": 1637.8726485090283, ""4"": 1587.4842647825758, ""5"": 1604.9795843084548, ""6"": 1636.528679961419, ""7"": 1654.8214253938838, ""8"": 1687.046196421403, ""9"": 1711.8906139749731, ""10"": 1732.7488293792808, ""11"": 1762.578475259857, ""12"": 1791.9248595649772, ""13"": 1826.6354683998102, ""14"": 1860.965248666159, ""15"": 1883.5239471443533}",1.175842046737671
prinz1d,short,tica,500,10,1,8,4,4,0.206,4,0.9221868140796748,0.9077879121178486,0,5,0.8336959700741937,0.8478669566888446,0,4,0.9221868140796748,0.9077879121178486,0,4,0.9221868140796748,0.9077879121178486,0,3,0.7004022108376987,0.8060536445212781,0,0.9221868140796748,0.9077879121178486,0.03200000000000003,"{""1"": 2870.9747070138023, ""2"": 1673.0421670172013, ""3"": 1542.6531259450876, ""4"": 1451.0992081369948, ""5"": 1473.5953288123535, ""6"": 1499.4527843744775, ""7"": 1531.8149285672314, ""8"": 1560.218991524847, ""9"": 1593.2028497404228, ""10"": 1622.3098935438038, ""11"": 1650.7446991394525, ""12"": 1692.7646953795104, ""13"": 1716.6735686052175, ""14"": 1740.0662433518273, ""15"": 1758.6835844011723}",1.1415703296661377
prinz1d,short,tica,500,10,1,9,4,4,0.184,3,0.591857549753095,0.736097920614156,0,4,0.6622399891122879,0.7450881812839127,0,3,0.591857549753095,0.736097920614156,0,3,0.591857549753095,0.736097920614156,0,3,0.591857549753095,0.736097920614156,0,0.6622399891122879,0.7450881812839127,0.436,"{""1"": 2861.7351475687415, ""2"": 1885.3088433423034, ""3"": 1732.9780611076208, ""4"": 1748.9814021063773, ""5"": 1778.7505037854542, ""6"": 1808.6712903076966, ""7"": 1839.2712913693813, ""8"": 1862.1850436323148, ""9"": 1895.1962197641556, ""10"": 1929.6603867375957, ""11"": 1957.061732338047, ""12"": 1986.0431477529744, ""13"": 2021.4484084471505, ""14"": 2033.0160855496363, ""15"": 2084.6536256752734}",1.1445274353027344
prinz1d,short,tica,500,10,1,10,4,4,0.152,3,0.7561717928302221,0.8055651947139334,0,5,0.5714450276666203,0.6737666402320217,0,3,0.7561717928302221,0.8055651947139334,0,3,0.7561717928302221,0.8055651947139334,0,3,0.7561717928302221,0.8055651947139334,0,0.7263071957177488,0.7346838814914683,0.32399999999999995,"{""1"": 2867.5381279694257, ""2"": 1981.1013877376913, ""3"": 1751.6494637156115, ""4"": 1759.6016801625767, ""5"": 1769.843725255738, ""6"": 1806.8963810785226, ""7"": 1826.9841336193347, ""8"": 1857.0125597059732, ""9"": 1890.4555429363554, ""10"": 1914.5407194172367, ""11"": 1947.9255966942303, ""12"": 1980.281514511254, ""13"": 2018.2192222809776, ""14"": 2046.0997944227845, ""15"": 2072.7376888774074}",1.0725865364074707
prinz1d,short,tica,500,10,1,11,4,3,0.0,1,0.0,0.0,0,1,0.0,0.0,0,1,0.0,0.0,0,3,0.10014979013150294,0.10366732891837399,0,3,0.10014979013150294,0.10366732891837399,0,0.07387969131522597,0.08217780724335377,0.8320000000000001,"{""1"": 2884.435620461057, ""2"": 2913.4716139800075, ""3"": 2946.3025887204963, ""4"": 2978.1915724933656, ""5"": 3013.860836929964, ""6"": 3045.652287743515, ""7"": 3082.291170798266, ""8"": 3111.34927518908, ""9"": 3142.730158958852, ""10"": 3177.1979688733604, ""11"": 3190.0704734070296, ""12"": 3222.506561118844, ""13"": 3257.755551036145, ""14"": 3285.122497528185, ""15"": 3311.479596860252}",1.2520124912261963
prinz1d,short,tica,500,10,1,12,4,4,0.046,5,0.5450086899213749,0.6787049576009887,0,8,0.38542243699747325,0.5961053830338021,0,2,0.321590193725615,0.5070805864436118,0,3,0.7418789979490356,0.7033452471580364,0,3,0.7418789979490356,0.7033452471580364,0,0.5040298533770233,0.6431876793486833,0.5160000000000001,"{""1"": 2856.295929251974, ""2"": 1398.324315985301, ""3"": 1343.3350861995536, ""4"": 1361.9638416144442, ""5"": 1320.0037687497836, ""6"": 1346.6167259445626, ""7"": 1369.5712679058734, ""8"": 1378.2802457099215, ""9"": 1411.0165188448673, ""10"": 1439.466048806195, ""11"": 1469.6473118868144, ""12"": 1504.316713554317, ""13"": 1539.9881178465048, ""14"": 1568.8495003488183, ""15"": 1606.8849980352275}",1.108053207397461
prinz1d,short,tica,500,10,1,13,4,4,0.02,2,0.3299370835452899,0.5267973830630814,0,2,0.3299370835452899,0.5267973830630814,0,2,0.3299370835452899,0.5267973830630814,0,2,0.3299370835452899,0.5267973830630814,0,3,0.1987688117398478,0.36509679752366647,0,0.19633390004447393,0.3472590146195277,0.652,"{""1"": 2885.1285114167945, ""2"": 2456.966548134199, ""3"": 2488.714504071611, ""4"": 2527.3530158906497, ""5"": 2552.257721204258, ""6"": 2586.713427299311, ""7"": 2610.46253047103, ""8"": 2639.686960929898, ""9"": 2658.230547019106, ""10"": 2688.9027624179744, ""11"": 2711.615451827004, ""12"": 2753.496556000266, ""13"": 2776.6375500360537, ""14"": 2794.7020004084075, ""15"": 2803.2321509084177}",1.3083691596984863
prinz1d,short,tica,500,10,1,14,4,3,0.0,3,0.5401460212750072,0.5700939315221908,0,15,0.17333909804371064,0.3725766289833298,1,2,0.22796418929584533,0.3998431337130996,0,2,0.22796418929584533,0.3998431337130996,0,3,0.5401460212750072,0.5700939315221908,0,0.3697584640962755,0.5243544928391374,0.03199999999999997,"{""1"": 2913.808392799319, ""2"": 1988.1034717759903, ""3"": 1954.4332471265152, ""4"": 1979.5576353696513, ""5"": 2005.0066667127032, ""6"": 2032.8999506974658, ""7"": 2061.4296166389354, ""8"": 2087.8825942157737, ""9"": 2115.7911498037124, ""10"": 2136.773193608594, ""11"": 2172.9154258817207, ""12"": 2191.9717176103386, ""13"": 2225.58326091184, ""14"": 2252.1286723144276, ""15"": 2256.48528495686}",1.293708086013794
prinz1d,short,tica,500,10,1,15,4,4,0.088,3,0.40023721609700974,0.6356650744978984,0,4,0.519234216274354,0.6070025383860934,0,3,0.40023721609700974,0.6356650744978984,0,2,0.3719326765196002,0.5370297644248554,0,3,0.40023721609700974,0.6356650744978984,0,0.519234216274354,0.6070025383860934,0.7760000000000001,"{""1"": 2872.7605683460683, ""2"": 1684.8753886623365, ""3"": 1649.106486744764, ""4"": 1667.5568873398643, ""5"": 1693.138332510642, ""6"": 1720.07742234296, ""7"": 1757.695910104227, ""8"": 1791.381016656968, ""9"": 1815.2903315967471, ""10"": 1849.8929420498403, ""11"": 1879.9073310137962, ""12"": 1909.9855580645772, ""13"": 1939.874860893428, ""14"": 1967.3879292956544, ""15"": 1985.118941497094}",1.184058666229248
prinz1d,short,tica,500,10,1,16,4,4,0.046,4,0.7186960055653636,0.7496799222186618,0,4,0.7186960055653636,0.7496799222186618,0,2,0.39738712825245115,0.5732385625665489,0,3,0.7053729946775863,0.7156012681807679,0,3,0.7053729946775863,0.7156012681807679,0,0.7186960055653636,0.7496799222186618,0.172,"{""1"": 2860.5531541430973, ""2"": 1918.1450988133693, ""3"": 1859.6470154292133, ""4"": 1848.3662100685144, ""5"": 1883.681618250627, ""6"": 1919.2081922829275, ""7"": 1950.5603428737625, ""8"": 1986.609245895871, ""9"": 2017.365364079272, ""10"": 2050.650870995082, ""11"": 2083.505263257789, ""12"": 2086.8312578288005, ""13"": 2131.7938429517935, ""14"": 2143.8263984014616, ""15"": 2190.1208703565208}",1.1098802089691162
prinz1d,short,tica,500,10,1,17,4,4,0.132,3,0.7804382136914112,0.8040652524585538,0,5,0.62602160773586,0.7198859212568668,0,3,0.7804382136914112,0.8040652524585538,0,3,0.7804382136914112,0.8040652524585538,0,3,0.7804382136914112,0.8040652524585538,0,0.7005852039030841,0.7526137728990417,0.264,"{""1"": 2866.604228833181, ""2"": 2089.6218475758074, ""3"": 1772.3016080961352, ""4"": 1779.188312677158, ""5"": 1803.437473375506, ""6"": 1839.2166500527258, ""7"": 1870.0691045303238, ""8"": 1902.0723500126755, ""9"": 1932.0670216197655, ""10"": 1961.0670338139084, ""11"": 1991.9502936908473, ""12"": 2006.732174397633, ""13"": 2046.0330669299233, ""14"": 2061.9326539423964, ""15"": 2097.555721882556}",1.2087376117706299
prinz1d,short,tica,500,10,1,18,4,4,0.052,4,0.26339723256793673,0.47106928394543207,0,8,0.2915462175793097,0.4832466062758258,0,2,0.2825781726993141,0.4989689851134178,0,2,0.2825781726993141,0.4989689851134178,0,3,0.5757113179509631,0.6305719549237789,0,0.26339723256793673,0.47106928394543207,0.34,"{""1"": 2901.25393601747, ""2"": 1555.979496055445, ""3"": 1508.7131318618217, ""4"": 1470.1288343198573, ""5"": 1486.2096071253977, ""6"": 1509.8606835269336, ""7"": 1535.8895206771408, ""8"": 1559.9860166936814, ""9"": 1593.8814680079809, ""10"": 1620.2144191185375, ""11"": 1649.892530311842, ""12"": 1671.651567654108, ""13"": 1707.4295123615725, ""14"": 1738.3323402075453, ""15"": 1770.3033169338646}",1.3982999324798584
prinz1d,short,tica,500,10,1,19,4,4,0.066,3,0.36827652652713916,0.5753627816689394,0,15,0.10572052690383456,0.3435427688106331,1,3,0.36827652652713916,0.5753627816689394,0,2,0.3743784545452219,0.5582287310213062,0,3,0.36827652652713916,0.5753627816689394,0,0.3164973193933317,0.5217256621587246,0.6040000000000001,"{""1"": 2902.6239993541612, ""2"": 1643.374740422329, ""3"": 1586.0848811218866, ""4"": 1610.5108524257332, ""5"": 1631.3042241782593, ""6"": 1652.5012573697948, ""7"": 1679.8239771525314, ""8"": 1708.9012256358603, ""9"": 1741.5681792583746, ""10"": 1745.0656370923266, ""11"": 1772.1831934730699, ""12"": 1808.134447462151, ""13"": 1841.8771951266576, ""14"": 1865.7566813191897, ""15"": 1866.9350385970113}",1.585195779800415
prinz1d,short,tica,1000,10,1,0,4,4,0.001,3,0.25657801972562627,0.36531129867792755,0,8,0.11908758146177724,0.2648141839139552,0,2,0.2490997113487509,0.4258441382674172,0,2,0.2490997113487509,0.4258441382674172,0,3,0.25657801972562627,0.36531129867792755,0,0.2313976219546093,0.34818362423042887,0.08799999999999995,"{""1"": 5698.831748934321, ""2"": 3556.762958274537, ""3"": 3552.042777171893, ""4"": 3554.539359956402, ""5"": 3581.9726872930914, ""6"": 3610.0519843246607, ""7"": 3636.944616609333, ""8"": 3663.322408382002, ""9"": 3702.466007650173, ""10"": 3752.6557456274154, ""11"": 3764.9512193982487, ""12"": 3793.6468352397537, ""13"": 3835.514253069089, ""14"": 3841.866251903254, ""15"": 3900.319987437209}",1.7194428443908691
prinz1d,short,tica,1000,10,1,1,4,4,0.146,5,0.7237510674090474,0.7791976264659858,0,7,0.654952093762594,0.7337456188832514,0,3,0.7343878327173928,0.8235987971595787,0,3,0.7343878327173928,0.8235987971595787,0,3,0.7343878327173928,0.8235987971595787,0,0.7555733027478571,0.808666611839547,0.298,"{""1"": 5744.401849856415, ""2"": 3545.5274218739924, ""3"": 2871.397172794657, ""4"": 2810.066314628227, ""5"": 2802.334826745488, ""6"": 2827.1814055668247, ""7"": 2856.3465484000003, ""8"": 2890.6233611986254, ""9"": 2924.041520324412, ""10"": 2960.9431830869403, ""11"": 2994.0352241040337, ""12"": 3027.5212102822998, ""13"": 3059.4994804117596, ""14"": 3099.358069557933, ""15"": 3126.723628540754}",1.431166410446167
prinz1d,short,tica,1000,10,1,2,4,4,0.126,4,0.8344444192335798,0.8356661890940775,0,6,0.6655759496394839,0.736872338945877,0,3,0.649399402734898,0.7909452550025955,0,3,0.649399402734898,0.7909452550025955,0,3,0.649399402734898,0.7909452550025955,0,0.8344444192335798,0.8356661890940775,0.052000000000000046,"{""1"": 5704.367950179829, ""2"": 4025.827638619615, ""3"": 3666.952707168232, ""4"": 3484.2377323050623, ""5"": 3489.723848667541, ""6"": 3511.1915784699863, ""7"": 3543.752025764087, ""8"": 3572.043612805786, ""9"": 3612.467275030793, ""10"": 3649.6280867251585, ""11"": 3676.5243697540127, ""12"": 3707.430489764888, ""13"": 3734.609231631556, ""14"": 3775.3680990701696, ""15"": 3803.290110586169}",1.8883633613586426
prinz1d,short,tica,1000,10,1,3,4,4,0.174,4,0.6199444410107755,0.7493985977757661,0,4,0.6199444410107755,0.7493985977757661,0,3,0.5962270629766513,0.7631218274185924,0,3,0.5962270629766513,0.7631218274185924,0,3,0.5962270629766513,0.7631218274185924,0,0.6199444410107755,0.7493985977757661,0.07,"{""1"": 5713.190089127671, ""2"": 3531.5977835476874, ""3"": 3190.334189759431, ""4"": 3041.019095007179, ""5"": 3070.8436315492054, ""6"": 3106.4662667978932, ""7"": 3140.944564300322, ""8"": 3161.496350334615, ""9"": 3218.3745171228775, ""10"": 3233.194101050416, ""11"": 3269.4176005960476, ""12"": 3311.053688724955, ""13"": 3341.2793881075277, ""14"": 3378.108460869832, ""15"": 3398.621818442148}",1.739943265914917
prinz1d,short,tica,1000,10,1,4,4,4,0.187,5,0.8532238150441767,0.8597488737255303,0,9,0.5652140774331483,0.7210035431839013,0,4,0.915005734535189,0.8933825138663174,0,4,0.915005734535189,0.8933825138663174,0,3,0.717373878834492,0.8244907825628048,0,0.915005734535189,0.8933825138663174,0.14200000000000002,"{""1"": 5713.38028780176, ""2"": 3317.1045904736948, ""3"": 2577.610259747586, ""4"": 2375.8609947556993, ""5"": 2369.058704119415, ""6"": 2369.7100122287297, ""7"": 2390.355823978157, ""8"": 2411.0700985175736, ""9"": 2437.6933938417806, ""10"": 2467.2002493106725, ""11"": 2500.2963631724533, ""12"": 2533.9809762169407, ""13"": 2566.238662703226, ""14"": 2595.8592719380044, ""15"": 2633.097593533521}",1.5183134078979492
prinz1d,short,tica,1000,10,1,5,4,4,0.149,5,0.49619795796511335,0.6801396656381469,0,6,0.48543267041035465,0.6718371202258149,0,3,0.5410351300301789,0.754807446991953,0,3,0.5410351300301789,0.754807446991953,0,3,0.5410351300301789,0.754807446991953,0,0.5372090926842588,0.721186837564501,0.42800000000000005,"{""1"": 5731.890446305495, ""2"": 2280.8443142822134, ""3"": 1624.6988018654938, ""4"": 1436.865289861042, ""5"": 1379.7170059392765, ""6"": 1381.1795561315605, ""7"": 1418.053827030782, ""8"": 1446.9949390530605, ""9"": 1475.8916806340903, ""10"": 1508.109925664446, ""11"": 1530.7691119159158, ""12"": 1589.5540820257297, ""13"": 1606.2001366934458, ""14"": 1663.272341239575, ""15"": 1685.3814756351144}",1.5512127876281738
prinz1d,short,tica,1000,10,1,6,4,4,0.012,4,0.48629368139854967,0.566835983685383,0,6,0.48302317691263824,0.5693910663339604,0,3,0.5929524933525173,0.5883289550729502,0,2,0.20866301795332984,0.34962921068031155,0,3,0.5929524933525173,0.5883289550729502,0,0.48629368139854967,0.566835983685383,0.448,"{""1"": 5790.596745189954, ""2"": 2901.331063591734, ""3"": 2585.7798393619246, ""4"": 2574.7121637038745, ""5"": 2589.9754849453707, ""6"": 2619.251100916212, ""7"": 2659.7855537455, ""8"": 2689.888990772938, ""9"": 2732.5540015737015, ""10"": 2760.9604458496456, ""11"": 2791.217014347318, ""12"": 2828.457245281686, ""13"": 2864.7891267270033, ""14"": 2895.098285077357, ""15"": 2932.5555489068543}",1.637002944946289
prinz1d,short,tica,1000,10,1,7,4,4,0.173,6,0.6342129614323948,0.7611630885811194,0,6,0.6342129614323948,0.7611630885811194,0,3,0.728129064106187,0.8400649833828607,0,3,0.728129064106187,0.8400649833828607,0,3,0.728129064106187,0.8400649833828607,0,0.8483409510460658,0.8658690977098239,0.35000000000000003,"{""1"": 5706.2917352885825, ""2"": 3353.7244124299073, ""3"": 2480.2728583781677, ""4"": 2313.625228758603, ""5"": 2312.3726589543953, ""6"": 2298.021578372006, ""7"": 2331.8553624315978, ""8"": 2364.894946245247, ""9"": 2396.763775844983, ""10"": 2424.5209851486875, ""11"": 2464.8432476476205, ""12"": 2493.945277659161, ""13"": 2536.5522664335845, ""14"": 2578.7952522597907, ""15"": 2607.131877504118}",1.5408380031585693
prinz1d,short,tica,1000,10,1,8,4,4,0.103,4,0.7371692730329902,0.8024155073190685,0,14,0.3556760507805841,0.5877505622581708,0,4,0.7371692730329902,0.8024155073190685,0,3,0.4924087315939471,0.7169092195896438,0,3,0.4924087315939471,0.7169092195896438,0,0.7371692730329902,0.8024155073190685,0.15599999999999997,"{""1"": 5718.243525451091, ""2"": 2945.166698242743, ""3"": 2628.408756526443, ""4"": 2290.0832574379574, ""5"": 2305.425097267696, ""6"": 2325.4236132454853, ""7"": 2342.882238286258, ""8"": 2375.996933394746, ""9"": 2407.050500067459, ""10"": 2428.996481864326, ""11"": 2465.067606687433, ""12"": 2499.672389413177, ""13"": 2518.102751485804, ""14"": 2541.6400501653698, ""15"": 2578.1117751303495}",1.6639232635498047
prinz1d,short,tica,1000,10,1,9,4,4,0.092,6,0.5944031349031866,0.7095714027638375,0,7,0.5152429489564487,0.6718520510820722,0,3,0.4527813619540964,0.68241142765787,0,4,0.7845422005985654,0.8060742520945411,0,3,0.4527813619540964,0.68241142765787,0,0.7845422005985654,0.8060742520945411,0.42600000000000005,"{""1"": 5706.436976466077, ""2"": 2806.136917736653, ""3"": 2495.781309167411, ""4"": 2377.4058438387146, ""5"": 2359.455042504613, ""6"": 2357.9111543129966, ""7"": 2386.857094750965, ""8"": 2417.4539192724505, ""9"": 2450.854466945415, ""10"": 2484.8884970287077, ""11"": 2520.0821626803163, ""12"": 2551.6418136179295, ""13"": 2582.7746120065913, ""14"": 2616.232980992998, ""15"": 2651.298798656672}",1.4774529933929443
prinz1d,short,tica,1000,10,1,10,4,4,0.081,5,0.4884954148999601,0.650570972678308,0,7,0.407909667176148,0.5889842851575966,0,3,0.6453624558974486,0.7953053517745458,0,3,0.6453624558974486,0.7953053517745458,0,3,0.6453624558974486,0.7953053517745458,0,0.5561326407229407,0.700290972933019,0.15399999999999997,"{""1"": 5698.493415218781, ""2"": 3057.634192145696, ""3"": 2334.9344576716767, ""4"": 2233.5193096891144, ""5"": 2183.1086574741107, ""6"": 2188.7080298829073, ""7"": 2214.73348706854, ""8"": 2252.756110741806, ""9"": 2281.361244939877, ""10"": 2322.4491309593177, ""11"": 2357.5507783335142, ""12"": 2395.4504337788258, ""13"": 2430.341146126074, ""14"": 2459.718113782848, ""15"": 2490.7002057051886}",1.5060765743255615
prinz1d,short,tica,1000,10,1,11,4,4,0.117,5,0.584016375221747,0.7345863311822184,0,5,0.584016375221747,0.7345863311822184,0,3,0.5443925688927769,0.7659924951104441,0,3,0.5443925688927769,0.7659924951104441,0,3,0.5443925688927769,0.7659924951104441,0,0.6413428720621511,0.7780238438049781,0.44600000000000006,"{""1"": 5699.266457373719, ""2"": 2117.36782258258, ""3"": 1423.4811845780248, ""4"": 1176.155841734711, ""5"": 1123.8726868057913, ""6"": 1154.4627890074935, ""7"": 1202.5945054101214, ""8"": 1220.686011057484, ""9"": 1255.819570225236, ""10"": 1286.654081271462, ""11"": 1313.631853409938, ""12"": 1342.7857924069167, ""13"": 1377.4712375363406, ""14"": 1410.0549383159166, ""15"": 1438.0387628631047}",1.4226653575897217
prinz1d,short,tica,1000,10,1,12,4,4,0.024,5,0.2844400253256762,0.45316261621956544,0,8,0.2489752867880596,0.41235085550295786,0,2,0.1867917922946006,0.35055481054542126,0,2,0.1867917922946006,0.35055481054542126,0,3,0.4813471663691795,0.4981493583857047,0,0.277311245065609,0.4283652023156339,0.45200000000000007,"{""1"": 5695.7457799659205, ""2"": 2468.3483507065407, ""3"": 2461.6703974630245, ""4"": 2449.2713318010683, ""5"": 2418.5759893825275, ""6"": 2448.98810872627, ""7"": 2479.4100449312855, ""8"": 2483.9550016046683, ""9"": 2541.392518020924, ""10"": 2557.0917432504725, ""11"": 2594.3098466086485, ""12"": 2621.3580956464584, ""13"": 2658.7915533379246, ""14"": 2680.9442321857014, ""15"": 2711.2417781857575}",1.8936161994934082
prinz1d,short,tica,1000,10,1,13,4,4,0.054,3,0.7251519132129036,0.7430357490794147,0,8,0.48606727805106825,0.57987254257779,0,2,0.5313417918352118,0.656448746883252,0,2,0.5313417918352118,0.656448746883252,0,2,0.5313417918352118,0.656448746883252,0,0.7023472934098376,0.6984580860779682,0.13,"{""1"": 5702.052634369011, ""2"": 4656.797813610075, ""3"": 4517.224459485541, ""4"": 4524.771689084514, ""5"": 4555.065316334057, ""6"": 4584.159082507314, ""7"": 4610.124744530199, ""8"": 4636.624873019232, ""9"": 4674.141046348478, ""10"": 4710.379178296902, ""11"": 4743.791662243747, ""12"": 4762.96951395624, ""13"": 4795.884113461718, ""14"": 4831.822734219213, ""15"": 4880.059532034324}",2.196571111679077
prinz1d,short,tica,1000,10,1,14,4,4,0.065,4,0.3826729229115468,0.5855021741088059,0,6,0.3738846544068787,0.5724700327078003,0,3,0.32067586855362473,0.58578944152975,0,3,0.32067586855362473,0.58578944152975,0,3,0.32067586855362473,0.58578944152975,0,0.3826729229115468,0.5855021741088059,0.398,"{""1"": 5748.359327340649, ""2"": 1811.4875663394914, ""3"": 1544.3074016479036, ""4"": 1408.9236208691104, ""5"": 1436.8290122594312, ""6"": 1454.8031382839988, ""7"": 1489.2982746860016, ""8"": 1518.8835416075276, ""9"": 1549.01998110073, ""10"": 1589.8559099165968, ""11"": 1624.5037768573343, ""12"": 1656.6104109160142, ""13"": 1697.8705291132667, ""14"": 1726.4942580261015, ""15"": 1761.0462902837826}",1.5362827777862549
prinz1d,short,tica,1000,10,1,15,4,4,0.083,4,0.7805558618264217,0.8146408302607944,0,8,0.49719128861213013,0.6788475183910228,0,4,0.7805558618264217,0.8146408302607944,0,4,0.7805558618264217,0.8146408302607944,0,4,0.7805558618264217,0.8146408302607944,0,0.7805558618264217,0.8146408302607944,0.10599999999999998,"{""1"": 5747.14545916158, ""2"": 3254.0643812652697, ""3"": 2968.988621283362, ""4"": 2701.5722332095693, ""5"": 2719.6566182600627, ""6"": 2741.709410643648, ""7"": 2769.468852128065, ""8"": 2797.922177910667, ""9"": 2836.048937846693, ""10"": 2877.716147390296, ""11"": 2915.454175150475, ""12"": 2954.6205473280966, ""13"": 2990.0658784881816, ""14"": 3016.93793728716, ""15"": 3055.4283843168164}",1.4513323307037354
prinz1d,short,tica,1000,10,1,16,4,4,0.113,5,0.5663978015020816,0.699182289821027,0,10,0.4059302568136237,0.6121100051613169,0,2,0.47654387272390225,0.6184889387118965,0,3,0.6836167078965911,0.717672389826927,0,3,0.6836167078965911,0.717672389826927,0,0.7530920894512864,0.7639058096320469,0.42399999999999993,"{""1"": 5702.7800988802455, ""2"": 3590.004468069512, ""3"": 3416.402646853452, ""4"": 3376.3403851150924, ""5"": 3374.793755457171, ""6"": 3415.852233089789, ""7"": 3438.012198996097, ""8"": 3472.562367219342, ""9"": 3500.692047216569, ""10"": 3517.3711227927784, ""11"": 3564.3459627524944, ""12"": 3595.1755275460487, ""13"": 3634.719161847811, ""14"": 3674.458276067062, ""15"": 3695.4111694127823}",2.1455447673797607
prinz1d,short,tica,1000,10,1,17,4,4,0.15,4,0.7384406426731486,0.7504478628083803,0,6,0.504323366081064,0.663602383744879,0,3,0.7343157705645298,0.7741003282329074,0,3,0.7343157705645298,0.7741003282329074,0,3,0.7343157705645298,0.7741003282329074,0,0.7384406426731486,0.7504478628083803,0.010000000000000009,"{""1"": 5707.591965919921, ""2"": 3997.7412095505224, ""3"": 3333.4389286372575, ""4"": 3288.7568043328674, ""5"": 3300.6676755070403, ""6"": 3327.379368881202, ""7"": 3360.6022635249633, ""8"": 3396.334885268224, ""9"": 3435.727925162906, ""10"": 3464.5831012929802, ""11"": 3500.678147558622, ""12"": 3530.8261587496577, ""13"": 3570.2746723342616, ""14"": 3608.039417883834, ""15"": 3628.551107038961}",1.6790027618408203
prinz1d,short,tica,1000,10,1,18,4,4,0.07,5,0.35561700921732803,0.5818428813809242,0,6,0.38645560866079687,0.5714666991548119,0,2,0.3060445778880658,0.4481843260839886,0,2,0.3060445778880658,0.4481843260839886,0,3,0.2866606825768166,0.5168021493563344,0,0.3020950880782926,0.5725960589822949,0.35000000000000003,"{""1"": 5740.932083835544, ""2"": 2824.848576242136, ""3"": 2602.405157317152, ""4"": 2478.004066453783, ""5"": 2449.552724289936, ""6"": 2477.487062966794, ""7"": 2516.0749205959196, ""8"": 2539.4191735598047, ""9"": 2574.2877232873825, ""10"": 2613.2423702280366, ""11"": 2647.4567314114656, ""12"": 2680.480608838154, ""13"": 2713.324500809699, ""14"": 2735.9731523264436, ""15"": 2769.665686696582}",1.9953100681304932
prinz1d,short,tica,1000,10,1,19,4,4,0.065,4,0.5533651244935274,0.6381297333722827,0,4,0.5533651244935274,0.6381297333722827,0,2,0.3818652485293982,0.5174206840287185,0,2,0.3818652485293982,0.5174206840287185,0,3,0.5133338786790365,0.573266137390255,0,0.5533651244935274,0.6381297333722827,0.21199999999999997,"{""1"": 5754.294254710877, ""2"": 3128.7079229534434, ""3"": 3098.078582002959, ""4"": 2985.6913632541987, ""5"": 3025.2417197239133, ""6"": 3054.8087846282056, ""7"": 3088.355383466365, ""8"": 3123.9175329206096, ""9"": 3150.395231781463, ""10"": 3192.556527881896, ""11"": 3222.9977458118083, ""12"": 3248.2688588963697, ""13"": 3289.6360790221397, ""14"": 3326.6451040181246, ""15"": 3359.6580291943833}",1.4784324169158936
prinz1d,short,tica,2000,10,1,0,4,4,0.043,5,0.5233963072469208,0.6394627101853511,0,7,0.43834246306044844,0.5761720135876222,0,3,0.34267354632952685,0.5717355298934388,0,2,0.3346512909922712,0.5173669798918675,0,4,0.5294750060906286,0.6569561969757676,0,0.5294750060906286,0.6569561969757676,0.23100000000000007,"{""1"": 11375.206088757968, ""2"": 4874.479710812362, ""3"": 4294.841479855545, ""4"": 3782.336307384223, ""5"": 3748.494111519971, ""6"": 3780.174097184936, ""7"": 3778.224145642316, ""8"": 3819.7591886885825, ""9"": 3850.219518671967, ""10"": 3881.3941598672786, ""11"": 3915.530554728223, ""12"": 3959.8885242924052, ""13"": 3999.348714799832, ""14"": 4043.2156112080756, ""15"": 4091.1791982029945}",2.663616180419922
prinz1d,short,tica,2000,10,1,1,4,4,0.1115,7,0.5964857631088304,0.7411117628974123,0,9,0.49725403028822024,0.6954765912441978,0,3,0.8370200722058351,0.868446661130749,0,3,0.8370200722058351,0.868446661130749,0,3,0.8370200722058351,0.868446661130749,0,0.8646697939826128,0.8599612044087516,0.7290000000000001,"{""1"": 11392.545618562599, ""2"": 6956.180295232441, ""3"": 4811.59284430053, ""4"": 4619.5558786861475, ""5"": 4477.660720610275, ""6"": 4447.707995625924, ""7"": 4438.337795292306, ""8"": 4455.188282871227, ""9"": 4484.968008355065, ""10"": 4522.957763857036, ""11"": 4563.794929223436, ""12"": 4594.538495543275, ""13"": 4637.120281971951, ""14"": 4672.66051349612, ""15"": 4719.480236633674}",2.38995623588562
prinz1d,short,tica,2000,10,1,2,4,4,0.084,6,0.777566199965881,0.7989203509199273,0,7,0.7219243895492301,0.7709690408240957,0,3,0.6506221951707623,0.7823897263061624,0,3,0.6506221951707623,0.7823897263061624,0,3,0.6506221951707623,0.7823897263061624,0,0.8741351979633059,0.8632908727812132,0.224,"{""1"": 11382.033125853664, ""2"": 6834.430592234775, ""3"": 5222.685089083206, ""4"": 4824.1624076273365, ""5"": 4721.109247143544, ""6"": 4714.037453866655, ""7"": 4734.7124332685935, ""8"": 4774.495053888047, ""9"": 4811.669882121201, ""10"": 4867.277473413854, ""11"": 4883.742634150398, ""12"": 4928.314553695419, ""13"": 4971.937487407349, ""14"": 5008.116829819006, ""15"": 5035.396279040124}",2.666703224182129
prinz1d,short,tica,2000,10,1,3,4,4,0.1605,6,0.6535813130068636,0.7482910143798326,0,7,0.5779898794874553,0.7303219341233935,0,3,0.7454756104112059,0.8470515039038683,0,3,0.7454756104112059,0.8470515039038683,0,3,0.7454756104112059,0.8470515039038683,0,0.7808204823330841,0.834743005956691,0.41500000000000004,"{""1"": 11394.30658626977, ""2"": 6335.934174318365, ""3"": 4619.196061173489, ""4"": 4305.578194754053, ""5"": 4181.312533079061, ""6"": 4176.0081257772845, ""7"": 4190.063245566943, ""8"": 4226.208289225496, ""9"": 4258.9099702031635, ""10"": 4298.576120434783, ""11"": 4334.331304539897, ""12"": 4374.807387055225, ""13"": 4413.6152655016585, ""14"": 4451.538226030885, ""15"": 4490.708520760245}",2.601473808288574
prinz1d,short,tica,2000,10,1,4,4,4,0.202,6,0.7661403630973367,0.8238372019856772,0,12,0.4541041874373014,0.6864158301105561,0,4,0.9458714627611191,0.9257949696599374,0,4,0.9458714627611191,0.9257949696599374,0,3,0.7109925695683659,0.8276836562186983,0,0.9458714627611191,0.9257949696599374,0.41100000000000003,"{""1"": 11393.654371637916, ""2"": 6661.5002342982825, ""3"": 4868.884774513549, ""4"": 4153.03024545699, ""5"": 4090.5239678894077, ""6"": 4025.2322201130282, ""7"": 4030.060456510243, ""8"": 4049.7198687331233, ""9"": 4079.5065336257303, ""10"": 4120.054150059842, ""11"": 4146.897771121172, ""12"": 4179.424759438642, ""13"": 4219.578798746421, ""14"": 4251.672364153151, ""15"": 4284.46020001206}",2.414011001586914
prinz1d,short,tica,2000,10,1,5,4,4,0.1465,6,0.5384687311921479,0.6952611083044352,0,11,0.36724469704016394,0.5978937323961562,0,3,0.5504119048570393,0.7563310045042384,0,3,0.5504119048570393,0.7563310045042384,0,3,0.5504119048570393,0.7563310045042384,0,0.5902291452999732,0.747656724178,0.359,"{""1"": 11418.869326624876, ""2"": 4914.10596079211, ""3"": 3502.7127274548925, ""4"": 2959.4193382436447, ""5"": 2831.403310811259, ""6"": 2801.880830125212, ""7"": 2805.345404266021, ""8"": 2828.067671287067, ""9"": 2858.9206350158984, ""10"": 2888.02822370244, ""11"": 2918.2051673232004, ""12"": 2963.092095555989, ""13"": 2996.1344904360712, ""14"": 3045.048666178715, ""15"": 3082.9316820286704}",2.480646848678589
prinz1d,short,tica,2000,10,1,6,4,4,0.1745,8,0.5358621348403314,0.6840987924993892,0,9,0.5166691077455804,0.6681834424770642,0,4,0.6902548745877621,0.7968303760840009,0,3,0.577834248191473,0.7748444991442034,0,3,0.577834248191473,0.7748444991442034,0,0.6902548745877621,0.7968303760840009,0.636,"{""1"": 11376.6506517667, ""2"": 4342.615303076722, ""3"": 2517.1581531628044, ""4"": 1797.623784006824, ""5"": 1695.087263196505, ""6"": 1613.134167882536, ""7"": 1612.4662150164822, ""8"": 1607.9752169889716, ""9"": 1634.9933013815091, ""10"": 1673.464976680619, ""11"": 1710.3275103232177, ""12"": 1743.502174617236, ""13"": 1774.0145573180926, ""14"": 1817.160249043286, ""15"": 1859.448212411733}",2.4559710025787354
prinz1d,short,tica,2000,10,1,7,4,4,0.1995,6,0.7270428547342136,0.7882440425623921,0,10,0.504610562984362,0.6911376980746479,0,4,0.8393399996362734,0.8700476521642646,0,3,0.7078123714172422,0.839559117506984,0,3,0.7078123714172422,0.839559117506984,0,0.8393399996362734,0.8700476521642646,0.337,"{""1"": 11395.81958457065, ""2"": 5963.590594738754, ""3"": 4059.1360260734264, ""4"": 3654.3676971006416, ""5"": 3539.321782217391, ""6"": 3482.7220036808285, ""7"": 3486.9527056632655, ""8"": 3520.23187739838, ""9"": 3551.9933913894365, ""10"": 3582.8648871832493, ""11"": 3619.9323264326167, ""12"": 3653.5056898513853, ""13"": 3695.1111514971326, ""14"": 3737.8038752797197, ""15"": 3775.2316558482917}",2.55324387550354
prinz1d,short,tica,2000,10,1,8,4,4,0.1555,8,0.6230331044480817,0.7111151198723922,0,9,0.6120356370940664,0.7006610635063476,0,4,0.7216078880027569,0.8050399411670449,0,3,0.5449067725111026,0.7570896914134083,0,3,0.5449067725111026,0.7570896914134083,0,0.7216078880027569,0.8050399411670449,0.38799999999999996,"{""1"": 11392.964530571475, ""2"": 4594.837538468905, ""3"": 3133.0521010313305, ""4"": 2399.9786759961466, ""5"": 2295.7874149815652, ""6"": 2283.7239920846496, ""7"": 2260.094485688398, ""8"": 2254.0280823333806, ""9"": 2274.6764659951614, ""10"": 2316.086006555909, ""11"": 2353.860498897116, ""12"": 2393.5935138058385, ""13"": 2424.2180860620983, ""14"": 2455.6598869717914, ""15"": 2492.1985702409693}",2.533327341079712
prinz1d,short,tica,2000,10,1,9,4,4,0.0695,6,0.6094351002485687,0.7117507390327588,0,10,0.3697173480426555,0.6145325951680538,0,4,0.8016744779575125,0.8111796617403529,0,4,0.8016744779575125,0.8111796617403529,0,4,0.8016744779575125,0.8111796617403529,0,0.8016744779575125,0.8111796617403529,0.4789999999999999,"{""1"": 11383.761412754346, ""2"": 5362.3913698267925, ""3"": 4702.324993986901, ""4"": 4188.778718429828, ""5"": 4064.6580770542787, ""6"": 4034.8293268072043, ""7"": 4048.550636323522, ""8"": 4052.6806592488233, ""9"": 4068.1147277456503, ""10"": 4098.7751886392425, ""11"": 4139.987436839896, ""12"": 4180.606360640713, ""13"": 4221.24152589625, ""14"": 4262.627146613893, ""15"": 4302.669970389051}",2.5678327083587646
prinz1d,short,tica,2000,10,1,10,4,4,0.1525,6,0.5330951179276111,0.6970379110557964,0,9,0.4271478613397792,0.6186193617703928,0,3,0.6703051277899761,0.8128957716838239,0,3,0.6703051277899761,0.8128957716838239,0,3,0.6703051277899761,0.8128957716838239,0,0.6280073580385016,0.7689839196839237,0.28900000000000003,"{""1"": 11385.847533905266, ""2"": 5540.867683370131, ""3"": 3679.474385552064, ""4"": 3353.2829762874485, ""5"": 3193.059331854748, ""6"": 3103.6574423171596, ""7"": 3110.1747228950744, ""8"": 3136.913323072136, ""9"": 3166.9640141714963, ""10"": 3205.3112503415637, ""11"": 3239.2030917573134, ""12"": 3280.560676954575, ""13"": 3318.9596970258135, ""14"": 3349.847118685869, ""15"": 3390.1084241347116}",2.712080955505371
prinz1d,short,tica,2000,10,1,11,4,4,0.1725,7,0.6024048493681935,0.7307848222129547,0,8,0.5506763065532292,0.6973058499530624,0,3,0.6459165590136153,0.8109148039867432,0,3,0.6459165590136153,0.8109148039867432,0,3,0.6459165590136153,0.8109148039867432,0,0.7514070518579155,0.8245196172698956,0.4149999999999999,"{""1"": 11380.513831863822, ""2"": 5443.4504254343965, ""3"": 3638.4150904010867, ""4"": 3288.671769453345, ""5"": 3188.177746141014, ""6"": 3193.690589609905, ""7"": 3175.872845208123, ""8"": 3185.650934555136, ""9"": 3224.8457110325935, ""10"": 3261.2907834081066, ""11"": 3302.829269407508, ""12"": 3344.7136459806734, ""13"": 3384.6267358122323, ""14"": 3424.673932958645, ""15"": 3465.024909449515}",2.5575790405273438
prinz1d,short,tica,2000,10,1,12,4,4,0.0945,5,0.4499791788286537,0.6616150790920687,0,10,0.3724360876716152,0.5797823991397208,0,4,0.46904535735472397,0.6813416903716479,0,2,0.3876932169519107,0.5540941995942917,0,3,0.38046580108607103,0.587370200903625,0,0.46904535735472397,0.6813416903716479,0.3359999999999999,"{""1"": 11427.681901611533, ""2"": 4686.622276873369, ""3"": 3561.104422131629, ""4"": 3050.356602451749, ""5"": 2991.371660687089, ""6"": 2996.016111346127, ""7"": 2996.2038804516983, ""8"": 3017.7324154740686, ""9"": 3045.2681061630083, ""10"": 3061.753154890201, ""11"": 3101.914592157258, ""12"": 3139.17764019306, ""13"": 3184.479971721392, ""14"": 3223.143322386178, ""15"": 3263.69175514759}",2.642801523208618
prinz1d,short,tica,2000,10,1,13,4,4,0.093,6,0.6583014311271368,0.723727574491189,0,9,0.48826283923870134,0.6653614280864765,0,3,0.669036434443576,0.7937375327065034,0,3,0.669036434443576,0.7937375327065034,0,3,0.669036434443576,0.7937375327065034,0,0.7137526165537673,0.7838793184678454,0.211,"{""1"": 11380.713907657473, ""2"": 6046.907767768343, ""3"": 4032.8854319939173, ""4"": 3715.156478041505, ""5"": 3514.270862981899, ""6"": 3478.0938648753004, ""7"": 3493.1927100783555, ""8"": 3501.988847931294, ""9"": 3533.269411811086, ""10"": 3570.4943098064355, ""11"": 3606.4253076912632, ""12"": 3637.5058929501533, ""13"": 3670.424281566431, ""14"": 3719.351580046965, ""15"": 3763.2305072611152}",2.791238307952881
prinz1d,short,tica,2000,10,1,14,4,4,0.136,6,0.6190368525503903,0.7251197271902738,0,10,0.41289860680655915,0.6246431402967111,0,4,0.6523321152712973,0.7708292330047745,0,3,0.46510913978177604,0.6523068280303161,0,3,0.46510913978177604,0.6523068280303161,0,0.6523321152712973,0.7708292330047745,0.40499999999999997,"{""1"": 11414.062277492056, ""2"": 4535.5241083225965, ""3"": 3264.6886785151173, ""4"": 2409.015636633446, ""5"": 2303.7993622759686, ""6"": 2269.5226808023494, ""7"": 2271.8442552755964, ""8"": 2270.5744864192598, ""9"": 2269.6107344893867, ""10"": 2301.922603983366, ""11"": 2337.887674188992, ""12"": 2376.9654836922664, ""13"": 2412.0098606751944, ""14"": 2459.127895988174, ""15"": 2497.7865320254737}",2.6945338249206543
prinz1d,short,tica,2000,10,1,15,4,4,0.1445,7,0.5580644013066223,0.6900491506484289,0,8,0.5342560096818766,0.6758703960985688,0,4,0.7047344633094595,0.7884983329857839,0,3,0.5774287807074029,0.7754146106803931,0,3,0.5774287807074029,0.7754146106803931,0,0.7047344633094595,0.7884983329857839,0.40399999999999997,"{""1"": 11408.740374806857, ""2"": 5421.303629327026, ""3"": 3980.539279191452, ""4"": 3460.36689035903, ""5"": 3407.7661621675916, ""6"": 3410.688615220268, ""7"": 3383.597885968187, ""8"": 3412.925464857788, ""9"": 3454.013119129202, ""10"": 3494.133884440975, ""11"": 3537.841466731405, ""12"": 3570.9721602866875, ""13"": 3611.877940899809, ""14"": 3650.1646290470267, ""15"": 3687.586162801168}",2.5324254035949707
prinz1d,short,tica,2000,10,1,16,4,4,0.185,7,0.6589722086323521,0.7725859462622149,0,9,0.544517331974506,0.7190596001266268,0,4,0.9144915492954332,0.8975300655045603,0,4,0.9144915492954332,0.8975300655045603,0,3,0.7555313322653489,0.8319997610323304,0,0.9144915492954332,0.8975300655045603,0.618,"{""1"": 11387.271468857049, ""2"": 6869.40407016009, ""3"": 5008.818970073373, ""4"": 4471.0022477131715, ""5"": 4367.473817328033, ""6"": 4328.132576396145, ""7"": 4305.867116876561, ""8"": 4332.335692340237, ""9"": 4348.605373994863, ""10"": 4388.843164081094, ""11"": 4424.490392764715, ""12"": 4459.937520560694, ""13"": 4495.434964101948, ""14"": 4542.9600222266, ""15"": 4582.253590037491}",2.5263566970825195
prinz1d,short,tica,2000,10,1,17,4,4,0.1995,6,0.7382315809832789,0.7956737151777973,0,12,0.422338495130863,0.6622486540335204,0,4,0.8497263126904395,0.8496629987061189,0,4,0.8497263126904395,0.8496629987061189,0,3,0.697482006755766,0.7920674130254728,0,0.8497263126904395,0.8496629987061189,0.38800000000000007,"{""1"": 11385.315807136416, ""2"": 6688.8856881713455, ""3"": 4801.715908120911, ""4"": 4040.353280638052, ""5"": 3931.3010311861567, ""6"": 3883.769786886588, ""7"": 3893.833396865355, ""8"": 3925.8614895110773, ""9"": 3962.85800393798, ""10"": 4004.584244786088, ""11"": 4029.3204334535308, ""12"": 4059.552481960378, ""13"": 4095.0675844031894, ""14"": 4130.551065266289, ""15"": 4171.692262220269}",2.5636918544769287
prinz1d,short,tica,2000,10,1,18,4,4,0.0795,6,0.47134995395316687,0.6790324649503727,0,8,0.4790522104865129,0.664589678273418,0,4,0.48522573286973647,0.6954267596894342,0,2,0.41286806044884333,0.5627078377259914,0,4,0.48522573286973647,0.6954267596894342,0,0.48522573286973647,0.6954267596894342,0.374,"{""1"": 11419.476553935474, ""2"": 6260.283258267336, ""3"": 5264.252412264716, ""4"": 4690.247834797265, ""5"": 4679.56268285691, ""6"": 4675.098132308602, ""7"": 4687.960856264548, ""8"": 4700.548423905044, ""9"": 4744.102312874073, ""10"": 4771.931377578737, ""11"": 4808.603206298985, ""12"": 4855.469271210291, ""13"": 4891.124548357633, ""14"": 4930.999425941789, ""15"": 4972.757365647115}",2.937958002090454
prinz1d,short,tica,2000,10,1,19,4,4,0.13,5,0.6398898345400887,0.7579996223560382,0,8,0.5142680520305773,0.6877843048655872,0,4,0.802649174574722,0.8177650117769927,0,4,0.802649174574722,0.8177650117769927,0,3,0.5268282067415491,0.6661639643129076,0,0.802649174574722,0.8177650117769927,0.374,"{""1"": 11401.261821599635, ""2"": 5517.427431573166, ""3"": 4751.779904714977, ""4"": 4064.9855499532937, ""5"": 3947.476964168081, ""6"": 3983.8148828478907, ""7"": 4022.0790516067095, ""8"": 4034.2639401921174, ""9"": 4075.0799738990145, ""10"": 4109.107320606133, ""11"": 4148.5570794671485, ""12"": 4174.917132495132, ""13"": 4220.57768103429, ""14"": 4246.005524862783, ""15"": 4304.266023880558}",2.9096386432647705
prinz1d,short,tica,4000,10,1,0,4,4,0.08175,7,0.5225637718344408,0.6727587615205503,0,10,0.39254491741483083,0.6095715789290193,0,5,0.5493696806379835,0.7183699954252346,0,3,0.4995211832176241,0.7259539453215297,0,3,0.4995211832176241,0.7259539453215297,0,0.5931465427846936,0.7526586251880055,0.36850000000000005,"{""1"": 22728.631130235317, ""2"": 8589.16802575075, ""3"": 5902.161682515132, ""4"": 4085.22405705229, ""5"": 3907.754936101541, ""6"": 3701.1077924877686, ""7"": 3644.474091007584, ""8"": 3669.512461753535, ""9"": 3680.5379300821833, ""10"": 3712.2840449958835, ""11"": 3752.785770408689, ""12"": 3798.875984466047, ""13"": 3842.0913214495617, ""14"": 3888.9273463252166, ""15"": 3931.9662927910554}",5.443008184432983
prinz1d,short,tica,4000,10,1,1,4,4,0.19175,8,0.5891866227942181,0.7411348780555628,0,11,0.5012672237500284,0.6951198641995407,0,4,0.8333154322351889,0.8696326178006106,0,3,0.6888892454154559,0.8293555747891898,0,3,0.6888892454154559,0.8293555747891898,0,0.8333154322351889,0.8696326178006106,0.5725,"{""1"": 22771.68358122329, ""2"": 11690.571759805747, ""3"": 7573.6049573921655, ""4"": 6075.10947176771, ""5"": 5719.469468985999, ""6"": 5549.355978757835, ""7"": 5384.956049730486, ""8"": 5350.977749824732, ""9"": 5375.210327662327, ""10"": 5411.237497927548, ""11"": 5428.669705161184, ""12"": 5468.632141627088, ""13"": 5509.998501480509, ""14"": 5555.70575635863, ""15"": 5601.967503629525}",5.037383317947388
prinz1d,short,tica,4000,10,1,2,4,4,0.1875,8,0.6184605637648982,0.7468935276802996,0,9,0.5712214452619335,0.7232218930873332,0,4,0.8834233454476411,0.8840050134529194,0,3,0.6966557963868693,0.8338798377918354,0,3,0.6966557963868693,0.8338798377918354,0,0.8834233454476411,0.8840050134529194,0.5315000000000001,"{""1"": 22736.966863009122, ""2"": 11687.277395505922, ""3"": 7653.528840364805, ""4"": 6694.415127053836, ""5"": 6457.725036570771, ""6"": 6265.762153767831, ""7"": 6255.3495095925255, ""8"": 6249.575298756819, ""9"": 6268.52540438492, ""10"": 6307.2640319094835, ""11"": 6355.960285857186, ""12"": 6400.910063850199, ""13"": 6442.823043354831, ""14"": 6485.750764877398, ""15"": 6533.86178259838}",5.375654935836792
prinz1d,short,tica,4000,10,1,3,4,4,0.16075,8,0.5350952319992437,0.6997631059304062,0,10,0.47782545189302167,0.6695549223391227,0,3,0.764638121175129,0.851639811898075,0,3,0.764638121175129,0.851639811898075,0,3,0.764638121175129,0.851639811898075,0,0.802551812642585,0.8363841261374753,0.6455,"{""1"": 22750.523587222535, ""2"": 12659.664708003918, ""3"": 8565.26071348384, ""4"": 7923.66951314283, ""5"": 7567.015410642847, ""6"": 7457.599319183074, ""7"": 7385.437586091387, ""8"": 7381.9928763898315, ""9"": 7403.307081376325, ""10"": 7433.340222174932, ""11"": 7481.509557165101, ""12"": 7525.744483003184, ""13"": 7575.015076229874, ""14"": 7611.487182439737, ""15"": 7659.121319731807}",5.192920923233032
prinz1d,short,tica,4000,10,1,4,4,4,0.1315,8,0.6595380436585074,0.7419587587574767,0,13,0.5525266878849527,0.6717343152195939,0,5,0.8197176112067608,0.8331485162495413,0,3,0.5662792270008042,0.7773477610959709,0,3,0.5662792270008042,0.7773477610959709,0,0.8407677226562308,0.8631318854416831,0.4555,"{""1"": 22784.33481063597, ""2"": 9464.652918972568, ""3"": 6048.217606834283, ""4"": 3984.164136796631, ""5"": 3699.703789411348, ""6"": 3441.0268793786654, ""7"": 3385.1182651378945, ""8"": 3354.33738031955, ""9"": 3360.185972730862, ""10"": 3357.8891679880803, ""11"": 3399.56099626011, ""12"": 3421.838458141155, ""13"": 3455.984905045962, ""14"": 3510.664060788572, ""15"": 3555.3211744416685}",5.035111665725708
prinz1d,short,tica,4000,10,1,5,4,4,0.1735,8,0.5073830215102233,0.6729205157426909,0,10,0.4792099169119806,0.6526049138751928,0,5,0.6285538884444214,0.7493334365867498,0,3,0.619655402446191,0.7891966049103174,0,3,0.619655402446191,0.7891966049103174,0,0.6777311161056602,0.7889423845180885,0.5454999999999999,"{""1"": 22753.733464022625, ""2"": 10229.250512317476, ""3"": 6718.568461665358, ""4"": 5334.602415218411, ""5"": 4968.734703305303, ""6"": 4824.941217429919, ""7"": 4746.472353216003, ""8"": 4744.686439884967, ""9"": 4763.26675859858, ""10"": 4765.040540384383, ""11"": 4812.461607912056, ""12"": 4855.512460567506, ""13"": 4903.776740156769, ""14"": 4942.394160776749, ""15"": 4980.770948576566}",5.2218711376190186
prinz1d,short,tica,4000,10,1,6,4,4,0.216,8,0.5704290037901308,0.7160800233277651,0,12,0.4566070172301523,0.6647187555085519,0,4,0.8312485314724133,0.8574791260372503,0,3,0.713638475457248,0.8394715059947653,0,3,0.713638475457248,0.8394715059947653,0,0.8312485314724133,0.8574791260372503,0.6745000000000001,"{""1"": 22743.65804992605, ""2"": 11290.105137466842, ""3"": 6936.2350957227045, ""4"": 5851.767870674474, ""5"": 5532.960295371324, ""6"": 5306.617414253867, ""7"": 5250.81862806674, ""8"": 5212.738737737186, ""9"": 5247.430915817294, ""10"": 5243.907576534865, ""11"": 5277.607790769735, ""12"": 5312.20068926463, ""13"": 5357.851945943346, ""14"": 5400.426499097803, ""15"": 5464.8912299852}",5.222385406494141
prinz1d,short,tica,4000,10,1,7,4,4,0.10925,9,0.6432756846497163,0.7295605430939658,0,11,0.5692111009544579,0.6918134760613323,0,5,0.8245487153775226,0.829946158246123,0,3,0.5483632573845495,0.7677939317649793,0,3,0.5483632573845495,0.7677939317649793,0,0.8458551604562348,0.8696523394913617,0.4405,"{""1"": 22736.888011260988, ""2"": 9218.473914237185, ""3"": 5985.740472735819, ""4"": 4386.669465745248, ""5"": 4084.671599302261, ""6"": 3877.8228084183347, ""7"": 3807.7805815589145, ""8"": 3768.599443696339, ""9"": 3761.757939915861, ""10"": 3794.678794143412, ""11"": 3818.496084014836, ""12"": 3857.8690905627104, ""13"": 3912.981569255143, ""14"": 3961.638652061346, ""15"": 4002.925092304307}",5.357831239700317
prinz1d,short,tica,4000,10,1,8,4,4,0.11225,8,0.5952284808969625,0.6926493333383342,0,10,0.4581471691539305,0.6432214576230743,0,5,0.6674124240598108,0.754224978527831,0,3,0.47377616438609765,0.699755517608446,0,3,0.47377616438609765,0.699755517608446,0,0.6845115848554321,0.7783193705769127,0.31999999999999995,"{""1"": 22753.36529855149, ""2"": 8232.058374079885, ""3"": 5747.059614856597, ""4"": 4413.793585123933, ""5"": 4183.717319229803, ""6"": 4072.1162575009666, ""7"": 4063.2732971158416, ""8"": 3985.9481215968244, ""9"": 4018.8542275697496, ""10"": 4052.803549767732, ""11"": 4095.042005449067, ""12"": 4129.3364242690095, ""13"": 4177.087250248395, ""14"": 4209.911961810675, ""15"": 4251.351109307553}",5.420026779174805
prinz1d,short,tica,4000,10,1,9,4,4,0.1515,7,0.6251607225604193,0.7416951186910054,0,12,0.4021452012929045,0.6450669099308026,0,5,0.7971032258385647,0.8161657401826299,0,3,0.5742103583896121,0.7526810074606756,0,3,0.5742103583896121,0.7526810074606756,0,0.8268517310683261,0.8479168961545956,0.44100000000000006,"{""1"": 22755.473043246035, ""2"": 12600.44789255433, ""3"": 9751.364069180527, ""4"": 7916.9552609012535, ""5"": 7645.229165268994, ""6"": 7482.286863552629, ""7"": 7358.738245814874, ""8"": 7374.077345233615, ""9"": 7413.380671991271, ""10"": 7425.540369219478, ""11"": 7467.1666953293325, ""12"": 7497.2457771633, ""13"": 7541.696834173759, ""14"": 7587.281739895774, ""15"": 7648.478089312375}",5.08902907371521
prinz1d,short,tica,4000,10,1,10,4,4,0.1035,10,0.38714575521298883,0.5934805506178339,0,10,0.38714575521298883,0.5934805506178339,0,6,0.5205503751129641,0.6974647376194107,0,3,0.4865739101228045,0.7079792465487822,0,3,0.4865739101228045,0.7079792465487822,0,0.47579441140097756,0.6858947237867168,0.4690000000000001,"{""1"": 22729.83763008317, ""2"": 6730.460390798615, ""3"": 3822.4494349801807, ""4"": 3582.1663460823675, ""5"": 1636.4523006607599, ""6"": 1331.6785603867886, ""7"": 1277.0005577355478, ""8"": 1269.4824830733435, ""9"": 1261.7819630306858, ""10"": 1243.678767517229, ""11"": 1299.394187690109, ""12"": 1331.1301984347997, ""13"": 1367.3577480440085, ""14"": 1435.466551715352, ""15"": 1480.8936365267814}",5.51051664352417
prinz1d,short,tica,4000,10,1,11,4,4,0.149,8,0.6066069012472436,0.7259243386910319,0,9,0.5771435836835219,0.7056279998509741,0,4,0.8019185304632518,0.8443125939977286,0,3,0.6256061336336611,0.803430476366057,0,3,0.6256061336336611,0.803430476366057,0,0.8019185304632518,0.8443125939977286,0.4524999999999999,"{""1"": 22742.853153408614, ""2"": 10684.67381247755, ""3"": 6894.515759664058, ""4"": 5773.659654117517, ""5"": 5512.6887423750195, ""6"": 5325.796303310271, ""7"": 5322.831659070115, ""8"": 5303.776265497681, ""9"": 5313.24540619416, ""10"": 5362.1170354355745, ""11"": 5398.189537478297, ""12"": 5444.2702177302435, ""13"": 5484.806403760504, ""14"": 5529.310142846386, ""15"": 5572.611623795503}",5.1550984382629395
prinz1d,short,tica,4000,10,1,12,4,4,0.0925,9,0.36165318791003853,0.5477943059360445,0,14,0.2396074555233406,0.48508077997414695,0,4,0.4251142893459168,0.6630665452147534,0,3,0.3889164360124822,0.6050258987205125,0,3,0.3889164360124822,0.6050258987205125,0,0.4251142893459168,0.6630665452147534,0.31649999999999995,"{""1"": 22728.26787550957, ""2"": 5370.375015995493, ""3"": 2960.3751776955623, ""4"": 1690.21622462097, ""5"": 1508.7882272467261, ""6"": 1517.4357859466982, ""7"": 1453.1654002258674, ""8"": 1445.3273873366277, ""9"": 1443.6762235021781, ""10"": 1471.0933651423102, ""11"": 1507.3029430004708, ""12"": 1534.6831791152267, ""13"": 1569.8825618571955, ""14"": 1605.6476602064272, ""15"": 1647.6662970406824}",5.422133207321167
prinz1d,short,tica,4000,10,1,13,4,4,0.129,7,0.5952084166589323,0.7153991258280916,0,14,0.41136164777113776,0.625100896728551,0,5,0.7385157492735345,0.7893719228162921,0,3,0.6810256438294525,0.8089233035259658,0,3,0.6810256438294525,0.8089233035259658,0,0.7662920210548283,0.813626200938399,0.404,"{""1"": 22738.66479171403, ""2"": 11325.929020480662, ""3"": 7029.427098116438, ""4"": 6199.517049991505, ""5"": 5574.250575213928, ""6"": 5519.519607431353, ""7"": 5461.388706824821, ""8"": 5501.844439201395, ""9"": 5482.843875710057, ""10"": 5499.557203376537, ""11"": 5529.314704825781, ""12"": 5572.367803916988, ""13"": 5606.1835347259985, ""14"": 5639.859380236775, ""15"": 5692.485170711034}",5.591679334640503
prinz1d,short,tica,4000,10,1,14,4,4,0.18575,9,0.5225712281599687,0.6920380644723662,0,10,0.5080491876521214,0.6813182930209915,0,6,0.6953857663861156,0.7717000575755764,0,3,0.592106908404913,0.7741461952740418,0,3,0.592106908404913,0.7741461952740418,0,0.7674316515317876,0.8344057341347354,0.7155,"{""1"": 22764.044465618805, ""2"": 10683.664063720893, ""3"": 7189.024749147482, ""4"": 4782.231585418606, ""5"": 4279.499453535804, ""6"": 4108.704826115497, ""7"": 4001.153499916665, ""8"": 3874.486661568715, ""9"": 3872.546301502257, ""10"": 3892.096276140184, ""11"": 3932.998561383998, ""12"": 3977.320264089463, ""13"": 4035.4197659020474, ""14"": 4057.273486204048, ""15"": 4119.087903287571}",5.28574538230896
prinz1d,short,tica,4000,10,1,15,4,4,0.11825,7,0.5952740668475515,0.7204539429220411,0,11,0.5416002600236611,0.6729006459040222,0,4,0.7400627978053078,0.8150288514613027,0,3,0.577082636782062,0.7737231176325142,0,3,0.577082636782062,0.7737231176325142,0,0.7400627978053078,0.8150288514613027,0.4455,"{""1"": 22744.671153511503, ""2"": 10134.424011277524, ""3"": 6935.244177778715, ""4"": 5636.9868324438585, ""5"": 5391.909442851253, ""6"": 5214.98929896461, ""7"": 5094.627964430189, ""8"": 5098.869756794513, ""9"": 5111.086489438051, ""10"": 5143.385887077416, ""11"": 5181.131920704803, ""12"": 5243.277689629296, ""13"": 5281.276336477359, ""14"": 5312.6511290102135, ""15"": 5349.502290090519}",5.35450291633606
prinz1d,short,tica,4000,10,1,16,4,4,0.17125,8,0.5994516416972605,0.7327230722770528,0,10,0.550583175308701,0.7002962344025647,0,5,0.784321184138424,0.81947896233081,0,3,0.6582867321985666,0.8059664360870259,0,3,0.6582867321985666,0.8059664360870259,0,0.8289038191988836,0.8644247776013482,0.5725,"{""1"": 22734.526169321267, ""2"": 10812.674803808166, ""3"": 6468.598031776544, ""4"": 4805.474278017874, ""5"": 4293.620494020967, ""6"": 4138.072550893826, ""7"": 4064.5473454628204, ""8"": 3944.9116343790856, ""9"": 3955.283788885632, ""10"": 3983.8394122128143, ""11"": 4032.1537046472804, ""12"": 4064.607409946836, ""13"": 4113.629885075945, ""14"": 4157.155203848608, ""15"": 4204.954961991637}",5.15066385269165
prinz1d,short,tica,4000,10,1,17,4,4,0.2135,8,0.6186108211325444,0.7436610421974161,0,11,0.5325537667254353,0.6949204460678055,0,4,0.8437010471003632,0.8633704690063692,0,4,0.8437010471003632,0.8633704690063692,0,3,0.657371024960469,0.799312470034162,0,0.8437010471003632,0.8633704690063692,0.6645,"{""1"": 22748.48997409434, ""2"": 12269.34655987186, ""3"": 8261.84477150257, ""4"": 6411.779117475627, ""5"": 6066.513388136981, ""6"": 5840.637329539707, ""7"": 5734.55873041241, ""8"": 5675.356454042467, ""9"": 5689.596561448713, ""10"": 5727.589039994576, ""11"": 5758.040866214674, ""12"": 5798.21624948612, ""13"": 5853.559028091233, ""14"": 5895.29551509109, ""15"": 5940.561128894718}",5.133451700210571
prinz1d,short,tica,4000,10,1,18,4,4,0.16125,7,0.6476927467625275,0.7579824897283177,0,15,0.3804097720669716,0.6351766308970624,1,4,0.817820940723159,0.8573796962564891,0,3,0.6261756128455406,0.8018712104607086,0,3,0.6261756128455406,0.8018712104607086,0,0.817820940723159,0.8573796962564891,0.43000000000000005,"{""1"": 22765.45278659369, ""2"": 12133.856248661576, ""3"": 8429.85309963952, ""4"": 6441.23616357417, ""5"": 6161.558324328871, ""6"": 5958.705556162502, ""7"": 5770.9088053551595, ""8"": 5778.882588583969, ""9"": 5773.615386500126, ""10"": 5799.22667171954, ""11"": 5824.295260202313, ""12"": 5865.608882804616, ""13"": 5899.343196586878, ""14"": 5927.28096634018, ""15"": 5957.34252479024}",4.9635515213012695
prinz1d,short,tica,4000,10,1,19,4,4,0.157,8,0.5597295152700992,0.7053464780493283,0,9,0.5422235849196524,0.6926002620144552,0,5,0.7379227130750053,0.7967966471573573,0,3,0.6236736035368566,0.7876221075992089,0,3,0.6236736035368566,0.7876221075992089,0,0.7740208996726916,0.8303399212396252,0.5289999999999999,"{""1"": 22762.815667822215, ""2"": 11487.73224206586, ""3"": 8395.868974290835, ""4"": 6777.750601869186, ""5"": 6480.50819995667, ""6"": 6347.915045440096, ""7"": 6232.930157070724, ""8"": 6202.908570284931, ""9"": 6223.058027968732, ""10"": 6281.483230411372, ""11"": 6303.8794475126915, ""12"": 6346.783707542536, ""13"": 6389.97150553318, ""14"": 6432.294573177567, ""15"": 6487.412284698752}",5.131330966949463
prinz1d,short,tica,8000,10,1,0,4,4,0.130375,10,0.5313116476469071,0.6889530557704,0,12,0.5151335771229927,0.671787252854762,0,6,0.6920786550907584,0.7663357863849438,0,3,0.5542763604697649,0.7667370070453312,0,3,0.5542763604697649,0.7667370070453312,0,0.7399471946343005,0.8244167683936142,0.6255,"{""1"": 45437.045814987294, ""2"": 17239.06687189914, ""3"": 10465.894503436226, ""4"": 5943.334522040584, ""5"": 5165.803131203479, ""6"": 4512.652629510835, ""7"": 4041.1437933134093, ""8"": 3860.196730591234, ""9"": 3806.8681555804105, ""10"": 3744.4455682660982, ""11"": 3773.357963181545, ""12"": 3807.6161918932066, ""13"": 3856.786072315439, ""14"": 3906.5881239056644, ""15"": 3951.8807103226322}",13.232338666915894
prinz1d,short,tica,8000,10,1,1,4,4,0.185625,9,0.5146524130323582,0.6840347701022109,0,11,0.46178397207267746,0.6535267637832096,0,5,0.6896693263130321,0.7778786111578884,0,3,0.657744023334684,0.8158344427041023,0,3,0.657744023334684,0.8158344427041023,0,0.7427698591215705,0.8217279462540132,0.599,"{""1"": 45475.14857070833, ""2"": 19068.539834144278, ""3"": 10542.293833405844, ""4"": 7903.856718885163, ""5"": 6888.720194548677, ""6"": 6505.645293473559, ""7"": 6206.817958038219, ""8"": 6032.838521498316, ""9"": 5952.931952895516, ""10"": 5986.961874999346, ""11"": 6019.929312233486, ""12"": 6074.078971402037, ""13"": 6116.675189987734, ""14"": 6168.7078995483125, ""15"": 6205.898584257904}",13.306482553482056
prinz1d,short,tica,8000,10,1,2,4,4,0.145125,9,0.5556942042610156,0.7034448444643763,0,12,0.4684186928149385,0.6527538547600548,0,5,0.7360110742965036,0.7968563007096058,0,3,0.6187094894032171,0.8032942341423048,0,3,0.6187094894032171,0.8032942341423048,0,0.7561365279460538,0.829231572883836,0.50775,"{""1"": 45473.44069793578, ""2"": 19737.540900977514, ""3"": 11972.75961526295, ""4"": 9107.597789707585, ""5"": 8374.511857311863, ""6"": 8080.900342059519, ""7"": 7700.055940038894, ""8"": 7532.336944572256, ""9"": 7506.565434655682, ""10"": 7529.992679653328, ""11"": 7533.628965629015, ""12"": 7574.23637638937, ""13"": 7627.964149829203, ""14"": 7664.019995779904, ""15"": 7724.9422374927935}",13.717470407485962
prinz1d,short,tica,8000,10,1,3,4,4,0.19925,10,0.5287823180018313,0.7101086575469074,0,15,0.3671361919285229,0.6401121677765591,1,5,0.8175222148248754,0.8404015024111076,0,3,0.6854972994924742,0.8256590492741206,0,3,0.6854972994924742,0.8256590492741206,0,0.8655506514083579,0.8855961355785174,0.8087500000000001,"{""1"": 45458.22725410482, ""2"": 30551.35345731078, ""3"": 14471.022697887705, ""4"": 10497.450553815243, ""5"": 9388.962377098715, ""6"": 8848.249874250589, ""7"": 8358.608578512178, ""8"": 8153.332390252162, ""9"": 8112.042758420862, ""10"": 8078.897922101411, ""11"": 8086.79488175536, ""12"": 8120.832208780258, ""13"": 8154.964884901431, ""14"": 8193.4769572925, ""15"": 8233.414194144527}",13.189875841140747
prinz1d,short,tica,8000,10,1,4,4,4,0.14475,10,0.5942392277650113,0.7023927717290509,0,12,0.5153850205549296,0.6630453834897758,0,5,0.7456656290064144,0.8005877743435906,0,3,0.5599333660069747,0.7726568874024237,0,3,0.5599333660069747,0.7726568874024237,0,0.777428468618796,0.8388724797622481,0.49374999999999997,"{""1"": 45490.989621906534, ""2"": 16937.56053418464, ""3"": 10055.06791457068, ""4"": 5985.670375332024, ""5"": 5158.680769718313, ""6"": 4864.96798835885, ""7"": 4553.459347394663, ""8"": 4319.797283392533, ""9"": 4280.55643563382, ""10"": 4257.880000494441, ""11"": 4287.307638525813, ""12"": 4319.587370736134, ""13"": 4374.442370778503, ""14"": 4411.3491131628825, ""15"": 4445.944847191615}",13.436028957366943
prinz1d,short,tica,8000,10,1,5,4,4,0.193125,9,0.5262365562741533,0.6856833362359523,0,14,0.37032748042744235,0.6178005253629099,0,5,0.6787504670264943,0.7766544360246901,0,3,0.6310294602537437,0.7893251153404363,0,3,0.6310294602537437,0.7893251153404363,0,0.7269073670966479,0.8135070225212095,0.63525,"{""1"": 45472.87992502066, ""2"": 20497.99081929493, ""3"": 12595.100891846852, ""4"": 9272.10644195774, ""5"": 8311.459806474646, ""6"": 7777.1054254265055, ""7"": 7523.767281293186, ""8"": 7398.872242322576, ""9"": 7301.8145361481575, ""10"": 7341.308209144817, ""11"": 7364.26022172357, ""12"": 7410.278966359779, ""13"": 7448.884702614757, ""14"": 7475.849510121231, ""15"": 7543.533495894226}",13.221075773239136
prinz1d,short,tica,8000,10,1,6,4,4,0.220875,10,0.5160253634559172,0.6950923686114658,0,13,0.41531365957930066,0.6540186959075113,0,4,0.8284839864323308,0.8626631778721562,0,3,0.7053264857380378,0.8360234719387994,0,3,0.7053264857380378,0.8360234719387994,0,0.8284839864323308,0.8626631778721562,0.8395000000000001,"{""1"": 45443.81528931953, ""2"": 21864.702454474336, ""3"": 12807.119730370125, ""4"": 10014.74746967543, ""5"": 9157.299644150897, ""6"": 8602.927963540957, ""7"": 8398.819524185072, ""8"": 8260.296754737725, ""9"": 8245.715305302116, ""10"": 8234.161142919693, ""11"": 8266.169998652083, ""12"": 8308.23335963026, ""13"": 8337.950791632655, ""14"": 8392.21218871108, ""15"": 8446.53083428443}",13.319594383239746
prinz1d,short,tica,8000,10,1,7,4,4,0.1565,11,0.5850535397928257,0.7131483685358134,0,12,0.5758573310847636,0.704692212247903,0,5,0.8764054462085362,0.8660374978614686,0,3,0.6050596588595419,0.796472058690792,0,3,0.6050596588595419,0.796472058690792,0,0.9125475270748368,0.9065269326376629,0.652,"{""1"": 45442.93089215966, ""2"": 19901.480806498777, ""3"": 12344.570233835077, ""4"": 8380.155225998045, ""5"": 7373.341150333884, ""6"": 7051.042518663308, ""7"": 6663.886095414172, ""8"": 6332.4853553323455, ""9"": 6323.833324661159, ""10"": 6332.329908906761, ""11"": 6295.825640788291, ""12"": 6333.153924468857, ""13"": 6386.651432728867, ""14"": 6425.936434073564, ""15"": 6461.329084884414}",13.431305170059204
prinz1d,short,tica,8000,10,1,8,4,4,0.16075,10,0.6144190402885182,0.719130367573991,0,12,0.4650595449291873,0.6698646143248451,0,5,0.8109101193885119,0.8300371739311666,0,3,0.6026584222786602,0.789066384046215,0,3,0.6026584222786602,0.789066384046215,0,0.8421451525187664,0.8659008546485101,0.55525,"{""1"": 45460.99117037235, ""2"": 19106.95661316596, ""3"": 11470.62909300936, ""4"": 7508.541513831418, ""5"": 6642.829574258576, ""6"": 6173.040508496014, ""7"": 6057.888878255463, ""8"": 5785.519005522198, ""9"": 5786.955804966625, ""10"": 5775.3054735372325, ""11"": 5823.289376085275, ""12"": 5837.60587729141, ""13"": 5887.480506820732, ""14"": 5925.972816194425, ""15"": 5972.673612139211}",13.541687965393066
prinz1d,short,tica,8000,10,1,9,4,4,0.17075,11,0.455991880770429,0.6892252021154017,0,12,0.44246795335699174,0.6771832925024657,0,5,0.8518297775892408,0.8494367192199714,0,4,0.9014687281419361,0.9011989677505119,0,4,0.9014687281419361,0.9011989677505119,0,0.9014687281419361,0.9011989677505119,0.9975,"{""1"": 45451.504546442295, ""2"": 25754.846886948846, ""3"": 18646.662230679445, ""4"": 12785.337734944775, ""5"": 11908.493818246781, ""6"": 11032.462186619872, ""7"": 10567.690666856408, ""8"": 10474.202252130945, ""9"": 10379.819662548447, ""10"": 10344.238879391674, ""11"": 10335.687609907163, ""12"": 10346.891644018695, ""13"": 10399.921174268336, ""14"": 10436.534087032698, ""15"": 10477.912238870864}",13.066120147705078
prinz1d,short,tica,8000,10,1,10,4,4,0.121875,10,0.5718369710011982,0.6860551205727325,0,13,0.4343628958659782,0.6289603166172402,0,6,0.6540308745238257,0.7472134907745676,0,3,0.5188968613568773,0.7396650347880436,0,3,0.5188968613568773,0.7396650347880436,0,0.6942491760592266,0.8053936777930871,0.42224999999999996,"{""1"": 45436.202634065805, ""2"": 15652.97639127754, ""3"": 9352.239684289792, ""4"": 4670.376028826081, ""5"": 3962.124617550587, ""6"": 3330.7036318970945, ""7"": 2879.144809812222, ""8"": 2728.701248989656, ""9"": 2633.427977470381, ""10"": 2624.947849652177, ""11"": 2638.3256734550714, ""12"": 2626.217852386031, ""13"": 2637.547260497332, ""14"": 2709.3837198377014, ""15"": 2766.6270300656315}",13.3697030544281
prinz1d,short,tica,8000,10,1,11,4,4,0.183125,10,0.5440611257815847,0.6951273224976071,0,11,0.5294952416083504,0.681361207095607,0,5,0.7450642398812672,0.8036091562798438,0,3,0.6480009115455218,0.806511006644765,0,3,0.6480009115455218,0.806511006644765,0,0.7977866347737296,0.8466119265307825,0.5602499999999999,"{""1"": 45443.6083770436, ""2"": 21402.303896651567, ""3"": 13292.180907357653, ""4"": 10140.957524802687, ""5"": 9199.011610149984, ""6"": 8689.94468667263, ""7"": 8405.767107601414, ""8"": 8251.806760494437, ""9"": 8235.140785520398, ""10"": 8222.648757092396, ""11"": 8224.293652825829, ""12"": 8268.21378871124, ""13"": 8330.477100615904, ""14"": 8381.23956848855, ""15"": 8420.323856004328}",13.66911792755127
prinz1d,short,tica,8000,10,1,12,4,4,0.15375,11,0.4400429702060673,0.6369146238510813,0,15,0.34587996289796424,0.58885375649635,1,4,0.6174141690525496,0.7744521568677957,0,3,0.5360949732815445,0.7444198864058927,0,3,0.5360949732815445,0.7444198864058927,0,0.6174141690525496,0.7744521568677957,0.6209999999999999,"{""1"": 45436.16517038538, ""2"": 16263.680918621414, ""3"": 9582.423122307562, ""4"": 5803.695786688039, ""5"": 5178.256010711359, ""6"": 4920.8239226889145, ""7"": 4690.199069170768, ""8"": 4662.061495931267, ""9"": 4550.943533259512, ""10"": 4548.86853724904, ""11"": 4543.623840825758, ""12"": 4567.507153501034, ""13"": 4612.604921608755, ""14"": 4639.150938450703, ""15"": 4676.72068869219}",13.49079442024231
prinz1d,short,tica,8000,10,1,13,4,4,0.172625,10,0.5061599484369508,0.6782912848605829,0,14,0.34173689036046384,0.6125208187474256,0,5,0.7342205809163168,0.7934865880158406,0,3,0.6732693305016817,0.8137005169200792,0,3,0.6732693305016817,0.8137005169200792,0,0.7759705803846774,0.8322285591126207,0.5945000000000001,"{""1"": 45464.95818674397, ""2"": 21699.21676729142, ""3"": 13146.815218662126, ""4"": 10435.36609946372, ""5"": 9463.96845395402, ""6"": 8768.302850358776, ""7"": 8601.516462749723, ""8"": 8454.152192534759, ""9"": 8381.123020290308, ""10"": 8373.000238720806, ""11"": 8429.96530258904, ""12"": 8469.384713879295, ""13"": 8495.176756275232, ""14"": 8522.441015835693, ""15"": 8565.826548689753}",13.290709972381592
prinz1d,short,tica,8000,10,1,14,4,4,0.175375,9,0.5880130950023802,0.7021699898536445,0,13,0.40106943035146764,0.6362227142989533,0,6,0.6672655813382443,0.7572832566316627,0,3,0.5732504362309974,0.7682159142815195,0,3,0.5732504362309974,0.7682159142815195,0,0.7365138878231996,0.8200016349643852,0.5605000000000001,"{""1"": 45467.982163306515, ""2"": 17553.461720880307, ""3"": 10229.102419450119, ""4"": 5567.00441473599, ""5"": 4415.8594649619035, ""6"": 3958.7050594810403, ""7"": 3527.3294041943655, ""8"": 3479.759429240923, ""9"": 3249.462335972551, ""10"": 3251.6830052211085, ""11"": 3290.7693154841472, ""12"": 3309.4309706755066, ""13"": 3332.115190832552, ""14"": 3397.1498458025053, ""15"": 3435.0435101426624}",13.510451078414917
prinz1d,short,tica,8000,10,1,15,4,4,0.147,9,0.571266782129413,0.713256466058608,0,14,0.3903245282808865,0.6322651072752188,0,5,0.7843223026340889,0.8186026943156622,0,3,0.6122811252785166,0.7923549571336218,0,3,0.6122811252785166,0.7923549571336218,0,0.8114716610435798,0.854532321966633,0.5455,"{""1"": 45477.05448421106, ""2"": 19142.976694468805, ""3"": 11324.952378303182, ""4"": 7871.137418622843, ""5"": 7038.999765326131, ""6"": 6465.209664606733, ""7"": 6096.205390181312, ""8"": 5985.431911635699, ""9"": 5909.524671939659, ""10"": 5963.066723181067, ""11"": 5959.056972432855, ""12"": 5995.928690185173, ""13"": 6036.44390093972, ""14"": 6070.9489667699045, ""15"": 6121.012762344396}",13.323436498641968
prinz1d,short,tica,8000,10,1,16,4,4,0.205625,10,0.5124138140727832,0.6836804035436027,0,12,0.4792838245701521,0.6623397123649385,0,5,0.7492772723957823,0.8068125656717118,0,3,0.6785212984827231,0.8188809386711371,0,3,0.6785212984827231,0.8188809386711371,0,0.8097334722526428,0.8520681652114528,0.6735,"{""1"": 45449.929658168345, ""2"": 21275.203108869657, ""3"": 12425.566200618194, ""4"": 9030.344784664643, ""5"": 7962.333952744703, ""6"": 7472.409479918729, ""7"": 7325.771256709856, ""8"": 7166.576152623152, ""9"": 7172.938091718957, ""10"": 7161.239479178778, ""11"": 7196.166134964539, ""12"": 7221.168048546103, ""13"": 7271.905977109991, ""14"": 7310.023309135683, ""15"": 7362.470338180893}",13.316691160202026
prinz1d,short,tica,8000,10,1,17,4,4,0.191,10,0.5475629467706096,0.6942347363792073,0,13,0.42054462172978896,0.6449324385150877,0,5,0.7206132610980849,0.7905278097070826,0,3,0.6190685576050915,0.7862513651439231,0,3,0.6190685576050915,0.7862513651439231,0,0.7694030688883939,0.8325136429542465,0.586,"{""1"": 45465.176601926956, ""2"": 20748.77702705744, ""3"": 12977.666807643194, ""4"": 9344.75671682072, ""5"": 8225.331372926994, ""6"": 7779.483517227545, ""7"": 7494.908261697543, ""8"": 7266.500528756831, ""9"": 7249.87708054699, ""10"": 7241.196679377694, ""11"": 7268.126989423548, ""12"": 7317.209150698075, ""13"": 7337.429201447437, ""14"": 7389.707437647786, ""15"": 7451.202744730818}",13.418157577514648
prinz1d,short,tica,8000,10,1,18,4,4,0.132,9,0.5614650608107049,0.698314615800473,0,13,0.4137678419998968,0.6425361140445611,0,6,0.6739147671999027,0.7556733526925219,0,3,0.5820722299821361,0.7720962207913019,0,3,0.5820722299821361,0.7720962207913019,0,0.7346486384603492,0.8151141236238414,0.48775,"{""1"": 45492.3697663447, ""2"": 21401.65952417122, ""3"": 14489.189872067293, ""4"": 10185.696771010711, ""5"": 9505.024919472013, ""6"": 8984.752364341037, ""7"": 8524.660632422285, ""8"": 8392.623914048505, ""9"": 8337.651312340275, ""10"": 8351.044840087688, ""11"": 8370.17482075416, ""12"": 8363.033216832526, ""13"": 8401.644628296966, ""14"": 8448.288781102372, ""15"": 8509.919191681138}",13.314375162124634
prinz1d,short,tica,8000,10,1,19,4,4,0.1465,10,0.46878521497387865,0.6732875648827062,0,10,0.46878521497387865,0.6732875648827062,0,5,0.7028882747463743,0.7871280208941108,0,3,0.5604960952903624,0.7651724681206569,0,3,0.5604960952903624,0.7651724681206569,0,0.7335052375212546,0.8216717510928702,0.68575,"{""1"": 45463.888168818296, ""2"": 18586.258430135782, ""3"": 12299.258454626766, ""4"": 8235.343946998313, ""5"": 7504.639236352428, ""6"": 7079.777597214265, ""7"": 6817.981713510536, ""8"": 6672.707031355393, ""9"": 6683.872138411992, ""10"": 6655.128105046582, ""11"": 6717.044351555604, ""12"": 6747.425497530686, ""13"": 6792.64712095141, ""14"": 6833.48054295886, ""15"": 6877.672891178788}",13.095311164855957
prinz1d,short,tica,16000,10,1,0,4,4,0.1458125,11,0.528570223693832,0.6853309354836967,0,14,0.44068408157094535,0.6481910554644406,0,6,0.7141311751462934,0.7724371913389096,0,3,0.5562077208579526,0.7679740293711895,0,3,0.5562077208579526,0.7679740293711895,0,0.763394995587429,0.8344158739715715,0.6555,"{""1"": 90870.28809485867, ""2"": 32977.336920829264, ""3"": 18613.621241947672, ""4"": 9128.303096539974, ""5"": 7228.127786067669, ""6"": 6314.169325841451, ""7"": 5239.998458209072, ""8"": 4535.0706031634845, ""9"": 4429.785367852155, ""10"": 4340.941662916333, ""11"": 4253.062637701224, ""12"": 4271.681077145777, ""13"": 4295.828267737233, ""14"": 4325.631748003304, ""15"": 4377.191080993815}",52.796305894851685
prinz1d,short,tica,16000,10,1,1,4,4,0.196625,10,0.48218633088174295,0.6743188470867325,0,13,0.44661255089105467,0.6454724202799415,0,5,0.7481618394853906,0.7985508671367151,0,3,0.6923966966546996,0.8288756507947634,0,3,0.6923966966546996,0.8288756507947634,0,0.8067859635372571,0.8484080991639413,0.849875,"{""1"": 90876.57308023472, ""2"": 41228.95496388068, ""3"": 22482.987637109687, ""4"": 17298.373841607652, ""5"": 14831.94920877229, ""6"": 13908.26535783252, ""7"": 13092.50747056844, ""8"": 12659.868641768491, ""9"": 12344.095828398751, ""10"": 12301.39024716963, ""11"": 12338.752016500046, ""12"": 12354.11479917361, ""13"": 12400.03108147908, ""14"": 12462.611671664074, ""15"": 12502.250883435987}",52.0963830947876
prinz1d,short,tica,16000,10,1,2,4,4,0.176,12,0.5108771385315446,0.6787922958025233,0,12,0.5108771385315446,0.6787922958025233,0,5,0.7966532518463533,0.8214341619545221,0,3,0.6567683565555338,0.8172518847631013,0,3,0.6567683565555338,0.8172518847631013,0,0.8415389697162527,0.8685151212408685,0.7145,"{""1"": 90857.5462771125, ""2"": 39510.84862741566, ""3"": 21922.38685756227, ""4"": 15320.321018291213, ""5"": 12830.191112571121, ""6"": 11621.87653756688, ""7"": 11140.565744442747, ""8"": 10615.103867379716, ""9"": 10425.289353447271, ""10"": 10360.118355238923, ""11"": 10303.699483328337, ""12"": 10261.616419080685, ""13"": 10319.553994076, ""14"": 10364.095828143118, ""15"": 10441.413543646424}",53.501936197280884
prinz1d,short,tica,16000,10,1,3,4,4,0.201625,13,0.4342315342995963,0.679059461098036,0,15,0.38757447976635295,0.656906693799498,1,5,0.8328255396607855,0.8470172853414162,0,4,0.8942382114026152,0.9017196748026391,0,3,0.6760057501882598,0.8216225644060532,0,0.8942382114026152,0.9017196748026391,1.0848749999999998,"{""1"": 90869.3244491252, ""2"": 46671.08502632579, ""3"": 29370.667288336186, ""4"": 18306.04882200519, ""5"": 15778.180758803617, ""6"": 13815.114492397515, ""7"": 12297.14055267657, ""8"": 11756.838795666281, ""9"": 11337.967193873093, ""10"": 11160.11416389838, ""11"": 11109.368105486163, ""12"": 11029.852891237544, ""13"": 11021.54920893695, ""14"": 11063.753310470755, ""15"": 11082.951990309533}",51.94996118545532
prinz1d,short,tica,16000,10,1,4,4,4,0.157625,11,0.5433654677672306,0.6953368330986477,0,14,0.4439611901145291,0.6575016689852559,0,5,0.7959942815618121,0.8247660455560435,0,3,0.5834436025749066,0.7822134994255096,0,3,0.5834436025749066,0.7822134994255096,0,0.8199903485488685,0.8611572943142234,0.725125,"{""1"": 90877.25710040682, ""2"": 38003.06637161151, ""3"": 23103.456674018613, ""4"": 13529.239278051627, ""5"": 11538.605307706073, ""6"": 10469.411352865745, ""7"": 9583.448868671527, ""8"": 8972.502942539697, ""9"": 8849.204599680275, ""10"": 8704.864382816555, ""11"": 8610.467369248923, ""12"": 8637.16305179313, ""13"": 8669.350264019717, ""14"": 8686.320874795372, ""15"": 8732.626368534626}",52.50017237663269
prinz1d,short,tica,16000,10,1,5,4,4,0.2009375,12,0.5052779924404095,0.6772126624489581,0,14,0.486944217239892,0.6633005429256856,0,6,0.7378267031568733,0.78837266661637,0,3,0.6425268951613644,0.8005856859611081,0,3,0.6425268951613644,0.8005856859611081,0,0.8215569635957766,0.8601672934408746,0.82375,"{""1"": 90861.67154343674, ""2"": 41031.74685701247, ""3"": 23985.65391356106, ""4"": 15471.36757105474, ""5"": 12907.46613054064, ""6"": 11658.315556511587, ""7"": 10734.687235004563, ""8"": 10149.993384782094, ""9"": 9936.02181512679, ""10"": 9816.99988456263, ""11"": 9727.64847397516, ""12"": 9679.045894611163, ""13"": 9719.592599908672, ""14"": 9752.714807675753, ""15"": 9808.24066427544}",53.26221752166748
prinz1d,short,tica,16000,10,1,6,4,4,0.196375,11,0.5502326685371213,0.7075782588499283,0,15,0.4021399602661475,0.6492855068997864,1,5,0.8151762517208654,0.8379099326986444,0,3,0.6696847883202478,0.8219390143511572,0,3,0.6696847883202478,0.8219390143511572,0,0.8728117683403016,0.8879793865738843,0.8237499999999999,"{""1"": 90851.51425025272, ""2"": 40553.690194739436, ""3"": 22466.181754255158, ""4"": 14769.789607701521, ""5"": 12651.519905106907, ""6"": 11293.679833754779, ""7"": 10509.875690110934, ""8"": 10041.276912097679, ""9"": 9929.715861258152, ""10"": 9808.90150720674, ""11"": 9798.234846798347, ""12"": 9808.458440308335, ""13"": 9857.02255954506, ""14"": 9907.487201763275, ""15"": 9941.656241494784}",52.49203300476074
prinz1d,short,tica,16000,10,1,7,4,4,0.1876875,11,0.5448991748188818,0.7077785400356107,0,15,0.3840147786863201,0.6499060642405159,1,6,0.8157686625423541,0.8212715762845307,0,3,0.64789870961694,0.8109778046800801,0,3,0.64789870961694,0.8109778046800801,0,0.9093002622244013,0.9064049791218985,0.7568750000000002,"{""1"": 90862.98003549056, ""2"": 41762.55891453601, ""3"": 24598.202337199866, ""4"": 15757.411504360483, ""5"": 12969.15881188776, ""6"": 11621.308945402927, ""7"": 10684.30487428796, ""8"": 9919.868367377869, ""9"": 9722.22313398279, ""10"": 9690.79737317536, ""11"": 9534.878536943019, ""12"": 9552.187181940659, ""13"": 9563.526028205562, ""14"": 9626.731115978231, ""15"": 9645.87881322867}",52.87446713447571
prinz1d,short,tica,16000,10,1,8,4,4,0.15125,11,0.5632735170090871,0.6893080382271943,0,15,0.4114031893950972,0.6350264381679136,1,6,0.7531224382152922,0.7895843963671626,0,3,0.5831066143043059,0.778454224340336,0,3,0.5831066143043059,0.778454224340336,0,0.8222132064014455,0.8574953144704619,0.6848749999999999,"{""1"": 90863.52415711092, ""2"": 34982.8026057469, ""3"": 19846.284234884355, ""4"": 9952.64606870635, ""5"": 7869.174714566365, ""6"": 6531.8824709180135, ""7"": 5802.936437576384, ""8"": 5482.138546198732, ""9"": 5307.49161450672, ""10"": 5252.753284903625, ""11"": 5187.418303368225, ""12"": 5233.061294009334, ""13"": 5278.145185550239, ""14"": 5314.156411544469, ""15"": 5357.456296375914}",52.89269733428955
prinz1d,short,tica,16000,10,1,9,4,4,0.1659375,13,0.4341305017446296,0.675675278939785,0,15,0.37129293736324165,0.6470353547707178,1,5,0.8308372056215451,0.8429738496983951,0,4,0.8767442738733784,0.8928323508127674,0,3,0.600841486077155,0.7880872373757765,0,0.8767442738733784,0.8928323508127674,1.017875,"{""1"": 90860.66040062076, ""2"": 46271.679618509486, ""3"": 30708.045805290523, ""4"": 18023.62924250472, ""5"": 16014.04550086866, ""6"": 14146.118565506675, ""7"": 12959.96387543034, ""8"": 12504.073514524229, ""9"": 12205.938330526436, ""10"": 12074.740073907376, ""11"": 11991.210263751538, ""12"": 11954.998981577843, ""13"": 11911.134451428767, ""14"": 11972.94078697638, ""15"": 11986.399398856029}",51.86496043205261
prinz1d,short,tica,16000,10,1,10,4,4,0.184125,10,0.5259982773976931,0.6972433991834589,0,15,0.4284210614382917,0.6490291158187302,1,6,0.7359654277025759,0.7872082535063665,0,3,0.6389516107988988,0.8000898816733811,0,3,0.6389516107988988,0.8000898816733811,0,0.8354521555288853,0.8669027627611858,0.8178750000000001,"{""1"": 90848.98269507953, ""2"": 42198.4688544534, ""3"": 25597.24182773062, ""4"": 16893.251627372247, ""5"": 14799.774851948969, ""6"": 13298.53761793077, ""7"": 12356.377216191662, ""8"": 11866.474863786963, ""9"": 11629.155572585261, ""10"": 11553.803628603151, ""11"": 11571.224228876854, ""12"": 11571.677598994007, ""13"": 11585.378041897979, ""14"": 11628.48461920857, ""15"": 11652.077490075637}",52.19595265388489
prinz1d,short,tica,16000,10,1,11,4,4,0.179,12,0.5297292421855277,0.6852814135129506,0,14,0.4302159431823302,0.6553954378544723,0,6,0.7668846245862604,0.7978517612345668,0,3,0.6241578854957113,0.797201044851497,0,3,0.6241578854957113,0.797201044851497,0,0.844834002141373,0.8723518721695359,0.7578749999999999,"{""1"": 90850.61322214792, ""2"": 40277.92822163964, ""3"": 24044.589536257256, ""4"": 14394.752485301338, ""5"": 11955.089362723076, ""6"": 10701.498865112959, ""7"": 9572.779041535709, ""8"": 8926.874709593912, ""9"": 8815.437992619876, ""10"": 8709.207672319515, ""11"": 8675.152941916249, ""12"": 8670.999189861372, ""13"": 8690.929152606364, ""14"": 8707.878540378271, ""15"": 8762.986652037882}",53.36081004142761
prinz1d,short,tica,16000,10,1,12,4,4,0.1476875,12,0.4155504102331751,0.6451590383029978,0,15,0.37763894651402086,0.6175378580230944,1,5,0.6961029872781168,0.7854718451918626,0,3,0.5475151389053828,0.7549325534473741,0,3,0.5475151389053828,0.7549325534473741,0,0.7280334389696957,0.8198477915255759,0.7749999999999999,"{""1"": 90863.20183073594, ""2"": 33020.60905199354, ""3"": 19207.818784841336, ""4"": 10016.835029079102, ""5"": 8233.980381869678, ""6"": 7301.813706147343, ""7"": 6616.669185547554, ""8"": 6090.326548074712, ""9"": 5951.471951448229, ""10"": 5901.121682620556, ""11"": 5888.254142147291, ""12"": 5853.24591154858, ""13"": 5881.867165976411, ""14"": 5906.07121910326, ""15"": 5917.626342471514}",52.33683490753174
prinz1d,short,tica,16000,10,1,13,4,4,0.179875,13,0.39719007717654226,0.6420646120193734,0,14,0.3892456583766993,0.6342254066838469,0,6,0.7312633330460986,0.7831716783691162,0,3,0.6488667889873608,0.8034347283268221,0,3,0.6488667889873608,0.8034347283268221,0,0.8149008549307489,0.8538771478216183,0.970625,"{""1"": 90870.28528435339, ""2"": 40656.45359743836, ""3"": 23608.644162553996, ""4"": 15979.87268635292, ""5"": 13803.811885628744, ""6"": 12195.848801825136, ""7"": 11614.419291013133, ""8"": 11122.295931525876, ""9"": 10928.188686233621, ""10"": 10928.449856237634, ""11"": 10947.320214504452, ""12"": 10935.018906105903, ""13"": 10923.84528475059, ""14"": 10954.345789789266, ""15"": 11011.710664398552}",52.47405648231506
prinz1d,short,tica,16000,10,1,14,4,4,0.20675,11,0.5339155212672094,0.6891835844251825,0,15,0.40944293147859967,0.642260057201262,1,6,0.7284458536613523,0.7857372472935001,0,3,0.6240475671413781,0.7967057945971189,0,3,0.6240475671413781,0.7967057945971189,0,0.8067769591571249,0.8554475866104101,0.7781250000000001,"{""1"": 90879.82668369458, ""2"": 38163.61996036061, ""3"": 20990.9845309509, ""4"": 12090.903871856031, ""5"": 9556.213909859238, ""6"": 8550.826488243461, ""7"": 7653.324506401774, ""8"": 7327.908347172556, ""9"": 6914.670727050244, ""10"": 6817.197275022544, ""11"": 6762.351824321958, ""12"": 6767.323819746556, ""13"": 6801.884844055306, ""14"": 6868.003639924017, ""15"": 6881.27630319844}",52.471031188964844
prinz1d,short,tica,16000,10,1,15,4,4,0.1635,10,0.5533107794299504,0.7013632406323632,0,14,0.4746746984256101,0.6541842293968133,0,5,0.7814839500623324,0.8200256387675663,0,3,0.6308768983699709,0.803230952086188,0,3,0.6308768983699709,0.803230952086188,0,0.8183245697113914,0.8580139625695415,0.538625,"{""1"": 90857.12567081468, ""2"": 37957.819060004935, ""3"": 21079.349555632645, ""4"": 13407.269186314341, ""5"": 11318.554681657693, ""6"": 10083.796111302041, ""7"": 9329.867423862428, ""8"": 8893.12143898736, ""9"": 8749.597563333393, ""10"": 8654.2052291056, ""11"": 8686.096281819051, ""12"": 8707.572996487997, ""13"": 8701.838736406713, ""14"": 8726.93844536437, ""15"": 8787.226604551473}",52.27360463142395
prinz1d,short,tica,16000,10,1,16,4,4,0.1821875,12,0.4749432617445596,0.6696042149367838,0,15,0.4006512520334234,0.638282317621459,1,6,0.7401456113674835,0.7867364932408598,0,3,0.6489676263976346,0.8103613310557899,0,3,0.6489676263976346,0.8103613310557899,0,0.8231048328739098,0.860644226661259,0.87775,"{""1"": 90847.32826507074, ""2"": 39452.56880961853, ""3"": 21651.009240157222, ""4"": 14030.146978201641, ""5"": 11664.191586734802, ""6"": 10669.51546423893, ""7"": 9942.174488609486, ""8"": 9389.612865975476, ""9"": 9315.097992996389, ""10"": 9213.796341204505, ""11"": 9200.448534622272, ""12"": 9145.217587343332, ""13"": 9200.106572137247, ""14"": 9238.410007523264, ""15"": 9266.855446004556}",52.79687452316284
prinz1d,short,tica,16000,10,1,17,4,4,0.1940625,12,0.5191826033427168,0.6837675856028745,0,13,0.47465097482836704,0.6667096125436386,0,5,0.7682431095682573,0.8129199759539496,0,3,0.6179672527890583,0.7897728033451319,0,3,0.6179672527890583,0.7897728033451319,0,0.8162625428210076,0.859228549449352,0.7831250000000001,"{""1"": 90875.65201898564, ""2"": 40392.909145190824, ""3"": 23896.480747572627, ""4"": 14723.604603404383, ""5"": 12105.429646253357, ""6"": 10752.393075952075, ""7"": 10025.687691977864, ""8"": 9372.754236866429, ""9"": 9149.147319478236, ""10"": 9029.618961422728, ""11"": 8971.428949983783, ""12"": 8930.91434787831, ""13"": 8939.349964762632, ""14"": 8993.428569110281, ""15"": 9047.66750766193}",52.43066620826721
prinz1d,short,tica,16000,10,1,18,4,4,0.17825,9,0.5291411212888851,0.6913908893888375,0,15,0.35244009729213244,0.612826114022015,1,6,0.6617538948640792,0.7562543263247679,0,3,0.6405992180624216,0.8081905144157441,0,3,0.6405992180624216,0.8081905144157441,0,0.7353423637850226,0.8242033420584824,0.593875,"{""1"": 90898.5310267196, ""2"": 39275.87682737012, ""3"": 22502.91069510255, ""4"": 15821.355013800983, ""5"": 13881.356937050463, ""6"": 13046.705235096395, ""7"": 12229.41036963674, ""8"": 11654.14475721398, ""9"": 11458.229139087782, ""10"": 11459.208979321997, ""11"": 11462.596529565635, ""12"": 11481.791722859598, ""13"": 11515.939295830603, ""14"": 11565.542528334183, ""15"": 11605.221288562248}",51.95397400856018
prinz1d,short,tica,16000,10,1,19,4,4,0.1474375,12,0.5078910952172468,0.6674583650234241,0,15,0.4055042134968658,0.631347721931118,1,5,0.7362935053581261,0.8003059390650861,0,3,0.5844995243290807,0.7798350874266946,0,3,0.5844995243290807,0.7798350874266946,0,0.7682940718078809,0.8374881078795019,0.6958750000000001,"{""1"": 90884.89988630317, ""2"": 36423.618690301926, ""3"": 21618.09045848805, ""4"": 12137.984036400963, ""5"": 10327.427640446653, ""6"": 9199.494473293125, ""7"": 8417.715507418456, ""8"": 7879.603414470033, ""9"": 7768.418768804955, ""10"": 7744.392612604526, ""11"": 7726.417569138736, ""12"": 7706.2224040007495, ""13"": 7730.557208200164, ""14"": 7767.442113406234, ""15"": 7811.182789576651}",52.46243500709534
prinz1d,short,tica,32000,10,1,0,4,4,0.15209375,13,0.46178905598247183,0.6563105070101635,0,15,0.4391945709923342,0.6406032843704074,1,6,0.730318866137842,0.7778734642208952,0,3,0.5653093745521754,0.77056982528037,0,3,0.5653093745521754,0.77056982528037,0,0.7769514789521932,0.8399319774701326,0.7894374999999999,"{""1"": 181662.17086249765, ""2"": 65814.17969695282, ""3"": 36133.610985744985, ""4"": 15994.133673673185, ""5"": 11501.476569395316, ""6"": 9383.584303792037, ""7"": 7026.1459595066535, ""8"": 5367.199604426124, ""9"": 5073.861811490101, ""10"": 4736.787725468642, ""11"": 4429.524069015369, ""12"": 4388.517170929835, ""13"": 4321.454599289804, ""14"": 4348.312645584464, ""15"": 4368.173249571816}",145.18816447257996
prinz1d,short,tica,32000,10,1,1,4,4,0.178125,12,0.5183245168599845,0.6806922605388216,0,15,0.37516967851440114,0.6346993060043721,1,5,0.7668424407610288,0.8150063687291688,0,3,0.635390614786246,0.8092466228809522,0,3,0.635390614786246,0.8092466228809522,0,0.8101338594265156,0.8582721818992397,0.7394375,"{""1"": 181715.12380084756, ""2"": 75749.55918149336, ""3"": 41265.55923069756, ""4"": 24545.34692808472, ""5"": 19324.59155452465, ""6"": 17319.4483522336, ""7"": 15556.593576413969, ""8"": 13993.953942294056, ""9"": 13532.65946773967, ""10"": 13221.482335649689, ""11"": 13064.196713571133, ""12"": 13040.097004902867, ""13"": 13105.870753272044, ""14"": 13117.640572410273, ""15"": 13121.346236760377}",144.43679523468018
prinz1d,short,tica,32000,10,1,2,4,4,0.16378125,12,0.5342288271610975,0.6911221468572485,0,13,0.5151165504464489,0.6779904424689916,0,6,0.7926188987830743,0.8092428344040983,0,3,0.6280181294511002,0.802660277563086,0,3,0.6280181294511002,0.802660277563086,0,0.8586554980407927,0.8802499040892956,0.7033125,"{""1"": 181672.81393555, ""2"": 76654.22673195471, ""3"": 42915.35476200497, ""4"": 24685.028789423828, ""5"": 19403.812280658898, ""6"": 17032.906568373033, ""7"": 15289.476461523034, ""8"": 13684.277605447132, ""9"": 13295.19327617807, ""10"": 13053.555102285187, ""11"": 12859.805019506022, ""12"": 12745.948513468418, ""13"": 12781.44823452429, ""14"": 12895.80993946413, ""15"": 12913.65177244231}",148.27925062179565
prinz1d,short,tica,32000,10,1,3,4,4,0.15075,13,0.47602732190702857,0.6739548724588843,0,15,0.3813913239872172,0.6445818508391582,1,5,0.8260024712500915,0.8415996976277339,0,3,0.5893691347402094,0.7828143652288714,0,3,0.5893691347402094,0.7828143652288714,0,0.8613389323333371,0.8853253595364109,0.8637499999999999,"{""1"": 181691.07418785733, ""2"": 80954.47376590998, ""3"": 50050.811091504154, ""4"": 24006.964188202583, ""5"": 19176.962149110113, ""6"": 15566.265022295098, ""7"": 12611.892394790402, ""8"": 11585.506877436492, ""9"": 10816.401821741607, ""10"": 10337.823794138196, ""11"": 10108.573445351713, ""12"": 9971.614249754404, ""13"": 9906.978108068855, ""14"": 9914.46736762621, ""15"": 9922.357128264834}",142.22302055358887
prinz1d,short,tica,32000,10,1,4,4,4,0.15615625,12,0.5324914718334072,0.6828427561366001,0,15,0.4246233517413778,0.6434537833956873,1,6,0.7351145076038793,0.7829633471227918,0,3,0.5867051263632592,0.782759381946067,0,3,0.5867051263632592,0.782759381946067,0,0.7949919483283625,0.8488315478731309,0.6825625,"{""1"": 181693.9724943458, ""2"": 71611.59978098696, ""3"": 40947.69197691377, ""4"": 21764.56973607296, ""5"": 17292.16530934535, ""6"": 15255.891406500054, ""7"": 13368.167324992542, ""8"": 11801.345640790698, ""9"": 11395.580013716519, ""10"": 11172.885955496315, ""11"": 11028.93372438244, ""12"": 10889.882097178273, ""13"": 10913.76417897982, ""14"": 10933.426159477232, ""15"": 10961.562438303952}",148.16327714920044
prinz1d,short,tica,32000,10,1,5,4,4,0.18846875,12,0.5296158262170018,0.6868649801514188,0,13,0.5213651835140476,0.6804101001592797,0,6,0.7611345832784383,0.797937798333604,0,3,0.6278964447627629,0.7975475631081794,0,3,0.6278964447627629,0.7975475631081794,0,0.83381261842536,0.8678754800079033,0.7575000000000002,"{""1"": 181674.04188723012, ""2"": 78388.85732436553, ""3"": 44698.76859274381, ""4"": 26680.342301948076, ""5"": 21775.87976740924, ""6"": 19587.58671001103, ""7"": 17573.363444477494, ""8"": 16116.142342934007, ""9"": 15792.245661787369, ""10"": 15456.15749259643, ""11"": 15180.59024411637, ""12"": 15082.667104487322, ""13"": 15103.736091705423, ""14"": 15204.500022733399, ""15"": 15219.87653090832}",144.93349504470825
prinz1d,short,tica,32000,10,1,6,4,4,0.1858125,13,0.46919134876502355,0.6725199295321154,0,15,0.44705367998910156,0.656290113775844,1,5,0.81782697435698,0.8379313482671219,0,3,0.6585488893012807,0.8170671733867637,0,3,0.6585488893012807,0.8170671733867637,0,0.8667230626068516,0.8861659359036589,0.9364375,"{""1"": 181669.54990926705, ""2"": 80060.75126976009, ""3"": 44090.854490788646, ""4"": 26644.164553588154, ""5"": 21784.439687043563, ""6"": 18548.133584243824, ""7"": 16534.391622315296, ""8"": 15480.832014590751, ""9"": 15089.016473703901, ""10"": 14722.379180757493, ""11"": 14557.320134154741, ""12"": 14506.205895775645, ""13"": 14484.994898525603, ""14"": 14515.922061181307, ""15"": 14554.186972371548}",144.5243217945099
prinz1d,short,tica,32000,10,1,7,4,4,0.21115625,14,0.4343787020749883,0.6661641818625919,0,15,0.3846395446685198,0.6500339838461026,1,6,0.7865838347231292,0.810573440783994,0,3,0.6644013066523023,0.8169105102539079,0,3,0.6644013066523023,0.8169105102539079,0,0.8926377696854046,0.8993353423856408,1.0365625,"{""1"": 181684.18831310302, ""2"": 83057.93233551188, ""3"": 46759.906528928455, ""4"": 28828.437279955186, ""5"": 22905.361736152005, ""6"": 20190.48498321292, ""7"": 17830.543648615807, ""8"": 16515.061642170287, ""9"": 16036.845566547345, ""10"": 15765.085498762215, ""11"": 15706.246679691254, ""12"": 15520.358361782217, ""13"": 15512.777112103859, ""14"": 15500.059111745803, ""15"": 15541.213805945215}",144.89133644104004
prinz1d,short,tica,32000,10,1,8,4,4,0.143125,13,0.42143130613771046,0.6432395958653881,0,14,0.4333240268400258,0.6420367545077682,0,6,0.7373535180640137,0.7809969999043125,0,3,0.5808431606036019,0.777582572858757,0,3,0.5808431606036019,0.777582572858757,0,0.7884992022362165,0.8445577481876761,0.8355625000000002,"{""1"": 181679.49130334484, ""2"": 68188.99130746021, ""3"": 37669.34443925759, ""4"": 18896.269765658282, ""5"": 14428.437753553495, ""6"": 11894.437334124012, ""7"": 10137.153226452785, ""8"": 9244.558361731222, ""9"": 8802.435312474105, ""10"": 8554.927424249687, ""11"": 8457.750017919849, ""12"": 8415.595955827066, ""13"": 8386.596102427056, ""14"": 8402.870865888273, ""15"": 8464.203978079267}",145.30620908737183
prinz1d,short,tica,32000,10,1,9,4,4,0.17878125,13,0.4444628478035883,0.6742026310156612,0,15,0.3998682005987924,0.6532880783838292,1,5,0.8288859628217145,0.8410026871220632,0,3,0.6421666068314804,0.8103036750479126,0,3,0.6421666068314804,0.8103036750479126,0,0.8756783799116732,0.8928075319414748,1.03375,"{""1"": 181666.59026042197, ""2"": 83415.76111412697, ""3"": 48515.998624392116, ""4"": 27981.20098305459, ""5"": 22669.987077090642, ""6"": 19784.737248486235, ""7"": 17117.164838847508, ""8"": 15835.431493744469, ""9"": 15310.442932315458, ""10"": 14860.95442924423, ""11"": 14710.39505633867, ""12"": 14597.537504860005, ""13"": 14543.22434786317, ""14"": 14578.789599690543, ""15"": 14584.990421660916}",143.37604689598083
prinz1d,short,tica,32000,10,1,10,4,4,0.18353125,12,0.5143719696177286,0.6836304325681342,0,15,0.39432789206679786,0.6444503629864599,1,6,0.7419585814101588,0.791737514278319,0,3,0.640244117834054,0.8004941789914244,0,3,0.640244117834054,0.8004941789914244,0,0.8447068025226803,0.8725445753819592,0.789,"{""1"": 181666.65592346084, ""2"": 81970.78431814066, ""3"": 47280.36280286832, ""4"": 28723.317654253864, ""5"": 23787.692670133034, ""6"": 20644.20999415379, ""7"": 18686.56196646406, ""8"": 17538.652660960328, ""9"": 17010.829149182253, ""10"": 16838.042297801454, ""11"": 16613.336659447297, ""12"": 16503.171301837017, ""13"": 16531.808662145042, ""14"": 16528.201314258178, ""15"": 16564.943679053627}",143.68501687049866
prinz1d,short,tica,32000,10,1,11,4,4,0.1756875,13,0.45634678801291795,0.666693008344258,0,15,0.4201049665191283,0.6471819034919435,1,6,0.7524009636899895,0.794408204864211,0,3,0.6363738728533553,0.8034723471263742,0,3,0.6363738728533553,0.8034723471263742,0,0.831246042206349,0.869130270635451,0.90675,"{""1"": 181668.3143058162, ""2"": 80253.15551892912, ""3"": 46009.92541175211, ""4"": 26434.567317745874, ""5"": 21334.64880970836, ""6"": 18646.696473464035, ""7"": 16175.406583497122, ""8"": 14528.297213593198, ""9"": 14162.301026902067, ""10"": 13926.57750818078, ""11"": 13689.119113248797, ""12"": 13592.569890728839, ""13"": 13566.22967915586, ""14"": 13605.310405515098, ""15"": 13630.042457985423}",144.35768580436707
prinz1d,short,tica,32000,10,1,12,4,4,0.12959375,14,0.4241632764017005,0.6287343860916476,0,15,0.3685200019847277,0.6108856448336365,1,5,0.6620665030768282,0.7690165447349026,0,3,0.527251972848611,0.7435233613145917,0,3,0.527251972848611,0.7435233613145917,0,0.6863364712957466,0.8023412561737359,0.6991874999999999,"{""1"": 181661.36030996847, ""2"": 59629.52352430459, ""3"": 32950.50443173026, ""4"": 12441.762200665775, ""5"": 8568.561842781019, ""6"": 6475.1224741530095, ""7"": 4827.674981025293, ""8"": 3480.475671171207, ""9"": 3006.1075259029253, ""10"": 2774.530190968783, ""11"": 2576.8106137334435, ""12"": 2528.498215633638, ""13"": 2547.7394520792895, ""14"": 2522.2103641723907, ""15"": 2531.0407553839386}",146.04591035842896
prinz1d,short,tica,32000,10,1,13,4,4,0.16309375,14,0.4172762820111209,0.6490446573170537,0,14,0.4172762820111209,0.6490446573170537,0,6,0.7610569368486798,0.7950923077371265,0,3,0.6242044856770116,0.7956584710646347,0,3,0.6242044856770116,0.7956584710646347,0,0.8334098785463149,0.8669064711297622,0.9350624999999999,"{""1"": 181680.9899531615, ""2"": 77079.46906153436, ""3"": 44069.63491545877, ""4"": 26165.641122566703, ""5"": 21314.050844609497, ""6"": 18630.548576031848, ""7"": 16974.01527763607, ""8"": 15527.509428436659, ""9"": 15172.733424243213, ""10"": 14922.883553746311, ""11"": 14829.665368524793, ""12"": 14695.302438405033, ""13"": 14712.15274413723, ""14"": 14660.873811109981, ""15"": 14714.795377366934}",145.69296598434448
prinz1d,short,tica,32000,10,1,14,4,4,0.18496875,12,0.5075986591282672,0.6717013085161062,0,14,0.3864385068734485,0.6365467643307573,0,6,0.7165159297475503,0.778602358751835,0,3,0.623977090906258,0.8015192741676345,0,3,0.623977090906258,0.8015192741676345,0,0.7945454277877584,0.8526114889024723,0.7605624999999998,"{""1"": 181675.06046942354, ""2"": 73890.47652281816, ""3"": 39681.51595866729, ""4"": 22338.995254092883, ""5"": 17211.303431549106, ""6"": 14867.67375733452, ""7"": 13157.585272193424, ""8"": 11781.11858689477, ""9"": 11395.71997316155, ""10"": 11112.540233142805, ""11"": 10979.32218308262, ""12"": 10902.34411374485, ""13"": 10905.332402665343, ""14"": 10920.315207264523, ""15"": 11002.18202122369}",144.28636074066162
prinz1d,short,tica,32000,10,1,15,4,4,0.15084375,12,0.49723203857896214,0.6646926056917482,0,15,0.3865512756468458,0.6252967315726684,1,6,0.7252045999529094,0.7795087470723009,0,3,0.5967485939802076,0.7860726641206351,0,3,0.5967485939802076,0.7860726641206351,0,0.7720194604973442,0.839486346697078,0.6965625,"{""1"": 181674.8858663456, ""2"": 69247.28899695746, ""3"": 37553.2158812185, ""4"": 20277.635745955773, ""5"": 16106.747388107104, ""6"": 13745.843055911499, ""7"": 11947.880837852163, ""8"": 10533.140504543839, ""9"": 10143.360237954847, ""10"": 9931.902457355607, ""11"": 9820.62342715974, ""12"": 9697.783230267865, ""13"": 9721.792798160395, ""14"": 9762.333358396176, ""15"": 9804.996660621706}",144.381680727005
prinz1d,short,tica,32000,10,1,16,4,4,0.1635,13,0.4603470413804394,0.6547366102643359,0,15,0.37992311280506746,0.6272093909174987,1,6,0.7368977122792036,0.7807842011932972,0,3,0.5904363821387912,0.7842717201888065,0,3,0.5904363821387912,0.7842717201888065,0,0.7921997398762605,0.8456864722868725,0.8129375,"{""1"": 181664.5314880801, ""2"": 67896.853726824, ""3"": 36040.5966814564, ""4"": 17299.33128919415, ""5"": 12648.762999698509, ""6"": 10702.703229483128, ""7"": 8978.33158783419, ""8"": 7388.786713810275, ""9"": 7122.5239897246765, ""10"": 6982.827152377299, ""11"": 6726.056957453011, ""12"": 6698.121180673015, ""13"": 6656.734958637088, ""14"": 6663.137033542576, ""15"": 6672.272213988614}",146.90969014167786
prinz1d,short,tica,32000,10,1,17,4,4,0.1640625,12,0.5342434388539568,0.6821290140657316,0,15,0.4744195469074309,0.6544195712458675,1,5,0.7751782686991122,0.8145390204862821,0,3,0.5918774758915459,0.7800889355322654,0,3,0.5918774758915459,0.7800889355322654,0,0.8120170672030717,0.8575266919003537,0.6955000000000002,"{""1"": 181683.06905097404, ""2"": 71930.51840745597, ""3"": 40275.26422215401, ""4"": 20625.76673807646, ""5"": 15927.965399767047, ""6"": 13577.031587348121, ""7"": 11308.244076516092, ""8"": 10302.120625602574, ""9"": 9647.075711667238, ""10"": 9371.303206343535, ""11"": 9258.635667372535, ""12"": 9103.71407270295, ""13"": 9120.927723086934, ""14"": 9115.380627007109, ""15"": 9143.44587986513}",145.8385350704193
prinz1d,short,tica,32000,10,1,18,4,4,0.16628125,11,0.48671315801955606,0.6683649897191805,0,15,0.4411225900075604,0.6347609217278474,1,6,0.6846627259572843,0.7629304439710749,0,3,0.6259247002105182,0.8003230704528835,0,3,0.6259247002105182,0.8003230704528835,0,0.7447351869777986,0.8282838390966484,0.694125,"{""1"": 181731.37300117288, ""2"": 74315.30884214169, ""3"": 40820.82107932889, ""4"": 25568.114923991776, ""5"": 21333.920654725436, ""6"": 19242.272552463262, ""7"": 17701.1453893562, ""8"": 16186.492377363682, ""9"": 16007.801691645971, ""10"": 15693.408619466501, ""11"": 15535.963479795892, ""12"": 15552.941186890752, ""13"": 15543.632626795506, ""14"": 15612.408713777873, ""15"": 15639.094483854711}",146.9803705215454
prinz1d,short,tica,32000,10,1,19,4,4,0.19021875,12,0.5118460505312769,0.6768827476344909,0,14,0.4937529664421205,0.6640532658534549,0,6,0.737448857735797,0.7894178241504802,0,3,0.6441379337892397,0.8083490475611539,0,3,0.6441379337892397,0.8083490475611539,0,0.8222248629421167,0.8644150522434692,0.7729375,"{""1"": 181682.62262195762, ""2"": 77215.97290445214, ""3"": 41790.92919086699, ""4"": 24389.64385637839, ""5"": 19288.81597511093, ""6"": 16759.942055762927, ""7"": 14922.594257643495, ""8"": 13432.277799628546, ""9"": 13067.710714653185, ""10"": 12864.481522050395, ""11"": 12669.391010206977, ""12"": 12589.621927545024, ""13"": 12626.74693671313, ""14"": 12624.980739132443, ""15"": 12690.020017866502}",143.72588729858398
prinz1d,short,vae,250,10,1,0,4,3,0.0,1,0.0,0.0,0,13,0.12575757278652183,0.2868999237942172,0,1,0.0,0.0,0,2,0.9135062691394419,0.8449676108026198,0,2,0.9135062691394419,0.8449676108026198,0,0.5085091499366684,0.527101675727069,0.984,"{""1"": 1346.8016947275298, ""2"": 1379.224500418536, ""3"": 1396.6028894950969, ""4"": 1426.2272169107916, ""5"": 1439.8605712966744, ""6"": 1459.8777385282906, ""7"": 1490.1762907263105, ""8"": 1523.4004307716973, ""9"": 1545.100726654463, ""10"": 1545.803764785883, ""11"": 1576.309362378216, ""12"": 1585.3980777401764, ""13"": 1592.4793543633666, ""14"": 1629.0381423913725, ""15"": 1643.7498705540916}",48.78999161720276
prinz1d,short,vae,250,10,1,1,4,2,0.0,1,0.0,0.0,0,1,0.0,0.0,0,1,0.0,0.0,0,2,0.5637582296450592,0.4652829075425937,0,2,0.5637582296450592,0.4652829075425937,0,0.2667309964298319,0.3699858516317012,0.9359999999999999,"{""1"": 1407.8032917792711, ""2"": 1438.4565063632992, ""3"": 1459.2939115354177, ""4"": 1492.0038689510384, ""5"": 1514.8345886829925, ""6"": 1541.7433348941026, ""7"": 1553.3075701822556, ""8"": 1580.8060561200477, ""9"": 1607.1009996921662, ""10"": 1634.5867926320318, ""11"": 1639.376159360375, ""12"": 1676.9838503446113, ""13"": 1681.8610970199927, ""14"": 1723.0685423572338, ""15"": 1737.142247625919}",10.001766681671143
prinz1d,short,vae,250,10,1,2,4,4,0.04,1,0.0,0.0,0,15,0.3044632880081574,0.604447554103505,1,1,0.0,0.0,0,3,0.7797892660250588,0.7823382753280285,0,2,0.41998888104190235,0.4467496331301752,0,0.7538848900604391,0.7865183836472314,1.304,"{""1"": -226.74507630545713, ""2"": -210.82904135926304, ""3"": -184.22973518510244, ""4"": -170.56243897528958, ""5"": -165.08900695104862, ""6"": -153.5558670030737, ""7"": -136.41048162477915, ""8"": -111.60537210319808, ""9"": -103.3356378962423, ""10"": -84.56105778178863, ""11"": -60.01524288732645, ""12"": -51.84447338890533, ""13"": -21.687663510813252, ""14"": 3.4218831678300603, ""15"": 10.268797782608146}",9.525755882263184
prinz1d,short,vae,250,10,1,3,4,4,0.04,1,0.0,0.0,0,12,0.35345266851244034,0.551275802434212,0,1,0.0,0.0,0,2,0.5423012395761386,0.5435104112183693,0,2,0.5423012395761386,0.5435104112183693,0,0.30211470429876636,0.387210757282623,1.064,"{""1"": 1251.4025403596925, ""2"": 1280.3425399326222, ""3"": 1306.770361195063, ""4"": 1337.0451392970758, ""5"": 1341.3436085313945, ""6"": 1362.4024692264584, ""7"": 1392.981245014885, ""8"": 1408.4706692105042, ""9"": 1399.3155150329344, ""10"": 1443.7131329754247, ""11"": 1468.3427609230148, ""12"": 1452.22465266708, ""13"": 1511.2325923274752, ""14"": 1540.5030338694733, ""15"": 1549.9563079858435}",10.375006914138794
prinz1d,short,vae,250,10,1,4,4,4,0.008,2,0.2743184019277807,0.49823114824983783,0,15,0.20221755340591857,0.47088014125217637,1,2,0.2743184019277807,0.49823114824983783,0,2,0.2743184019277807,0.49823114824983783,0,2,0.2743184019277807,0.49823114824983783,0,0.6009373967273255,0.6949808299952768,0.728,"{""1"": 1392.0293340450048, ""2"": 1365.1596805851343, ""3"": 1374.4683222958654, ""4"": 1397.3273021994428, ""5"": 1427.1306102233477, ""6"": 1454.935794632233, ""7"": 1473.5118833358415, ""8"": 1492.2839204360434, ""9"": 1512.2018107967806, ""10"": 1524.1041352102163, ""11"": 1543.546751121016, ""12"": 1558.3609876470045, ""13"": 1579.408383373193, ""14"": 1606.607141831361, ""15"": 1611.2810768675058}",10.402396440505981
prinz1d,short,vae,250,10,1,5,4,4,0.088,2,0.17107688791906933,0.2636905500741633,0,14,0.3119517977626839,0.5695826317599745,0,1,0.0,0.0,0,3,0.8902736420239157,0.8604111142148904,0,2,0.17107688791906933,0.2636905500741633,0,0.6856213721890917,0.7111512586586489,0.42400000000000004,"{""1"": 1095.5957833462794, ""2"": 1082.0090573165012, ""3"": 1092.2670628876822, ""4"": 1094.0105417555699, ""5"": 1122.025417940822, ""6"": 1161.838102835953, ""7"": 1164.6918153515262, ""8"": 1173.035644004537, ""9"": 1217.6665832479387, ""10"": 1226.9040182294543, ""11"": 1236.7908892222347, ""12"": 1255.9769094852259, ""13"": 1282.134281700197, ""14"": 1291.6832358863119, ""15"": 1328.9838130441694}",10.312698125839233
prinz1d,short,vae,250,10,1,6,4,2,0.0,1,0.0,0.0,0,1,0.0,0.0,0,1,0.0,0.0,0,2,0.8163733079481906,0.7174220170684865,0,2,0.8163733079481906,0.7174220170684865,0,0.4534722538926996,0.48223168935231386,0.8320000000000001,"{""1"": 1353.6986203772763, ""2"": 1385.3090075133891, ""3"": 1396.42450247776, ""4"": 1427.797730886683, ""5"": 1452.1737110339864, ""6"": 1484.912081345313, ""7"": 1511.2240770246283, ""8"": 1543.3668427391672, ""9"": 1568.8759522463151, ""10"": 1597.043021366749, ""11"": 1613.1126026312922, ""12"": 1635.4997340851412, ""13"": 1661.9420769108137, ""14"": 1664.9038495933175, ""15"": 1673.9741423371502}",10.04921817779541
prinz1d,short,vae,250,10,1,7,4,4,0.008,2,0.28053545064741026,0.4120756015977429,0,12,0.26008558020642997,0.4852893363638834,0,1,0.0,0.0,0,3,0.7648005109833083,0.7286704871216375,0,2,0.28053545064741026,0.4120756015977429,0,0.46866625554486413,0.5815934226025008,0.4,"{""1"": 1403.427343304884, ""2"": 1357.3321825694018, ""3"": 1360.2369372041874, ""4"": 1369.130740240906, ""5"": 1393.4015483545288, ""6"": 1408.7328600861856, ""7"": 1425.2371031241425, ""8"": 1449.6975565682224, ""9"": 1472.8717743070279, ""10"": 1495.2352641010532, ""11"": 1508.8006900204768, ""12"": 1529.9095571367186, ""13"": 1554.2630938907305, ""14"": 1590.7870264005817, ""15"": 1601.0966162986974}",10.44382381439209
prinz1d,short,vae,250,10,1,8,4,4,0.048,2,0.43646193307165637,0.5111122260226919,0,8,0.49572427158458604,0.713445021010802,0,1,0.0,0.0,0,3,0.820034869419244,0.7855354984995988,0,2,0.43646193307165637,0.5111122260226919,0,0.6141090445993889,0.6691408545969922,0.456,"{""1"": -369.3949244201087, ""2"": -412.6216096971167, ""3"": -406.7243371069974, ""4"": -408.73883776976976, ""5"": -391.3722803904807, ""6"": -368.65316227470464, ""7"": -346.40249044133594, ""8"": -330.6895514965778, ""9"": -308.2999021046528, ""10"": -283.08699240434015, ""11"": -254.0390696475253, ""12"": -226.58741013334384, ""13"": -204.12809302309125, ""14"": -180.67630728030707, ""15"": -165.473742705036}",10.419651508331299
prinz1d,short,vae,250,10,1,9,4,4,0.132,1,0.0,0.0,0,4,0.7244479272745318,0.7383401918551248,0,1,0.0,0.0,0,6,0.7234552503914091,0.7365061549053733,0,2,0.2873168303052967,0.37250670053504825,0,0.7244479272745318,0.7383401918551248,1.104,"{""1"": 478.54054586786907, ""2"": 490.0167423417337, ""3"": 483.93797623627506, ""4"": 499.0791279053409, ""5"": 525.1961294410136, ""6"": 553.4676712465954, ""7"": 576.0983767995435, ""8"": 607.5037526844399, ""9"": 628.759715423737, ""10"": 645.2112633759075, ""11"": 669.6743566860093, ""12"": 682.8173109059081, ""13"": 710.7643178800986, ""14"": 730.9227250409783, ""15"": 748.3530282379802}",9.949405193328857
prinz1d,short,vae,250,10,1,10,4,4,0.092,3,0.5219979665264569,0.5861868157617351,0,12,0.25643603073377086,0.5930099240299984,0,2,0.408472204010924,0.530011554887229,0,2,0.408472204010924,0.530011554887229,0,3,0.5219979665264569,0.5861868157617351,0,0.5308279121317933,0.6625949515548055,0.3919999999999999,"{""1"": 1262.2267178971445, ""2"": 1171.0733557693836, ""3"": 1128.6462755286136, ""4"": 1132.4267581169152, ""5"": 1156.9886612758974, ""6"": 1173.383467347562, ""7"": 1190.7584596376923, ""8"": 1217.9989826061233, ""9"": 1214.4948662102338, ""10"": 1238.3884250231636, ""11"": 1259.9462782394771, ""12"": 1277.459196956521, ""13"": 1303.7748822796073, ""14"": 1339.3326875699795, ""15"": 1346.189570582405}",10.178111553192139
prinz1d,short,vae,250,10,1,11,4,2,0.0,1,0.0,0.0,0,1,0.0,0.0,0,1,0.0,0.0,0,2,0.41745208226050623,0.4529888029188131,0,2,0.41745208226050623,0.4529888029188131,0,0.24280929233282225,0.3487409340728982,0.5760000000000001,"{""1"": 1407.5402399614848, ""2"": 1439.2803060075896, ""3"": 1465.0564346816661, ""4"": 1495.2098491232796, ""5"": 1515.9627331105062, ""6"": 1547.9554261139428, ""7"": 1571.9411238107252, ""8"": 1595.0282132445218, ""9"": 1581.2491340376391, ""10"": 1651.1953071192977, ""11"": 1645.2449353909947, ""12"": 1705.4458753429278, ""13"": 1736.1810133609788, ""14"": 1735.890648074744, ""15"": 1734.3194917807655}",9.557174682617188
prinz1d,short,vae,250,10,1,12,4,3,0.0,1,0.0,0.0,0,1,0.0,0.0,0,1,0.0,0.0,0,2,0.8225393644412062,0.74464154674578,0,2,0.8225393644412062,0.74464154674578,0,0.5440721378803884,0.5470403667293076,0.8720000000000001,"{""1"": 1322.1369809599505, ""2"": 1355.5132040940555, ""3"": 1376.1533525990833, ""4"": 1407.1607205064322, ""5"": 1436.4242138513112, ""6"": 1465.5344802817726, ""7"": 1486.9191035213037, ""8"": 1512.7292882959223, ""9"": 1536.8701830911941, ""10"": 1557.262176456838, ""11"": 1570.0304804241212, ""12"": 1598.9886120828883, ""13"": 1627.0440012073655, ""14"": 1646.4438461516945, ""15"": 1682.7803358886154}",10.533255100250244
prinz1d,short,vae,250,10,1,13,4,3,0.0,1,0.0,0.0,0,15,0.16757985594981945,0.4118415140290688,1,1,0.0,0.0,0,2,0.7332384358334517,0.6702473725339583,0,2,0.7332384358334517,0.6702473725339583,0,0.38976585080247206,0.4415209855578162,0.736,"{""1"": 1318.9655699706611, ""2"": 1347.9730493462903, ""3"": 1372.2983849668365, ""4"": 1397.0435410162, ""5"": 1422.7283293793978, ""6"": 1451.4650454404991, ""7"": 1468.7470540962513, ""8"": 1479.9380764340826, ""9"": 1508.5264211690774, ""10"": 1529.1797374376677, ""11"": 1555.4249708032478, ""12"": 1573.1372535899823, ""13"": 1597.508429390542, ""14"": 1611.4518516528674, ""15"": 1609.3289229717116}",10.193774700164795
prinz1d,short,vae,250,10,1,14,4,3,0.0,2,0.3995807726664088,0.5966217836820169,0,5,0.6652949970024636,0.6363120523863669,0,2,0.3995807726664088,0.5966217836820169,0,3,0.8441349888725046,0.8202899178297752,0,3,0.8441349888725046,0.8202899178297752,0,0.7199910042614766,0.686114953544652,0.608,"{""1"": 1359.740595928868, ""2"": 1298.0715270314556, ""3"": 1308.1675000467737, ""4"": 1320.8981169334547, ""5"": 1337.065288037328, ""6"": 1360.130109985752, ""7"": 1384.0207328935282, ""8"": 1411.9520627119882, ""9"": 1441.7615536138746, ""10"": 1451.4281167788038, ""11"": 1495.438363853942, ""12"": 1515.6546462667864, ""13"": 1539.6070513663185, ""14"": 1573.587280032036, ""15"": 1588.0331411751322}",10.132631301879883
prinz1d,short,vae,250,10,1,15,4,4,0.012,1,0.0,0.0,0,1,0.0,0.0,0,1,0.0,0.0,0,2,0.7342451873688769,0.6615688554139073,0,2,0.7342451873688769,0.6615688554139073,0,0.38322511205517085,0.4235333529377529,0.9919999999999999,"{""1"": 1293.0909118823763, ""2"": 1326.2350021618631, ""3"": 1350.8078300093418, ""4"": 1374.7556778839444, ""5"": 1403.1629023774242, ""6"": 1422.1992640710985, ""7"": 1454.120144555169, ""8"": 1467.9695312532253, ""9"": 1474.7101301643006, ""10"": 1522.5176963113304, ""11"": 1532.488009671293, ""12"": 1557.7002010064155, ""13"": 1584.4326144965885, ""14"": 1603.7509916111642, ""15"": 1601.5774972690315}",10.406516551971436
prinz1d,short,vae,250,10,1,16,4,4,0.092,3,0.635164539734606,0.6952883093354569,0,7,0.5999728315993613,0.6883934147195065,0,1,0.0,0.0,0,2,0.38751402925129397,0.48263549169864833,0,2,0.38751402925129397,0.48263549169864833,0,0.6075505825957431,0.6564917702133175,0.23199999999999998,"{""1"": 1041.5593712418881, ""2"": 983.0202504375721, ""3"": 977.2718580512574, ""4"": 991.2920850362009, ""5"": 1007.3087706503832, ""6"": 1024.8126686663143, ""7"": 1043.7623991500752, ""8"": 1072.9387894655179, ""9"": 1098.0871976271987, ""10"": 1124.1364397094883, ""11"": 1138.7065411696294, ""12"": 1164.8146593820422, ""13"": 1191.6544642184383, ""14"": 1206.778286974946, ""15"": 1228.0362849910978}",9.622724771499634
prinz1d,short,vae,250,10,1,17,4,4,0.04,1,0.0,0.0,0,1,0.0,0.0,0,1,0.0,0.0,0,2,0.730438538859101,0.6900903572462626,0,2,0.730438538859101,0.6900903572462626,0,0.5838752357230269,0.6290454482966132,0.9760000000000001,"{""1"": 1252.2073335205694, ""2"": 1284.2457361490606, ""3"": 1299.3130966799702, ""4"": 1317.8715214487454, ""5"": 1343.6667723725575, ""6"": 1365.9210692496622, ""7"": 1387.8686173923747, ""8"": 1410.685343831427, ""9"": 1443.6702565201704, ""10"": 1465.922130827609, ""11"": 1481.6348161822452, ""12"": 1508.050231663947, ""13"": 1531.429364540391, ""14"": 1564.9600587284685, ""15"": 1562.8433634075045}",10.292001962661743
prinz1d,short,vae,250,10,1,18,4,4,0.104,3,0.8450674278168898,0.8325866746864666,0,5,0.6855985973209991,0.7310080213115526,0,2,0.4376776516481628,0.5907706497296773,0,2,0.4376776516481628,0.5907706497296773,0,2,0.4376776516481628,0.5907706497296773,0,0.6582835495583785,0.6908985865685936,0.27199999999999996,"{""1"": 1281.810043200592, ""2"": 1240.5052645405347, ""3"": 1219.5580163034322, ""4"": 1243.097612962088, ""5"": 1239.195636911769, ""6"": 1267.5706677976937, ""7"": 1285.125884324296, ""8"": 1313.2458249797064, ""9"": 1343.5920612388813, ""10"": 1368.3685761927302, ""11"": 1391.5646821239784, ""12"": 1410.5310647011938, ""13"": 1443.3544865479978, ""14"": 1460.346435727336, ""15"": 1465.678630057981}",10.402154684066772
prinz1d,short,vae,250,10,1,19,4,4,0.132,1,0.0,0.0,0,14,0.2912795334700624,0.55700881581334,0,1,0.0,0.0,0,2,0.3433488581694105,0.4121433267873803,0,2,0.3433488581694105,0.4121433267873803,0,0.559772551347549,0.6084811388249,1.04,"{""1"": 1132.6492817549474, ""2"": 1150.9230915029868, ""3"": 1168.1885149706338, ""4"": 1190.5963436478212, ""5"": 1203.9262855617983, ""6"": 1215.6021677836943, ""7"": 1227.7825005715167, ""8"": 1270.9242467757726, ""9"": 1277.5689811905088, ""10"": 1306.6410596812404, ""11"": 1313.9505066615357, ""12"": 1333.158151249777, ""13"": 1360.45634894064, ""14"": 1371.930301887848, ""15"": 1423.4028805167745}",10.524736166000366
prinz1d,short,vae,500,10,1,0,4,3,0.0,1,0.0,0.0,0,1,0.0,0.0,0,1,0.0,0.0,0,2,0.8722235303723785,0.7976778897702562,0,2,0.8722235303723785,0.7976778897702562,0,0.30201155156948184,0.3751987483674197,0.992,"{""1"": 2542.8815422763532, ""2"": 2579.989284002583, ""3"": 2613.873696827842, ""4"": 2636.2194763548723, ""5"": 2672.392254745816, ""6"": 2695.052835352832, ""7"": 2726.227766359575, ""8"": 2765.60410734884, ""9"": 2786.551925719057, ""10"": 2827.267357681931, ""11"": 2843.972069412698, ""12"": 2886.034574741585, ""13"": 2897.086844546947, ""14"": 2945.7333378441735, ""15"": 2976.5392096771825}",10.075514316558838
prinz1d,short,vae,500,10,1,1,4,4,0.026,1,0.0,0.0,0,6,0.5793916047986144,0.7372778754058755,0,1,0.0,0.0,0,3,0.894461224759276,0.8624866778072132,0,2,0.4357528290897591,0.5060286249623046,0,0.5969108860397224,0.6853341350765668,1.044,"{""1"": 2240.4121999158983, ""2"": 2263.4021145932, ""3"": 2252.909183699889, ""4"": 2280.0261994008215, ""5"": 2285.084684124452, ""6"": 2305.709760234418, ""7"": 2338.3807552166068, ""8"": 2366.0111971919537, ""9"": 2399.353978383037, ""10"": 2426.1469989681145, ""11"": 2441.2589046473145, ""12"": 2459.723246158147, ""13"": 2485.845479685043, ""14"": 2547.173460674917, ""15"": 2569.885753666412}",10.19298243522644
prinz1d,short,vae,500,10,1,2,4,4,0.154,4,0.700861625452589,0.8004465713884427,0,5,0.7009090630370284,0.8304920938371975,0,1,0.0,0.0,0,2,0.35229473202246814,0.4353392525914887,0,2,0.35229473202246814,0.4353392525914887,0,0.700861625452589,0.8004465713884427,0.232,"{""1"": 1757.4153323662688, ""2"": 1567.419313134519, ""3"": 1528.7136835312763, ""4"": 1513.925066229908, ""5"": 1538.8951547843428, ""6"": 1572.3729810579682, ""7"": 1601.4991252399461, ""8"": 1636.5975627475593, ""9"": 1657.9847722462907, ""10"": 1686.8717227315706, ""11"": 1711.0572909716236, ""12"": 1736.689780819525, ""13"": 1762.636451515972, ""14"": 1793.907576736142, ""15"": 1812.380242726364}",10.516204833984375
prinz1d,short,vae,500,10,1,3,4,4,0.114,4,0.7922953552935812,0.8126204267179322,0,8,0.5799126645051705,0.7191123133389443,0,3,0.719570651175666,0.7807106967256858,0,6,0.689607410188764,0.7652061385336119,0,2,0.39601671791145227,0.4964496931577373,0,0.7922953552935812,0.8126204267179322,0.16399999999999992,"{""1"": 2397.1614782645433, ""2"": 1377.7553491975448, ""3"": 1052.8522881821623, ""4"": 1043.2401028650327, ""5"": 1051.4137413211558, ""6"": 1069.2397107425234, ""7"": 1064.1837522066955, ""8"": 1079.8034435138225, ""9"": 1113.8539976762786, ""10"": 1151.9392653028187, ""11"": 1182.0998671331658, ""12"": 1189.4209549238074, ""13"": 1226.8958063483583, ""14"": 1236.1864206744408, ""15"": 1262.5753420918759}",10.424777746200562
prinz1d,short,vae,500,10,1,4,4,4,0.034,3,0.8419450180273542,0.8093584241779389,0,11,0.339161475576277,0.5818891062242957,0,1,0.0,0.0,0,3,0.8419450180273542,0.8093584241779389,0,2,0.29655726779006736,0.3659569948839539,0,0.6843308410329427,0.6745637481919465,0.12799999999999997,"{""1"": 2233.9242809207153, ""2"": 2132.9478927467867, ""3"": 2125.7829460312705, ""4"": 2159.6843072271877, ""5"": 2166.379481006872, ""6"": 2196.395046010938, ""7"": 2229.5086333773697, ""8"": 2263.85242901702, ""9"": 2285.5398313082756, ""10"": 2311.94101228189, ""11"": 2306.4167672466983, ""12"": 2346.1071955446246, ""13"": 2376.4204523373764, ""14"": 2403.960622739629, ""15"": 2426.938976292461}",10.438852548599243
prinz1d,short,vae,500,10,1,5,4,4,0.044,3,0.7997479263481846,0.7669343973237126,0,6,0.5308486665908952,0.711315073181614,0,1,0.0,0.0,0,3,0.7997479263481846,0.7669343973237126,0,2,0.4204197678242162,0.44680773739852375,0,0.7235278286679305,0.7170068775826329,0.18400000000000005,"{""1"": 539.6875851581116, ""2"": 469.5844151926396, ""3"": 441.49870598296167, ""4"": 466.4411852973337, ""5"": 478.1457365354671, ""6"": 501.1737702580208, ""7"": 532.3397515870397, ""8"": 566.1213615236037, ""9"": 597.474249844101, ""10"": 629.4667942399864, ""11"": 664.6796313864047, ""12"": 679.5217716814329, ""13"": 709.4881457324706, ""14"": 755.6140500018867, ""15"": 783.4743328078812}",9.382986307144165
prinz1d,short,vae,500,10,1,6,4,2,0.0,1,0.0,0.0,0,1,0.0,0.0,0,1,0.0,0.0,0,2,0.8534834216024767,0.7925605325314717,0,2,0.8534834216024767,0.7925605325314717,0,0.3302119526422897,0.38850014478828754,0.992,"{""1"": 2521.198469323563, ""2"": 2555.769021433899, ""3"": 2591.5600923652696, ""4"": 2629.5474997802294, ""5"": 2656.8596598824006, ""6"": 2683.240739270324, ""7"": 2708.0102911741396, ""8"": 2749.7836723151263, ""9"": 2776.375787506171, ""10"": 2808.328120861353, ""11"": 2828.680611491448, ""12"": 2879.606736001865, ""13"": 2909.9150120623767, ""14"": 2934.123214536852, ""15"": 2958.0429943593576}",10.481910467147827
prinz1d,short,vae,500,10,1,7,4,4,0.15,4,0.8402201656558405,0.8358761616121997,0,8,0.5321516695651566,0.7067551451003398,0,1,0.0,0.0,0,4,0.8402201656558405,0.8358761616121997,0,2,0.41105358278692616,0.5084600930512667,0,0.8402201656558405,0.8358761616121997,0.040000000000000036,"{""1"": -21.72483615356405, ""2"": -80.02059510208902, ""3"": -62.568111391403846, ""4"": -84.29710466522377, ""5"": -48.95884873983104, ""6"": -26.18340960392615, ""7"": 12.686125699571136, ""8"": 14.0795820647038, ""9"": 45.06070722005893, ""10"": 71.03465010580993, ""11"": 94.52913332073092, ""12"": 119.92890218146016, ""13"": 147.38134176755045, ""14"": 173.12491427206515, ""15"": 198.80545958542888}",10.055206298828125
prinz1d,short,vae,500,10,1,8,4,4,0.206,1,0.0,0.0,0,12,0.5110227688758663,0.7220260151409812,0,1,0.0,0.0,0,2,0.4728012961374404,0.6063079723161815,0,2,0.4728012961374404,0.6063079723161815,0,0.9179924944184934,0.9087612615049611,1.448,"{""1"": -1313.3644086095906, ""2"": -1283.5507718089693, ""3"": -1263.819665094591, ""4"": -1310.1427991391554, ""5"": -1306.364175513116, ""6"": -1290.3786754585485, ""7"": -1279.0556808981464, ""8"": -1261.8380712098647, ""9"": -1258.3251541051095, ""10"": -1235.373623922018, ""11"": -1202.4959253588354, ""12"": -1197.0745722817278, ""13"": -1170.144383174209, ""14"": -1143.1261288295839, ""15"": -1111.4601786233652}",10.047048330307007
prinz1d,short,vae,500,10,1,9,4,4,0.184,4,0.7494062204773958,0.8037891632179779,0,7,0.5559007135956715,0.6962071287891128,0,2,0.4635432201618444,0.5927265316848342,0,3,0.6107569711286057,0.7034266741247646,0,3,0.6107569711286057,0.7034266741247646,0,0.7494062204773958,0.8037891632179779,0.15599999999999997,"{""1"": 2662.833572825513, ""2"": 2432.9936559544367, ""3"": 2409.643041803061, ""4"": 2367.887836456969, ""5"": 2390.6871315543085, ""6"": 2418.4840355482606, ""7"": 2433.1769494753507, ""8"": 2462.1697169634945, ""9"": 2496.211042107484, ""10"": 2528.766526349045, ""11"": 2565.5318353457315, ""12"": 2584.8872002421413, ""13"": 2617.3756786876625, ""14"": 2656.266316066742, ""15"": 2665.9340659118143}",10.305203437805176
prinz1d,short,vae,500,10,1,10,4,4,0.152,3,0.5706354411238623,0.6795196905031854,0,10,0.4865338121158388,0.7005137203203603,0,1,0.0,0.0,0,4,0.9439223708550364,0.9228462980967647,0,2,0.4268153653424381,0.49144828127690415,0,0.9439223708550364,0.9228462980967647,0.32799999999999996,"{""1"": -670.1120844221671, ""2"": -686.0422800654702, ""3"": -692.823638822044, ""4"": -659.5138799891859, ""5"": -677.4899693836458, ""6"": -658.5318239529084, ""7"": -646.3410834421493, ""8"": -641.8181846740413, ""9"": -630.7129353449991, ""10"": -611.4537237768037, ""11"": -583.6630082252968, ""12"": -552.4578388236284, ""13"": -523.2565661006753, ""14"": -506.31265781827335, ""15"": -464.7095648467424}",9.631588459014893
prinz1d,short,vae,500,10,1,11,4,3,0.0,1,0.0,0.0,0,3,0.4404399610996427,0.4437713778238192,0,1,0.0,0.0,0,2,0.8357056425175474,0.7387021957026182,0,2,0.8357056425175474,0.7387021957026182,0,0.3479240333707338,0.41955796470281626,0.8320000000000001,"{""1"": 2558.5391323111658, ""2"": 2591.4651311910657, ""3"": 2606.77851558154, ""4"": 2639.3156338867548, ""5"": 2673.9504727791445, ""6"": 2706.983799320309, ""7"": 2714.077051560262, ""8"": 2772.0771025651097, ""9"": 2779.9631806258976, ""10"": 2826.93181239572, ""11"": 2845.879651642611, ""12"": 2857.2188995792967, ""13"": 2894.0987529539248, ""14"": 2927.7768806410404, ""15"": 2937.2798886965397}",10.449678421020508
prinz1d,short,vae,500,10,1,12,4,4,0.046,1,0.0,0.0,0,3,0.9159346052939674,0.8574413569157286,0,1,0.0,0.0,0,2,0.5956856320983327,0.5997828245014701,0,2,0.5956856320983327,0.5997828245014701,0,0.6454761977586576,0.6870473715519152,0.928,"{""1"": 2341.3082261757077, ""2"": 2377.9371656486683, ""3"": 2375.5404003802796, ""4"": 2407.8423364859636, ""5"": 2440.426218152353, ""6"": 2468.204646624947, ""7"": 2507.052018115465, ""8"": 2539.2582642784846, ""9"": 2568.3129932540464, ""10"": 2594.7111721611927, ""11"": 2627.475936575027, ""12"": 2653.4689035325905, ""13"": 2664.177952204615, ""14"": 2705.7356883941693, ""15"": 2724.839227560515}",10.575140953063965
prinz1d,short,vae,500,10,1,13,4,4,0.02,1,0.0,0.0,0,1,0.0,0.0,0,1,0.0,0.0,0,2,0.6989569806599772,0.7179709755680556,0,2,0.6989569806599772,0.7179709755680556,0,0.7669118197307984,0.7078544372553118,0.904,"{""1"": 2406.097379794399, ""2"": 2446.2680367852417, ""3"": 2462.2468832399286, ""4"": 2493.639672182311, ""5"": 2523.2529851574814, ""6"": 2553.9857192415, ""7"": 2587.048510258186, ""8"": 2604.845075159562, ""9"": 2633.0469727864174, ""10"": 2648.1832878968553, ""11"": 2685.212916519401, ""12"": 2719.5970053047927, ""13"": 2753.1762128140185, ""14"": 2774.040218848059, ""15"": 2804.4469057314204}",10.233313798904419
prinz1d,short,vae,500,10,1,14,4,3,0.0,1,0.0,0.0,0,3,0.6933302243103368,0.7311347207241466,0,1,0.0,0.0,0,2,0.7190021380940328,0.6930131382964515,0,2,0.7190021380940328,0.6930131382964515,0,0.5526020470079915,0.6466927846871868,1.068,"{""1"": 2444.348871353011, ""2"": 2481.218265370122, ""3"": 2483.6928501028847, ""4"": 2518.1058276883305, ""5"": 2549.9914099619245, ""6"": 2575.8536014843276, ""7"": 2603.392911803102, ""8"": 2635.6341764490894, ""9"": 2658.855478973079, ""10"": 2687.830121930431, ""11"": 2712.8087225591526, ""12"": 2732.10023039814, ""13"": 2754.913048433829, ""14"": 2781.0647983610143, ""15"": 2804.8706081230125}",10.273830652236938
prinz1d,short,vae,500,10,1,15,4,4,0.088,1,0.0,0.0,0,10,0.3192361619917798,0.5478288278713416,0,1,0.0,0.0,0,2,0.556297289062366,0.585731258084186,0,2,0.556297289062366,0.585731258084186,0,0.5860936434923365,0.6106344216392109,1.1760000000000002,"{""1"": 2257.935092926616, ""2"": 2292.2331705756224, ""3"": 2313.240370891415, ""4"": 2341.5368745719434, ""5"": 2371.583155335854, ""6"": 2394.81750554949, ""7"": 2425.487215554708, ""8"": 2437.296577216892, ""9"": 2462.8120791783276, ""10"": 2480.6765952922433, ""11"": 2507.0792794743147, ""12"": 2539.0366540989708, ""13"": 2575.137172016048, ""14"": 2619.816277912982, ""15"": 2629.2639526647336}",10.244862794876099
prinz1d,short,vae,500,10,1,16,4,4,0.046,1,0.0,0.0,0,5,0.5392612712372646,0.6447187374539323,0,1,0.0,0.0,0,2,0.45073854820913367,0.5154112642430698,0,2,0.45073854820913367,0.5154112642430698,0,0.49661254677069716,0.5824365261726263,1.008,"{""1"": 2329.5103535409194, ""2"": 2358.8274574935467, ""3"": 2359.6565386178945, ""4"": 2370.1131579681596, ""5"": 2373.198061537827, ""6"": 2436.516344430193, ""7"": 2439.7689911345665, ""8"": 2464.1786633914026, ""9"": 2486.6697008592255, ""10"": 2515.3717191965284, ""11"": 2534.517574131436, ""12"": 2565.6660229999998, ""13"": 2595.070696351551, ""14"": 2612.8004870630202, ""15"": 2650.8604115134963}",10.175528526306152
prinz1d,short,vae,500,10,1,17,4,4,0.132,4,0.8441348541536987,0.803714756934797,0,10,0.5027357893632266,0.6825833173939874,0,2,0.114937241123293,0.2540238243163908,0,3,0.6344471444067687,0.7061626093752181,0,2,0.114937241123293,0.2540238243163908,0,0.8441348541536987,0.803714756934797,0.028000000000000025,"{""1"": -1032.850210358412, ""2"": -1134.9716037468675, ""3"": -1147.8512826912734, ""4"": -1165.9013818014726, ""5"": -1153.034200375958, ""6"": -1135.8654139583462, ""7"": -1101.9066491262702, ""8"": -1092.73624316943, ""9"": -1060.8889465500301, ""10"": -1043.158917065834, ""11"": -1015.292262392285, ""12"": -983.1901575179347, ""13"": -966.7724828248623, ""14"": -933.1001782512226, ""15"": -911.0839068070068}",10.213386535644531
prinz1d,short,vae,500,10,1,18,4,4,0.052,2,0.28034575268146067,0.48462727356899066,0,8,0.3174815327171942,0.5764665443795873,0,2,0.28034575268146067,0.48462727356899066,0,2,0.28034575268146067,0.48462727356899066,0,3,0.7019632083535597,0.7010350514116435,0,0.5805961006794682,0.6532672255383751,0.7880000000000001,"{""1"": 2685.6673776877064, ""2"": 2429.2745231109257, ""3"": 2448.3892716575447, ""4"": 2468.4004050431527, ""5"": 2501.506764368387, ""6"": 2513.786355979713, ""7"": 2532.4029962359355, ""8"": 2556.7432912841728, ""9"": 2591.3687769820435, ""10"": 2621.3195369015943, ""11"": 2647.5766247149586, ""12"": 2669.3265887677985, ""13"": 2699.234047626019, ""14"": 2729.737856743534, ""15"": 2758.1115771674727}",10.355179786682129
prinz1d,short,vae,500,10,1,19,4,4,0.066,1,0.0,0.0,0,6,0.36653617244844033,0.5146749865486958,0,1,0.0,0.0,0,2,0.40959245037900566,0.4593976354884333,0,2,0.40959245037900566,0.4593976354884333,0,0.42565809384521813,0.5556865700041431,0.972,"{""1"": 2297.346218427127, ""2"": 2331.2945478218003, ""3"": 2334.96047606206, ""4"": 2356.007761502701, ""5"": 2370.3907733909896, ""6"": 2395.154985837706, ""7"": 2426.4748975623224, ""8"": 2456.107164509122, ""9"": 2481.672023669017, ""10"": 2508.6665505360074, ""11"": 2550.755233777979, ""12"": 2586.9950631051606, ""13"": 2600.6058797132605, ""14"": 2639.080496861539, ""15"": 2659.292421605007}",9.611149311065674
prinz1d,short,vae,1000,10,1,0,4,4,0.001,1,0.0,0.0,0,4,0.5643383907109442,0.6243928826704029,0,1,0.0,0.0,0,2,0.7298202207976842,0.692934719671488,0,2,0.7298202207976842,0.692934719671488,0,0.5643383907109442,0.6243928826704029,1.0899999999999999,"{""1"": 4794.852686560653, ""2"": 4836.962080598668, ""3"": 4857.31059619733, ""4"": 4857.1637124264, ""5"": 4891.960913740129, ""6"": 4929.862070382839, ""7"": 4959.228545678766, ""8"": 4992.21313891032, ""9"": 5022.870537118247, ""10"": 5063.56542734406, ""11"": 5100.832420415849, ""12"": 5137.794224616292, ""13"": 5170.781682604608, ""14"": 5194.2758166909025, ""15"": 5228.630960341812}",10.578191995620728
prinz1d,short,vae,1000,10,1,1,4,4,0.146,6,0.7098978336591473,0.7956309075101603,0,8,0.574585260722823,0.7400648623221208,0,4,0.9061828075304956,0.8781716299063266,0,5,0.913928555930606,0.8885440744044308,0,2,0.2256258910916151,0.3801198983761006,0,0.9061828075304956,0.8781716299063266,0.382,"{""1"": -1654.1649197410395, ""2"": -1735.1516347438512, ""3"": -1750.5903393081016, ""4"": -1950.7322846539207, ""5"": -1943.4589479834838, ""6"": -1984.8678223524169, ""7"": -1982.199515207013, ""8"": -1967.8273298744375, ""9"": -1937.8254686135633, ""10"": -1900.4983002480672, ""11"": -1870.6081779206106, ""12"": -1837.670282095983, ""13"": -1806.753256033009, ""14"": -1768.5585110030104, ""15"": -1737.625143713089}",10.627017498016357
prinz1d,short,vae,1000,10,1,2,4,4,0.126,4,0.8751630094236029,0.8738199225649248,0,4,0.8751630094236029,0.8738199225649248,0,1,0.0,0.0,0,2,0.42381065880796776,0.5193787414222716,0,2,0.42381065880796776,0.5193787414222716,0,0.8751630094236029,0.8738199225649248,0.10000000000000006,"{""1"": 4047.8344232383884, ""2"": 3980.8105470913792, ""3"": 4001.796230019397, ""4"": 3915.782411430428, ""5"": 3949.2626444383473, ""6"": 3990.332110144454, ""7"": 4022.8997784016146, ""8"": 4067.8099464628517, ""9"": 4091.72193920434, ""10"": 4132.0087427134895, ""11"": 4161.993438045384, ""12"": 4185.911047696404, ""13"": 4218.660231421968, ""14"": 4249.900275449473, ""15"": 4304.991789789319}",10.507195472717285
prinz1d,short,vae,1000,10,1,3,4,4,0.174,4,0.8904691650379951,0.8777779578079856,0,8,0.572067669078111,0.7583091703560161,0,1,0.0,0.0,0,3,0.7630535324442732,0.7833159666917174,0,2,0.45864876302633056,0.5845364800903091,0,0.8904691650379951,0.8777779578079856,0.07600000000000001,"{""1"": 689.4905471932824, ""2"": 687.7953585241019, ""3"": 684.0382967022746, ""4"": 638.6942758339968, ""5"": 662.4810153684302, ""6"": 682.155396055731, ""7"": 703.8368560471205, ""8"": 732.7161528380801, ""9"": 769.5378777468172, ""10"": 805.4204843191247, ""11"": 843.0695097838752, ""12"": 868.4552251832115, ""13"": 904.2990787173724, ""14"": 942.7912662698094, ""15"": 977.4213865784529}",10.511314630508423
prinz1d,short,vae,1000,10,1,4,4,4,0.187,7,0.7495441602099293,0.8123333495812617,0,11,0.4744483492333151,0.694904868727152,0,6,0.6697672150048529,0.75489327842235,0,7,0.7495441602099293,0.8123333495812617,0,2,0.3456601640861286,0.43744916063906725,0,0.655020171643701,0.727816021291874,0.45199999999999996,"{""1"": -1118.0379961467602, ""2"": -1547.7587085387354, ""3"": -1585.3838225976992, ""4"": -1713.5915575116214, ""5"": -1786.5352264841422, ""6"": -1843.1735783618017, ""7"": -1864.4131509439503, ""8"": -1842.909287994718, ""9"": -1829.167587517135, ""10"": -1813.4222010570888, ""11"": -1787.8756726171332, ""12"": -1753.664558776692, ""13"": -1710.0586483377958, ""14"": -1684.349166580699, ""15"": -1642.3015359544238}",10.456609725952148
prinz1d,short,vae,1000,10,1,5,4,4,0.149,4,0.8847765533278056,0.8771554777687149,0,10,0.519411923266096,0.7115813509917043,0,1,0.0,0.0,0,6,0.7821413482428619,0.8234605690573469,0,2,0.30678600042588006,0.4391975086421298,0,0.8847765533278056,0.8771554777687149,0.07199999999999998,"{""1"": -2173.747312640906, ""2"": -2212.0602807714995, ""3"": -2357.3227991155013, ""4"": -2440.519429783706, ""5"": -2436.287532745568, ""6"": -2418.579069316365, ""7"": -2402.0551155506428, ""8"": -2381.624966888434, ""9"": -2357.6598541367657, ""10"": -2332.8880462187767, ""11"": -2297.2086389913065, ""12"": -2260.4274440988293, ""13"": -2222.8102303641626, ""14"": -2193.104101270319, ""15"": -2162.0989619214415}",10.655417919158936
prinz1d,short,vae,1000,10,1,6,4,4,0.012,1,0.0,0.0,0,5,0.44393560946818883,0.5679486033369914,0,1,0.0,0.0,0,2,0.7537754378393461,0.6818315647320004,0,2,0.7537754378393461,0.6818315647320004,0,0.5718392358067822,0.5876102666599471,1.006,"{""1"": 4746.82600019252, ""2"": 4788.440821387975, ""3"": 4812.091705690531, ""4"": 4842.516115096884, ""5"": 4862.730969808848, ""6"": 4892.3236074465285, ""7"": 4931.917466242045, ""8"": 4962.075932622007, ""9"": 4996.371276198289, ""10"": 5025.414512121079, ""11"": 5053.082592088755, ""12"": 5094.618411462432, ""13"": 5115.152103347163, ""14"": 5155.18430350416, ""15"": 5183.833211236429}",11.008355617523193
prinz1d,short,vae,1000,10,1,7,4,4,0.173,4,0.94182995963307,0.9199893506287188,0,8,0.7254295437613242,0.7782294618111886,0,1,0.0,0.0,0,4,0.94182995963307,0.9199893506287188,0,2,0.33856371649212236,0.4645725866022823,0,0.94182995963307,0.9199893506287188,0.023999999999999966,"{""1"": -645.1431733567451, ""2"": -651.2175571166056, ""3"": -738.9446256228688, ""4"": -841.7234216964089, ""5"": -824.3177697043927, ""6"": -805.7964353417708, ""7"": -774.5871899460891, ""8"": -751.7224909942521, ""9"": -713.4748587863746, ""10"": -688.196485962098, ""11"": -658.8512609170044, ""12"": -621.9108018063172, ""13"": -590.7745663311898, ""14"": -555.1912774627165, ""15"": -521.3349071365154}",10.503878116607666
prinz1d,short,vae,1000,10,1,8,4,4,0.103,8,0.5513257465925611,0.735246882770347,0,10,0.4634863783167675,0.6884957142289525,0,1,0.0,0.0,0,5,0.6123477465314877,0.7572930321603095,0,2,0.33666563558601126,0.39983074184167067,0,0.5151186795379177,0.6436714224230495,0.722,"{""1"": -922.4458304908776, ""2"": -986.0345769595197, ""3"": -986.1743066215578, ""4"": -996.0799011963678, ""5"": -1084.4155992159772, ""6"": -1073.0195597798026, ""7"": -1086.556827771114, ""8"": -1087.8707572193334, ""9"": -1050.7628422198081, ""10"": -1039.1805872059554, ""11"": -998.7229680832412, ""12"": -972.2164523804262, ""13"": -934.5047425559026, ""14"": -905.2150225129269, ""15"": -865.5185394389565}",10.053569078445435
prinz1d,short,vae,1000,10,1,9,4,4,0.092,5,0.6218407978263673,0.7239201218091454,0,7,0.5747252450805396,0.7405159404354255,0,1,0.0,0.0,0,3,0.8605845129764074,0.8284846078329267,0,2,0.3775969658527828,0.47556712332580775,0,0.8250186785159255,0.7855468146981623,0.25600000000000006,"{""1"": -1448.3663217133444, ""2"": -1422.089454594289, ""3"": -1455.046864973336, ""4"": -1495.3028393294112, ""5"": -1542.8638988142968, ""6"": -1541.1695410837322, ""7"": -1536.23171676002, ""8"": -1503.0462875553912, ""9"": -1469.710047039367, ""10"": -1436.0923298863363, ""11"": -1415.072933349316, ""12"": -1380.8631338092628, ""13"": -1349.6968359533146, ""14"": -1318.1202898208664, ""15"": -1284.2685414500484}",10.353286504745483
prinz1d,short,vae,1000,10,1,10,4,4,0.081,8,0.5607802007480404,0.7416244623708471,0,8,0.5607802007480404,0.7416244623708471,0,1,0.0,0.0,0,9,0.528414885291124,0.720587493953071,0,2,0.18638380289784104,0.2681569257219211,0,0.7216156790235135,0.748219024821225,0.714,"{""1"": -2552.827879128116, ""2"": -2548.049393171713, ""3"": -2583.1857740633072, ""4"": -2765.274713173276, ""5"": -2746.764556431694, ""6"": -2767.2508567407262, ""7"": -2768.111774942431, ""8"": -2815.5242240818775, ""9"": -2776.2803574991267, ""10"": -2751.729553734944, ""11"": -2722.6211938199294, ""12"": -2696.3250864251418, ""13"": -2662.493961251732, ""14"": -2630.394296807998, ""15"": -2592.659908945557}",10.505675315856934
prinz1d,short,vae,1000,10,1,11,4,4,0.117,9,0.47881037668208853,0.7002392900368144,0,12,0.41332595480728007,0.6742046543418533,0,8,0.5241952775935913,0.725415171024303,0,12,0.41332595480728007,0.6742046543418533,0,2,0.39996160929185126,0.4908537464826816,0,0.5566285838986387,0.6568696866059547,0.8260000000000001,"{""1"": -1798.8950726536207, ""2"": -1928.724012564693, ""3"": -1996.530599477946, ""4"": -2043.40967062421, ""5"": -2160.672202415967, ""6"": -2209.820959862663, ""7"": -2227.394654536227, ""8"": -2302.6742156163386, ""9"": -2308.914778356114, ""10"": -2289.253627756673, ""11"": -2254.3562722766956, ""12"": -2234.12711212144, ""13"": -2201.813733611948, ""14"": -2171.125833389973, ""15"": -2131.7976259554025}",10.621379375457764
prinz1d,short,vae,1000,10,1,12,4,4,0.024,1,0.0,0.0,0,5,0.4474461411787429,0.5846579636702769,0,1,0.0,0.0,0,2,0.7262281184551242,0.6701155054736481,0,2,0.7262281184551242,0.6701155054736481,0,0.7657731941522692,0.7392863459678993,0.922,"{""1"": 4781.809895238503, ""2"": 4824.142263303009, ""3"": 4823.163212484012, ""4"": 4844.113584673019, ""5"": 4856.497827279753, ""6"": 4893.167187903624, ""7"": 4930.484305104258, ""8"": 4971.012754179699, ""9"": 5004.0548408564455, ""10"": 5037.122474434553, ""11"": 5071.201030201029, ""12"": 5109.92619811563, ""13"": 5144.806097858237, ""14"": 5176.761047619486, ""15"": 5210.425171994659}",10.715410470962524
prinz1d,short,vae,1000,10,1,13,4,4,0.054,1,0.0,0.0,0,4,0.8055847100886889,0.8007986255356668,0,1,0.0,0.0,0,2,0.49205641594552385,0.5960700980887456,0,2,0.49205641594552385,0.5960700980887456,0,0.8055847100886889,0.8007986255356668,1.268,"{""1"": 4479.1170326949305, ""2"": 4521.776727674738, ""3"": 4536.145270008183, ""4"": 4501.431583189662, ""5"": 4537.7047712073645, ""6"": 4576.008497998776, ""7"": 4604.85667940946, ""8"": 4635.145611020505, ""9"": 4671.318878110841, ""10"": 4708.297288782027, ""11"": 4734.7745706594815, ""12"": 4784.411062358615, ""13"": 4805.500434878757, ""14"": 4848.344175398499, ""15"": 4874.161186461326}",10.651412010192871
prinz1d,short,vae,1000,10,1,14,4,4,0.065,1,0.0,0.0,0,14,0.23840777954084544,0.5340293947667898,0,1,0.0,0.0,0,2,0.6225136979576694,0.5972022675044878,0,2,0.6225136979576694,0.5972022675044878,0,0.6292551757153597,0.6382019676682427,1.1159999999999999,"{""1"": 4362.689581153478, ""2"": 4391.618381426605, ""3"": 4368.533400065367, ""4"": 4410.322731445352, ""5"": 4425.383285704265, ""6"": 4457.707004804276, ""7"": 4487.514515066749, ""8"": 4507.145849292106, ""9"": 4517.658474564133, ""10"": 4532.784463615741, ""11"": 4563.007663999191, ""12"": 4593.070811213649, ""13"": 4629.896982684852, ""14"": 4645.692586927449, ""15"": 4685.791573838515}",10.553274154663086
prinz1d,short,vae,1000,10,1,15,4,4,0.083,4,0.752694674171613,0.789251618609393,0,9,0.4977210300627774,0.7133170169877834,0,1,0.0,0.0,0,7,0.5446482292084092,0.7412157040570341,0,2,0.3449612644836907,0.448450490282481,0,0.752694674171613,0.789251618609393,0.14799999999999996,"{""1"": -719.0116012670737, ""2"": -888.1219312826729, ""3"": -904.6745097376628, ""4"": -1000.0657535409488, ""5"": -983.4105310586717, ""6"": -954.212439503701, ""7"": -934.5839672710221, ""8"": -912.0497536982097, ""9"": -884.4428229789405, ""10"": -848.0288780209264, ""11"": -822.0086445845176, ""12"": -793.3130200099005, ""13"": -764.6113613905757, ""14"": -729.559099900845, ""15"": -704.4434855681046}",10.77710771560669
prinz1d,short,vae,1000,10,1,16,4,4,0.113,4,0.833949259001149,0.8416953576532226,0,7,0.6034296889217307,0.7664997879892702,0,1,0.0,0.0,0,4,0.833949259001149,0.8416953576532226,0,2,0.25989105216970537,0.38659497768453327,0,0.833949259001149,0.8416953576532226,0.10599999999999994,"{""1"": 929.1224641116505, ""2"": 751.1372950494022, ""3"": 727.7923457564256, ""4"": 668.6688184605143, ""5"": 693.6212050504871, ""6"": 716.2949608849502, ""7"": 736.5669651602855, ""8"": 772.6594680690528, ""9"": 808.5951400301565, ""10"": 841.6307929494014, ""11"": 876.5586957579169, ""12"": 904.4596329255003, ""13"": 939.6743971090716, ""14"": 975.4815432190157, ""15"": 1000.0601804213276}",10.56190037727356
prinz1d,short,vae,1000,10,1,17,4,4,0.15,5,0.7462820075013041,0.7711361945492796,0,11,0.4617894412916085,0.6678255189175657,0,1,0.0,0.0,0,2,0.4593664363982795,0.5810985049684401,0,2,0.4593664363982795,0.5810985049684401,0,0.8614748755334654,0.8304248601467762,0.16799999999999998,"{""1"": -2720.5568253064152, ""2"": -2709.732487261296, ""3"": -2792.2680975197086, ""4"": -2845.1571069904994, ""5"": -2876.5265301841923, ""6"": -2873.7894925085006, ""7"": -2874.4779040573494, ""8"": -2851.6270995956697, ""9"": -2828.0648780408237, ""10"": -2797.583507838022, ""11"": -2775.7085721610715, ""12"": -2742.6203018916117, ""13"": -2699.6509526711798, ""14"": -2671.125562232085, ""15"": -2631.39456848319}",9.620613813400269
prinz1d,short,vae,1000,10,1,18,4,4,0.07,1,0.0,0.0,0,8,0.3997355767355299,0.6122283092179005,0,1,0.0,0.0,0,2,0.5960241588203999,0.6129992911885592,0,2,0.5960241588203999,0.6129992911885592,0,0.6364377735193385,0.7273425770939419,1.008,"{""1"": 4565.126310948648, ""2"": 4608.773305120932, ""3"": 4601.111779570637, ""4"": 4648.604102770674, ""5"": 4669.05458802651, ""6"": 4710.521782909375, ""7"": 4742.530297474026, ""8"": 4715.6485574623275, ""9"": 4758.652430533198, ""10"": 4851.672699110461, ""11"": 4831.91765390493, ""12"": 4863.075988264617, ""13"": 4881.488624845689, ""14"": 4924.945669185985, ""15"": 4969.151041947669}",10.73119330406189
prinz1d,short,vae,1000,10,1,19,4,4,0.065,1,0.0,0.0,0,10,0.3106110366182646,0.5791247284117621,0,1,0.0,0.0,0,2,0.2741445932884285,0.3849202016072948,0,2,0.2741445932884285,0.3849202016072948,0,0.5483268068063115,0.6518552950797916,0.8220000000000001,"{""1"": 4675.586479861906, ""2"": 4721.369437902457, ""3"": 4709.48122689184, ""4"": 4748.397502803955, ""5"": 4775.317620006635, ""6"": 4800.398488083529, ""7"": 4834.544772136376, ""8"": 4820.475648508913, ""9"": 4879.197443365053, ""10"": 4867.415474636076, ""11"": 4905.7686289735175, ""12"": 4943.025538889533, ""13"": 4972.690954872664, ""14"": 5013.9696144300615, ""15"": 5042.639683183834}",10.738281726837158
prinz1d,short,vae,2000,10,1,0,4,4,0.043,6,0.5252975784400566,0.6920230888694268,0,9,0.4420270418251346,0.6592580602459128,0,1,0.0,0.0,0,3,0.8742828309930367,0.8201538003287503,0,2,0.5478836759546739,0.5604561453112706,0,0.7294519806797362,0.7391299829872527,0.648,"{""1"": 1912.310338081824, ""2"": 1927.6847816210714, ""3"": 1768.6337819719224, ""4"": 1757.2294107618163, ""5"": 1697.7291307381543, ""6"": 1694.6159830124147, ""7"": 1707.6488607899114, ""8"": 1740.7376244682089, ""9"": 1763.4901336111552, ""10"": 1802.1138556736475, ""11"": 1849.4225944895877, ""12"": 1885.9010833500029, ""13"": 1926.7817912818912, ""14"": 1966.7388597009947, ""15"": 2010.918472423699}",11.567044973373413
prinz1d,short,vae,2000,10,1,1,4,4,0.1115,8,0.5450582511924443,0.7335593054235285,0,12,0.41862840822582637,0.6629891092883847,0,4,0.8663736458139274,0.8508959247730816,0,3,0.7042271390064466,0.7375970646544847,0,3,0.7042271390064466,0.7375970646544847,0,0.8663736458139274,0.8508959247730816,0.8200000000000001,"{""1"": 10142.497912946783, ""2"": 8006.3729570441565, ""3"": 7159.261503262541, ""4"": 6755.295483982156, ""5"": 6764.404163833657, ""6"": 6720.814753982165, ""7"": 6715.036126329861, ""8"": 6654.225283978857, ""9"": 6691.017228077154, ""10"": 6703.29347093356, ""11"": 6734.982854230383, ""12"": 6756.416683267802, ""13"": 6792.590744242798, ""14"": 6831.609737619274, ""15"": 6868.294336719059}",11.340479135513306
prinz1d,short,vae,2000,10,1,2,4,4,0.084,7,0.5926709744814206,0.7522575873675001,0,12,0.4083002210985417,0.6519850521301903,0,5,0.8699225873260641,0.8628699239943234,0,4,0.9037830662716432,0.8854262100941012,0,2,0.1846438055090115,0.25890022936797796,0,0.9037830662716432,0.8854262100941012,0.7030000000000001,"{""1"": -4934.185405790604, ""2"": -5190.708529102064, ""3"": -5457.275221056535, ""4"": -5610.405001172214, ""5"": -6006.164763841148, ""6"": -6119.569343804187, ""7"": -6182.064150907645, ""8"": -6162.951158380366, ""9"": -6137.168949585251, ""10"": -6119.526161902625, ""11"": -6097.794258063279, ""12"": -6072.619545470681, ""13"": -6038.089686093634, ""14"": -6001.91834016239, ""15"": -5965.579600410135}",11.53296446800232
prinz1d,short,vae,2000,10,1,3,4,4,0.1605,6,0.6871449086846142,0.7670459814943137,0,7,0.6456656613734836,0.7505573250632874,0,4,0.8516362552124014,0.8530991890986239,0,2,0.4076759928327049,0.49163862050214047,0,2,0.4076759928327049,0.49163862050214047,0,0.8516362552124014,0.8530991890986239,0.4,"{""1"": 7410.1236990328625, ""2"": 6620.284946951201, ""3"": 6535.534666594978, ""4"": 6277.982577619929, ""5"": 6294.25952082657, ""6"": 6277.1828231706295, ""7"": 6306.987869828531, ""8"": 6341.982701414619, ""9"": 6374.543608101504, ""10"": 6417.639126058328, ""11"": 6456.494939969732, ""12"": 6498.147272463717, ""13"": 6538.75151180009, ""14"": 6570.023723694545, ""15"": 6601.111090322145}",11.974241495132446
prinz1d,short,vae,2000,10,1,4,4,4,0.202,5,0.8858566689392804,0.884509516833685,0,12,0.4790857445205757,0.6927389980385814,0,5,0.8858566689392804,0.884509516833685,0,4,0.9255915280481422,0.9063968374280764,0,2,0.29723377884947644,0.4206661917645595,0,0.9255915280481422,0.9063968374280764,0.15900000000000003,"{""1"": -4342.083494538089, ""2"": -5123.486776784778, ""3"": -5090.321060722929, ""4"": -5439.843787039359, ""5"": -5497.083473974215, ""6"": -5468.160501821819, ""7"": -5469.547085067245, ""8"": -5442.404459732202, ""9"": -5427.253025162837, ""10"": -5395.7291397997915, ""11"": -5373.301878493985, ""12"": -5339.739556215198, ""13"": -5297.926805222682, ""14"": -5253.4698223543, ""15"": -5215.899236579863}",11.269875049591064
prinz1d,short,vae,2000,10,1,5,4,4,0.1465,8,0.5780250159409236,0.7552053169419044,0,14,0.41053665976331155,0.6571903244070887,0,6,0.7918699186377226,0.8214775888950204,0,4,0.8927066077147201,0.8830974052908377,0,2,0.3859439248090283,0.4854625683807598,0,0.8927066077147201,0.8830974052908377,0.6539999999999999,"{""1"": -3465.151710399277, ""2"": -3631.6187077095556, ""3"": -4025.397095941381, ""4"": -4300.394598526134, ""5"": -4309.264985372634, ""6"": -4387.562367138746, ""7"": -4451.8795243990735, ""8"": -4464.222369574462, ""9"": -4448.645499931184, ""10"": -4434.877699270851, ""11"": -4404.73283100972, ""12"": -4374.502612482903, ""13"": -4336.75489284301, ""14"": -4311.72699490623, ""15"": -4258.664953675172}",11.053131103515625
prinz1d,short,vae,2000,10,1,6,4,4,0.1745,4,0.9295987170684872,0.9119393740139807,0,12,0.4483723969750777,0.6907158208165767,0,1,0.0,0.0,0,4,0.9295987170684872,0.9119393740139807,0,2,0.415148637452622,0.5356945928370346,0,0.9295987170684872,0.9119393740139807,0.028000000000000025,"{""1"": -3522.981171419555, ""2"": -3669.8943287261163, ""3"": -3674.9862859817104, ""4"": -3833.7530659701365, ""5"": -3828.819793974646, ""6"": -3830.2936796357935, ""7"": -3814.603978853797, ""8"": -3813.5432225026857, ""9"": -3808.3633809263056, ""10"": -3772.1112360372576, ""11"": -3751.570100621801, ""12"": -3721.5513243992827, ""13"": -3681.648166449695, ""14"": -3642.447298019428, ""15"": -3606.073688896672}",11.536386251449585
prinz1d,short,vae,2000,10,1,7,4,4,0.1995,4,0.9284926456722001,0.9107892112744745,0,10,0.5249376110956877,0.7075533567933805,0,1,0.0,0.0,0,4,0.9284926456722001,0.9107892112744745,0,2,0.27874538884192335,0.44604057728500635,0,0.9284926456722001,0.9107892112744745,0.039000000000000035,"{""1"": -3617.998112188617, ""2"": -3931.9596791111635, ""3"": -4132.833758827041, ""4"": -4301.826759696833, ""5"": -4283.251483684114, ""6"": -4270.241489954546, ""7"": -4246.584430456731, ""8"": -4219.5287683546185, ""9"": -4193.391044971693, ""10"": -4164.855706656756, ""11"": -4127.919473089823, ""12"": -4092.5026728688354, ""13"": -4057.16611420992, ""14"": -4023.3952051364863, ""15"": -3990.241229151262}",11.297748327255249
prinz1d,short,vae,2000,10,1,8,4,4,0.1555,8,0.5745189443111709,0.7571427638169945,0,12,0.4217313313128633,0.6712476748037216,0,1,0.0,0.0,0,7,0.6559218383709208,0.7670914403145833,0,2,0.348881292627904,0.4588628027760746,0,0.7802392753606138,0.8187185003355465,0.694,"{""1"": -1415.0935106641218, ""2"": -1912.0776461840542, ""3"": -1965.230714995999, ""4"": -2231.020946820917, ""5"": -2225.064457675253, ""6"": -2196.2662731855894, ""7"": -2237.218107000948, ""8"": -2260.9218725363853, ""9"": -2227.412965408083, ""10"": -2201.0729906461997, ""11"": -2181.7264745198904, ""12"": -2154.244315943834, ""13"": -2116.1609449310536, ""14"": -2076.243500688696, ""15"": -2031.8496457641434}",11.392194747924805
prinz1d,short,vae,2000,10,1,9,4,4,0.0695,1,0.0,0.0,0,13,0.2764385244975774,0.577339902797505,0,1,0.0,0.0,0,2,0.5697189993859775,0.6152806687082361,0,2,0.5697189993859775,0.6152806687082361,0,0.7110311200192466,0.7262875389015472,1.0939999999999999,"{""1"": 8947.022582309171, ""2"": 8990.501845134038, ""3"": 8959.807885272887, ""4"": 8974.596602450945, ""5"": 9014.576557949784, ""6"": 9036.451602767465, ""7"": 9061.478585492407, ""8"": 9037.184564955296, ""9"": 9070.52498000638, ""10"": 9107.819599110555, ""11"": 9126.732597457129, ""12"": 9163.048844637275, ""13"": 9193.886029911111, ""14"": 9235.456845430223, ""15"": 9283.836781868482}",11.396571397781372
prinz1d,short,vae,2000,10,1,10,4,4,0.1525,6,0.8040559152081271,0.8204513362544429,0,9,0.5539555687314613,0.7456913012969335,0,1,0.0,0.0,0,4,0.9323494026309435,0.9176012676020476,0,2,0.4196661592598551,0.5206027270770531,0,0.9323494026309435,0.9176012676020476,0.30199999999999994,"{""1"": -6125.956464607133, ""2"": -6174.242586985864, ""3"": -6190.20447899575, ""4"": -6452.499624770362, ""5"": -6469.801959110238, ""6"": -6472.892838405025, ""7"": -6465.005886198991, ""8"": -6451.531450781363, ""9"": -6433.88013164017, ""10"": -6394.650765528683, ""11"": -6357.998086179142, ""12"": -6317.966019845406, ""13"": -6279.481526918811, ""14"": -6233.434632636474, ""15"": -6195.709314250479}",11.281631708145142
prinz1d,short,vae,2000,10,1,11,4,4,0.1725,7,0.6852543659625573,0.7763440640292639,0,12,0.45654632558499403,0.6814340368719803,0,5,0.8378738127749162,0.8274686832741498,0,5,0.8378738127749162,0.8274686832741498,0,2,0.4331623194087018,0.5612632982959403,0,0.838818969842251,0.8314789421286151,0.504,"{""1"": -3414.705759196801, ""2"": -3439.3284754008314, ""3"": -3727.3659277279116, ""4"": -4064.4443594070904, ""5"": -4317.332861725208, ""6"": -4409.974942448749, ""7"": -4463.028342582742, ""8"": -4461.937927949931, ""9"": -4447.933215432615, ""10"": -4456.8148220200665, ""11"": -4417.992548645037, ""12"": -4401.275781062818, ""13"": -4366.801019969136, ""14"": -4333.448599508485, ""15"": -4285.653824575883}",11.309269428253174
prinz1d,short,vae,2000,10,1,12,4,4,0.0945,6,0.5254124611799611,0.6965807722269459,0,8,0.41185889474367077,0.638855445728315,0,1,0.0,0.0,0,2,0.5101363298911479,0.5707269328018023,0,2,0.5101363298911479,0.5707269328018023,0,0.6282649067613618,0.691880065551185,0.678,"{""1"": 8729.447907319362, ""2"": 8761.739907065845, ""3"": 8728.41635463754, ""4"": 8769.507072671897, ""5"": 8808.290485443216, ""6"": 8711.591892056778, ""7"": 8752.443734442435, ""8"": 8778.300175064393, ""9"": 8815.007529886152, ""10"": 8860.628752338294, ""11"": 8897.941436499452, ""12"": 8940.735739767895, ""13"": 8980.65403001335, ""14"": 9019.017572700557, ""15"": 9065.092675184635}",12.139447450637817
prinz1d,short,vae,2000,10,1,13,4,4,0.093,7,0.5805074749925719,0.7324722286337583,0,13,0.3884496787626658,0.6451663212241185,0,1,0.0,0.0,0,4,0.8714693009969817,0.8656658161176698,0,2,0.3372699792703798,0.43843170043228974,0,0.8714693009969817,0.8656658161176698,0.675,"{""1"": -3668.081017101803, ""2"": -3733.11372503582, ""3"": -3908.936765407732, ""4"": -4079.746700195316, ""5"": -4117.019706797891, ""6"": -4161.861561755359, ""7"": -4190.063415280883, ""8"": -4170.98107958345, ""9"": -4139.657191881198, ""10"": -4107.846241412134, ""11"": -4074.310272136187, ""12"": -4040.962687110081, ""13"": -4010.742530523132, ""14"": -3975.025453518538, ""15"": -3937.836411699651}",10.94571852684021
prinz1d,short,vae,2000,10,1,14,4,4,0.136,4,0.8190590196359184,0.8353563253944148,0,10,0.4434065504699741,0.6793133236179809,0,1,0.0,0.0,0,3,0.8273024551006115,0.7976323843587527,0,2,0.3507261940287343,0.4411114556959201,0,0.8190590196359184,0.8353563253944148,0.12399999999999997,"{""1"": 3266.7659331464474, ""2"": 2851.256023819801, ""3"": 2744.119757909877, ""4"": 2618.032745773435, ""5"": 2639.2265797191226, ""6"": 2658.136821156846, ""7"": 2682.572369902741, ""8"": 2706.0992832229135, ""9"": 2733.10952900734, ""10"": 2766.660258812868, ""11"": 2818.5141580108616, ""12"": 2851.2170833621713, ""13"": 2881.42122293981, ""14"": 2911.8859690943873, ""15"": 2947.013201614305}",11.741939067840576
prinz1d,short,vae,2000,10,1,15,4,4,0.1445,8,0.5847591622347598,0.7327758611096297,0,12,0.432493147941069,0.6804084859250584,0,8,0.5847591622347598,0.7327758611096297,0,4,0.8570023644198785,0.8416806770971538,0,2,0.4008351676655415,0.5273155430643098,0,0.8570023644198785,0.8416806770971538,0.659,"{""1"": -5107.202682647302, ""2"": -5243.519421919297, ""3"": -5503.601576582627, ""4"": -5749.259002181458, ""5"": -5863.929007777559, ""6"": -5948.115090433859, ""7"": -6063.502135577641, ""8"": -6084.579022560654, ""9"": -6043.148935013621, ""10"": -6025.781953785442, ""11"": -5992.518224869776, ""12"": -5965.899564283649, ""13"": -5924.786921369212, ""14"": -5880.567327351653, ""15"": -5840.210299205045}",11.508136987686157
prinz1d,short,vae,2000,10,1,16,4,4,0.185,8,0.58045286498532,0.7478666052974978,0,10,0.5229960119155453,0.7190819280008226,0,1,0.0,0.0,0,4,0.8462324767602749,0.8519712511826444,0,2,0.45465089587512475,0.5777386127750717,0,0.8462324767602749,0.8519712511826444,0.7530000000000001,"{""1"": -4268.335137640301, ""2"": -4392.870678287733, ""3"": -4405.643718802042, ""4"": -4717.963021510666, ""5"": -4837.005162235717, ""6"": -4803.119015788074, ""7"": -4837.725520515639, ""8"": -4900.266428369506, ""9"": -4878.747706121816, ""10"": -4858.187400629519, ""11"": -4823.116533733925, ""12"": -4787.330389839872, ""13"": -4748.460060198355, ""14"": -4718.0740067339175, ""15"": -4674.242486222466}",11.349409341812134
prinz1d,short,vae,2000,10,1,17,4,4,0.1995,6,0.6312090981323927,0.7645431408856062,0,15,0.3760036613128812,0.6473698079266186,1,1,0.0,0.0,0,2,0.4762745521617822,0.5883880836418124,0,2,0.4762745521617822,0.5883880836418124,0,0.7524341670049659,0.7793213748957223,0.5740000000000001,"{""1"": -4136.711634138342, ""2"": -4273.467882972333, ""3"": -4368.585664906991, ""4"": -4643.980993225867, ""5"": -4804.482433983863, ""6"": -4915.144506025359, ""7"": -4902.9995831719625, ""8"": -4909.695961088317, ""9"": -4896.295998669904, ""10"": -4897.909471039814, ""11"": -4881.708990032053, ""12"": -4851.993895760581, ""13"": -4826.423747281655, ""14"": -4791.875840081515, ""15"": -4767.969576492785}",11.081895112991333
prinz1d,short,vae,2000,10,1,18,4,4,0.0795,4,0.8714586586626721,0.8703174337549214,0,9,0.5010907304862766,0.6969799391483928,0,1,0.0,0.0,0,3,0.8825933498290806,0.8485429191163829,0,2,0.3004572945581542,0.4246053143477337,0,0.8714586586626721,0.8703174337549214,0.08399999999999995,"{""1"": 2649.574365077158, ""2"": 2620.7336991649718, ""3"": 2571.692658957331, ""4"": 2428.512280621541, ""5"": 2435.682061306234, ""6"": 2447.482725983189, ""7"": 2484.4046577217837, ""8"": 2509.6531191618674, ""9"": 2542.7505311329487, ""10"": 2577.4548988929505, ""11"": 2616.372157148258, ""12"": 2644.4804206485273, ""13"": 2689.114317975609, ""14"": 2719.380780464163, ""15"": 2758.0925228300175}",11.484545946121216
prinz1d,short,vae,2000,10,1,19,4,4,0.13,7,0.5673759628143112,0.7231192722868408,0,13,0.3481920832502036,0.6414100235930899,0,7,0.5673759628143112,0.7231192722868408,0,3,0.8334573135384047,0.8007975657283406,0,2,0.3482940263385417,0.4734417590623824,0,0.8105675239255709,0.8344380359314887,0.49300000000000005,"{""1"": -3606.350837788721, ""2"": -4725.969330892866, ""3"": -4857.408121694365, ""4"": -5084.975469091893, ""5"": -5189.340052579462, ""6"": -5221.532336570398, ""7"": -5249.361570056319, ""8"": -5242.977331865857, ""9"": -5205.447919352216, ""10"": -5191.091015997288, ""11"": -5157.168776496886, ""12"": -5123.91099301019, ""13"": -5091.043351841545, ""14"": -5057.20713342103, ""15"": -5011.346819251923}",11.648947477340698
prinz1d,short,vae,4000,10,1,0,4,4,0.08175,11,0.40274908789647773,0.6603923172986252,0,13,0.35021096927865486,0.6381615520591807,0,4,0.8533849284480932,0.842958082686501,0,5,0.8242247636683148,0.8455666495746305,0,2,0.20269458538380886,0.2305113117594611,0,0.8533849284480932,0.842958082686501,0.992,"{""1"": -9328.112033475198, ""2"": -10847.213536605868, ""3"": -11380.676519230195, ""4"": -11798.007455093235, ""5"": -11925.653293594745, ""6"": -11966.124763861786, ""7"": -12108.057863772723, ""8"": -12115.943110048118, ""9"": -12131.687381136408, ""10"": -12146.053821625606, ""11"": -12156.351977140761, ""12"": -12123.610835541704, ""13"": -12108.16477084357, ""14"": -12055.241759245768, ""15"": -12029.916186409235}",14.14741325378418
prinz1d,short,vae,4000,10,1,1,4,4,0.19175,8,0.59169477170721,0.7518670014634355,0,12,0.44740818417940226,0.6871993586652637,0,4,0.8035652080424738,0.8265420524511254,0,5,0.7536739434626241,0.791757213779668,0,2,0.3975517204904886,0.484972584944777,0,0.8035652080424738,0.8265420524511254,0.683,"{""1"": -8917.700373937283, ""2"": -9278.183304043245, ""3"": -9966.214906977306, ""4"": -10628.799864716782, ""5"": -10609.409383106551, ""6"": -10794.813056427285, ""7"": -10790.267108308519, ""8"": -10877.470259191114, ""9"": -10823.874442628161, ""10"": -10828.595316444647, ""11"": -10801.094699186244, ""12"": -10770.775923467487, ""13"": -10709.972274798785, ""14"": -10674.523869418746, ""15"": -10647.433765020716}",13.585182428359985
prinz1d,short,vae,4000,10,1,2,4,4,0.1875,7,0.7306292362889331,0.8138211926730086,0,15,0.3993723205154209,0.6716323868645018,1,1,0.0,0.0,0,4,0.9004976203604864,0.8944989250949746,0,2,0.45919270557729047,0.5693472577042977,0,0.9004976203604864,0.8944989250949746,0.5185,"{""1"": -323.37261234457077, ""2"": -382.70432371563055, ""3"": -590.9056984840893, ""4"": -1022.852622453362, ""5"": -1116.0621513121307, ""6"": -1191.3236138092334, ""7"": -1286.8781645484273, ""8"": -1281.8955720543897, ""9"": -1274.0306455062555, ""10"": -1271.2343462598951, ""11"": -1237.8970045109759, ""12"": -1207.7831831414933, ""13"": -1174.1613099843325, ""14"": -1136.959417244953, ""15"": -1099.6884187832857}",13.825368642807007
prinz1d,short,vae,4000,10,1,3,4,4,0.16075,6,0.7016106716501441,0.7525291257551976,0,10,0.5211952994689133,0.7057695204531762,0,1,0.0,0.0,0,5,0.7353410492146033,0.7674538844429682,0,2,0.2661097081828039,0.3512800303964305,0,0.5960368998539989,0.6658618424062023,0.378,"{""1"": 16287.169900781684, ""2"": 14838.735778917073, ""3"": 14425.933741046632, ""4"": 14234.940711810164, ""5"": 13809.25995476024, ""6"": 13702.758276427949, ""7"": 13726.625491051767, ""8"": 13732.020598972831, ""9"": 13767.917010956497, ""10"": 13776.88451681324, ""11"": 13819.82225610017, ""12"": 13866.816039129975, ""13"": 13911.377825305584, ""14"": 13946.387517119678, ""15"": 13990.068942819713}",14.397298097610474
prinz1d,short,vae,4000,10,1,4,4,4,0.1315,9,0.5312467062896445,0.7290369664305372,0,15,0.3379051866973731,0.6350079422867814,1,7,0.5810265296803344,0.727250357490767,0,4,0.8507933430050417,0.8435691874078536,0,2,0.15730327929569102,0.3044238316019755,0,0.8507933430050417,0.8435691874078536,0.7675,"{""1"": -7146.192742835116, ""2"": -8745.644012080327, ""3"": -9370.323938170402, ""4"": -9703.590912850581, ""5"": -9954.341334220984, ""6"": -10245.557771555727, ""7"": -10394.963911172621, ""8"": -10541.70740840098, ""9"": -10692.369041241696, ""10"": -10671.516127680545, ""11"": -10670.824784267628, ""12"": -10664.284031284908, ""13"": -10619.953179900072, ""14"": -10622.331714232056, ""15"": -10601.274736188272}",13.986036539077759
prinz1d,short,vae,4000,10,1,5,4,4,0.1735,12,0.48512252893790586,0.6993243092671731,0,15,0.44349943246549534,0.6693504253620615,1,7,0.7034639378804945,0.7745630263209413,0,4,0.8500738789326662,0.8551927898906031,0,2,0.4966786747865987,0.6472981458130563,0,0.8500738789326662,0.8551927898906031,0.8965,"{""1"": 18008.06929725576, ""2"": 8236.317636973688, ""3"": 4244.509803271086, ""4"": 3343.9340950264814, ""5"": 3038.3769860423863, ""6"": 3007.2453100616945, ""7"": 1837.3793312447474, ""8"": 1806.86120734739, ""9"": 1510.5069974667172, ""10"": 1501.1995784302703, ""11"": 1430.6705569287585, ""12"": 1422.4302819090437, ""13"": 1451.9062108404087, ""14"": 1471.3876676595378, ""15"": 1473.0917384202608}",14.491197347640991
prinz1d,short,vae,4000,10,1,6,4,4,0.216,9,0.5610783242574359,0.7292074100880817,0,14,0.4365050185686169,0.6714030155776453,0,6,0.7719020467989721,0.8123845306076661,0,4,0.7775728986842716,0.7883571046269087,0,2,0.12708529870205545,0.2975395908137484,0,0.7775728986842716,0.7883571046269087,0.7975000000000001,"{""1"": -8301.433594199412, ""2"": -9621.001267785343, ""3"": -10164.142690553565, ""4"": -10444.79977946979, ""5"": -10825.036899972922, ""6"": -11331.282536324105, ""7"": -11742.775383521855, ""8"": -11824.26264710565, ""9"": -11844.179798623303, ""10"": -11832.048965627866, ""11"": -11820.196467541244, ""12"": -11784.995505087405, ""13"": -11753.944494550196, ""14"": -11719.496293771976, ""15"": -11680.653817805965}",14.349005937576294
prinz1d,short,vae,4000,10,1,7,4,4,0.10925,6,0.6467027850629415,0.7694711256586343,0,14,0.382806431599887,0.6554458234974808,0,4,0.8862230972738196,0.8703546177048957,0,5,0.8166783178459135,0.8359992892408573,0,2,0.3141822570080214,0.43038013894389143,0,0.8862230972738196,0.8703546177048957,0.503,"{""1"": -8796.460952636678, ""2"": -9481.435258987229, ""3"": -9929.878929900215, ""4"": -10434.852735742754, ""5"": -10428.726402337687, ""6"": -10495.999819534087, ""7"": -10479.396977599234, ""8"": -10474.437124838345, ""9"": -10451.119350959149, ""10"": -10419.19992593989, ""11"": -10385.086594180917, ""12"": -10374.103430356943, ""13"": -10326.939914202845, ""14"": -10301.049623781115, ""15"": -10248.203389663693}",13.275948524475098
prinz1d,short,vae,4000,10,1,8,4,4,0.11225,9,0.5179459703145095,0.7127379001952296,0,14,0.3253400842613965,0.6316684956648456,0,1,0.0,0.0,0,6,0.7365808310092248,0.8006795686550598,0,2,0.3490349479590382,0.43191883940758685,0,0.892555565007731,0.8718370212062378,0.6855,"{""1"": -8679.704157901062, ""2"": -9177.8250722361, ""3"": -9520.374935025464, ""4"": -9885.275949365494, ""5"": -10004.218924110717, ""6"": -10239.04722532805, ""7"": -10320.48305436226, ""8"": -10415.854185040453, ""9"": -10417.534608209948, ""10"": -10397.604183346466, ""11"": -10390.767483851754, ""12"": -10367.363376781359, ""13"": -10339.853777933515, ""14"": -10310.667917511153, ""15"": -10267.12841619534}",13.909987688064575
prinz1d,short,vae,4000,10,1,9,4,4,0.1515,6,0.6992887008686788,0.8107955679650557,0,10,0.5466915179826418,0.7282027412614516,0,1,0.0,0.0,0,5,0.8490483263815384,0.8660625380170391,0,2,0.3379582590695292,0.43126758255773656,0,0.8653509083735091,0.8729750991798031,0.4615,"{""1"": 2127.0783774412434, ""2"": 2070.505166628053, ""3"": 2019.9326835273532, ""4"": 1671.7496139115524, ""5"": 1673.26557640443, ""6"": 1631.8055002644696, ""7"": 1632.5452209122818, ""8"": 1643.086945020661, ""9"": 1664.3173052192765, ""10"": 1681.87237613457, ""11"": 1728.646383118213, ""12"": 1770.6805955854065, ""13"": 1809.9531806072346, ""14"": 1853.793368322128, ""15"": 1888.711411982517}",14.058035850524902
prinz1d,short,vae,4000,10,1,10,4,4,0.1035,9,0.52607584936577,0.7275494635924252,0,15,0.32425996297717236,0.6301073813769669,1,1,0.0,0.0,0,5,0.8000608360353134,0.8372112632994246,0,2,0.371279186400491,0.4767643995877966,0,0.8080379418966276,0.8263518522779664,0.719,"{""1"": -7049.1892682804055, ""2"": -7063.705498621181, ""3"": -7325.6599058623015, ""4"": -7801.27483681032, ""5"": -8047.879728715805, ""6"": -8290.817432672822, ""7"": -8409.30486698327, ""8"": -8485.252311213526, ""9"": -8647.731496717899, ""10"": -8630.976520163025, ""11"": -8596.472220634916, ""12"": -8579.976654711358, ""13"": -8530.397779197225, ""14"": -8541.583513061816, ""15"": -8506.375205565504}",14.039210081100464
prinz1d,short,vae,4000,10,1,11,4,4,0.149,12,0.458549450180086,0.689877561334558,0,14,0.4292139398003052,0.6666825470531839,0,9,0.5458776237363632,0.7374844155275713,0,2,0.49260664649000485,0.6351653535892553,0,2,0.49260664649000485,0.6351653535892553,0,0.621392177676679,0.7248524081147385,0.9545,"{""1"": -8852.168181510304, ""2"": -8850.703043996045, ""3"": -10119.988020518093, ""4"": -10431.163758150862, ""5"": -11023.39510483371, ""6"": -11582.80443511961, ""7"": -11776.406425390014, ""8"": -12222.707464204703, ""9"": -12442.221573551533, ""10"": -12527.58231331125, ""11"": -12526.775913325606, ""12"": -12527.79782137201, ""13"": -12508.582708076883, ""14"": -12477.719518577665, ""15"": -12428.141777593259}",14.29636001586914
prinz1d,short,vae,4000,10,1,12,4,4,0.0925,7,0.47398484131479035,0.684573063799983,0,9,0.37700459049609203,0.6336243779120091,0,1,0.0,0.0,0,2,0.5227804961095401,0.558807935955389,0,2,0.5227804961095401,0.558807935955389,0,0.698732612415473,0.7466418523830658,0.7999999999999999,"{""1"": 17040.182143782295, ""2"": 17026.281422441032, ""3"": 16886.504551472204, ""4"": 16881.81272616385, ""5"": 16903.03978558301, ""6"": 16915.112457766623, ""7"": 16721.500027813323, ""8"": 16753.528358284635, ""9"": 16784.655368015112, ""10"": 16825.10621828435, ""11"": 16875.623988278407, ""12"": 16911.06140244723, ""13"": 16953.506096087665, ""14"": 17001.017482511346, ""15"": 17044.189675917274}",14.454345703125
prinz1d,short,vae,4000,10,1,13,4,4,0.129,8,0.6622924182658338,0.7520327029301656,0,13,0.4153369806911484,0.6549169317347233,0,1,0.0,0.0,0,4,0.9410311262192034,0.9152022082758742,0,2,0.2920755686541368,0.42258186091029437,0,0.9410311262192034,0.9152022082758742,0.566,"{""1"": -5063.8009898317705, ""2"": -5306.3855604775335, ""3"": -5934.500665212443, ""4"": -6197.018327256336, ""5"": -6261.244773092605, ""6"": -6314.4408262613615, ""7"": -6347.403221117936, ""8"": -6350.889923849819, ""9"": -6341.6749727117185, ""10"": -6325.744907466372, ""11"": -6298.4229664209315, ""12"": -6266.4176817106545, ""13"": -6241.190318099994, ""14"": -6200.789350210832, ""15"": -6163.123122322299}",13.830692052841187
prinz1d,short,vae,4000,10,1,14,4,4,0.18575,10,0.49092306408481623,0.6984930675300569,0,15,0.39555705782044787,0.6549241863003435,1,7,0.7407158035057948,0.7945292264266328,0,4,0.8033837785426226,0.8032654456772473,0,2,0.4306519823607759,0.5647432908839148,0,0.8033837785426226,0.8032654456772473,0.86,"{""1"": -8764.062011247268, ""2"": -8877.822702985366, ""3"": -9341.401177798352, ""4"": -9966.904413058535, ""5"": -10342.51137226268, ""6"": -10466.27852861761, ""7"": -10738.509610786832, ""8"": -10796.751639182805, ""9"": -10785.122345479174, ""10"": -10840.555799148793, ""11"": -10803.261211198296, ""12"": -10779.856621742138, ""13"": -10757.187461298818, ""14"": -10726.17695822947, ""15"": -10703.4796878825}",13.917789459228516
prinz1d,short,vae,4000,10,1,15,4,4,0.11825,9,0.5491031518687748,0.7349304377097053,0,14,0.38271147701883257,0.6502568856357105,0,1,0.0,0.0,0,4,0.8815378692654876,0.8705036539168046,0,2,0.3766042895884595,0.481849722594057,0,0.8815378692654876,0.8705036539168046,0.7545000000000001,"{""1"": -2500.033444068908, ""2"": -2699.5984376118895, ""3"": -2761.773691405444, ""4"": -3292.7649839171977, ""5"": -3297.5282975072582, ""6"": -3313.736051227615, ""7"": -3407.2854365772837, ""8"": -3402.636951646038, ""9"": -3420.925543457507, ""10"": -3375.7725736198845, ""11"": -3347.055883228979, ""12"": -3314.731746493126, ""13"": -3273.1002037319317, ""14"": -3250.1529187321403, ""15"": -3195.7713378905346}",13.911425113677979
prinz1d,short,vae,4000,10,1,16,4,4,0.17125,9,0.5990715047915656,0.7315271689629919,0,15,0.42695268827543087,0.668660016091473,1,4,0.8757028286772837,0.8619078011993504,0,5,0.8067034822877363,0.8296229673732013,0,2,0.27503756345158686,0.37567255080654693,0,0.8757028286772837,0.8619078011993504,0.7090000000000002,"{""1"": -10934.241799297331, ""2"": -11602.198041361482, ""3"": -11719.328237928132, ""4"": -12328.537383891797, ""5"": -12414.824885677694, ""6"": -12468.610206987298, ""7"": -12423.668686072255, ""8"": -12500.486407523988, ""9"": -12512.338559645405, ""10"": -12510.58745679502, ""11"": -12507.305209553388, ""12"": -12493.818695035328, ""13"": -12467.134898510056, ""14"": -12435.922002780535, ""15"": -12413.558398033247}",13.825896263122559
prinz1d,short,vae,4000,10,1,17,4,4,0.2135,10,0.5140157346146993,0.7100042280229819,0,15,0.37249510416085535,0.6518007847504813,1,7,0.6439049159654725,0.7596290987392031,0,5,0.8584668442381945,0.8605215244205201,0,2,0.3193352757934101,0.4620535476142607,0,0.8347577100681189,0.8248189620929913,0.8979999999999999,"{""1"": -8187.595741932788, ""2"": -9387.58910871564, ""3"": -9402.178652143863, ""4"": -9860.98461918928, ""5"": -10218.068703349738, ""6"": -10473.121511176156, ""7"": -10771.764721647658, ""8"": -10969.874008992378, ""9"": -11004.172817280049, ""10"": -11085.024018607004, ""11"": -11075.432116160811, ""12"": -11064.33806599301, ""13"": -11065.123817260512, ""14"": -11031.797919494564, ""15"": -10998.865373313272}",13.512892723083496
prinz1d,short,vae,4000,10,1,18,4,4,0.16125,7,0.6643481649777673,0.7735188747651733,0,12,0.45340926905821144,0.6921268448512379,0,1,0.0,0.0,0,4,0.8471113094272842,0.8507464771922754,0,2,0.421985009912743,0.5299078147214077,0,0.8471113094272842,0.8507464771922754,0.51,"{""1"": -8351.709004538025, ""2"": -8767.676372164187, ""3"": -9187.537758365852, ""4"": -9712.28393531826, ""5"": -9895.309166853014, ""6"": -10058.351495283308, ""7"": -10163.842202775846, ""8"": -10152.145583865718, ""9"": -10141.96600112662, ""10"": -10128.368113453202, ""11"": -10103.70813702569, ""12"": -10066.918476329442, ""13"": -10021.180640662995, ""14"": -9979.617012672443, ""15"": -9941.408611075542}",14.261295557022095
prinz1d,short,vae,4000,10,1,19,4,4,0.157,7,0.6582715582160782,0.7568329869764754,0,13,0.41727249123839033,0.6706730895592484,0,5,0.871925967692654,0.8586096182724542,0,4,0.9097539990053795,0.8964421063143596,0,2,0.3491787944709166,0.44690820714910673,0,0.9097539990053795,0.8964421063143596,0.44849999999999995,"{""1"": -3314.250991287634, ""2"": -4628.43062308011, ""3"": -4820.739781070587, ""4"": -5273.047274941508, ""5"": -5482.806007806834, ""6"": -5489.681138241749, ""7"": -5509.289208592123, ""8"": -5503.9702238175105, ""9"": -5492.6851533682475, ""10"": -5504.859797445774, ""11"": -5481.8288095903545, ""12"": -5441.455653119199, ""13"": -5408.28821231386, ""14"": -5364.327114265371, ""15"": -5326.638423797917}",13.900539875030518
prinz1d,short,vae,8000,10,1,0,4,4,0.130375,10,0.4918151765192107,0.6927947592733223,0,15,0.35893923314456866,0.635460979751127,1,1,0.0,0.0,0,3,0.7473277485389841,0.7562592386988399,0,2,0.3102689128690934,0.44548865570688384,0,0.8780344916785472,0.8614826970255774,0.77875,"{""1"": -21918.35939412508, ""2"": -22486.1480690356, ""3"": -23776.50355528796, ""4"": -24870.861333417117, ""5"": -25080.33111213856, ""6"": -25275.66196703117, ""7"": -25487.52744052573, ""8"": -25932.48934089585, ""9"": -26120.507986841705, ""10"": -26172.014920776182, ""11"": -26166.725642888454, ""12"": -26130.242285796452, ""13"": -26105.618313180374, ""14"": -26081.78584320005, ""15"": -26045.952686936573}",23.736613512039185
prinz1d,short,vae,8000,10,1,1,4,4,0.185625,9,0.5783751906350537,0.7404513114478254,0,14,0.4323547483882562,0.6710658370963193,0,1,0.0,0.0,0,5,0.8616037825638301,0.8618984507021031,0,2,0.42739962608588267,0.5324137841526276,0,0.836804359924467,0.8499456247651519,0.72075,"{""1"": -8972.717853399166, ""2"": -10158.208632853495, ""3"": -10425.15275698548, ""4"": -11813.599931124076, ""5"": -11881.71457378795, ""6"": -11944.108494510177, ""7"": -12288.807129274404, ""8"": -12347.018802231343, ""9"": -12514.337523144222, ""10"": -12506.099139205495, ""11"": -12486.326244893753, ""12"": -12460.161496437624, ""13"": -12437.541050880987, ""14"": -12400.979992095094, ""15"": -12356.31966286232}",23.78921389579773
prinz1d,short,vae,8000,10,1,2,4,4,0.145125,10,0.5352276243977679,0.7267302561672502,0,14,0.3969887553085168,0.6610938762604235,0,6,0.791402398854908,0.821849240963711,0,4,0.8859335578732321,0.8944638668783115,0,2,0.4129869912249747,0.522955902772504,0,0.8859335578732321,0.8944638668783115,0.77375,"{""1"": -18090.956368872172, ""2"": -18486.48528390012, ""3"": -19595.990090762007, ""4"": -20570.524212370943, ""5"": -20996.443420527972, ""6"": -21267.18850177769, ""7"": -21452.7447127159, ""8"": -21566.253332108336, ""9"": -21549.700102184812, ""10"": -21685.69152317906, ""11"": -21643.35919821393, ""12"": -21641.07358105086, ""13"": -21613.48740415226, ""14"": -21606.059835155076, ""15"": -21557.813011182403}",23.37030291557312
prinz1d,short,vae,8000,10,1,3,4,4,0.19925,10,0.5458195990826115,0.7239077205913481,0,15,0.3875319257933275,0.660117136173861,1,1,0.0,0.0,0,4,0.8115245930787909,0.8278592385505821,0,2,0.2980572828753913,0.4049876741401829,0,0.8115245930787909,0.8278592385505821,0.7962500000000001,"{""1"": -19356.144271595138, ""2"": -20764.16733653859, ""3"": -21088.02344561018, ""4"": -22589.64570041002, ""5"": -22864.298820206586, ""6"": -23142.17365759679, ""7"": -23524.88566964102, ""8"": -23775.503698864504, ""9"": -23853.2398716352, ""10"": -23860.361168413965, ""11"": -23843.84722592103, ""12"": -23809.239169313914, ""13"": -23746.60003254266, ""14"": -23826.879737908308, ""15"": -23794.013636364747}",22.59741711616516
prinz1d,short,vae,8000,10,1,4,4,4,0.14475,12,0.4262477430473632,0.6805898106625778,0,13,0.4005089613941629,0.6749019666870453,0,1,0.0,0.0,0,5,0.8078847100404086,0.8490803979611451,0,2,0.4172545110111852,0.5316800537827261,0,0.9037139370746189,0.881771657579205,1.0214999999999999,"{""1"": -16155.50926722491, ""2"": -17574.803267890373, ""3"": -18112.64761265303, ""4"": -18905.864946265316, ""5"": -19056.985829913876, ""6"": -19213.229899149504, ""7"": -19311.632487215382, ""8"": -19532.391566185044, ""9"": -19525.37408238142, ""10"": -19570.124552269514, ""11"": -19588.944490810125, ""12"": -19590.483594701396, ""13"": -19573.71773234088, ""14"": -19526.075850912104, ""15"": -19480.29303264454}",21.751070022583008
prinz1d,short,vae,8000,10,1,5,4,4,0.193125,13,0.4162697253206872,0.6741025011316756,0,15,0.37258642402849274,0.6557519029929015,1,7,0.6838451676198131,0.7516662219524389,0,3,0.5394014277370286,0.6914004559218736,0,2,0.47023674637256535,0.6069393818590907,0,0.712558494323525,0.7543388488107768,1.05925,"{""1"": 39542.90846416665, ""2"": 27672.909108317846, ""3"": 19184.045735540403, ""4"": 14904.560788796045, ""5"": 14500.997309768192, ""6"": 13501.25896399197, ""7"": 13207.27630549459, ""8"": 12975.33172060327, ""9"": 12870.888291543957, ""10"": 12814.967617954497, ""11"": 12866.037297250168, ""12"": 12893.89154201946, ""13"": 12772.483694821181, ""14"": 12800.91550396962, ""15"": 12832.30428299529}",22.65351128578186
prinz1d,short,vae,8000,10,1,6,4,4,0.220875,12,0.4715263352027506,0.6953031643395456,0,15,0.4131220317209133,0.6698688713763354,1,6,0.7951267757480682,0.8163274229796522,0,4,0.9018184891727945,0.8948907794388624,0,2,0.3795004697820915,0.4673740667467462,0,0.9018184891727945,0.8948907794388624,0.98125,"{""1"": -21591.921422670366, ""2"": -22183.120341308037, ""3"": -22242.239425333908, ""4"": -23801.28256134765, ""5"": -24849.434847219123, ""6"": -24986.63843975961, ""7"": -25227.913308780884, ""8"": -25240.996834471658, ""9"": -25254.229665466384, ""10"": -25257.486242009993, ""11"": -25274.147682562438, ""12"": -25281.4470128891, ""13"": -25263.628292545178, ""14"": -25205.11005964757, ""15"": -25202.715569949465}",22.340331077575684
prinz1d,short,vae,8000,10,1,7,4,4,0.1565,10,0.5266394662972275,0.7160959741640074,0,15,0.3694232701769946,0.6512727134126295,1,5,0.8559590420307328,0.8342331917281153,0,6,0.7745646617079385,0.799229977291633,0,2,0.35558518166020775,0.4509744541789663,0,0.8549244848398652,0.8470181173958641,0.78425,"{""1"": -248.01954547255195, ""2"": -4171.23706812971, ""3"": -4892.554592773983, ""4"": -6208.325269196203, ""5"": -6366.366712961014, ""6"": -6436.861634096526, ""7"": -6472.388674625015, ""8"": -6582.35007244712, ""9"": -6579.037203965488, ""10"": -6594.729549158036, ""11"": -6556.812649702898, ""12"": -6512.1677830217695, ""13"": -6471.356971205435, ""14"": -6435.130077093771, ""15"": -6426.096950111495}",23.06813406944275
prinz1d,short,vae,8000,10,1,8,4,4,0.16075,11,0.49490347770975185,0.6968098597896697,0,15,0.41063489839417117,0.6582319333761214,1,1,0.0,0.0,0,4,0.9129990140691396,0.8932578531256473,0,2,0.4698623810252605,0.6103749777123124,0,0.9129990140691396,0.8932578531256473,0.8902500000000001,"{""1"": -18880.985868035976, ""2"": -19303.152064582886, ""3"": -19601.144270033572, ""4"": -20484.89738712571, ""5"": -20980.2206065888, ""6"": -21249.03313670588, ""7"": -21369.7425057104, ""8"": -21530.781848368755, ""9"": -21625.53934826106, ""10"": -21631.061587313205, ""11"": -21643.313500089815, ""12"": -21637.756940609182, ""13"": -21617.883755545026, ""14"": -21592.803378691362, ""15"": -21551.671704537384}",21.4819655418396
prinz1d,short,vae,8000,10,1,9,4,4,0.17075,8,0.6313857216094318,0.7639957250017737,0,14,0.3842542689159375,0.6527801605837492,0,1,0.0,0.0,0,4,0.9339082983788495,0.9118174071601374,0,2,0.40766628957529333,0.5145879514484984,0,0.9339082983788495,0.9118174071601374,0.6347499999999999,"{""1"": -11361.31849403615, ""2"": -11855.349769669738, ""3"": -11924.2364066668, ""4"": -12633.849212353254, ""5"": -12806.933842208191, ""6"": -13149.449159151587, ""7"": -12988.385192184453, ""8"": -13341.852063706878, ""9"": -13326.923265349871, ""10"": -13305.385678023586, ""11"": -13310.473614296701, ""12"": -13295.160417884505, ""13"": -13266.234993762177, ""14"": -13231.165876018724, ""15"": -13178.456488081849}",21.332674741744995
prinz1d,short,vae,8000,10,1,10,4,4,0.121875,8,0.507235902730655,0.703165352141357,0,15,0.2968661569268087,0.6027952516027011,1,2,0.4412943223626548,0.5881231237038863,0,3,0.7757450643837381,0.7835122534008215,0,3,0.7757450643837381,0.7835122534008215,0,0.8682559972504935,0.870636630856158,0.7424999999999999,"{""1"": 43154.72661539901, ""2"": 36764.79860721818, ""3"": 36027.87319472893, ""4"": 34985.87599707234, ""5"": 34990.310743379705, ""6"": 34989.17890355824, ""7"": 34760.83471931165, ""8"": 34704.46991947218, ""9"": 34734.67300818139, ""10"": 34750.410212288014, ""11"": 34789.073795273354, ""12"": 34836.96857797594, ""13"": 34871.87288582037, ""14"": 34889.06448631837, ""15"": 34913.67426459162}",22.138919830322266
prinz1d,short,vae,8000,10,1,11,4,4,0.183125,11,0.45115492507009447,0.6786626329935265,0,15,0.34893715252537216,0.6352457339350627,1,2,0.47906172578790407,0.6145312191151179,0,3,0.6551355332074629,0.7404547205184999,0,2,0.47906172578790407,0.6145312191151179,0,0.8667733309372256,0.8730803896340009,1.01075,"{""1"": 43726.538008163916, ""2"": 36745.52519377397, ""3"": 36325.41155623082, ""4"": 35478.37689379963, ""5"": 35169.07785968908, ""6"": 35018.579749479286, ""7"": 35047.697499679874, ""8"": 35015.955844730044, ""9"": 35022.29776017987, ""10"": 35047.909532682665, ""11"": 34997.07556022932, ""12"": 35037.9543675408, ""13"": 35017.57338499361, ""14"": 35062.09631175925, ""15"": 35092.61293323896}",22.79114556312561
prinz1d,short,vae,8000,10,1,12,4,4,0.15375,14,0.36576307230658145,0.64250011165044,0,14,0.36576307230658145,0.64250011165044,0,6,0.6600363949212815,0.7537503740370529,0,2,0.4141790387343308,0.5455801813087878,0,4,0.5693591905291757,0.7342997631063458,0,0.5693591905291757,0.7342997631063458,1.0715,"{""1"": 36027.33589188268, ""2"": 10441.246833582785, ""3"": 5436.7093083061045, ""4"": 811.9763856664656, ""5"": -2127.717981810158, ""6"": -3626.916226776976, ""7"": -3653.9561136378215, ""8"": -3755.981288879603, ""9"": -3847.9200382118433, ""10"": -4001.012414843696, ""11"": -4001.533830687311, ""12"": -4269.2463242282465, ""13"": -4479.290190428954, ""14"": -4592.637805779737, ""15"": -4430.476716501115}",24.622950792312622
prinz1d,short,vae,8000,10,1,13,4,4,0.172625,9,0.5641339892019547,0.7430747671734131,0,15,0.3515884764869611,0.6436091518776008,1,4,0.8854622267488628,0.8877531034533279,0,4,0.8854622267488628,0.8877531034533279,0,2,0.2981645074694473,0.43774736030714034,0,0.8854622267488628,0.8877531034533279,0.7657499999999999,"{""1"": -7484.969870407046, ""2"": -10330.353565261608, ""3"": -10616.881741297659, ""4"": -11808.575551121567, ""5"": -11904.784284445353, ""6"": -11907.097512537022, ""7"": -12253.285707137593, ""8"": -12319.185821587445, ""9"": -12342.111050074456, ""10"": -12331.684784988944, ""11"": -12314.32903766268, ""12"": -12322.292223258108, ""13"": -12291.116672398031, ""14"": -12270.152905772553, ""15"": -12234.424308703414}",21.922422409057617
prinz1d,short,vae,8000,10,1,14,4,4,0.175375,10,0.5220813965820945,0.7129189028470382,0,15,0.35760614494007137,0.6421573847637221,1,4,0.8578421618472579,0.8364453977936763,0,3,0.6972137164245757,0.7210020085607464,0,2,0.24889762977388724,0.4067033046897098,0,0.8578421618472579,0.8364453977936763,0.77925,"{""1"": -11350.82513204273, ""2"": -12802.513767170616, ""3"": -13636.781240070188, ""4"": -14618.092363976868, ""5"": -14883.219860708516, ""6"": -15012.749500380864, ""7"": -15096.308388264826, ""8"": -15131.050189446749, ""9"": -15115.677258856404, ""10"": -15134.566376145864, ""11"": -15041.276696700552, ""12"": -15090.155114188252, ""13"": -15063.184001392754, ""14"": -15042.781612437633, ""15"": -15002.017581812011}",22.224902868270874
prinz1d,short,vae,8000,10,1,15,4,4,0.147,10,0.4573875261469787,0.685032443302752,0,15,0.3358425302784198,0.6317429785204531,1,2,0.4624571283484863,0.5916690038634751,0,4,0.8251060620949181,0.8475021958765765,0,2,0.4624571283484863,0.5916690038634751,0,0.8251060620949181,0.8475021958765765,0.97225,"{""1"": 42838.95477949524, ""2"": 36428.860789106475, ""3"": 35909.442557693816, ""4"": 34997.57007108669, ""5"": 34769.58728180566, ""6"": 34986.26124560704, ""7"": 34730.11742080701, ""8"": 34574.49540527685, ""9"": 34501.56169840729, ""10"": 34465.43465364657, ""11"": 34492.909796732354, ""12"": 34493.36959428182, ""13"": 34536.69009755671, ""14"": 34584.60002341601, ""15"": 34602.377289298754}",21.946910858154297
prinz1d,short,vae,8000,10,1,16,4,4,0.205625,11,0.49083463991926396,0.7024602276666289,0,14,0.440114861447017,0.6701439392052423,0,5,0.705214748049996,0.786956569007556,0,6,0.6657561123294612,0.7647453950914773,0,2,0.34124108033430917,0.468313171843177,0,0.7419010054543799,0.8064192307783635,0.9562499999999999,"{""1"": -18506.823570421857, ""2"": -20883.534934893272, ""3"": -21603.168359454725, ""4"": -23251.386204809063, ""5"": -23811.638525290473, ""6"": -23861.622396722905, ""7"": -24395.439374791044, ""8"": -24463.58815911003, ""9"": -24587.586599737242, ""10"": -24653.84433178134, ""11"": -24654.88825887054, ""12"": -24645.611032536286, ""13"": -24608.069160397066, ""14"": -24613.66999094514, ""15"": -24571.08548227388}",22.428707122802734
prinz1d,short,vae,8000,10,1,17,4,4,0.191,11,0.4911763473085113,0.6969637353161079,0,15,0.3843601405167898,0.6568905785992746,1,1,0.0,0.0,0,5,0.8212319901976517,0.8255976015953016,0,2,0.33681366316118766,0.42077843788371766,0,0.8029401700984917,0.8282713216728427,0.8999999999999999,"{""1"": -16162.382027404887, ""2"": -16955.365908475887, ""3"": -17698.901504720667, ""4"": -18620.95319288545, ""5"": -19019.071104715622, ""6"": -19381.622490547405, ""7"": -19485.06849830395, ""8"": -19472.183731216104, ""9"": -19504.391280692467, ""10"": -19580.338658112465, ""11"": -19593.183019033862, ""12"": -19568.072200714596, ""13"": -19558.89381540191, ""14"": -19524.109874872636, ""15"": -19495.33729972955}",20.908266067504883
prinz1d,short,vae,8000,10,1,18,4,4,0.132,11,0.40870706754592306,0.6665728826514028,0,15,0.31075930488714826,0.612793747449897,1,4,0.840034445120438,0.8588586815333328,0,3,0.7333005379838594,0.777323536831463,0,3,0.7333005379838594,0.777323536831463,0,0.840034445120438,0.8588586815333328,1.0390000000000001,"{""1"": 42416.8804346481, ""2"": 37598.19601122251, ""3"": 36884.171618637774, ""4"": 35972.106156683505, ""5"": 35769.465365721546, ""6"": 35621.90618387066, ""7"": 35587.2983812206, ""8"": 35319.514265180755, ""9"": 35370.28742754326, ""10"": 35278.556423220296, ""11"": 35265.462682681136, ""12"": 35274.5332828092, ""13"": 35269.2610721045, ""14"": 35294.06382645425, ""15"": 35330.8823035583}",23.44140648841858
prinz1d,short,vae,8000,10,1,19,4,4,0.1465,10,0.5263586102962021,0.7214278267095852,0,15,0.3479069859054495,0.6455723016957039,1,5,0.7085939524503118,0.7919194604506117,0,8,0.5778765625651907,0.7466729280145014,0,2,0.2605818282605674,0.37862723473457055,0,0.74456345833049,0.7948205295684106,0.7627499999999999,"{""1"": -22640.853057420984, ""2"": -24901.677132687593, ""3"": -25719.101866012417, ""4"": -26597.423843501394, ""5"": -27455.632356780163, ""6"": -27937.090555016403, ""7"": -28205.649646334572, ""8"": -28332.144027139224, ""9"": -28329.382091144096, ""10"": -28344.543607730582, ""11"": -28327.66869131233, ""12"": -28301.512034270203, ""13"": -28275.58121636539, ""14"": -28240.4298671992, ""15"": -28234.705993540658}",21.39028549194336
prinz1d,short,vae,16000,10,1,0,4,4,0.1458125,14,0.3754939579310123,0.6512228767790821,0,15,0.34579104675043265,0.6356379048498587,1,8,0.551003237136255,0.7237019329122361,0,5,0.8254070017402056,0.8287450235145261,0,2,0.35922952899186444,0.4538586311742878,0,0.8046710375303182,0.8131640308911523,1.07975,"{""1"": -30191.61645174424, ""2"": -34468.864875332576, ""3"": -35804.03488996322, ""4"": -36810.84476758005, ""5"": -38859.09143773416, ""6"": -40628.66393254027, ""7"": -41958.23704091563, ""8"": -42126.32009995286, ""9"": -42442.47029870087, ""10"": -42630.821775417775, ""11"": -42651.832426724344, ""12"": -42778.60019953678, ""13"": -42864.74994746731, ""14"": -42885.983642736755, ""15"": -42862.80252045598}",64.16277599334717
prinz1d,short,vae,16000,10,1,1,4,4,0.196625,12,0.45553238949675223,0.6815626505141741,0,15,0.40862992305938256,0.6599970529420975,1,6,0.7911124499925772,0.8080993593659691,0,4,0.8797245383703275,0.8726514911182417,0,2,0.1442159545397026,0.28177903448616615,0,0.8797245383703275,0.8726514911182417,0.9675,"{""1"": -32207.62176968974, ""2"": -36161.64574794238, ""3"": -38735.85317074591, ""4"": -40500.07259450354, ""5"": -42655.09180930352, ""6"": -43558.328024100076, ""7"": -44500.81746133964, ""8"": -44819.58333296524, ""9"": -45075.27144834069, ""10"": -45457.72249084907, ""11"": -45526.534841407694, ""12"": -45593.974722320694, ""13"": -45549.65911103146, ""14"": -45540.68146121949, ""15"": -45516.6391934477}",64.73029327392578
prinz1d,short,vae,16000,10,1,2,4,4,0.176,15,0.3853142904771407,0.6530715121744494,1,15,0.3853142904771407,0.6530715121744494,1,5,0.8410274198659563,0.8358690035550308,0,4,0.8717772109219485,0.8659954456277142,0,2,0.3931371441243062,0.4712688358460202,0,0.8717772109219485,0.8659954456277142,1.1155,"{""1"": -37897.4692913967, ""2"": -41310.88545629806, ""3"": -42845.254323902234, ""4"": -46211.667717608456, ""5"": -47729.00448550063, ""6"": -48174.21406719463, ""7"": -48626.936925961985, ""8"": -49550.10082464488, ""9"": -49984.45663046654, ""10"": -50141.33802560917, ""11"": -50205.863159073175, ""12"": -50309.81805514097, ""13"": -50340.704239444305, ""14"": -50344.6526576319, ""15"": -50354.70417698573}",63.62406945228577
prinz1d,short,vae,16000,10,1,3,4,4,0.201625,10,0.5357283097580475,0.7305501310656479,0,13,0.4431252052396864,0.6718369002353594,0,6,0.7297353891890912,0.760963160563171,0,2,0.33734336237505275,0.43242751510496313,0,2,0.33734336237505275,0.43242751510496313,0,0.7830823005055935,0.8045424030024148,0.8728749999999998,"{""1"": 25475.584049112975, ""2"": 12811.742931931716, ""3"": 11252.667999303894, ""4"": 8961.930638346646, ""5"": 8890.970853745504, ""6"": 8051.720085722751, ""7"": 7974.865652671121, ""8"": 7775.500337257346, ""9"": 7701.033524040006, ""10"": 7226.98999790974, ""11"": 7276.615151670851, ""12"": 7289.597133372521, ""13"": 7274.44265962483, ""14"": 7364.1507021235175, ""15"": 7399.453164642111}",64.49542164802551
prinz1d,short,vae,16000,10,1,4,4,4,0.157625,14,0.3982423815298354,0.666545249158158,0,15,0.37176544091607266,0.650663678955516,1,6,0.8103037963888278,0.8350952871440837,0,4,0.9366989029245887,0.9156904233977093,0,2,0.24709361733337729,0.4040465380690173,0,0.9366989029245887,0.9156904233977093,1.0613749999999997,"{""1"": -32101.717301336266, ""2"": -38572.43150095994, ""3"": -40299.02524912974, ""4"": -42738.73642543453, ""5"": -43258.684942660875, ""6"": -43729.891604046476, ""7"": -43902.49152416385, ""8"": -44168.347631592784, ""9"": -44288.934287859345, ""10"": -44322.741347293464, ""11"": -44410.64719145288, ""12"": -44466.65069558133, ""13"": -44489.006776638256, ""14"": -44501.0086427769, ""15"": -44492.3830197943}",63.048243284225464
prinz1d,short,vae,16000,10,1,5,4,4,0.2009375,12,0.46840265043188806,0.6893473471513529,0,15,0.40789634731737734,0.6660504310392461,1,1,0.0,0.0,0,2,0.4714970498933316,0.6012850348818518,0,2,0.4714970498933316,0.6012850348818518,0,0.8134711277155515,0.8432808367643128,0.94825,"{""1"": -42422.25944660656, ""2"": -42930.23844452961, ""3"": -43797.30507835754, ""4"": -46001.120284830366, ""5"": -46074.92344311735, ""6"": -46896.71820779783, ""7"": -47204.22286075211, ""8"": -47461.78442234623, ""9"": -47692.818596077406, ""10"": -47752.82477039222, ""11"": -47771.18167536582, ""12"": -48079.226992553675, ""13"": -48074.695361771664, ""14"": -48048.762756045566, ""15"": -48072.44116057486}",60.64016938209534
prinz1d,short,vae,16000,10,1,6,4,4,0.196375,11,0.5249149924634867,0.7154137975640456,0,15,0.42909361879092905,0.6690063878660177,1,1,0.0,0.0,0,2,0.43684720175785136,0.5573784377236026,0,2,0.43684720175785136,0.5573784377236026,0,0.8016194257698458,0.8168257889709216,0.8681249999999998,"{""1"": -45829.64377641152, ""2"": -45994.453246012825, ""3"": -47601.8240601207, ""4"": -50627.223109869556, ""5"": -51342.943175951514, ""6"": -51934.19861764898, ""7"": -52033.74726173852, ""8"": -52586.850213797035, ""9"": -53248.62681933733, ""10"": -53793.934864813185, ""11"": -53819.39626959992, ""12"": -53791.271139057884, ""13"": -53786.87601748722, ""14"": -53776.32342944234, ""15"": -53733.485163843245}",62.4664990901947
prinz1d,short,vae,16000,10,1,7,4,4,0.1876875,12,0.4587587150309608,0.6971916094363685,0,12,0.4587587150309608,0.6971916094363685,0,4,0.779178692312181,0.814477647685894,0,4,0.779178692312181,0.814477647685894,0,2,0.3445240186256477,0.43889428022659743,0,0.779178692312181,0.814477647685894,1.0345,"{""1"": 18711.288395718515, ""2"": 11282.234113706287, ""3"": 10652.47030824478, ""4"": 8717.223436551561, ""5"": 8514.71727925236, ""6"": 8611.563285612594, ""7"": 7673.525740145286, ""8"": 7697.925115443976, ""9"": 7708.287489648022, ""10"": 7693.219231697689, ""11"": 7671.309242973753, ""12"": 7640.3995756556415, ""13"": 7723.24116768663, ""14"": 7738.203661897554, ""15"": 7792.032274467336}",65.26430010795593
prinz1d,short,vae,16000,10,1,8,4,4,0.15125,15,0.3693293269401405,0.6542784992530556,1,15,0.3693293269401405,0.6542784992530556,1,6,0.7684218671925338,0.8164584911300207,0,4,0.8643658155911382,0.8638812968140948,0,2,0.42011484658299997,0.5289843652246056,0,0.8643658155911382,0.8638812968140948,1.1774999999999998,"{""1"": -34742.95252229351, ""2"": -36885.48760060872, ""3"": -38308.77679039943, ""4"": -40273.64779503129, ""5"": -41465.28093112791, ""6"": -42473.72100948842, ""7"": -43124.48968853489, ""8"": -43624.10603903729, ""9"": -43882.91535392926, ""10"": -44022.04784174011, ""11"": -44004.6137351817, ""12"": -44091.39595208402, ""13"": -44177.70866751692, ""14"": -44185.931474488476, ""15"": -44248.29363174225}",62.797000885009766
prinz1d,short,vae,16000,10,1,9,4,4,0.1659375,12,0.4429020455510628,0.6904968970003217,0,15,0.36290755568013083,0.6494228286950993,1,5,0.7504964314512329,0.7885602533784412,0,2,0.4627103570528851,0.5975941964471596,0,2,0.4627103570528851,0.5975941964471596,0,0.8682680840742243,0.8475852319502182,1.045875,"{""1"": -39216.191960507786, ""2"": -45887.25285291472, ""3"": -48770.706288147274, ""4"": -50719.66592705374, ""5"": -51799.19072369217, ""6"": -52891.154635704166, ""7"": -53237.16221660027, ""8"": -53680.82582685698, ""9"": -54061.401033742986, ""10"": -54163.87193464048, ""11"": -54379.46275973298, ""12"": -54461.92188396252, ""13"": -54418.81101406638, ""14"": -54405.381204360325, ""15"": -54379.20487479212}",64.10264039039612
prinz1d,short,vae,16000,10,1,10,4,4,0.184125,15,0.39327219729531837,0.6644159689252016,1,15,0.39327219729531837,0.6644159689252016,1,5,0.8923805964067223,0.8727062215341125,0,4,0.9336393597791361,0.9119724481720751,0,2,0.21278847622877542,0.3572039898647835,0,0.9336393597791361,0.9119724481720751,1.1265,"{""1"": -41294.89589310983, ""2"": -44457.697907098525, ""3"": -45681.380767238625, ""4"": -48891.68154452502, ""5"": -50032.72486149783, ""6"": -50537.00525941241, ""7"": -51096.51742910802, ""8"": -51402.5325439773, ""9"": -51568.48287108668, ""10"": -51692.76921825777, ""11"": -51735.006815212735, ""12"": -51785.939435916014, ""13"": -51801.80467834187, ""14"": -51806.86003666243, ""15"": -51929.16616468855}",62.87132501602173
prinz1d,short,vae,16000,10,1,11,4,4,0.179,13,0.4438776093359503,0.6818491796900986,0,15,0.4020982692077631,0.6660895474721698,1,6,0.734555931047965,0.7958697644716842,0,6,0.734555931047965,0.7958697644716842,0,2,0.39871480589285774,0.49384475625178725,0,0.7890442453694537,0.8367422866789381,0.9942500000000001,"{""1"": -34014.73594466229, ""2"": -34756.68377201638, ""3"": -37162.284904473876, ""4"": -39067.62045399818, ""5"": -41105.80426520239, ""6"": -42191.204411216975, ""7"": -43207.25894077754, ""8"": -43823.13112169833, ""9"": -43832.142015968646, ""10"": -44136.04317245834, ""11"": -44179.40077073788, ""12"": -44183.714577677136, ""13"": -44272.248855158905, ""14"": -44230.596024445345, ""15"": -44205.8928628637}",64.08407163619995
prinz1d,short,vae,16000,10,1,12,4,4,0.1476875,12,0.4192014896334345,0.6730694726808049,0,13,0.3848690487087587,0.6591868838089073,0,1,0.0,0.0,0,5,0.7853558245274035,0.8278496031981268,0,2,0.2986757049267274,0.4297927319169401,0,0.8884703429174835,0.8853111936625689,1.0118749999999999,"{""1"": -7063.227680472472, ""2"": -9475.07523184773, ""3"": -9982.49019495396, ""4"": -11198.740647812047, ""5"": -11403.60239827002, ""6"": -12291.545475126159, ""7"": -12446.447720212558, ""8"": -12495.901643572543, ""9"": -12630.132482605122, ""10"": -12691.05995987014, ""11"": -12679.840077735016, ""12"": -12811.089299811201, ""13"": -12785.78098725881, ""14"": -12731.028180746858, ""15"": -12683.196991634515}",62.557602643966675
prinz1d,short,vae,16000,10,1,13,4,4,0.179875,12,0.45132215835582346,0.6776236910087375,0,14,0.4215234644884617,0.6690224231133318,0,1,0.0,0.0,0,2,0.45491156608638367,0.5810992613110837,0,2,0.45491156608638367,0.5810992613110837,0,0.8485805953647387,0.8472279299291822,0.9830000000000002,"{""1"": -37044.377050763505, ""2"": -37301.16452918203, ""3"": -38942.4074942832, ""4"": -40672.50990920593, ""5"": -41653.07466213455, ""6"": -42153.30080253134, ""7"": -42785.385606671065, ""8"": -43085.20037944243, ""9"": -43337.14843030545, ""10"": -43480.88000988546, ""11"": -43490.317783867686, ""12"": -43538.203976524506, ""13"": -43507.501142939174, ""14"": -43499.8982902063, ""15"": -43451.043551737894}",62.32572793960571
prinz1d,short,vae,16000,10,1,14,4,4,0.20675,13,0.450773629516199,0.6792700400633511,0,15,0.4075950371248743,0.6571651172961693,1,4,0.8420583117880038,0.8369464371476663,0,2,0.4417853287768285,0.5680772014259011,0,2,0.4417853287768285,0.5680772014259011,0,0.8420583117880038,0.8369464371476663,1.00975,"{""1"": -32227.32082049928, ""2"": -33481.49473666899, ""3"": -36125.5339758019, ""4"": -38572.28632371607, ""5"": -39724.83211797763, ""6"": -40388.228922446615, ""7"": -41054.94163460917, ""8"": -41179.15337732903, ""9"": -41684.518260007855, ""10"": -41779.09503112074, ""11"": -41865.28760708358, ""12"": -41924.854743821685, ""13"": -41942.40125304215, ""14"": -41892.628738194406, ""15"": -41875.243214967435}",63.94083523750305
prinz1d,short,vae,16000,10,1,15,4,4,0.1635,13,0.45195026712612274,0.677368668054224,0,15,0.3756836187640214,0.6532698527127304,1,1,0.0,0.0,0,4,0.9007788578278567,0.8851805942679234,0,2,0.48318950279777984,0.6167195784462864,0,0.9007788578278567,0.8851805942679234,0.9207500000000001,"{""1"": -45111.249286274266, ""2"": -45219.70525073212, ""3"": -47132.77755517851, ""4"": -49749.12461689427, ""5"": -50609.120260134194, ""6"": -51454.617021508966, ""7"": -52129.52244348674, ""8"": -52512.97366743194, ""9"": -52823.92306915407, ""10"": -53174.01333581659, ""11"": -53228.363658902774, ""12"": -53304.30858450859, ""13"": -53386.108053798096, ""14"": -53382.13142241574, ""15"": -53365.309611027886}",61.775829792022705
prinz1d,short,vae,16000,10,1,16,4,4,0.1821875,12,0.45866965075985744,0.6952408114329349,0,15,0.39099233630002883,0.6576574139328224,1,6,0.793417850275619,0.8187054038910476,0,4,0.9334251339928663,0.9103932850243799,0,2,0.17122167101825403,0.3102195687272864,0,0.9334251339928663,0.9103932850243799,1.0073750000000001,"{""1"": -34751.19818040301, ""2"": -38177.87042241858, ""3"": -39289.85598586676, ""4"": -40719.730652856764, ""5"": -41210.461401142056, ""6"": -41657.5523052046, ""7"": -42019.781312313826, ""8"": -42397.1197676754, ""9"": -42536.69080520872, ""10"": -42639.453083184155, ""11"": -42785.747024374876, ""12"": -42793.48058270891, ""13"": -42788.65580993082, ""14"": -42768.42843675151, ""15"": -42749.7526159476}",62.1455979347229
prinz1d,short,vae,16000,10,1,17,4,4,0.1940625,12,0.46043255717489695,0.6803790505928393,0,15,0.3970962250911756,0.6591880842677346,1,6,0.7827075978320034,0.8131770377531046,0,5,0.8845390611376016,0.8693790093918745,0,2,0.439449579725006,0.5551392450958764,0,0.8884891599493735,0.8828265861539649,0.9486249999999999,"{""1"": -26359.423434886827, ""2"": -26598.181370408456, ""3"": -27636.0785012357, ""4"": -29140.58249330218, ""5"": -31492.805005548034, ""6"": -32376.64680506052, ""7"": -32934.19865972028, ""8"": -34079.35735321473, ""9"": -34718.046196810705, ""10"": -34851.23206934748, ""11"": -34991.2784566091, ""12"": -35009.775132807416, ""13"": -34995.31851944865, ""14"": -34961.154442381005, ""15"": -34983.99373063984}",63.578022956848145
prinz1d,short,vae,16000,10,1,18,4,4,0.17825,12,0.4708335589981235,0.688575161872546,0,15,0.3857976664993227,0.6534518837042457,1,5,0.8105218313568099,0.8370403901746571,0,4,0.9207422852092152,0.9058590539103176,0,2,0.33854014514674274,0.4237379219156035,0,0.9207422852092152,0.9058590539103176,0.9197500000000001,"{""1"": -46995.183399932284, ""2"": -49392.66470221495, ""3"": -51453.947462226315, ""4"": -53398.397360289855, ""5"": -54150.00626959828, ""6"": -54601.56217712812, ""7"": -54999.984866362756, ""8"": -55166.87762396445, ""9"": -55283.55786717276, ""10"": -55346.177581276315, ""11"": -55371.08595351764, ""12"": -55443.03516362283, ""13"": -55396.63506061296, ""14"": -55398.187576102064, ""15"": -55363.58342080028}",62.15555119514465
prinz1d,short,vae,16000,10,1,19,4,4,0.1474375,15,0.3571096673137043,0.6428220796498064,1,15,0.3571096673137043,0.6428220796498064,1,8,0.6114594137707202,0.7557992292158099,0,4,0.8916317345947103,0.8812997097305487,0,2,0.4102847175896622,0.5137999048555784,0,0.8916317345947103,0.8812997097305487,1.181625,"{""1"": -43653.3118715015, ""2"": -45813.07026873014, ""3"": -46625.93034447556, ""4"": -50730.19892988098, ""5"": -52123.12552473323, ""6"": -53193.63558033995, ""7"": -53634.89749828434, ""8"": -53775.264291939304, ""9"": -53924.87617267637, ""10"": -54121.529709848495, ""11"": -54240.90887035854, ""12"": -54352.20373957592, ""13"": -54375.91495494536, ""14"": -54396.59677299653, ""15"": -54397.38294237532}",63.282346963882446
prinz1d,short,vae,32000,10,1,0,4,4,0.15209375,13,0.4058070940876898,0.6714365429316669,0,15,0.3758233377665473,0.6498814874839361,1,8,0.5965510386044897,0.7607234946597105,0,4,0.9162468050709534,0.8961245313441389,0,2,0.2786996978419437,0.4245446670669147,0,0.9162468050709534,0.8961245313441389,1.0276874999999999,"{""1"": -84307.68194249072, ""2"": -88860.80538475308, ""3"": -94756.102136227, ""4"": -97118.17645858784, ""5"": -98138.86073380263, ""6"": -101693.5571523076, ""7"": -103897.5639490553, ""8"": -104633.81258492086, ""9"": -105717.5059004698, ""10"": -105844.30186380258, ""11"": -106137.37731800633, ""12"": -106335.29625189216, ""13"": -106407.95829318618, ""14"": -106355.27347708461, ""15"": -106403.60594260773}",162.28557085990906
prinz1d,short,vae,32000,10,1,1,4,4,0.178125,15,0.42108279205706844,0.6702421296162544,1,15,0.42108279205706844,0.6702421296162544,1,5,0.9096657652667897,0.895372775470687,0,5,0.9096657652667897,0.895372775470687,0,2,0.37071937876478067,0.42901091376170375,0,0.9104621714086962,0.8983158980635721,1.0399375,"{""1"": -79973.98678540874, ""2"": -88934.26991491739, ""3"": -91432.97379502674, ""4"": -95212.05984413793, ""5"": -98101.79828074056, ""6"": -98482.09461218561, ""7"": -99893.95508495896, ""8"": -100100.72044040814, ""9"": -100853.98601151542, ""10"": -101132.10266016607, ""11"": -101242.5910809232, ""12"": -101272.15259315398, ""13"": -101231.18326574916, ""14"": -101295.49468523754, ""15"": -101318.82790731303}",160.89423370361328
prinz1d,short,vae,32000,10,1,2,4,4,0.16378125,15,0.3695429899448281,0.650746599805135,1,15,0.3695429899448281,0.650746599805135,1,1,0.0,0.0,0,2,0.4730361483279694,0.6052848385421357,0,2,0.4730361483279694,0.6052848385421357,0,0.843502786908693,0.8414952389662709,1.1720000000000002,"{""1"": -61242.49908755205, ""2"": -62234.088717915336, ""3"": -65725.16500691966, ""4"": -70784.11126169165, ""5"": -71363.90330891738, ""6"": -73130.68467193967, ""7"": -73633.40301686418, ""8"": -73866.439263198, ""9"": -74148.03625177873, ""10"": -74790.97210329428, ""11"": -74865.46536182537, ""12"": -74975.70081894209, ""13"": -75024.74230854187, ""14"": -75082.57595050598, ""15"": -75181.87337034551}",154.40390849113464
prinz1d,short,vae,32000,10,1,3,4,4,0.15075,15,0.3740532871492388,0.6457711553473263,1,15,0.3740532871492388,0.6457711553473263,1,1,0.0,0.0,0,6,0.7782165626778859,0.8153280823198408,0,2,0.12543919035870535,0.17542091151640668,0,0.8827957243839314,0.8655002111040486,1.1124375,"{""1"": -54236.229699352945, ""2"": -59813.741170942114, ""3"": -61613.23694161186, ""4"": -65180.51000156873, ""5"": -67378.70659667804, ""6"": -68041.03857174644, ""7"": -68652.81789418872, ""8"": -69646.1303696459, ""9"": -69887.26459584395, ""10"": -70012.69376021612, ""11"": -70262.81977673418, ""12"": -70341.94754211842, ""13"": -70397.43100517549, ""14"": -70343.18118371835, ""15"": -70450.8947615031}",152.8549520969391
prinz1d,short,vae,32000,10,1,4,4,4,0.15615625,15,0.3737600298924004,0.6489606970193035,1,15,0.3737600298924004,0.6489606970193035,1,1,0.0,0.0,0,4,0.9074487449848675,0.8938462169981636,0,2,0.41949499028178344,0.5321522649363338,0,0.9074487449848675,0.8938462169981636,1.128125,"{""1"": -32509.67077311888, ""2"": -36140.19241722491, ""3"": -38003.01335824234, ""4"": -42702.78079067584, ""5"": -43720.10840760463, ""6"": -44553.33677663134, ""7"": -44912.21352041746, ""8"": -45590.554832513946, ""9"": -45876.52130765513, ""10"": -45888.08173590251, ""11"": -46394.26910634744, ""12"": -46413.1298239395, ""13"": -46741.721226416244, ""14"": -46771.99849420823, ""15"": -46833.961161541476}",150.9007978439331
prinz1d,short,vae,32000,10,1,5,4,4,0.18846875,15,0.3844465586359953,0.6575315552483442,1,15,0.3844465586359953,0.6575315552483442,1,5,0.8394760404107224,0.8444961932924455,0,6,0.8074003110345744,0.8232634751407513,0,2,0.37023203112600966,0.47165991934843843,0,0.8587970358059398,0.8658537604661433,1.137,"{""1"": -92863.9941061698, ""2"": -99997.30077119815, ""3"": -100403.15874198718, ""4"": -105768.48070656486, ""5"": -107062.57243979165, ""6"": -107235.42451910253, ""7"": -108213.38732766134, ""8"": -109303.9592647318, ""9"": -109860.25471026059, ""10"": -109982.55081445834, ""11"": -110427.46691661373, ""12"": -110353.60412023189, ""13"": -110661.50665359583, ""14"": -110721.14561449022, ""15"": -110769.21692496218}",160.00453782081604
prinz1d,short,vae,32000,10,1,6,4,4,0.1858125,13,0.4568390487712423,0.6796805283696937,0,15,0.4160482610273571,0.662321944530471,1,6,0.7072296467552458,0.7869312001175027,0,4,0.9097989853628713,0.8933523854539385,0,2,0.3225219429017594,0.4102025123670185,0,0.9097989853628713,0.8933523854539385,0.9498124999999998,"{""1"": -72268.05538245771, ""2"": -85193.54568732575, ""3"": -87061.64198038404, ""4"": -92747.53078784404, ""5"": -93567.40763465298, ""6"": -94567.89697405383, ""7"": -95306.65555348044, ""8"": -96443.24208069839, ""9"": -97190.06191469019, ""10"": -97462.79209792937, ""11"": -97651.52116702822, ""12"": -97855.18793451942, ""13"": -97895.71499858217, ""14"": -97888.46717257265, ""15"": -97875.64780730945}",160.39294385910034
prinz1d,short,vae,32000,10,1,7,4,4,0.21115625,12,0.4702239087865513,0.700657838033073,0,15,0.3832688287938647,0.6570591823937194,1,1,0.0,0.0,0,5,0.8083239383360482,0.8295353917383903,0,2,0.3753404754919465,0.48807889443489255,0,0.8472509253313075,0.8547081289142133,1.0228125,"{""1"": -67242.60928291999, ""2"": -71061.2623083951, ""3"": -72372.0458065139, ""4"": -76357.6801864215, ""5"": -76456.27015003173, ""6"": -77660.13731782878, ""7"": -77887.7514834812, ""8"": -78208.98912818624, ""9"": -78423.9000486363, ""10"": -78845.45968554568, ""11"": -79319.72195198853, ""12"": -79339.36585389149, ""13"": -79336.92334989503, ""14"": -79310.32400419959, ""15"": -79297.91281233598}",155.4631028175354
prinz1d,short,vae,32000,10,1,8,4,4,0.143125,15,0.3763461072507956,0.6556748601253608,1,15,0.3763461072507956,0.6556748601253608,1,8,0.612357869918972,0.7594287975102666,0,4,0.9278561658903488,0.9074274719273536,0,2,0.11664673329863194,0.23028304051675674,0,0.9278561658903488,0.9074274719273536,1.1395,"{""1"": -73774.09393558482, ""2"": -82886.96626233308, ""3"": -82926.64514873155, ""4"": -86564.58345267628, ""5"": -87254.50495879586, ""6"": -90944.02970587942, ""7"": -91814.5157475899, ""8"": -92233.0932068979, ""9"": -92738.82936701518, ""10"": -92858.75264899051, ""11"": -92966.77180109378, ""12"": -92989.6751298294, ""13"": -93024.23484356029, ""14"": -93048.5836522527, ""15"": -93061.65281838602}",159.56071162223816
prinz1d,short,vae,32000,10,1,9,4,4,0.17878125,14,0.39991199897199936,0.6620198153250116,0,15,0.40289295170906353,0.6604349058569197,1,4,0.9031107131696839,0.886642219975628,0,4,0.9031107131696839,0.886642219975628,0,2,0.34415353787459513,0.45786463101426084,0,0.9031107131696839,0.886642219975628,1.1055,"{""1"": -60338.0375462087, ""2"": -72713.04841969284, ""3"": -75368.45079942941, ""4"": -81313.54430192448, ""5"": -82074.56464915766, ""6"": -82652.65480071511, ""7"": -83830.21952480284, ""8"": -84075.25425993132, ""9"": -84298.8053956345, ""10"": -84611.53495202056, ""11"": -84609.92732595575, ""12"": -84878.36641859963, ""13"": -84917.42479202984, ""14"": -84978.7110897411, ""15"": -84967.07469353684}",157.25322604179382
prinz1d,short,vae,32000,10,1,10,4,4,0.18353125,14,0.348290537539188,0.6309702797260577,0,14,0.348290537539188,0.6309702797260577,0,3,0.5285381956002556,0.6809474331847756,0,2,0.38347922767292275,0.5143659436284966,0,3,0.5285381956002556,0.6809474331847756,0,0.7102179696695272,0.7637667851840308,1.2467500000000002,"{""1"": 166873.45143605623, ""2"": 118678.00368784498, ""3"": 96445.52488887073, ""4"": 91813.84948268085, ""5"": 91124.55231137628, ""6"": 85338.06090365158, ""7"": 84131.3219814093, ""8"": 83941.90478062256, ""9"": 83199.88846555723, ""10"": 75449.91639064129, ""11"": 75214.27886359663, ""12"": 74570.77406911865, ""13"": 74182.74979991395, ""14"": 74129.93213658403, ""15"": 74259.63578571398}",165.1732301712036
prinz1d,short,vae,32000,10,1,11,4,4,0.1756875,14,0.37927803483528594,0.6454042629774362,0,14,0.37927803483528594,0.6454042629774362,0,2,0.42792242738528335,0.5545757813988419,0,3,0.6140495212161975,0.6837191589865464,0,2,0.42792242738528335,0.5545757813988419,0,0.8321275624192179,0.8418991218152174,1.1489375000000002,"{""1"": 174800.35613669967, ""2"": 145317.29338648662, ""3"": 142335.86883884977, ""4"": 139209.10747236604, ""5"": 138872.44997006984, ""6"": 137662.67617596014, ""7"": 136973.63785261565, ""8"": 136442.6994989521, ""9"": 136510.7431496403, ""10"": 135702.1151778068, ""11"": 134841.13525676186, ""12"": 134858.48650269923, ""13"": 134767.05739802308, ""14"": 134728.43268468144, ""15"": 134793.89442829698}",165.18703055381775
prinz1d,short,vae,32000,10,1,12,4,4,0.12959375,15,0.3491241600535323,0.6363102873769487,1,15,0.3491241600535323,0.6363102873769487,1,8,0.5617084559430288,0.7377598370761214,0,3,0.7830750762674752,0.7866154659152994,0,2,0.2952051224670812,0.3944646386462159,0,0.8491365770399818,0.8264804381933173,1.0748749999999998,"{""1"": -53763.80596927909, ""2"": -67679.55062462723, ""3"": -68658.76952565629, ""4"": -73815.26802194153, ""5"": -74557.95474067096, ""6"": -78233.99706533455, ""7"": -80671.13723004263, ""8"": -81788.32829985103, ""9"": -84538.35039547262, ""10"": -84784.69218244201, ""11"": -85246.55706344247, ""12"": -85680.82428124399, ""13"": -85705.76039344561, ""14"": -85985.55880165665, ""15"": -86002.45539205945}",163.06318831443787
prinz1d,short,vae,32000,10,1,13,4,4,0.16309375,12,0.4543312317986891,0.6783557854693928,0,15,0.3772118182515583,0.649271235659817,1,4,0.7885515405558428,0.8117565429975917,0,5,0.7246138694281283,0.7796634700873115,0,2,0.28396055883167726,0.4366669561875376,0,0.7885515405558428,0.8117565429975917,0.9510000000000001,"{""1"": -59039.31375512962, ""2"": -65596.95587033471, ""3"": -67708.37350886954, ""4"": -72824.99008514854, ""5"": -73388.75953777602, ""6"": -74161.53937845027, ""7"": -74872.89522428063, ""8"": -76095.9681702626, ""9"": -76612.73032776617, ""10"": -76741.66366923408, ""11"": -76912.8276451283, ""12"": -76934.3551754635, ""13"": -76919.53281112708, ""14"": -76901.73812149266, ""15"": -76891.29486036127}",161.26705265045166
prinz1d,short,vae,32000,10,1,14,4,4,0.18496875,15,0.40587404097580904,0.661880006972628,1,15,0.40587404097580904,0.661880006972628,1,1,0.0,0.0,0,2,0.4088738236190713,0.5126284932981835,0,2,0.4088738236190713,0.5126284932981835,0,0.7400189847505675,0.8039348979240538,1.0772499999999998,"{""1"": -71466.6757259923, ""2"": -73635.1854994781, ""3"": -77135.60998298983, ""4"": -83584.18508260965, ""5"": -83894.28590818068, ""6"": -85298.1762646732, ""7"": -85814.58956315453, ""8"": -85943.71177792417, ""9"": -86260.02412886657, ""10"": -86464.84138884646, ""11"": -86664.93350205208, ""12"": -86813.72751065281, ""13"": -86777.41023622765, ""14"": -86850.5967020145, ""15"": -86913.21305388222}",158.1686146259308
prinz1d,short,vae,32000,10,1,15,4,4,0.15084375,12,0.4254493771768297,0.684430179460211,0,15,0.36481001375994254,0.6502466297835832,1,1,0.0,0.0,0,5,0.7629836084772864,0.8117336940499851,0,2,0.36331362761709945,0.4691132787202029,0,0.7969670556368401,0.8340131899214108,1.0301249999999997,"{""1"": -78718.5469223902, ""2"": -81162.83884900376, ""3"": -82914.7079100749, ""4"": -87988.57248232132, ""5"": -88365.62800677287, ""6"": -90095.94271271239, ""7"": -90140.53261276399, ""8"": -91293.76975592569, ""9"": -91514.65703011391, ""10"": -91553.31282653683, ""11"": -91579.17885349916, ""12"": -91619.78071503514, ""13"": -91594.69016472706, ""14"": -91598.19521513827, ""15"": -91613.18469242407}",153.80912971496582
prinz1d,short,vae,32000,10,1,16,4,4,0.1635,15,0.39589458123533156,0.657441941181009,1,15,0.39589458123533156,0.657441941181009,1,1,0.0,0.0,0,5,0.7720832336190045,0.811255143077871,0,2,0.28570063986420335,0.38506581247604205,0,0.832424115328005,0.8451627335947101,1.0745624999999999,"{""1"": -79458.7217382901, ""2"": -85167.19796394189, ""3"": -87635.27650331722, ""4"": -92013.80975336581, ""5"": -92439.73396343352, ""6"": -93838.87931443102, ""7"": -94422.96368745738, ""8"": -94662.53063481873, ""9"": -94991.01569766884, ""10"": -95464.88480973948, ""11"": -95703.22662887521, ""12"": -95914.55615814951, ""13"": -96089.56073381807, ""14"": -96117.69005008803, ""15"": -96171.82182334784}",154.51049613952637
prinz1d,short,vae,32000,10,1,17,4,4,0.1640625,15,0.3644259650524842,0.6448519551948104,1,15,0.3644259650524842,0.6448519551948104,1,6,0.7370480111003059,0.7838957467911302,0,4,0.8906413587481593,0.8747545775653656,0,2,0.17622913895576478,0.3118383031998977,0,0.8906413587481593,0.8747545775653656,1.1405,"{""1"": -74037.58611193034, ""2"": -84689.22258372357, ""3"": -87983.14746831513, ""4"": -92513.65546991157, ""5"": -94105.66300461891, ""6"": -94852.14832075204, ""7"": -95415.67768617789, ""8"": -96273.47315143076, ""9"": -96511.34465842998, ""10"": -96714.52803821975, ""11"": -97109.21849233359, ""12"": -97215.22065066374, ""13"": -97508.2016293566, ""14"": -97632.3389620158, ""15"": -97639.01008948254}",161.6211643218994
prinz1d,short,vae,32000,10,1,18,4,4,0.16628125,15,0.3662510964525961,0.648799251093395,1,15,0.3662510964525961,0.648799251093395,1,5,0.8101350627077331,0.8280499097367771,0,5,0.8101350627077331,0.8280499097367771,0,2,0.34741581148190875,0.4214248768812077,0,0.8195706950218417,0.8380728508528298,1.1573125,"{""1"": -75092.03712016548, ""2"": -89045.32685135116, ""3"": -90676.54269305682, ""4"": -94789.14744620144, ""5"": -96244.71578131862, ""6"": -97288.86768980425, ""7"": -98160.64376985333, ""8"": -99580.10310672388, ""9"": -99935.18238812151, ""10"": -100753.591600886, ""11"": -101073.07784054958, ""12"": -101662.83682026375, ""13"": -102192.9053681406, ""14"": -102463.97099071105, ""15"": -102576.12948113687}",162.34145212173462
prinz1d,short,vae,32000,10,1,19,4,4,0.19021875,13,0.4551912789293828,0.6895677300378692,0,15,0.3920505906723272,0.656327981650416,1,6,0.8045210733645738,0.8202511412016544,0,4,0.9079161724757056,0.8969529520579878,0,2,0.38677830041154954,0.49420311861545324,0,0.9079161724757056,0.8969529520579878,0.9957499999999998,"{""1"": -86733.55152118855, ""2"": -90701.59489284838, ""3"": -92262.34594880762, ""4"": -95904.92558978999, ""5"": -101273.53139816441, ""6"": -102730.26944347996, ""7"": -103189.49665241418, ""8"": -103504.70144955402, ""9"": -103612.88830353321, ""10"": -103894.38595754335, ""11"": -104009.81929039657, ""12"": -104049.25549623159, ""13"": -104068.34271876531, ""14"": -104020.26177509171, ""15"": -104006.85330678879}",160.9263837337494
prinz1d,subsample,pca,250,10,1,0,4,4,0.136,7,0.5027239672298319,0.716938744450866,0,11,0.4041202743216241,0.6739543561092867,0,6,0.5319274530750081,0.7424890415707005,0,3,0.8848228819662165,0.8915391858362798,0,2,0.5037923439114265,0.6532559450382056,0,0.6036952377379156,0.7648632463904758,0.632,"{""1"": 1809.0788752793842, ""2"": 1038.6242887411659, ""3"": 762.8549045623163, ""4"": 639.3934072828415, ""5"": 531.8039606054803, ""6"": 511.3798195424604, ""7"": 503.13514243281924, ""8"": 509.53819823448214, ""9"": 531.0128068313551, ""10"": 547.9321303637253, ""11"": 561.5857469153877, ""12"": 598.9066026706746, ""13"": 620.6575963402893, ""14"": 646.3505406172367, ""15"": 653.4158651095141}",5.797512531280518
prinz1d,subsample,pca,250,10,1,1,4,4,0.156,6,0.7306397630379625,0.8237333434627246,0,13,0.4668106502191143,0.7014131389922528,0,6,0.7306397630379625,0.8237333434627246,0,4,0.9766416392210862,0.973007236057916,0,2,0.5149798054598724,0.6713538746985369,0,0.9766416392210862,0.973007236057916,0.42400000000000004,"{""1"": 1812.7793619469621, ""2"": 1069.0836542282723, ""3"": 793.2271262629316, ""4"": 600.2613077905913, ""5"": 543.8000392222192, ""6"": 505.9100505066049, ""7"": 509.52729658683603, ""8"": 510.07232280166284, ""9"": 520.0394816370891, ""10"": 534.4617547340831, ""11"": 556.2578837922231, ""12"": 586.4625041231446, ""13"": 586.7588193669159, ""14"": 612.9383155734589, ""15"": 650.5953358123852}",6.043666839599609
prinz1d,subsample,pca,250,10,1,2,4,4,0.144,7,0.6171052798492473,0.7756568631896991,0,13,0.4242178451488071,0.7071833084732423,0,5,0.8304542033761683,0.8966300123923542,0,4,0.9868071318696754,0.9837660858050383,0,2,0.4746858422188945,0.6515280738501086,0,0.9868071318696754,0.9837660858050383,0.6480000000000001,"{""1"": 1837.284847430135, ""2"": 1068.278377582446, ""3"": 755.5614218016311, ""4"": 568.7428406217094, ""5"": 509.15879409219144, ""6"": 499.40957260428377, ""7"": 491.2811225467505, ""8"": 503.3194360897818, ""9"": 513.6498998693065, ""10"": 531.778337386555, ""11"": 558.6620082875818, ""12"": 581.1518814663893, ""13"": 594.5458306188967, ""14"": 619.1359261483219, ""15"": 645.0288915818387}",5.82736349105835
prinz1d,subsample,pca,250,10,1,3,4,4,0.144,8,0.5463735004047386,0.7642962752340134,0,10,0.45411271466667497,0.7190360515189496,0,5,0.8020878494858337,0.8904594478244453,0,4,0.8865431101287277,0.8959474872495317,0,2,0.4853449748084789,0.6556737540063371,0,0.8865431101287277,0.8959474872495317,0.8,"{""1"": 1832.7223083333208, ""2"": 1094.9817938347594, ""3"": 776.0292423951286, ""4"": 611.9198330968334, ""5"": 517.4542862565384, ""6"": 505.47250762547503, ""7"": 496.51473401654795, ""8"": 493.770575157486, ""9"": 506.57705281958624, ""10"": 524.2038305511884, ""11"": 551.0133798003862, ""12"": 572.8489108082625, ""13"": 596.0740301771391, ""14"": 617.3712050071936, ""15"": 642.6624885302872}",5.768823862075806
prinz1d,subsample,pca,250,10,1,4,4,4,0.148,7,0.6072017668512371,0.7539185880996079,0,12,0.4742045402306185,0.6932153039066036,0,6,0.7538575437014654,0.8043807383944389,0,4,0.8604520500211109,0.8729726305695129,0,2,0.4683311036880697,0.6311695398688568,0,0.8604520500211109,0.8729726305695129,0.6079999999999999,"{""1"": 1830.6607841318796, ""2"": 976.3894556363008, ""3"": 659.0268494300134, ""4"": 546.3536696399271, ""5"": 504.93056726390375, ""6"": 462.1429365941243, ""7"": 451.52975661958055, ""8"": 466.9060245628684, ""9"": 478.61047009125383, ""10"": 489.1821586238701, ""11"": 522.4300947446807, ""12"": 523.1381377507962, ""13"": 549.0520902655705, ""14"": 572.3294599244297, ""15"": 586.7758696895195}",5.700326919555664
prinz1d,subsample,pca,250,10,1,5,4,4,0.204,7,0.6709700546405157,0.8085886611604215,0,14,0.427945516784871,0.6886130625065316,0,7,0.6709700546405157,0.8085886611604215,0,4,0.9669654408863408,0.9589038774661445,0,2,0.49222514229915176,0.6634525577272232,0,0.9669654408863408,0.9589038774661445,0.5919999999999999,"{""1"": 1849.137902139939, ""2"": 1033.131105878693, ""3"": 771.1108348331254, ""4"": 583.1008311014704, ""5"": 550.0892312043889, ""6"": 521.5711293047144, ""7"": 501.15263379041113, ""8"": 514.6988015798153, ""9"": 535.4052137769261, ""10"": 554.638347406655, ""11"": 571.7948387254363, ""12"": 591.1980490223268, ""13"": 610.9499322913786, ""14"": 624.6740600159342, ""15"": 657.1020629828354}",5.656010627746582
prinz1d,subsample,pca,250,10,1,6,4,4,0.108,6,0.7180174520953623,0.8253946050566281,0,11,0.44776716870021704,0.6987730803875397,0,6,0.7180174520953623,0.8253946050566281,0,4,0.8869670111258567,0.8855984031738621,0,2,0.4984582716830252,0.6607392638302496,0,0.8869670111258567,0.8855984031738621,0.44,"{""1"": 1776.266255463571, ""2"": 1029.0128420472909, ""3"": 749.3118842304822, ""4"": 613.3674411943812, ""5"": 531.6035190452595, ""6"": 478.52527048176967, ""7"": 481.9326358771415, ""8"": 488.8202171037809, ""9"": 505.506682782151, ""10"": 526.5737144855982, ""11"": 531.2173565820791, ""12"": 570.5962324899999, ""13"": 586.2343501031723, ""14"": 605.9997357866188, ""15"": 626.3909377668317}",5.859874486923218
prinz1d,subsample,pca,250,10,1,7,4,4,0.196,8,0.6002780235948532,0.7481495275731638,0,11,0.45085292391401843,0.6867339607071192,0,8,0.6002780235948532,0.7481495275731638,0,4,0.919272610342129,0.9233731270621475,0,2,0.4942728155978558,0.6618242213909873,0,0.919272610342129,0.9233731270621475,0.5999999999999999,"{""1"": 1836.9331971848578, ""2"": 1037.6694254938961, ""3"": 743.4110966413967, ""4"": 569.8344168572078, ""5"": 523.1856953253623, ""6"": 501.49753479766696, ""7"": 506.60356097689663, ""8"": 467.7282287088124, ""9"": 491.7926308720906, ""10"": 495.52549706695476, ""11"": 510.1694793546203, ""12"": 534.6842599566266, ""13"": 563.6613673152067, ""14"": 597.8612232676345, ""15"": 604.7538201969516}",5.791159391403198
prinz1d,subsample,pca,250,10,1,8,4,4,0.168,6,0.620224460644018,0.765671013101757,0,15,0.3913901551564125,0.6644613220264861,1,6,0.620224460644018,0.765671013101757,0,4,0.7705955223480118,0.839039471093843,0,2,0.4979792175492952,0.6608544647279221,0,0.7705955223480118,0.839039471093843,0.56,"{""1"": 1844.7051585728982, ""2"": 1126.0263240994784, ""3"": 822.2835469786646, ""4"": 640.8517902254628, ""5"": 578.7168012719222, ""6"": 551.9958047080405, ""7"": 556.0152879175414, ""8"": 554.2624019294584, ""9"": 564.8778447210717, ""10"": 584.3228435964818, ""11"": 576.5347857342166, ""12"": 596.8189972177865, ""13"": 624.9131617195117, ""14"": 650.1374168575696, ""15"": 659.7525069192415}",5.549261093139648
prinz1d,subsample,pca,250,10,1,9,4,4,0.152,7,0.6937330629060275,0.7640242217164747,0,12,0.442175482452263,0.6892122556266564,0,7,0.6937330629060275,0.7640242217164747,0,4,0.9427655243209851,0.9311900210438545,0,2,0.500066210306002,0.6483815112640677,0,0.9427655243209851,0.9311900210438545,0.43200000000000005,"{""1"": 1816.5101963385027, ""2"": 1064.9321430376074, ""3"": 819.9052296255022, ""4"": 623.7660693513537, ""5"": 580.52966429069, ""6"": 558.2537485751146, ""7"": 542.9726720740221, ""8"": 547.3942860220292, ""9"": 551.0305887143107, ""10"": 573.113636750898, ""11"": 592.0934590837371, ""12"": 610.6527627163796, ""13"": 635.9650603692445, ""14"": 658.1563971543109, ""15"": 680.9588685977308}",5.805583238601685
prinz1d,subsample,pca,250,10,1,10,4,4,0.168,6,0.7481555077596138,0.8357493739933491,0,12,0.45055182712418085,0.7050077914227775,0,5,0.8550235314133936,0.8914757866591984,0,4,0.8997863255285059,0.9104797217196672,0,2,0.4994140597422879,0.6660484028817878,0,0.8997863255285059,0.9104797217196672,0.472,"{""1"": 1834.841251245701, ""2"": 1074.982086808444, ""3"": 777.4337522163463, ""4"": 578.9586317913017, ""5"": 531.7654053094782, ""6"": 515.0163338551803, ""7"": 520.2549783557349, ""8"": 524.7277753912083, ""9"": 540.6217139167235, ""10"": 562.1733377156443, ""11"": 565.7953785597178, ""12"": 585.7883072942212, ""13"": 609.3143353050806, ""14"": 629.0371550760008, ""15"": 665.3021835853338}",5.783515691757202
prinz1d,subsample,pca,250,10,1,11,4,4,0.208,8,0.626459362752504,0.7900198158121969,0,15,0.446067409144517,0.6939933148335046,1,5,0.8389146937289069,0.9102363515182325,0,4,0.9646866885151527,0.9581226413786538,0,2,0.48783981454578706,0.6438589047324399,0,0.9646866885151527,0.9581226413786538,0.712,"{""1"": 1857.8998365063999, ""2"": 1103.9783272308428, ""3"": 826.3814610516895, ""4"": 629.4855407371747, ""5"": 563.9324159924827, ""6"": 552.8745329944422, ""7"": 550.7850718152893, ""8"": 541.8647609463353, ""9"": 562.6846469495008, ""10"": 578.9075773298274, ""11"": 604.8171465152129, ""12"": 629.6450528087111, ""13"": 652.1751850269862, ""14"": 672.2898521344254, ""15"": 680.4949263777322}",5.709515571594238
prinz1d,subsample,pca,250,10,1,12,4,4,0.16,8,0.6142924082478111,0.773953064355752,0,15,0.40255249675852295,0.6719090349401831,1,5,0.8096513839114394,0.8742579247682838,0,4,0.935734694926166,0.9397946343506489,0,2,0.5165504085555415,0.6732257028831609,0,0.935734694926166,0.9397946343506489,0.6560000000000001,"{""1"": 1827.7730961744821, ""2"": 1053.6670674594798, ""3"": 792.1102660946468, ""4"": 566.0791124744803, ""5"": 532.0953221144989, ""6"": 497.9380922954623, ""7"": 496.4854812653545, ""8"": 493.7895451276278, ""9"": 508.7203254318817, ""10"": 530.7725737068039, ""11"": 526.6174023020301, ""12"": 542.7596078177162, ""13"": 561.567706110097, ""14"": 585.9148745478287, ""15"": 599.909594149471}",5.679896354675293
prinz1d,subsample,pca,250,10,1,13,4,4,0.14,8,0.6110015407314471,0.7563200599530158,0,14,0.4103511312555482,0.6844382789682802,0,5,0.7611296315653279,0.8566898153674432,0,4,0.9194506437912972,0.9094859850637066,0,2,0.4636935079425755,0.6142370331948664,0,0.9194506437912972,0.9094859850637066,0.6320000000000001,"{""1"": 1822.6970685523283, ""2"": 1052.250189626416, ""3"": 740.4458968429733, ""4"": 602.3856334649615, ""5"": 513.0234416400505, ""6"": 506.3641524176047, ""7"": 506.5950958687413, ""8"": 502.23412367502874, ""9"": 507.94351432340426, ""10"": 534.8819766734034, ""11"": 549.6228149106018, ""12"": 569.7382450514061, ""13"": 599.8890116630625, ""14"": 610.1207790229048, ""15"": 645.3708526060599}",5.7690160274505615
prinz1d,subsample,pca,250,10,1,14,4,4,0.176,6,0.7454485737827365,0.8321529632975152,0,13,0.4223564203101588,0.6946694058978937,0,6,0.7454485737827365,0.8321529632975152,0,4,0.8151021447401257,0.8771225326604782,0,2,0.5010190651410387,0.6653712578560937,0,0.8151021447401257,0.8771225326604782,0.4000000000000001,"{""1"": 1840.629263126812, ""2"": 1061.5839893203422, ""3"": 789.7622389096858, ""4"": 586.0907968955851, ""5"": 535.3014994741882, ""6"": 495.07198932619644, ""7"": 497.30955436012, ""8"": 502.5229668695253, ""9"": 520.9722948792861, ""10"": 544.0838414667267, ""11"": 570.2522178880881, ""12"": 581.8554928110249, ""13"": 596.8578753952195, ""14"": 628.1068150424499, ""15"": 647.134815470794}",5.714684963226318
prinz1d,subsample,pca,250,10,1,15,4,4,0.12,7,0.6085796449029016,0.7584402666790455,0,12,0.4006707605872638,0.6785538442837951,0,6,0.6853451830857025,0.7952052554690543,0,4,0.8358548928323879,0.8731911655226942,0,2,0.47985345268731877,0.6541213525138503,0,0.8358548928323879,0.8731911655226942,0.616,"{""1"": 1797.721461718294, ""2"": 1040.0801284401896, ""3"": 759.8608594750107, ""4"": 592.4442970080459, ""5"": 513.1675996623642, ""6"": 496.4186652227776, ""7"": 489.02629372598625, ""8"": 506.34667617842626, ""9"": 520.9054069092385, ""10"": 534.7447391733465, ""11"": 551.677967659897, ""12"": 565.1163934689788, ""13"": 591.2276450541053, ""14"": 616.3653134506446, ""15"": 641.488641675295}",5.7312331199646
prinz1d,subsample,pca,250,10,1,16,4,4,0.168,7,0.6795579408754145,0.8003388251193815,0,15,0.38096751803365314,0.6747249004869457,1,7,0.6795579408754145,0.8003388251193815,0,4,0.8261030711433234,0.8816799782450094,0,2,0.4857209959793459,0.6310850418851166,0,0.8261030711433234,0.8816799782450094,0.512,"{""1"": 1833.8016834133791, ""2"": 1059.862688898653, ""3"": 795.4872104286478, ""4"": 553.7529838931846, ""5"": 514.7133603850173, ""6"": 496.0263474185566, ""7"": 479.6027552877326, ""8"": 485.7624635706485, ""9"": 488.53860032390617, ""10"": 499.4310205754309, ""11"": 532.8418102226933, ""12"": 547.4419978135631, ""13"": 557.6992931778747, ""14"": 581.8773226748435, ""15"": 596.3088641104276}",5.681605577468872
prinz1d,subsample,pca,250,10,1,17,4,4,0.152,7,0.6832907245647496,0.7687702052256356,0,14,0.4001472390546501,0.6729142754665445,0,7,0.6832907245647496,0.7687702052256356,0,4,0.8484741954091252,0.8476374099465114,0,2,0.48572699550979104,0.6311789994639829,0,0.8484741954091252,0.8476374099465114,0.47200000000000003,"{""1"": 1828.1620656098612, ""2"": 1075.7442615380905, ""3"": 841.1553658848248, ""4"": 689.2953769055973, ""5"": 615.1844242182701, ""6"": 563.3065328343758, ""7"": 544.5136383004844, ""8"": 554.6731763061348, ""9"": 564.2349759047706, ""10"": 570.9584718003084, ""11"": 585.5958703294206, ""12"": 595.0305945215025, ""13"": 640.5994844806676, ""14"": 630.0205895951203, ""15"": 678.9639751988653}",5.770861864089966
prinz1d,subsample,pca,250,10,1,18,4,4,0.152,7,0.6114556303877884,0.7713379689846505,0,12,0.4244004517951493,0.6793438817859802,0,5,0.7655927364994575,0.8514165300495969,0,4,0.9174518540455128,0.9304391443717468,0,2,0.5009436038993568,0.6656746762207234,0,0.9174518540455128,0.9304391443717468,0.7040000000000001,"{""1"": 1839.5585497938018, ""2"": 1084.6341888028799, ""3"": 782.5693051485358, ""4"": 605.2265748292705, ""5"": 564.1770907621822, ""6"": 541.3695954061621, ""7"": 525.8846589188179, ""8"": 547.9348916796781, ""9"": 552.74075687224, ""10"": 574.8379603383364, ""11"": 577.4405744483705, ""12"": 594.2961367356655, ""13"": 628.8682983188189, ""14"": 640.3587507031812, ""15"": 669.1211584666546}",5.743652582168579
prinz1d,subsample,pca,250,10,1,19,4,4,0.204,9,0.6299391212799812,0.7732755498401863,0,9,0.6299391212799812,0.7732755498401863,0,9,0.6299391212799812,0.7732755498401863,0,4,0.8468796529355488,0.8927451616117343,0,4,0.8468796529355488,0.8927451616117343,0,0.8468796529355488,0.8927451616117343,0.6719999999999999,"{""1"": 1849.715735229764, ""2"": 1080.3681215404958, ""3"": 816.4379295694947, ""4"": 572.0174720949831, ""5"": 528.2923741146724, ""6"": 500.5185443670763, ""7"": 489.98620144382915, ""8"": 484.6143369178252, ""9"": 458.279383807568, ""10"": 483.436875148994, ""11"": 508.5864124145297, ""12"": 526.8707536332769, ""13"": 557.7631803097765, ""14"": 582.4593824913787, ""15"": 603.7034309684774}",5.843370676040649
prinz1d,subsample,pca,500,10,1,0,4,4,0.156,7,0.5488958616507067,0.7245341063814656,0,13,0.36493256270994284,0.6500085917463084,0,7,0.5488958616507067,0.7245341063814656,0,4,0.8111558349403627,0.8617166264561595,0,2,0.47780470826492133,0.6484524350923144,0,0.8111558349403627,0.8617166264561595,0.5960000000000001,"{""1"": 3622.5288943124574, ""2"": 2081.1508000927647, ""3"": 1483.5626336209803, ""4"": 1181.4461684124446, ""5"": 1022.7173972629382, ""6"": 941.4071299197609, ""7"": 887.8732507115167, ""8"": 892.919881839748, ""9"": 888.0338335266185, ""10"": 901.4009427486557, ""11"": 929.8967861863091, ""12"": 951.352889734805, ""13"": 963.6780274065601, ""14"": 1004.167019469839, ""15"": 1029.2335026581238}",1.1017627716064453
prinz1d,subsample,pca,500,10,1,1,4,4,0.188,10,0.505537898060453,0.7340742833095104,0,12,0.42757381992768295,0.6966053819650565,0,6,0.7271909055498089,0.8211707169495679,0,4,0.9426555733808745,0.9352858124550496,0,2,0.48995277527863795,0.6440925914683654,0,0.9426555733808745,0.9352858124550496,0.98,"{""1"": 3664.3900987882885, ""2"": 2115.7268736873157, ""3"": 1536.0907325913868, ""4"": 1098.021273965005, ""5"": 969.2719676405683, ""6"": 888.134557907006, ""7"": 863.8129314094872, ""8"": 858.66186454871, ""9"": 859.2399098219996, ""10"": 851.4434002587277, ""11"": 861.9114324825896, ""12"": 884.6419667637083, ""13"": 912.7469628810572, ""14"": 949.1516787520292, ""15"": 978.7985921682362}",1.025252103805542
prinz1d,subsample,pca,500,10,1,2,4,4,0.16,10,0.5040404671844355,0.7233511236471869,0,14,0.37711944138606457,0.6561873481921034,0,6,0.6861373556676031,0.8014642331006926,0,4,0.9613397305851205,0.9615258986141566,0,2,0.47847615317027303,0.6527400515791579,0,0.9613397305851205,0.9615258986141566,0.884,"{""1"": 3658.1613358667523, ""2"": 2090.9777012997815, ""3"": 1504.812452916783, ""4"": 1160.948199457638, ""5"": 959.2143727072544, ""6"": 921.8126536986777, ""7"": 895.7623370914966, ""8"": 892.1339335705898, ""9"": 897.9300875795072, ""10"": 890.536228488119, ""11"": 900.753005824469, ""12"": 927.7350265838663, ""13"": 958.7715814548937, ""14"": 962.7197867728767, ""15"": 988.7940498280286}",1.1922132968902588
prinz1d,subsample,pca,500,10,1,3,4,4,0.144,8,0.5890777148221329,0.7404215820841828,0,15,0.3349312913599764,0.6423258543551076,1,7,0.6149755909265775,0.7607605605802484,0,4,0.9164239677403991,0.9158355539852641,0,2,0.4742387262675192,0.6279836146819626,0,0.9164239677403991,0.9158355539852641,0.6399999999999999,"{""1"": 3613.715270661182, ""2"": 2102.517327967218, ""3"": 1538.8509183703422, ""4"": 1197.046736743547, ""5"": 1067.041709287523, ""6"": 957.4954479245743, ""7"": 886.9330425273924, ""8"": 874.2892219073642, ""9"": 901.2440289163144, ""10"": 910.0043606408855, ""11"": 917.3115030168201, ""12"": 926.8254392257861, ""13"": 939.6568214524107, ""14"": 961.7059221923801, ""15"": 983.2554061797781}",1.1144700050354004
prinz1d,subsample,pca,500,10,1,4,4,4,0.162,8,0.5487768845593909,0.7543579879898249,0,12,0.4138701138771452,0.6843220402546646,0,6,0.7244713765508445,0.8199535448844459,0,4,0.9491824309329111,0.9522476270519131,0,2,0.4844941674920854,0.6548878226446897,0,0.9491824309329111,0.9522476270519131,0.8240000000000001,"{""1"": 3652.8406898881685, ""2"": 2163.859769096002, ""3"": 1577.43641565515, ""4"": 1206.4061843520255, ""5"": 1018.3483793551618, ""6"": 903.6254427525813, ""7"": 888.3099830370957, ""8"": 884.8169774000736, ""9"": 886.6886421464887, ""10"": 886.3253458981673, ""11"": 906.0968686723421, ""12"": 925.2521166312395, ""13"": 955.7900537180567, ""14"": 976.0890143036056, ""15"": 1007.2609720567511}",1.060706615447998
prinz1d,subsample,pca,500,10,1,5,4,4,0.178,8,0.585330905248684,0.7448839714777097,0,11,0.4878951851422333,0.7081951570402153,0,5,0.8510529793110702,0.8886592327943539,0,4,0.9202045036007218,0.9125299609473639,0,2,0.49592050722099845,0.6545989880549182,0,0.9202045036007218,0.9125299609473639,0.772,"{""1"": 3678.0733268110403, ""2"": 2102.633627583409, ""3"": 1519.5475095943293, ""4"": 1110.7463366616264, ""5"": 959.2824302824213, ""6"": 899.6504087758495, ""7"": 845.1278317341255, ""8"": 815.0672228668125, ""9"": 827.546440554949, ""10"": 840.3431753046902, ""11"": 837.9515073086183, ""12"": 867.2136533107034, ""13"": 893.4150067054361, ""14"": 925.7390410561613, ""15"": 952.2360366800524}",1.0834803581237793
prinz1d,subsample,pca,500,10,1,6,4,4,0.142,8,0.555409030536858,0.7529144392544191,0,15,0.3863465104982755,0.6579746894588,1,5,0.7898651549200857,0.8875632280178243,0,4,0.9088400152522969,0.9134990589913188,0,2,0.47914227153618505,0.6408203559367192,0,0.9088400152522969,0.9134990589913188,0.72,"{""1"": 3607.863499308615, ""2"": 1987.767947337567, ""3"": 1328.8836141001502, ""4"": 993.6990961077761, ""5"": 839.1814669344689, ""6"": 805.8209657452109, ""7"": 781.2845772289752, ""8"": 773.9664832979186, ""9"": 806.1700567686478, ""10"": 820.656434993806, ""11"": 798.70378519818, ""12"": 833.0226874151234, ""13"": 853.0462519051973, ""14"": 879.5421190459244, ""15"": 890.5498699337197}",1.1517243385314941
prinz1d,subsample,pca,500,10,1,7,4,4,0.186,7,0.5881083800005716,0.7430374410563081,0,15,0.3977200814065019,0.6643300863540906,1,7,0.5881083800005716,0.7430374410563081,0,4,0.895863282235698,0.9073318192284131,0,2,0.486140481206326,0.6492622111935633,0,0.895863282235698,0.9073318192284131,0.7119999999999999,"{""1"": 3673.2563603811436, ""2"": 2138.9230758846334, ""3"": 1578.4666156749395, ""4"": 1221.269565727718, ""5"": 1061.512133941538, ""6"": 979.6980616065438, ""7"": 921.5537060447712, ""8"": 923.0345939692435, ""9"": 928.4191910682919, ""10"": 928.7606740268503, ""11"": 935.9154769243848, ""12"": 959.8982077520272, ""13"": 1003.5946648552975, ""14"": 1021.505279047589, ""15"": 1027.1326539597703}",1.1531267166137695
prinz1d,subsample,pca,500,10,1,8,4,4,0.15,9,0.5415803534759184,0.7377852765964855,0,10,0.507993462034421,0.7210193329227904,0,5,0.8323221368666082,0.9061948031403735,0,4,0.9631822524110378,0.9473517995291769,0,2,0.4827504650061078,0.6386732329027045,0,0.9631822524110378,0.9473517995291769,0.752,"{""1"": 3626.7856484566205, ""2"": 2066.2163205197958, ""3"": 1530.4942476395008, ""4"": 1225.9931686979705, ""5"": 1035.0339940868212, ""6"": 987.9468998334552, ""7"": 947.6029602032227, ""8"": 934.8902403297695, ""9"": 922.9941744664284, ""10"": 928.5712134954049, ""11"": 959.0818085174377, ""12"": 984.790659311144, ""13"": 1017.0449236935455, ""14"": 1052.670055752831, ""15"": 1074.805212920753}",1.1948304176330566
prinz1d,subsample,pca,500,10,1,9,4,4,0.142,7,0.5532326861140952,0.7358277256789312,0,15,0.35649103772605206,0.647228029991901,1,7,0.5532326861140952,0.7358277256789312,0,4,0.8959686937204262,0.9005097421277819,0,2,0.5206620592892661,0.6624368698373991,0,0.8959686937204262,0.9005097421277819,0.752,"{""1"": 3596.270374072777, ""2"": 2077.774890661203, ""3"": 1530.96190597138, ""4"": 1149.5688504664172, ""5"": 1002.6877613584631, ""6"": 888.4953487011534, ""7"": 856.5723592088843, ""8"": 869.1464808663325, ""9"": 879.5310733380991, ""10"": 873.4479532597779, ""11"": 903.8078010135137, ""12"": 922.0365806470361, ""13"": 946.4957439645393, ""14"": 963.8704536793489, ""15"": 987.3949209337721}",1.0876128673553467
prinz1d,subsample,pca,500,10,1,10,4,4,0.178,8,0.5186351429852056,0.7253375212362048,0,13,0.40090598892969975,0.6767054400365807,0,6,0.6649080850702667,0.795682917027647,0,4,0.8093090469583573,0.8738139978162865,0,2,0.5017233183602333,0.6656991153911682,0,0.8093090469583573,0.8738139978162865,0.768,"{""1"": 3631.656593256978, ""2"": 2000.971896968304, ""3"": 1419.4162014418262, ""4"": 1009.1674766417577, ""5"": 909.3421651158696, ""6"": 853.1274247871642, ""7"": 815.9543619048814, ""8"": 787.5862665106768, ""9"": 793.3365852597691, ""10"": 811.4806408594836, ""11"": 842.64726708373, ""12"": 856.6296422341068, ""13"": 875.8916190838895, ""14"": 910.0869491355863, ""15"": 942.8209060854705}",1.1205484867095947
prinz1d,subsample,pca,500,10,1,11,4,4,0.2,9,0.4980997320746176,0.722917739080661,0,13,0.41681575400774334,0.6742023574571341,0,5,0.7549444220207618,0.8375838893596776,0,4,0.8046387635487677,0.865758271489212,0,2,0.5007958883865147,0.6659801126943272,0,0.8046387635487677,0.865758271489212,0.9040000000000001,"{""1"": 3649.0789985230617, ""2"": 2096.8499735260625, ""3"": 1597.9530923195102, ""4"": 1124.4031726403673, ""5"": 972.8581050919848, ""6"": 959.4211033914602, ""7"": 926.6560374539067, ""8"": 894.4706775047704, ""9"": 889.4966247377795, ""10"": 910.4816995626514, ""11"": 913.7922526965682, ""12"": 939.3603187593901, ""13"": 946.9517282343218, ""14"": 978.1694678093479, ""15"": 1006.6223692139265}",1.2437858581542969
prinz1d,subsample,pca,500,10,1,12,4,4,0.178,10,0.5830375625863109,0.7399097769655419,0,10,0.5830375625863109,0.7399097769655419,0,8,0.5866250075423132,0.733138934774463,0,4,0.8736476670195717,0.8818283466179929,0,2,0.515431834543695,0.6722258702074888,0,0.8736476670195717,0.8818283466179929,0.7120000000000001,"{""1"": 3619.1753884573923, ""2"": 2122.443570606791, ""3"": 1605.1905571688426, ""4"": 1176.7221187715138, ""5"": 1094.3416796486877, ""6"": 1030.4098843786753, ""7"": 961.94979881721, ""8"": 900.42914799045, ""9"": 900.7475349902973, ""10"": 900.1255639168662, ""11"": 931.2600486265778, ""12"": 951.3725040104409, ""13"": 983.4294690851698, ""14"": 1012.768578816263, ""15"": 1035.941967861961}",1.3573243618011475
prinz1d,subsample,pca,500,10,1,13,4,4,0.156,8,0.5497177161354236,0.7174022075336144,0,11,0.46318701823088315,0.6875393477050228,0,6,0.7167057938084668,0.8028984077299588,0,4,0.8701842722013302,0.8784676854241904,0,2,0.4791222226207335,0.6317586624630855,0,0.8701842722013302,0.8784676854241904,0.716,"{""1"": 3652.314438667557, ""2"": 2118.0669546158865, ""3"": 1525.8042596140845, ""4"": 1189.169065269518, ""5"": 1068.278994486625, ""6"": 958.75629817786, ""7"": 919.3955708126036, ""8"": 878.7037667865902, ""9"": 900.3553303911958, ""10"": 898.2319886527316, ""11"": 912.7242504193179, ""12"": 938.136913142062, ""13"": 969.2541443951636, ""14"": 995.3962027033309, ""15"": 1022.1098789045391}",1.3394179344177246
prinz1d,subsample,pca,500,10,1,14,4,4,0.178,9,0.5384039554469345,0.7210939981780261,0,11,0.46127470584262753,0.7089807460255554,0,8,0.5842613864310349,0.7379365010950987,0,4,0.9597528344755998,0.9509557306190535,0,2,0.4889150141486232,0.6432122395772844,0,0.9597528344755998,0.9509557306190535,0.784,"{""1"": 3634.8839497678296, ""2"": 2124.9355184215733, ""3"": 1568.610109448281, ""4"": 1182.9180343223566, ""5"": 1046.8319916693245, ""6"": 992.2302250405032, ""7"": 967.5010342960211, ""8"": 930.8828951132432, ""9"": 914.1406370530606, ""10"": 921.6320966755346, ""11"": 939.7175726377235, ""12"": 970.3979522923385, ""13"": 995.0652280668808, ""14"": 1018.3582144839216, ""15"": 1051.6412043230473}",1.204138994216919
prinz1d,subsample,pca,500,10,1,15,4,4,0.132,10,0.46660941388620947,0.691072593163309,0,13,0.3748596510040837,0.6614760982977249,0,5,0.7950462356027244,0.8833270706601097,0,4,0.8833765391828489,0.8953218999536403,0,2,0.4664111585607739,0.6217519782009099,0,0.8833765391828489,0.8953218999536403,0.8720000000000001,"{""1"": 3596.416977635589, ""2"": 2093.1367946548103, ""3"": 1445.8383559585895, ""4"": 1167.502393953153, ""5"": 986.1797711294612, ""6"": 967.7304035748986, ""7"": 902.2458342404789, ""8"": 906.1994102278112, ""9"": 920.0919854319679, ""10"": 894.2776099218886, ""11"": 918.3908359047114, ""12"": 940.2466327891412, ""13"": 955.1153689791604, ""14"": 981.39799536974, ""15"": 1025.8045604886693}",1.148552417755127
prinz1d,subsample,pca,500,10,1,16,4,4,0.192,9,0.5187989575862265,0.7096048164917466,0,15,0.3646084334570361,0.641137781426384,1,6,0.6139202856225193,0.7546632648643857,0,4,0.8737715696523882,0.8833778979386131,0,2,0.4974516030364722,0.66389704296711,0,0.8737715696523882,0.8833778979386131,0.8360000000000001,"{""1"": 3647.8438120305373, ""2"": 2097.9226849642596, ""3"": 1580.8026675513943, ""4"": 1226.9159813553676, ""5"": 1073.2432125927662, ""6"": 958.0602337938137, ""7"": 932.1622886929192, ""8"": 892.858609964949, ""9"": 887.0937307072593, ""10"": 901.7913914383124, ""11"": 897.8275738075544, ""12"": 919.9323113456185, ""13"": 943.7617984375937, ""14"": 967.2026596892553, ""15"": 979.8124246781128}",1.1375699043273926
prinz1d,subsample,pca,500,10,1,17,4,4,0.16,9,0.4862734717832898,0.7065959851831194,0,15,0.3473577214432358,0.6541000112234344,1,5,0.7948671849584088,0.8705234476172499,0,4,0.9054539520011204,0.9177347616572242,0,2,0.4945389224028046,0.660677359138875,0,0.9054539520011204,0.9177347616572242,0.8760000000000001,"{""1"": 3606.7889369017134, ""2"": 2093.637823006981, ""3"": 1496.9192698185275, ""4"": 1139.1652635815128, ""5"": 952.7005509541209, ""6"": 910.4531332610765, ""7"": 892.8761423841117, ""8"": 907.2783426757765, ""9"": 861.5559758718537, ""10"": 861.9937582331062, ""11"": 883.6944760514336, ""12"": 907.6905557419532, ""13"": 929.5138423626064, ""14"": 960.9573781766277, ""15"": 968.4066088046706}",1.1645090579986572
prinz1d,subsample,pca,500,10,1,18,4,4,0.16,9,0.5906430919308898,0.749365051497056,0,15,0.42023796699256805,0.6677170631482637,1,6,0.783944376785148,0.8448929683911703,0,4,0.929728310975202,0.9248403880946937,0,2,0.5009613204304808,0.6650498843826037,0,0.929728310975202,0.9248403880946937,0.748,"{""1"": 3647.1542252970053, ""2"": 2110.856877909417, ""3"": 1550.631394548324, ""4"": 1106.1531949490914, ""5"": 928.42931200011, ""6"": 853.8132093858354, ""7"": 830.1511146465282, ""8"": 825.4784109912539, ""9"": 821.3850216179212, ""10"": 856.9175038921326, ""11"": 845.562298661528, ""12"": 865.5922530236276, ""13"": 896.3551677729008, ""14"": 920.3840662558107, ""15"": 927.3223272781062}",1.249441385269165
prinz1d,subsample,pca,500,10,1,19,4,4,0.182,9,0.5231108926339284,0.7300907579198228,0,13,0.3936013940429034,0.6640416467189056,0,5,0.7732499330886187,0.8533384436586926,0,4,0.8945843102510418,0.9047409510275988,0,2,0.5019050131313356,0.6650652750152325,0,0.8945843102510418,0.9047409510275988,0.8480000000000001,"{""1"": 3637.3448187510626, ""2"": 2085.110469009286, ""3"": 1581.762455264723, ""4"": 1153.5620923257243, ""5"": 979.4706311735308, ""6"": 921.1482102276578, ""7"": 904.8893718560673, ""8"": 897.3974201809392, ""9"": 896.4913419677766, ""10"": 914.6375327455753, ""11"": 942.0722711647765, ""12"": 955.2260704328753, ""13"": 963.5262586602325, ""14"": 1001.5137794275325, ""15"": 1019.5564182005819}",1.123523235321045
prinz1d,subsample,pca,1000,10,1,0,4,4,0.158,11,0.47549098052352046,0.7005826685914214,0,13,0.4153417744238488,0.6656268257032564,0,6,0.6859865040483372,0.7893347335797076,0,4,0.8166902039179985,0.86514945288218,0,2,0.48368003843437596,0.652496071748589,0,0.8166902039179985,0.86514945288218,0.8760000000000002,"{""1"": 7261.9287276176565, ""2"": 4135.196056167466, ""3"": 2885.3472134137705, ""4"": 2225.829171581658, ""5"": 1875.9732851872566, ""6"": 1743.7197450254369, ""7"": 1671.0645598045767, ""8"": 1608.931108095198, ""9"": 1576.5969363419197, ""10"": 1546.566851776234, ""11"": 1520.4617340047266, ""12"": 1543.946646308917, ""13"": 1563.529580312862, ""14"": 1604.8720537679562, ""15"": 1640.950981286794}",1.5352754592895508
prinz1d,subsample,pca,1000,10,1,1,4,4,0.181,9,0.495888655663446,0.7074854995874446,0,14,0.3898035578075262,0.6737244292962951,0,7,0.6137058997417364,0.7582743274601409,0,4,0.8691041186476377,0.8950318013111124,0,2,0.49340910520825837,0.6444008730444319,0,0.8691041186476377,0.8950318013111124,0.8780000000000001,"{""1"": 7290.520626690272, ""2"": 4271.0753973799965, ""3"": 3089.807820536684, ""4"": 2265.395049234493, ""5"": 1956.005142037988, ""6"": 1792.687898726838, ""7"": 1629.4225110106404, ""8"": 1594.5154440144247, ""9"": 1523.448514365103, ""10"": 1534.7634567905152, ""11"": 1534.5628472255225, ""12"": 1553.1875153167125, ""13"": 1559.1883756413933, ""14"": 1565.557219901645, ""15"": 1604.8550805279324}",1.5918560028076172
prinz1d,subsample,pca,1000,10,1,2,4,4,0.149,10,0.4329610529969845,0.6723618931222237,0,13,0.37376046754988546,0.6609599792875467,0,7,0.6082320328608648,0.7405106075122628,0,4,0.8419230048151247,0.878482011806578,0,2,0.47675325552466563,0.6508585253970245,0,0.8419230048151247,0.878482011806578,0.9359999999999999,"{""1"": 7249.198815230632, ""2"": 4064.415514765958, ""3"": 2828.7919173264986, ""4"": 2152.3178451198482, ""5"": 1832.3733755196147, ""6"": 1680.3586753114257, ""7"": 1539.197087676464, ""8"": 1524.514089507738, ""9"": 1519.7145457115294, ""10"": 1516.6082241198678, ""11"": 1538.1392750416785, ""12"": 1537.461223412331, ""13"": 1556.0258173593702, ""14"": 1591.9957976039066, ""15"": 1620.8235576284105}",1.545487642288208
prinz1d,subsample,pca,1000,10,1,3,4,4,0.155,9,0.562861616325918,0.7535698385936858,0,14,0.3802673600360663,0.6672739772803223,0,6,0.7404237197047295,0.8255596385555508,0,4,0.9590116091771157,0.9498212409043718,0,2,0.4757532120650705,0.6285364861972845,0,0.9590116091771157,0.9498212409043718,0.754,"{""1"": 7237.205916979734, ""2"": 4097.980773336854, ""3"": 2808.871278974831, ""4"": 2115.081506373518, ""5"": 1795.7547644838794, ""6"": 1670.5352645401829, ""7"": 1579.825448183628, ""8"": 1549.880883433887, ""9"": 1449.8398869878538, ""10"": 1454.071391803444, ""11"": 1458.1286183956086, ""12"": 1485.7972484467227, ""13"": 1505.8316777658924, ""14"": 1533.1534188456649, ""15"": 1564.9457660201833}",1.7984914779663086
prinz1d,subsample,pca,1000,10,1,4,4,4,0.146,8,0.5225931880832646,0.7248093651370939,0,14,0.36289052690082224,0.6588753870120274,0,7,0.5847930381800707,0.7579029011739244,0,4,0.9209060078078746,0.9171266668504247,0,2,0.48279342468838987,0.6497429783951382,0,0.9209060078078746,0.9171266668504247,0.8619999999999999,"{""1"": 7228.794922605619, ""2"": 4003.9451729908856, ""3"": 2792.9293115509354, ""4"": 2035.0302297232427, ""5"": 1774.4035495950714, ""6"": 1644.5998212612, ""7"": 1534.9320157235757, ""8"": 1510.9171652542345, ""9"": 1510.9855777324847, ""10"": 1524.9497620505363, ""11"": 1529.7765446945114, ""12"": 1548.371877620763, ""13"": 1536.4098399616676, ""14"": 1562.6765873938448, ""15"": 1599.6242053489254}",1.4272544384002686
prinz1d,subsample,pca,1000,10,1,5,4,4,0.175,11,0.4628286621655189,0.6980400586951044,0,13,0.41491038277718717,0.6815129240580896,0,7,0.6002253759023485,0.7621421979682135,0,4,0.8783722101387749,0.887850399696005,0,2,0.4996339324753131,0.6552376260710706,0,0.8783722101387749,0.887850399696005,0.9760000000000002,"{""1"": 7264.876976112959, ""2"": 4100.787388779307, ""3"": 2943.3314766391, ""4"": 2065.1736351765885, ""5"": 1784.7314833846133, ""6"": 1667.822928828023, ""7"": 1461.5306075984477, ""8"": 1425.952142638575, ""9"": 1382.306090122044, ""10"": 1400.5641093715099, ""11"": 1363.2934163677355, ""12"": 1391.5094352224432, ""13"": 1418.395045730125, ""14"": 1458.7619900079185, ""15"": 1486.2212062185456}",1.5200879573822021
prinz1d,subsample,pca,1000,10,1,6,4,4,0.144,10,0.4488071552665351,0.689247371775234,0,14,0.36763816712384145,0.667059882614917,0,8,0.5279945915643548,0.7381287946995039,0,4,0.9522728629098436,0.9451872265814112,0,2,0.4869304704451956,0.647520708641501,0,0.9522728629098436,0.9451872265814112,0.928,"{""1"": 7172.657845248708, ""2"": 4038.305445913129, ""3"": 2833.8175151163196, ""4"": 2257.151074067312, ""5"": 1807.559380281083, ""6"": 1665.6382307209176, ""7"": 1542.8087762550545, ""8"": 1492.572565771226, ""9"": 1436.5707427193602, ""10"": 1433.994013770423, ""11"": 1448.40868699556, ""12"": 1473.020962486468, ""13"": 1497.106484798695, ""14"": 1520.914126651126, ""15"": 1556.1849268965527}",1.5285353660583496
prinz1d,subsample,pca,1000,10,1,7,4,4,0.174,9,0.5448656724658496,0.7551935623051539,0,13,0.4129485555105373,0.6886726609423719,0,6,0.7284003613825196,0.8240773362368755,0,4,0.9294009289705236,0.9352401762161188,0,2,0.49553599856732083,0.662527673296886,0,0.9294009289705236,0.9352401762161188,0.8800000000000001,"{""1"": 7297.482259535583, ""2"": 4036.1362320048793, ""3"": 2886.810717269595, ""4"": 2077.90262051499, ""5"": 1825.9623005096032, ""6"": 1702.6957093728945, ""7"": 1609.1507738337841, ""8"": 1536.3692666675734, ""9"": 1529.629585581457, ""10"": 1556.1073380068744, ""11"": 1577.0001941871747, ""12"": 1589.025297032647, ""13"": 1611.388293190026, ""14"": 1647.616295471869, ""15"": 1677.878117017381}",1.4698419570922852
prinz1d,subsample,pca,1000,10,1,8,4,4,0.15,9,0.5561288484844008,0.7203476744710532,0,12,0.4307695463754311,0.6717554918323845,0,8,0.5662652141554065,0.7465627085710751,0,4,0.8587394181887695,0.8798712527733976,0,2,0.48872019308424075,0.6440604239427429,0,0.8587394181887695,0.8798712527733976,0.7120000000000001,"{""1"": 7230.8545054684555, ""2"": 4111.388020341911, ""3"": 2917.3572898599073, ""4"": 2176.887895291097, ""5"": 1816.705186285263, ""6"": 1678.4253212387673, ""7"": 1582.87829991959, ""8"": 1506.8519412060118, ""9"": 1490.3570523170747, ""10"": 1510.0794502004203, ""11"": 1537.482135227478, ""12"": 1522.3074654162106, ""13"": 1577.8468823711353, ""14"": 1601.7226947207744, ""15"": 1616.4533997148371}",1.5306408405303955
prinz1d,subsample,pca,1000,10,1,9,4,4,0.155,10,0.4910349377241994,0.7080423336864693,0,15,0.3496951982709487,0.6584352362145136,1,8,0.571339123491911,0.7177220680548574,0,4,0.8341189165279297,0.8732063865224615,0,2,0.5090142598139173,0.6585013280818718,0,0.8341189165279297,0.8732063865224615,0.8880000000000001,"{""1"": 7168.237981540772, ""2"": 4142.271904951837, ""3"": 3155.7224260956355, ""4"": 2291.258965270854, ""5"": 1929.474849243502, ""6"": 1777.398588404342, ""7"": 1632.950139773231, ""8"": 1600.9013601616175, ""9"": 1570.7164392724621, ""10"": 1552.4230698322963, ""11"": 1582.9188259737766, ""12"": 1559.2061812286602, ""13"": 1598.0436512873691, ""14"": 1624.3438373306296, ""15"": 1647.4877902463568}",1.6478660106658936
prinz1d,subsample,pca,1000,10,1,10,4,4,0.168,10,0.4858625055972933,0.7038816424090577,0,12,0.41616183293908726,0.6743607418388691,0,7,0.5598837915016144,0.7353173536281629,0,4,0.8222574567835603,0.872275578933035,0,2,0.49950968829114933,0.6536318090781547,0,0.8222574567835603,0.872275578933035,0.9159999999999999,"{""1"": 7252.10877286489, ""2"": 4158.687473402597, ""3"": 3004.032307277746, ""4"": 2206.240704767174, ""5"": 1911.127026149732, ""6"": 1750.7804252334788, ""7"": 1608.4841957494327, ""8"": 1562.5892539034862, ""9"": 1563.2044775051309, ""10"": 1503.7160515413584, ""11"": 1511.349536635018, ""12"": 1536.3124501059729, ""13"": 1570.3736791376937, ""14"": 1615.5250819721973, ""15"": 1638.8820046704782}",1.5397071838378906
prinz1d,subsample,pca,1000,10,1,11,4,4,0.187,9,0.5819906524065431,0.742581011449396,0,14,0.38671527267173716,0.6674119404965607,0,9,0.5819906524065431,0.742581011449396,0,4,0.8825789545129357,0.8989648566309839,0,2,0.49900345010959407,0.6551165981563886,0,0.8825789545129357,0.8989648566309839,0.7360000000000001,"{""1"": 7262.515330475908, ""2"": 4058.95471044759, ""3"": 2964.85177655056, ""4"": 2029.5481003212358, ""5"": 1802.5082377238086, ""6"": 1668.272879747875, ""7"": 1562.3786168648876, ""8"": 1441.863634874615, ""9"": 1421.6817402150252, ""10"": 1431.0881482717996, ""11"": 1459.306171663546, ""12"": 1489.558528589574, ""13"": 1511.0500099524659, ""14"": 1488.077298320257, ""15"": 1518.6102308980044}",1.495274305343628
prinz1d,subsample,pca,1000,10,1,12,4,4,0.195,10,0.5152407605033955,0.7168087652057546,0,15,0.3607691890434243,0.661834621695124,1,7,0.6246144050009539,0.7431776060119198,0,4,0.9487343224423351,0.935621824714163,0,2,0.49664909893538617,0.6417331587288216,0,0.9487343224423351,0.935621824714163,0.908,"{""1"": 7268.753805109671, ""2"": 4280.055209336476, ""3"": 3318.255633557978, ""4"": 2363.8566638982848, ""5"": 2015.5247860104616, ""6"": 1794.5687451226781, ""7"": 1686.1306542981229, ""8"": 1623.264417823702, ""9"": 1608.0213803020704, ""10"": 1579.779570580114, ""11"": 1584.7591669985532, ""12"": 1605.5922740259189, ""13"": 1636.5619076488388, ""14"": 1661.3847145668076, ""15"": 1687.9332097969218}",1.530853509902954
prinz1d,subsample,pca,1000,10,1,13,4,4,0.142,10,0.490873005464776,0.7291148378801499,0,12,0.4109763595495725,0.6932197693351853,0,7,0.7082232316346164,0.8093264932198104,0,4,0.8868402545023689,0.9036753167471628,0,2,0.48951011624675267,0.6410124873352603,0,0.8868402545023689,0.9036753167471628,0.9380000000000001,"{""1"": 7176.475068561147, ""2"": 4118.972713515609, ""3"": 2885.8104233166605, ""4"": 2175.7593584502292, ""5"": 1830.101333852933, ""6"": 1698.173302134791, ""7"": 1629.4259808071038, ""8"": 1562.3152677842036, ""9"": 1570.185435956507, ""10"": 1513.2703762842648, ""11"": 1529.2086008795873, ""12"": 1550.6065745106353, ""13"": 1580.2061478049222, ""14"": 1621.4040112257421, ""15"": 1651.543652867867}",1.4999096393585205
prinz1d,subsample,pca,1000,10,1,14,4,4,0.176,9,0.5629936954118363,0.752869085686035,0,14,0.38041557611204435,0.6684180083229073,0,6,0.7453141635752948,0.8345227848596074,0,4,0.921414664706577,0.9215384533855281,0,2,0.4897241013373819,0.6539816728249266,0,0.921414664706577,0.9215384533855281,0.8200000000000001,"{""1"": 7264.489117974618, ""2"": 4083.9878429094947, ""3"": 2965.1277738911463, ""4"": 2243.021380064846, ""5"": 1936.798415313929, ""6"": 1771.262794608638, ""7"": 1668.9734182279503, ""8"": 1604.1011604591713, ""9"": 1580.870191100149, ""10"": 1597.4919465174482, ""11"": 1621.1040158882452, ""12"": 1641.2738396054401, ""13"": 1588.7661793909372, ""14"": 1606.787851086043, ""15"": 1644.3273898430384}",1.51566743850708
prinz1d,subsample,pca,1000,10,1,15,4,4,0.135,10,0.4933607261109413,0.7052641921376801,0,14,0.3650984684731045,0.6591023996843077,0,6,0.7291416439146923,0.8036134960939706,0,4,0.8278348742410296,0.8511235376054735,0,2,0.4672168285480036,0.619570145840985,0,0.8278348742410296,0.8511235376054735,0.8680000000000001,"{""1"": 7174.03996190186, ""2"": 4179.159555974366, ""3"": 2889.040120771012, ""4"": 2252.6826206966616, ""5"": 1920.135978808855, ""6"": 1769.7982554216203, ""7"": 1687.8242425132553, ""8"": 1580.3346642686788, ""9"": 1559.484563374153, ""10"": 1498.6097135141026, ""11"": 1521.224114684715, ""12"": 1535.5143176694842, ""13"": 1565.0240392487826, ""14"": 1584.5596953022282, ""15"": 1626.1514103368397}",1.8042535781860352
prinz1d,subsample,pca,1000,10,1,16,4,4,0.172,11,0.49554141312161526,0.7121571242792885,0,14,0.39188833982350507,0.6697223125024141,0,8,0.5665883099609704,0.7362653635499374,0,4,0.8949707672229573,0.9026858074956168,0,2,0.4963355874488482,0.652704457319715,0,0.8949707672229573,0.9026858074956168,0.9340000000000002,"{""1"": 7268.9211946441565, ""2"": 4162.679605297699, ""3"": 3079.981172596615, ""4"": 2302.6397802481206, ""5"": 1983.7411945737056, ""6"": 1774.7038439409969, ""7"": 1642.7869239707002, ""8"": 1574.8007821823644, ""9"": 1550.2519178333223, ""10"": 1545.8394089869903, ""11"": 1526.7437476373389, ""12"": 1562.6218369140506, ""13"": 1545.819274414995, ""14"": 1566.6955636688772, ""15"": 1601.77076017045}",1.619633436203003
prinz1d,subsample,pca,1000,10,1,17,4,4,0.162,8,0.5512314545609533,0.7352006818620256,0,15,0.3775530429464521,0.6628819762954045,1,6,0.7027500426055451,0.7984938955540523,0,4,0.9366361182146078,0.9383600962920076,0,2,0.48537020951461174,0.6373681359132282,0,0.9366361182146078,0.9383600962920076,0.786,"{""1"": 7247.306927897163, ""2"": 4001.318911468795, ""3"": 2785.548061429087, ""4"": 2090.1651287328987, ""5"": 1781.6283063302387, ""6"": 1593.4287544320916, ""7"": 1495.3224796542104, ""8"": 1436.202568885406, ""9"": 1445.7577694700258, ""10"": 1446.0405742927535, ""11"": 1452.0834713800484, ""12"": 1497.829343741338, ""13"": 1513.2276050141008, ""14"": 1533.0529540889656, ""15"": 1560.7217327145736}",1.4280133247375488
prinz1d,subsample,pca,1000,10,1,18,4,4,0.172,9,0.5263295595724757,0.7481296303963494,0,14,0.37899403662125425,0.6662903055317825,0,8,0.565108749786834,0.7580183628057522,0,4,0.9246373734851685,0.9289036930808322,0,2,0.494984791973413,0.6573438158926719,0,0.9246373734851685,0.9289036930808322,0.97,"{""1"": 7302.256745980294, ""2"": 4214.286358328432, ""3"": 3098.4571689916615, ""4"": 2211.5575756214384, ""5"": 1858.8077139463574, ""6"": 1730.1198609995313, ""7"": 1616.6260935961, ""8"": 1534.912494652373, ""9"": 1515.9231219086876, ""10"": 1529.2192624206893, ""11"": 1549.384727189597, ""12"": 1564.143240768541, ""13"": 1597.3046219054434, ""14"": 1611.2871495726688, ""15"": 1648.5222962952685}",1.263566255569458
prinz1d,subsample,pca,1000,10,1,19,4,4,0.179,10,0.4880273564081542,0.7130657665015312,0,15,0.37735098653347193,0.6634342279287828,1,8,0.6179382171246732,0.749172730287428,0,4,0.9387572616317549,0.9413773599020052,0,2,0.4993588820008302,0.6544006176160881,0,0.9387572616317549,0.9413773599020052,0.998,"{""1"": 7244.875944654666, ""2"": 4117.352865435883, ""3"": 3038.8737889592844, ""4"": 2196.4374485300223, ""5"": 1854.2317441773537, ""6"": 1714.321635465054, ""7"": 1625.1916258934002, ""8"": 1500.0288374545266, ""9"": 1489.5933572443398, ""10"": 1452.2385373643965, ""11"": 1469.267796594802, ""12"": 1480.9909582310775, ""13"": 1499.3094808475203, ""14"": 1525.0856553862814, ""15"": 1549.5236309847255}",1.5356009006500244
prinz1d,subsample,pca,2000,10,1,0,4,4,0.155,9,0.5195326249856314,0.7424190866525516,0,15,0.3353424207789725,0.6533023291829261,1,9,0.5195326249856314,0.7424190866525516,0,4,0.9422344654972663,0.9381527897264731,0,2,0.48170072089772414,0.6446015580263527,0,0.9422344654972663,0.9381527897264731,0.8440000000000001,"{""1"": 14418.973812129945, ""2"": 8043.186561514806, ""3"": 5635.659915317469, ""4"": 4205.091129159959, ""5"": 3362.645594416479, ""6"": 3093.6066244514823, ""7"": 2883.6751095161285, ""8"": 2732.7279435487976, ""9"": 2554.0001852920027, ""10"": 2678.7631803529125, ""11"": 2580.3234634491023, ""12"": 2574.4017470203357, ""13"": 2609.6069928959873, ""14"": 2644.6052132916684, ""15"": 2675.087127508228}",2.5001227855682373
prinz1d,subsample,pca,2000,10,1,1,4,4,0.175,11,0.4557127103284515,0.7011218844774961,0,15,0.35688973730786766,0.6476193711308792,1,6,0.7221597529393965,0.814942389496236,0,4,0.9005147100341215,0.9114293891389141,0,2,0.5005894450042148,0.6544911663397618,0,0.9005147100341215,0.9114293891389141,1.0190000000000001,"{""1"": 14459.688905037023, ""2"": 8279.257685209257, ""3"": 6092.616625769336, ""4"": 4456.764293386957, ""5"": 3743.0620946168942, ""6"": 3313.425028124495, ""7"": 3078.3201894229105, ""8"": 2943.855658068789, ""9"": 2854.591290665029, ""10"": 2846.4020161079898, ""11"": 2800.6434705933884, ""12"": 2806.5886451695915, ""13"": 2808.489081477919, ""14"": 2856.639217436616, ""15"": 2864.023359490524}",2.433044195175171
prinz1d,subsample,pca,2000,10,1,2,4,4,0.151,11,0.4620611477381696,0.6995283304035792,0,14,0.35706463851131187,0.6548489728955514,0,9,0.5300527945868999,0.7217570675055142,0,4,0.8438179251904633,0.8796892262949424,0,2,0.4791999122575709,0.6483793755026401,0,0.8438179251904633,0.8796892262949424,0.947,"{""1"": 14496.7315145186, ""2"": 8214.208362110154, ""3"": 5563.814533496225, ""4"": 4244.98012988298, ""5"": 3546.89656369369, ""6"": 3219.568630319928, ""7"": 2940.894373960873, ""8"": 2841.494444581902, ""9"": 2700.928412743382, ""10"": 2640.3825220595663, ""11"": 2626.9761920880624, ""12"": 2648.441570987401, ""13"": 2644.3290330181835, ""14"": 2666.506792728086, ""15"": 2702.682234170735}",2.515014410018921
prinz1d,subsample,pca,2000,10,1,3,4,4,0.1565,10,0.4894761747279909,0.7139080266843842,0,14,0.36933924075155933,0.6613817801403408,0,8,0.529698311371867,0.701619584836245,0,4,0.8607038142347835,0.8916594414533946,0,2,0.48119555539196407,0.6416146740502027,0,0.8607038142347835,0.8916594414533946,0.947,"{""1"": 14442.020162559664, ""2"": 8094.36409401242, ""3"": 5624.6246917541, ""4"": 4298.249415373955, ""5"": 3598.760053376702, ""6"": 3215.204672586159, ""7"": 2964.4856514601747, ""8"": 2790.717817290439, ""9"": 2683.1136868661406, ""10"": 2615.623292500005, ""11"": 2626.2119377105487, ""12"": 2658.4856138904006, ""13"": 2690.6421687112334, ""14"": 2696.6759811404695, ""15"": 2754.2574367173474}",2.548140287399292
prinz1d,subsample,pca,2000,10,1,4,4,4,0.158,11,0.4342037252293122,0.6948735312508767,0,15,0.34756616385971173,0.6504955257328058,1,5,0.7876376895144674,0.8663854868453061,0,4,0.9135241357991543,0.9231974797390511,0,2,0.48598154016694617,0.6530475055444644,0,0.9135241357991543,0.9231974797390511,1.0590000000000002,"{""1"": 14440.22962322247, ""2"": 8117.141539414408, ""3"": 5661.810154957301, ""4"": 4213.391816073836, ""5"": 3454.4990544389784, ""6"": 3248.410595317282, ""7"": 3059.1429558298123, ""8"": 2882.434122873274, ""9"": 2848.7078228877517, ""10"": 2774.7414992627605, ""11"": 2757.736980151722, ""12"": 2760.2386855797504, ""13"": 2759.4074974030946, ""14"": 2785.2784997623835, ""15"": 2813.82980933208}",2.318310022354126
prinz1d,subsample,pca,2000,10,1,5,4,4,0.1815,12,0.45184501192111953,0.6982450320673289,0,15,0.36207363272667126,0.6615141505293923,1,6,0.7207542053196565,0.8207760653767618,0,4,0.9160030553771147,0.9253731846604047,0,2,0.5047435951911412,0.6637856725791695,0,0.9160030553771147,0.9253731846604047,1.062,"{""1"": 14478.16999822159, ""2"": 8217.200021704688, ""3"": 6066.139478362381, ""4"": 4261.163977702816, ""5"": 3689.836811039066, ""6"": 3307.75486791389, ""7"": 3102.906690664921, ""8"": 3022.0727355330264, ""9"": 2904.6914406092797, ""10"": 2852.057081738121, ""11"": 2784.6805441648644, ""12"": 2756.374141239223, ""13"": 2760.938362278601, ""14"": 2797.218818882564, ""15"": 2826.148043890602}",2.363368511199951
prinz1d,subsample,pca,2000,10,1,6,4,4,0.1415,11,0.4344780855019751,0.6864211906493394,0,15,0.3466104580857975,0.6503466309352068,1,8,0.5498976631225195,0.7287014637830457,0,4,0.9100316648119657,0.9192166516292636,0,2,0.4796284283695553,0.6432152670567534,0,0.9100316648119657,0.9192166516292636,0.9740000000000001,"{""1"": 14373.051566016156, ""2"": 8043.883494229548, ""3"": 5479.719314910167, ""4"": 4138.578621950353, ""5"": 3416.861423459177, ""6"": 3139.87516478588, ""7"": 2922.6493716027185, ""8"": 2682.3572694455866, ""9"": 2653.352677247992, ""10"": 2630.94870589541, ""11"": 2586.5088949437372, ""12"": 2606.833022232957, ""13"": 2606.0918371758307, ""14"": 2627.7245649585925, ""15"": 2647.7181873292084}",2.559860944747925
prinz1d,subsample,pca,2000,10,1,7,4,4,0.1815,11,0.4622604445249916,0.7010840081763211,0,15,0.3536118011976074,0.6501121956517257,1,7,0.6868568100088183,0.7710288991667945,0,4,0.8782972818966024,0.9065948121777235,0,2,0.4895663664255234,0.6498263051240094,0,0.8782972818966024,0.9065948121777235,1.012,"{""1"": 14575.349718779164, ""2"": 8390.606027827704, ""3"": 6154.279383262416, ""4"": 4567.381415128815, ""5"": 3876.018918543503, ""6"": 3578.277204984459, ""7"": 3284.1003547061164, ""8"": 3051.578391968533, ""9"": 2970.5298818984757, ""10"": 2971.8783157823964, ""11"": 2928.8576652963225, ""12"": 2960.291458933441, ""13"": 2949.738978816097, ""14"": 2984.938507429905, ""15"": 2995.9598044456097}",2.563046932220459
prinz1d,subsample,pca,2000,10,1,8,4,4,0.163,12,0.4389258601133624,0.6942471558671264,0,15,0.3489992757747874,0.6520073451454678,1,8,0.5703509824151249,0.7317843313159402,0,4,0.852826006334409,0.8805181860392552,0,2,0.48954435132375695,0.654473728779066,0,0.852826006334409,0.8805181860392552,1.0020000000000002,"{""1"": 14491.256218752489, ""2"": 8333.308811811074, ""3"": 5923.385641257118, ""4"": 4514.362288621813, ""5"": 3828.5986863395933, ""6"": 3496.593276461961, ""7"": 3225.078896577432, ""8"": 3090.1065050429374, ""9"": 2963.2693577288364, ""10"": 2910.6567969768334, ""11"": 2908.932751263788, ""12"": 2897.1572591995214, ""13"": 2925.137847901219, ""14"": 2915.2355140071004, ""15"": 2942.5637108299206}",2.4806647300720215
prinz1d,subsample,pca,2000,10,1,9,4,4,0.153,11,0.46718464392863013,0.7010079974335405,0,15,0.35477162647588895,0.6491973769295635,1,6,0.6805193235350684,0.7984035973662252,0,4,0.9112663404549068,0.9148739132536445,0,2,0.5088904514408668,0.6629024365207424,0,0.9112663404549068,0.9148739132536445,0.9520000000000001,"{""1"": 14385.65377629262, ""2"": 8230.473604279643, ""3"": 5985.67427648965, ""4"": 4305.115670406873, ""5"": 3651.7443062770353, ""6"": 3327.9669335005806, ""7"": 3108.964193652319, ""8"": 2957.2482736685774, ""9"": 2796.086645766037, ""10"": 2753.6507482619563, ""11"": 2741.339711833281, ""12"": 2756.3665329533546, ""13"": 2782.2196359081036, ""14"": 2810.4976696981453, ""15"": 2831.482943032266}",2.5847666263580322
prinz1d,subsample,pca,2000,10,1,10,4,4,0.164,11,0.4697674478230742,0.6921220189940377,0,15,0.3500567698203197,0.6490485410204491,1,6,0.6777495004220626,0.7863887461262018,0,4,0.8668438981338562,0.8912035558210422,0,2,0.4996338386531997,0.6581563736337481,0,0.8668438981338562,0.8912035558210422,0.917,"{""1"": 14420.950057985274, ""2"": 8090.966410309782, ""3"": 5832.231108726684, ""4"": 4208.627029305901, ""5"": 3521.939895015835, ""6"": 3157.3156738470925, ""7"": 2896.180932944047, ""8"": 2770.446142990439, ""9"": 2736.760814388108, ""10"": 2696.5946048738583, ""11"": 2592.929993996312, ""12"": 2715.4319636382074, ""13"": 2647.9742552272373, ""14"": 2649.84132056045, ""15"": 2679.460919545826}",2.4626810550689697
prinz1d,subsample,pca,2000,10,1,11,4,4,0.1835,10,0.5067800306100209,0.7225659376085066,0,15,0.36181239676374793,0.6598643557468524,1,9,0.5491178938844811,0.7345561123597805,0,4,0.9201410407015408,0.9219121584370886,0,2,0.5011635819169473,0.6577964549907259,0,0.9201410407015408,0.9219121584370886,0.984,"{""1"": 14497.873504598248, ""2"": 8278.570215478092, ""3"": 6041.121460088743, ""4"": 4197.7067515294975, ""5"": 3589.305394787465, ""6"": 3255.511786524483, ""7"": 3011.11720436566, ""8"": 2870.6608128241983, ""9"": 2739.9576234956185, ""10"": 2649.8142481733717, ""11"": 2653.6390925356814, ""12"": 2661.455399195113, ""13"": 2670.6183732239897, ""14"": 2696.5561519076614, ""15"": 2697.2635285736987}",2.459184169769287
prinz1d,subsample,pca,2000,10,1,12,4,4,0.209,11,0.46006370867792507,0.7052110995871458,0,15,0.36327304433962926,0.6626430744006202,1,7,0.6544797266640751,0.7791169590971152,0,4,0.9342471641126602,0.9337113784848369,0,2,0.506009516252117,0.6685909337675796,0,0.9342471641126602,0.9337113784848369,1.053,"{""1"": 14505.615119820986, ""2"": 8300.645268893031, ""3"": 6284.320296042392, ""4"": 4274.174240784971, ""5"": 3654.026674155748, ""6"": 3260.1446839886576, ""7"": 3066.369756844417, ""8"": 2978.718642111196, ""9"": 2833.106954355613, ""10"": 2759.8711110127833, ""11"": 2752.152087982029, ""12"": 2763.5590524872746, ""13"": 2775.5067899878923, ""14"": 2782.652942070477, ""15"": 2798.817301472769}",2.4046146869659424
prinz1d,subsample,pca,2000,10,1,13,4,4,0.152,12,0.42433001434422335,0.6785634518532176,0,14,0.3688799434398239,0.6585230859738567,0,9,0.5407474472519646,0.7365984102767058,0,4,0.8501105971688999,0.8735574834845652,0,2,0.48867495095679075,0.6407554949093289,0,0.8501105971688999,0.8735574834845652,1.0559999999999998,"{""1"": 14452.55278175317, ""2"": 8179.842356969274, ""3"": 5826.334228258237, ""4"": 4305.403638356047, ""5"": 3659.982324232025, ""6"": 3316.1043198732723, ""7"": 3125.191143208938, ""8"": 2899.9230007898577, ""9"": 2780.103896901092, ""10"": 2756.345424940218, ""11"": 2779.0068817821134, ""12"": 2687.4836020529224, ""13"": 2723.291383309357, ""14"": 2705.130124274663, ""15"": 2743.1417631121803}",2.4381189346313477
prinz1d,subsample,pca,2000,10,1,14,4,4,0.167,11,0.4595686922856236,0.7111267592573324,0,14,0.3797205423917032,0.6779959378980628,0,6,0.7446883629107425,0.8424883346214812,0,4,0.9449485165306774,0.941048740470445,0,2,0.4947582077834892,0.6583899119280383,0,0.9449485165306774,0.941048740470445,1.0530000000000002,"{""1"": 14497.56758636505, ""2"": 8290.947096619682, ""3"": 5896.422892241996, ""4"": 4252.617233815776, ""5"": 3595.0976345388826, ""6"": 3321.0732574425856, ""7"": 3137.5237568250664, ""8"": 3000.4166476110727, ""9"": 2874.742789822726, ""10"": 2801.7420186166282, ""11"": 2800.3339958057804, ""12"": 2803.0869798447093, ""13"": 2825.840270032896, ""14"": 2851.894013100831, ""15"": 2891.5381926531227}",2.220303535461426
prinz1d,subsample,pca,2000,10,1,15,4,4,0.14,13,0.3849365000171938,0.6626426621111373,0,14,0.33810702531738807,0.6412388124363524,0,7,0.5340143617997194,0.7226012780675689,0,4,0.8261716866871444,0.866249277291221,0,2,0.47155113559431805,0.6314141059184003,0,0.8261716866871444,0.866249277291221,1.064,"{""1"": 14393.237344413252, ""2"": 8093.857129751204, ""3"": 5567.390091225593, ""4"": 4300.512802886937, ""5"": 3544.485203504237, ""6"": 3232.0956574559787, ""7"": 2980.9735102970067, ""8"": 2836.6490319663358, ""9"": 2768.045382516065, ""10"": 2741.306725504853, ""11"": 2745.342889998105, ""12"": 2750.699543790932, ""13"": 2725.373664067385, ""14"": 2734.076898970802, ""15"": 2770.6284807319244}",2.270279884338379
prinz1d,subsample,pca,2000,10,1,16,4,4,0.1775,13,0.3960041479121647,0.6685605893837567,0,13,0.3960041479121647,0.6685605893837567,0,6,0.6816352909084633,0.8011709222845357,0,4,0.9242172276478338,0.9273006882910785,0,2,0.5002014506105454,0.6572867317534437,0,0.9242172276478338,0.9273006882910785,1.1099999999999999,"{""1"": 14479.081217022096, ""2"": 8330.174665425086, ""3"": 6098.522544615526, ""4"": 4445.066331511098, ""5"": 3642.4677845782307, ""6"": 3313.726206458332, ""7"": 3103.6048980809433, ""8"": 2918.875916416921, ""9"": 2824.657190407751, ""10"": 2727.4970428480287, ""11"": 2727.4591237751915, ""12"": 2739.0985564613134, ""13"": 2725.529442258312, ""14"": 2804.1855616451567, ""15"": 2846.26224440887}",2.379796266555786
prinz1d,subsample,pca,2000,10,1,17,4,4,0.151,11,0.4537959702344495,0.7044655101674377,0,14,0.36713013601951083,0.6642547139025058,0,8,0.5574006894182636,0.7307366497418364,0,4,0.9082192323983148,0.9190787909305874,0,2,0.5023528278121895,0.6611564175326851,0,0.9082192323983148,0.9190787909305874,1.017,"{""1"": 14401.729268627489, ""2"": 8240.81715671952, ""3"": 5895.612571809209, ""4"": 4274.427199166723, ""5"": 3554.820458229892, ""6"": 3296.154607335158, ""7"": 3026.5982831302927, ""8"": 2890.1030366559357, ""9"": 2831.1319701023176, ""10"": 2774.035533266893, ""11"": 2739.7444307680544, ""12"": 2749.775818880724, ""13"": 2797.127767828114, ""14"": 2809.962305450269, ""15"": 2853.1789299358525}",2.46996808052063
prinz1d,subsample,pca,2000,10,1,18,4,4,0.163,10,0.5230383103783752,0.7177573478511076,0,15,0.3483774966089775,0.6476248570298655,1,8,0.5768839147340563,0.7315355871951185,0,4,0.8915844483317215,0.9030721850374503,0,2,0.5006834152026398,0.6612662247228871,0,0.8915844483317215,0.9030721850374503,0.875,"{""1"": 14449.35255566841, ""2"": 8042.529487368795, ""3"": 5689.942795271207, ""4"": 4147.341120578134, ""5"": 3561.86202285002, ""6"": 3142.9893413120562, ""7"": 2837.898315264559, ""8"": 2703.0892006675376, ""9"": 2588.756117095866, ""10"": 2536.4573139207228, ""11"": 2555.1709856591747, ""12"": 2568.870447238978, ""13"": 2582.4937002855627, ""14"": 2572.4254031937894, ""15"": 2602.6078486454126}",2.6490070819854736
prinz1d,subsample,pca,2000,10,1,19,4,4,0.1885,10,0.5150002604723339,0.7292475495090068,0,15,0.36522717033520824,0.6611951406040164,1,6,0.7147993634333999,0.8104091798265862,0,4,0.9219465649348674,0.9221172422925943,0,2,0.4961785550232764,0.6553196545776532,0,0.9219465649348674,0.9221172422925943,0.933,"{""1"": 14515.527721960843, ""2"": 8098.564201354271, ""3"": 5846.079685464291, ""4"": 4164.66689007559, ""5"": 3514.3306346629865, ""6"": 3203.574590984797, ""7"": 3019.909520603892, ""8"": 2862.3122109125684, ""9"": 2772.2291297093775, ""10"": 2720.773406106227, ""11"": 2731.9450313522134, ""12"": 2727.883596300765, ""13"": 2733.272871145863, ""14"": 2766.884609527631, ""15"": 2768.666036188951}",2.3276898860931396
prinz1d,subsample,pca,4000,10,1,0,4,4,0.148,13,0.3765421082825158,0.6528460800331206,0,15,0.32468517919485773,0.632660401895813,1,6,0.6942435545002328,0.7914129057274767,0,4,0.8744019686939383,0.8862993392326024,0,2,0.4786007966684678,0.6411058371762871,0,0.8744019686939383,0.8862993392326024,1.129,"{""1"": 28733.841262489514, ""2"": 15956.64487257031, ""3"": 10939.315059532193, ""4"": 8295.802066225011, ""5"": 6819.342488556677, ""6"": 6167.28800862715, ""7"": 5715.982134528217, ""8"": 5459.796970697768, ""9"": 5208.914185292347, ""10"": 5163.159480235349, ""11"": 4959.9767583547555, ""12"": 4944.063210389217, ""13"": 4918.941942718506, ""14"": 4943.711639634904, ""15"": 4979.768384363411}",4.96327543258667
prinz1d,subsample,pca,4000,10,1,1,4,4,0.18025,13,0.4063859896825055,0.6756342719966959,0,15,0.36548411297727984,0.655433385075372,1,6,0.7017721394069871,0.802989380626529,0,4,0.8979028952678686,0.9115716870140015,0,2,0.500194097850221,0.658644442836276,0,0.8979028952678686,0.9115716870140015,1.1300000000000001,"{""1"": 28950.794275772045, ""2"": 16323.29068440999, ""3"": 11794.855629614534, ""4"": 8436.55816906509, ""5"": 7124.2666149352335, ""6"": 6327.897678221999, ""7"": 5838.8113513798535, ""8"": 5600.367898069375, ""9"": 5399.2036183287155, ""10"": 5130.917458576453, ""11"": 5123.880377750146, ""12"": 5120.423820415581, ""13"": 5056.154341311018, ""14"": 5073.363111959141, ""15"": 5094.615606331636}",4.828361511230469
prinz1d,subsample,pca,4000,10,1,2,4,4,0.15425,12,0.40129172089994364,0.6781625974947098,0,15,0.32403012586955504,0.6424968144545476,1,7,0.5794394285041632,0.7550958345929557,0,4,0.8756834634899417,0.8997171043918629,0,2,0.4793623423872333,0.6499577460532745,0,0.8756834634899417,0.8997171043918629,1.0854999999999997,"{""1"": 28905.928586915157, ""2"": 16147.414949790897, ""3"": 10942.371386663533, ""4"": 8077.31393235491, ""5"": 6762.5215379544115, ""6"": 6095.385537707972, ""7"": 5626.285191648639, ""8"": 5364.04492222116, ""9"": 5156.339951035815, ""10"": 5048.577904844025, ""11"": 4955.2271824991885, ""12"": 4900.644574199036, ""13"": 4933.533182408892, ""14"": 4957.744241535384, ""15"": 4983.24349831325}",5.038103342056274
prinz1d,subsample,pca,4000,10,1,3,4,4,0.15025,15,0.3396321351804077,0.6514012907524744,1,15,0.3396321351804077,0.6514012907524744,1,6,0.6958632535996409,0.7952979218152999,0,4,0.8946015825945922,0.9104717738030312,0,2,0.4851561038841062,0.6521442163642464,0,0.8946015825945922,0.9104717738030312,1.302,"{""1"": 28807.559076458176, ""2"": 16117.63035249423, ""3"": 11056.199201868312, ""4"": 8277.636603893183, ""5"": 6847.7621487106235, ""6"": 6121.002976060304, ""7"": 5556.682918615434, ""8"": 5292.218813228505, ""9"": 5054.233379615716, ""10"": 5011.462060349724, ""11"": 4929.573872542576, ""12"": 4921.955257517147, ""13"": 4947.35683717521, ""14"": 4947.768051747352, ""15"": 4791.773199057948}",4.793941974639893
prinz1d,subsample,pca,4000,10,1,4,4,4,0.153,13,0.38736434572498085,0.6769115593847908,0,15,0.331541420672884,0.6528528652901928,1,6,0.7050077061303522,0.8069645959992571,0,4,0.9188173695327873,0.921636275552163,0,2,0.48391461958406135,0.6457988718408328,0,0.9188173695327873,0.921636275552163,1.1615,"{""1"": 28804.836939251378, ""2"": 15962.655785435103, ""3"": 11049.357289066727, ""4"": 8191.748085060405, ""5"": 6716.355128625402, ""6"": 6192.7931748741585, ""7"": 5693.903106813311, ""8"": 5411.576877222627, ""9"": 5146.944390843905, ""10"": 5107.904914528971, ""11"": 4889.66356929156, ""12"": 4887.377905409703, ""13"": 4881.210669755431, ""14"": 4897.108460421434, ""15"": 4917.837107957144}",5.083847761154175
prinz1d,subsample,pca,4000,10,1,5,4,4,0.18875,13,0.4039687869096103,0.6815051483235528,0,15,0.36725656392161204,0.6650666253443268,1,8,0.5795314144490231,0.7352811472630031,0,4,0.9122649914785557,0.9142213680716099,0,2,0.4984865702092667,0.6558222107015957,0,0.9122649914785557,0.9142213680716099,1.2019999999999997,"{""1"": 29030.9180022446, ""2"": 16447.367259082013, ""3"": 12142.025310361503, ""4"": 8555.929475044846, ""5"": 7269.393692089743, ""6"": 6557.616742745898, ""7"": 5987.986945650687, ""8"": 5627.38605787965, ""9"": 5372.041071097479, ""10"": 5215.758324465628, ""11"": 5140.350552042043, ""12"": 5140.170535391357, ""13"": 5130.625824373617, ""14"": 5131.938084015107, ""15"": 5153.697957472541}",4.832033395767212
prinz1d,subsample,pca,4000,10,1,6,4,4,0.14375,12,0.40815233479907326,0.6862202795315001,0,14,0.35505319521435613,0.6592674228742328,0,7,0.5726879454790625,0.7515811878053233,0,4,0.8898620177439132,0.9033330428374305,0,2,0.48370346278190496,0.6414138301538124,0,0.8898620177439132,0.9033330428374305,1.0565,"{""1"": 28661.942442828757, ""2"": 16132.323218099486, ""3"": 11071.163461701752, ""4"": 8402.472994257982, ""5"": 6845.490142331183, ""6"": 6382.79052882479, ""7"": 5778.70282450023, ""8"": 5541.076548515011, ""9"": 5237.413649654568, ""10"": 5137.209971514872, ""11"": 4970.022748875903, ""12"": 4909.660225583604, ""13"": 4913.667474447389, ""14"": 4924.747871702416, ""15"": 4963.502824406991}",5.012426137924194
prinz1d,subsample,pca,4000,10,1,7,4,4,0.18375,12,0.42444348333849763,0.6889671940590725,0,15,0.3552955576544795,0.6599204257988767,1,6,0.7136873004942199,0.804698012212955,0,4,0.906975968460541,0.9162713303676893,0,2,0.4926494461321963,0.6552012018435018,0,0.906975968460541,0.9162713303676893,1.1099999999999999,"{""1"": 29024.031941789413, ""2"": 16112.99364784093, ""3"": 11630.146136383772, ""4"": 8296.625331166897, ""5"": 6888.5459664032005, ""6"": 6211.351253163956, ""7"": 5708.034525883303, ""8"": 5440.495513876508, ""9"": 5229.497345815415, ""10"": 5155.383130982727, ""11"": 5145.9337616922285, ""12"": 4989.643729276966, ""13"": 5007.980863999308, ""14"": 5035.100729210958, ""15"": 4997.277759034068}",4.909873008728027
prinz1d,subsample,pca,4000,10,1,8,4,4,0.15725,14,0.3585619391346304,0.6555046773951371,0,15,0.3448489300495415,0.647424941133377,1,9,0.5126908016398688,0.7223091137999268,0,4,0.8839814220286335,0.8993024026983388,0,2,0.4875933299490613,0.6480097040350462,0,0.8839814220286335,0.8993024026983388,1.2225,"{""1"": 28899.525356983868, ""2"": 16460.95947553533, ""3"": 11597.096745288294, ""4"": 8650.961117403347, ""5"": 7099.603224887794, ""6"": 6617.760147928214, ""7"": 5934.522631557508, ""8"": 5670.422474845751, ""9"": 5385.171075236068, ""10"": 5279.324240162956, ""11"": 5233.404203849273, ""12"": 5204.642512747501, ""13"": 5147.888644186282, ""14"": 5136.457468686861, ""15"": 5149.595840724655}",4.8549840450286865
prinz1d,subsample,pca,4000,10,1,9,4,4,0.15075,12,0.425638209584876,0.6823460213070071,0,15,0.3469796254902352,0.6479815475237283,1,8,0.5751575939541174,0.732016090148873,0,4,0.8819976758915761,0.8964500695509806,0,2,0.5054854879903592,0.6516771814746505,0,0.8819976758915761,0.8964500695509806,1.0850000000000002,"{""1"": 28690.59978918027, ""2"": 16288.002690868452, ""3"": 11794.873152687034, ""4"": 8352.77831411606, ""5"": 7050.955613504459, ""6"": 6466.231184010471, ""7"": 5815.610356182022, ""8"": 5434.901643182126, ""9"": 5245.6437340950215, ""10"": 5139.303916660254, ""11"": 5115.994469176435, ""12"": 4938.92436525449, ""13"": 4951.087928144383, ""14"": 4945.122925630561, ""15"": 4970.384485970189}",4.924166917800903
prinz1d,subsample,pca,4000,10,1,10,4,4,0.1655,12,0.4360810409836549,0.6845404204417317,0,15,0.3625016889925408,0.6521581271215384,1,8,0.5759503430344526,0.732161866151223,0,4,0.9014133652630211,0.9134435496588262,0,2,0.49428140323974123,0.6446590678120662,0,0.9014133652630211,0.9134435496588262,1.068,"{""1"": 28820.368754169955, ""2"": 16222.349803790052, ""3"": 11655.35232032946, ""4"": 8343.271175626876, ""5"": 6995.182080439465, ""6"": 6386.389955557709, ""7"": 5837.762040773717, ""8"": 5406.808848931745, ""9"": 5259.218121867075, ""10"": 5098.798966914384, ""11"": 5033.45176726659, ""12"": 4973.281587760748, ""13"": 4988.335117966192, ""14"": 5000.684694561486, ""15"": 4976.132593429733}",4.750089168548584
prinz1d,subsample,pca,4000,10,1,11,4,4,0.18675,12,0.4522799176541983,0.702336714829107,0,15,0.35439377043228376,0.6573064559115226,1,7,0.6636426911330099,0.764289628286544,0,4,0.913646530574234,0.9168315522286619,0,2,0.5008804248026346,0.6563428704112221,0,0.913646530574234,0.9168315522286619,1.0565,"{""1"": 28918.620774925188, ""2"": 16213.82509352159, ""3"": 11876.525635149419, ""4"": 8374.188017500568, ""5"": 7125.433973234669, ""6"": 6526.709564958533, ""7"": 6001.007130600561, ""8"": 5563.525103865337, ""9"": 5358.169344186802, ""10"": 5126.936751754836, ""11"": 5090.632254208326, ""12"": 5054.643223290497, ""13"": 5075.72461410095, ""14"": 5101.065733797497, ""15"": 5056.398820343021}",5.000176191329956
prinz1d,subsample,pca,4000,10,1,12,4,4,0.20125,13,0.41170530925619675,0.6777581600475122,0,15,0.37316521303425204,0.6661204765816057,1,8,0.5903543890545274,0.7435047769481005,0,4,0.9040687580512069,0.9109791885729523,0,2,0.5054707505919477,0.6604378473954781,0,0.9040687580512069,0.9109791885729523,1.1560000000000001,"{""1"": 28969.352142436146, ""2"": 16483.94413836443, ""3"": 12399.229191763414, ""4"": 8466.53048109685, ""5"": 7353.431611773298, ""6"": 6548.232192652528, ""7"": 6105.161026025584, ""8"": 5658.76143668634, ""9"": 5393.891013485892, ""10"": 5186.839493577822, ""11"": 5113.13678705216, ""12"": 5050.572489613525, ""13"": 5044.929414351642, ""14"": 5070.219184411204, ""15"": 5092.2655080777895}",5.117074012756348
prinz1d,subsample,pca,4000,10,1,13,4,4,0.15,13,0.3933774619747226,0.6777282172060309,0,14,0.368071090083646,0.6624451335945447,0,6,0.6711096016845828,0.7838645303921168,0,4,0.882309276757883,0.8975202677604137,0,2,0.49305213032255407,0.6519591695792978,0,0.882309276757883,0.8975202677604137,1.1705,"{""1"": 28810.64274341194, ""2"": 16157.029908318658, ""3"": 11435.089300760072, ""4"": 8260.515181249099, ""5"": 6901.800815127178, ""6"": 6204.569201026388, ""7"": 5703.855744479569, ""8"": 5442.901759218708, ""9"": 5183.525655802369, ""10"": 5158.279570940549, ""11"": 5133.725566906434, ""12"": 5091.166189012314, ""13"": 5042.848916375537, ""14"": 5055.511919083735, ""15"": 5119.025817690617}",4.721041917800903
prinz1d,subsample,pca,4000,10,1,14,4,4,0.16525,12,0.41740318865023734,0.674951671477415,0,15,0.35253570221215963,0.6535441928774293,1,10,0.4864872649305584,0.7088778400447338,0,4,0.8641434965629693,0.8892096796615266,0,2,0.4944657448072283,0.6532231463317967,0,0.8641434965629693,0.8892096796615266,1.06,"{""1"": 28911.536781583367, ""2"": 16447.69461666513, ""3"": 11640.092018009313, ""4"": 8471.285554550243, ""5"": 7031.225072693959, ""6"": 6406.439320700764, ""7"": 5898.0199887669505, ""8"": 5602.17891239642, ""9"": 5428.137748975251, ""10"": 5067.917886428889, ""11"": 5209.940400638866, ""12"": 4933.619146046503, ""13"": 4954.3631309971315, ""14"": 4955.321425443902, ""15"": 4980.79003525179}",4.769414901733398
prinz1d,subsample,pca,4000,10,1,15,4,4,0.14225,13,0.3801654096150409,0.656789315325347,0,15,0.32954521696498884,0.6336417648857283,1,6,0.6933132504538513,0.7875733980716575,0,4,0.887662636732559,0.9074321388767422,0,2,0.47334366382329973,0.6387822151971845,0,0.887662636732559,0.9074321388767422,1.1325,"{""1"": 28731.362470389067, ""2"": 15899.780060565472, ""3"": 10872.156874628856, ""4"": 8292.056736120716, ""5"": 6810.8338554704405, ""6"": 6207.787437389872, ""7"": 5734.385518488517, ""8"": 5375.402639685766, ""9"": 5207.7767816395035, ""10"": 5105.820349799413, ""11"": 5042.532643475816, ""12"": 4909.338408840073, ""13"": 4893.958160013952, ""14"": 4901.365202032043, ""15"": 4925.473323590737}",4.927192449569702
prinz1d,subsample,pca,4000,10,1,16,4,4,0.17625,13,0.4053582545909847,0.6791507491933556,0,15,0.34903271100531924,0.6538573941628321,1,6,0.7119280391360236,0.8132133556111852,0,4,0.9293771870445432,0.9282379316360497,0,2,0.49596713285469596,0.6539894043033205,0,0.9293771870445432,0.9282379316360497,1.1375,"{""1"": 28959.676753064545, ""2"": 16443.02428831911, ""3"": 11725.76107856387, ""4"": 8476.444603823878, ""5"": 7125.10360814134, ""6"": 6390.147115436677, ""7"": 5892.864032743238, ""8"": 5700.075635712557, ""9"": 5395.164932138775, ""10"": 5196.206737261721, ""11"": 5148.822536233002, ""12"": 5128.360903836388, ""13"": 5105.80885226896, ""14"": 5150.8782259977315, ""15"": 5163.684976162267}",5.226446628570557
prinz1d,subsample,pca,4000,10,1,17,4,4,0.1585,12,0.4294165524347962,0.691023833565263,0,15,0.345629323538871,0.6556096234526247,1,6,0.7149059522135014,0.8247581230535638,0,4,0.9269127811314852,0.9316087324847695,0,2,0.49892375349965873,0.6584359014655764,0,0.9269127811314852,0.9316087324847695,1.0549999999999997,"{""1"": 28810.695150638912, ""2"": 16328.238357438455, ""3"": 11616.642703209727, ""4"": 8357.957191297659, ""5"": 6913.281462401792, ""6"": 6328.890565137165, ""7"": 5920.042092753533, ""8"": 5619.351630151332, ""9"": 5344.331273238017, ""10"": 5302.431419530236, ""11"": 5099.900508834117, ""12"": 5050.348434423462, ""13"": 5095.72828970879, ""14"": 5125.129778845435, ""15"": 5071.141097804453}",4.932349443435669
prinz1d,subsample,pca,4000,10,1,18,4,4,0.1645,11,0.4667601163024556,0.6962337962929003,0,15,0.3364691230655581,0.6423466402076047,1,6,0.6808136653798156,0.7843637180016078,0,4,0.8809305529244774,0.8941473221406245,0,2,0.49733223382553554,0.6589394804883711,0,0.8809305529244774,0.8941473221406245,0.9690000000000001,"{""1"": 28979.489494643305, ""2"": 16221.787196216972, ""3"": 11615.613118807498, ""4"": 8353.22168105725, ""5"": 7045.013243949545, ""6"": 6282.86000483863, ""7"": 5772.192974516727, ""8"": 5535.39455231941, ""9"": 5282.82728174561, ""10"": 5049.401647332984, ""11"": 4941.959708541806, ""12"": 4964.762743167239, ""13"": 4956.469302523296, ""14"": 4999.721205953309, ""15"": 4990.303629227966}",5.42028021812439
prinz1d,subsample,pca,4000,10,1,19,4,4,0.183,15,0.3535438788396589,0.6504576825712693,1,15,0.3535438788396589,0.6504576825712693,1,7,0.6056630540460389,0.7551753655988303,0,4,0.9028949396450601,0.915627376231555,0,2,0.4973610481403795,0.6533843835235164,0,0.9028949396450601,0.915627376231555,1.2740000000000002,"{""1"": 28952.67304579604, ""2"": 16383.616895436848, ""3"": 11983.972863095865, ""4"": 8456.952778813666, ""5"": 7139.383425747861, ""6"": 6448.911139419756, ""7"": 5791.279794016463, ""8"": 5525.49998173706, ""9"": 5337.839835601623, ""10"": 5218.085708378944, ""11"": 5114.018454563041, ""12"": 5085.4612417447515, ""13"": 5121.908304469294, ""14"": 5129.127805033335, ""15"": 5079.052746184236}",4.640589952468872
prinz1d,subsample,pca,8000,10,1,0,4,4,0.1525,13,0.39162353284598717,0.6722723119456604,0,15,0.34774831123553407,0.6552712118201411,1,7,0.5654550997507404,0.7345662408928774,0,4,0.8816754739182756,0.8966437583551679,0,2,0.4796348164889587,0.6432824729498124,0,0.8816754739182756,0.8966437583551679,1.0975000000000001,"{""1"": 57615.850507656585, ""2"": 32448.46302294206, ""3"": 22422.676802219015, ""4"": 16831.522152740446, ""5"": 13566.362125969003, ""6"": 12222.898202095797, ""7"": 11075.622363079101, ""8"": 10443.273731171148, ""9"": 9997.335443008755, ""10"": 9844.245073308106, ""11"": 9620.193979082469, ""12"": 9392.145908132661, ""13"": 9372.003506810772, ""14"": 9400.297529483447, ""15"": 9398.449597440347}",12.182111263275146
prinz1d,subsample,pca,8000,10,1,1,4,4,0.18,15,0.35615058341703204,0.6535791812023863,1,15,0.35615058341703204,0.6535791812023863,1,6,0.6834530090903032,0.7944382735643488,0,4,0.8973820203306674,0.9079050652469568,0,2,0.49968396555229777,0.6555574472298525,0,0.8973820203306674,0.9079050652469568,1.2774999999999999,"{""1"": 57923.8526292111, ""2"": 32789.67302847752, ""3"": 23663.35553340239, ""4"": 16594.844579442914, ""5"": 13990.296011838722, ""6"": 12567.748474976872, ""7"": 11490.721139350562, ""8"": 10810.267827382906, ""9"": 10302.525553476398, ""10"": 10031.994010177887, ""11"": 9633.361700280759, ""12"": 9598.10765420329, ""13"": 9529.1733391962, ""14"": 9556.183043693785, ""15"": 9504.623653405193}",12.455143451690674
prinz1d,subsample,pca,8000,10,1,2,4,4,0.153875,15,0.33861225875983714,0.6404217255635483,1,15,0.33861225875983714,0.6404217255635483,1,7,0.5673994961815549,0.7390715385576023,0,4,0.8796155758803488,0.8990882126666536,0,2,0.4777913442124741,0.6444436935738742,0,0.8796155758803488,0.8990882126666536,1.223,"{""1"": 57767.565365994575, ""2"": 32137.160284474354, ""3"": 21880.46141508213, ""4"": 16418.66794112878, ""5"": 13617.773713404566, ""6"": 12312.07044073481, ""7"": 11142.987058077086, ""8"": 10622.543029259052, ""9"": 10076.020166555321, ""10"": 9881.817798432763, ""11"": 9505.889052813258, ""12"": 9469.151920100863, ""13"": 9435.52515044919, ""14"": 9427.777652448127, ""15"": 9307.961251387642}",12.2126145362854
prinz1d,subsample,pca,8000,10,1,3,4,4,0.150625,14,0.35622016751539565,0.6555369093113171,0,15,0.3410351529185449,0.6516084859793426,1,6,0.7048936606631995,0.8063688025182791,0,4,0.9015839109683561,0.9111285535852577,0,2,0.4847135128775507,0.6493521329775511,0,0.9015839109683561,0.9111285535852577,1.2265000000000001,"{""1"": 57572.652771737856, ""2"": 32137.46096159157, ""3"": 22257.303260878554, ""4"": 16312.610269803996, ""5"": 13355.346748523723, ""6"": 12134.347761143285, ""7"": 11078.557482198039, ""8"": 10462.612707379356, ""9"": 9983.242564737458, ""10"": 9513.582098670318, ""11"": 9331.074045578302, ""12"": 9279.618833151071, ""13"": 9269.823179016745, ""14"": 9191.722413270523, ""15"": 9214.375069324798}",12.55704951286316
prinz1d,subsample,pca,8000,10,1,4,4,4,0.152125,13,0.387676922501136,0.670848389005671,0,15,0.33818472735103206,0.6467224334294851,1,6,0.6863126686466767,0.7904414914127954,0,4,0.8826711814827728,0.9014531592615577,0,2,0.4858983015991416,0.6505825286188801,0,0.8826711814827728,0.9014531592615577,1.12875,"{""1"": 57659.935978459915, ""2"": 32253.106271985784, ""3"": 22334.94532503915, ""4"": 16538.555111507365, ""5"": 13671.491903249125, ""6"": 12272.68655863451, ""7"": 11110.345635902037, ""8"": 10489.755994130222, ""9"": 10046.344837265078, ""10"": 9814.620080686773, ""11"": 9651.893086983284, ""12"": 9778.339182814732, ""13"": 9492.311200844808, ""14"": 9515.369633562874, ""15"": 9552.836865664121}",12.520715951919556
prinz1d,subsample,pca,8000,10,1,5,4,4,0.187625,14,0.37366299703323586,0.661031152691066,0,15,0.3523935348756024,0.6499917814094339,1,8,0.5635449442137042,0.7265023336119312,0,4,0.876490586630082,0.8914036773147963,0,2,0.4974735069547366,0.6519627586533093,0,0.876490586630082,0.8914036773147963,1.2479999999999998,"{""1"": 58039.95561274882, ""2"": 33030.75479817111, ""3"": 24285.461929185603, ""4"": 17063.431920516876, ""5"": 14569.127463562947, ""6"": 12962.79638549989, ""7"": 11905.990859698564, ""8"": 11185.44804786717, ""9"": 10640.302823678065, ""10"": 10245.439603396533, ""11"": 10085.54933380309, ""12"": 9951.551264440874, ""13"": 9875.034318104768, ""14"": 9866.56988772357, ""15"": 9871.18015625657}",12.475977182388306
prinz1d,subsample,pca,8000,10,1,6,4,4,0.14525,15,0.3184972947176632,0.634005227735217,1,15,0.3184972947176632,0.634005227735217,1,6,0.7042985609584264,0.8106680658314782,0,4,0.8985858568113705,0.9094872456609117,0,2,0.4854283360711128,0.6492486013826537,0,0.8985858568113705,0.9094872456609117,1.30275,"{""1"": 57386.006851247446, ""2"": 32106.508519146562, ""3"": 21874.93271445767, ""4"": 16588.128194610148, ""5"": 13460.28174379232, ""6"": 12135.836938799237, ""7"": 11139.31610244133, ""8"": 10410.47155454358, ""9"": 9908.68130793355, ""10"": 9717.572128628797, ""11"": 9638.704294086707, ""12"": 9531.79861646309, ""13"": 9552.083794390313, ""14"": 9310.12050839141, ""15"": 9280.88282287259}",12.240828514099121
prinz1d,subsample,pca,8000,10,1,7,4,4,0.180875,14,0.373553125620685,0.6650531500306663,0,15,0.3645949722759248,0.6580363822651173,1,6,0.6933499681355582,0.7932850241297255,0,4,0.9062556513596846,0.9156013094177897,0,2,0.49276287367789817,0.655363672793332,0,0.9062556513596846,0.9156013094177897,1.2305000000000001,"{""1"": 58128.37260838779, ""2"": 32790.68814928794, ""3"": 23502.028867091747, ""4"": 16790.55212585108, ""5"": 13981.742290021237, ""6"": 12599.900969785032, ""7"": 11548.832346144081, ""8"": 11047.91344863793, ""9"": 10329.570953623297, ""10"": 10052.460662710842, ""11"": 9848.731046334917, ""12"": 9826.794367896004, ""13"": 9808.994015385695, ""14"": 9793.302503898052, ""15"": 9811.05029710928}",12.30823302268982
prinz1d,subsample,pca,8000,10,1,8,4,4,0.158875,14,0.3859501750224471,0.6662561482428534,0,14,0.3859501750224471,0.6662561482428534,0,10,0.510080749504925,0.7276322609411896,0,4,0.911810308055692,0.915111411917662,0,2,0.48506387609661133,0.6444722622236944,0,0.911810308055692,0.915111411917662,1.1582500000000002,"{""1"": 57836.20477488708, ""2"": 32793.12200492532, ""3"": 22950.813169028705, ""4"": 16931.1971146798, ""5"": 13912.748386913792, ""6"": 12493.065127024043, ""7"": 11445.263480248346, ""8"": 10739.57487024951, ""9"": 10125.167600305487, ""10"": 9626.039301439347, ""11"": 9487.479604652155, ""12"": 9432.74628464078, ""13"": 9373.776805332007, ""14"": 9319.942448723825, ""15"": 9407.028383591172}",12.36658501625061
prinz1d,subsample,pca,8000,10,1,9,4,4,0.15125,14,0.37188271368594694,0.6602086239911993,0,15,0.34918201877966304,0.6481063953341191,1,6,0.6934345245514779,0.806587049832034,0,4,0.9115969744310919,0.9153006480572359,0,2,0.5092013363606728,0.6606721574117674,0,0.9115969744310919,0.9153006480572359,1.2510000000000001,"{""1"": 57338.902231492284, ""2"": 32311.213673801944, ""3"": 23417.752166677383, ""4"": 16733.90234115705, ""5"": 14058.489799464856, ""6"": 12429.629339305871, ""7"": 11672.348294026038, ""8"": 10962.074062765414, ""9"": 10482.953370948126, ""10"": 10089.024894109132, ""11"": 9872.99493530357, ""12"": 9782.297222586498, ""13"": 9770.046990611696, ""14"": 9731.854558058709, ""15"": 9760.211953968135}",12.38698124885559
prinz1d,subsample,pca,8000,10,1,10,4,4,0.164625,15,0.3488484838707041,0.6557330037971012,1,15,0.3488484838707041,0.6557330037971012,1,8,0.5701238351347593,0.7403362054753141,0,4,0.9209882328856583,0.9243533096640438,0,2,0.5021796908049789,0.6598497038526703,0,0.9209882328856583,0.9243533096640438,1.2927499999999998,"{""1"": 57580.21593126968, ""2"": 32408.47744300366, ""3"": 23235.896223364267, ""4"": 16617.241177748063, ""5"": 13898.015326451468, ""6"": 12393.430262784344, ""7"": 11424.735258622952, ""8"": 10724.225459742842, ""9"": 10112.2475162541, ""10"": 9931.627415184497, ""11"": 9841.482929169779, ""12"": 9791.098399035218, ""13"": 9618.48154396026, ""14"": 9544.539489024093, ""15"": 9416.125947255056}",12.288205862045288
prinz1d,subsample,pca,8000,10,1,11,4,4,0.185,14,0.38735877843296374,0.6741290543848097,0,15,0.36507261092012394,0.6620086364171532,1,9,0.5565835033303145,0.7422372228744719,0,4,0.8986462548813583,0.9106782845853251,0,2,0.5016150163565657,0.6577439703523508,0,0.8986462548813583,0.9106782845853251,1.26125,"{""1"": 57797.12842002525, ""2"": 32639.389244695805, ""3"": 23801.112945235684, ""4"": 16544.29695743118, ""5"": 13982.453647550925, ""6"": 12560.037117484155, ""7"": 11593.53620731355, ""8"": 11088.84495047204, ""9"": 10368.498827167012, ""10"": 9958.75494097387, ""11"": 9769.144031943448, ""12"": 9711.207074263046, ""13"": 9656.083846116937, ""14"": 9582.890554716989, ""15"": 9584.18533375715}",12.34956669807434
prinz1d,subsample,pca,8000,10,1,12,4,4,0.200375,15,0.3604802111156528,0.6527137692394996,1,15,0.3604802111156528,0.6527137692394996,1,7,0.683795962434873,0.7807751831120132,0,4,0.9432258820097787,0.9384259455507153,0,2,0.504941216550195,0.6586792791056646,0,0.9432258820097787,0.9384259455507153,1.27,"{""1"": 57871.18437760452, ""2"": 33165.67387432202, ""3"": 25045.062799645584, ""4"": 17226.549199469675, ""5"": 14723.609204930051, ""6"": 13069.932500215164, ""7"": 12152.440348490236, ""8"": 11365.255623402474, ""9"": 10854.749695792272, ""10"": 10399.178686624828, ""11"": 10208.07428484158, ""12"": 10120.359748794159, ""13"": 10011.02128301933, ""14"": 10010.076032286386, ""15"": 9994.350553748349}",12.30563735961914
prinz1d,subsample,pca,8000,10,1,13,4,4,0.152625,13,0.41189063920100766,0.6864907569057135,0,15,0.3495912767037629,0.6484712547425655,1,6,0.6899217861325381,0.7958646505278154,0,4,0.9057630866255761,0.9133495023326916,0,2,0.4907122422564715,0.6497657201193884,0,0.9057630866255761,0.9133495023326916,1.11975,"{""1"": 57726.83821599754, ""2"": 32590.730569590774, ""3"": 22936.78802889401, ""4"": 16914.000782358456, ""5"": 13697.569328347361, ""6"": 12229.161521290554, ""7"": 11338.533918337242, ""8"": 10690.669381192487, ""9"": 10209.264889489104, ""10"": 9916.132453947981, ""11"": 9579.745602767995, ""12"": 9485.71714536273, ""13"": 9444.83253947815, ""14"": 9450.332440980452, ""15"": 9446.18552040749}",12.264979839324951
prinz1d,subsample,pca,8000,10,1,14,4,4,0.165125,15,0.34722553689064595,0.647903061473213,1,15,0.34722553689064595,0.647903061473213,1,8,0.5735562410788053,0.7323848625266403,0,4,0.9058477144489642,0.9146858698571303,0,2,0.49415435698631627,0.6510477333366699,0,0.9058477144489642,0.9146858698571303,1.2840000000000003,"{""1"": 57757.99226508049, ""2"": 32525.15461439285, ""3"": 23144.04705417142, ""4"": 16785.828202261066, ""5"": 14124.661616346666, ""6"": 12783.086696340326, ""7"": 11696.517866519089, ""8"": 10898.490648676683, ""9"": 10350.120746108923, ""10"": 9716.90874014863, ""11"": 9577.59558729572, ""12"": 9519.201378779107, ""13"": 9485.770486428366, ""14"": 9462.077080493375, ""15"": 9433.330190927098}",12.604339361190796
prinz1d,subsample,pca,8000,10,1,15,4,4,0.138375,13,0.3786425992326059,0.666117654114515,0,15,0.33923643723058916,0.6489209920313733,1,8,0.5532113204140232,0.7550688790505586,0,4,0.8953475239077534,0.9059207890310121,0,2,0.47141066413690363,0.6341465509864092,0,0.8953475239077534,0.9059207890310121,1.1472499999999999,"{""1"": 57397.18932704706, ""2"": 32113.865693422365, ""3"": 21685.824991870995, ""4"": 16405.371261335622, ""5"": 13684.81909591222, ""6"": 12218.883783615272, ""7"": 11176.46380631433, ""8"": 10428.684870143514, ""9"": 9948.537696318012, ""10"": 9754.550583126085, ""11"": 9273.576956601832, ""12"": 9206.93085032258, ""13"": 9172.96573576082, ""14"": 9193.724142541283, ""15"": 9206.746942245587}",12.852874279022217
prinz1d,subsample,pca,8000,10,1,16,4,4,0.17825,15,0.356718870871582,0.6536236243035647,1,15,0.356718870871582,0.6536236243035647,1,6,0.7031451661378734,0.8026722666786943,0,4,0.9112418799895609,0.9182659134226152,0,2,0.4932080757323247,0.6503717501557609,0,0.9112418799895609,0.9182659134226152,1.2985,"{""1"": 57903.96742389757, ""2"": 32543.303240999376, ""3"": 23353.082708376434, ""4"": 16723.78853108264, ""5"": 13841.89446915716, ""6"": 12465.121985441072, ""7"": 11574.4753160934, ""8"": 10933.231085800433, ""9"": 10405.880852296525, ""10"": 9890.682089764856, ""11"": 9677.587208740388, ""12"": 9638.305406236374, ""13"": 9593.583499476885, ""14"": 9554.376945693482, ""15"": 9506.995094511287}",12.212904214859009
prinz1d,subsample,pca,8000,10,1,17,4,4,0.157875,15,0.34288628689231904,0.6475135861164553,1,15,0.34288628689231904,0.6475135861164553,1,6,0.7080413368664747,0.8146287037540332,0,4,0.9028318180429739,0.9149743420861999,0,2,0.4981576883312729,0.6574593053094109,0,0.9028318180429739,0.9149743420861999,1.29075,"{""1"": 57525.02323137965, ""2"": 32237.57388368858, ""3"": 22700.696386764845, ""4"": 16485.479101532783, ""5"": 13653.017027596552, ""6"": 12305.419226351964, ""7"": 11361.87728417036, ""8"": 10871.150774614676, ""9"": 10290.593675309558, ""10"": 10086.043238498134, ""11"": 9586.01331333947, ""12"": 9540.910386798234, ""13"": 9468.655203592149, ""14"": 9477.062604144645, ""15"": 9455.120759300085}",12.530871868133545
prinz1d,subsample,pca,8000,10,1,18,4,4,0.166125,15,0.3510669576359182,0.6471009098969857,1,15,0.3510669576359182,0.6471009098969857,1,6,0.6652214789000563,0.7781612643249187,0,4,0.9008423932713641,0.9112481767070046,0,2,0.4959790221745101,0.6554759981326467,0,0.9008423932713641,0.9112481767070046,1.2714999999999999,"{""1"": 57866.48784360168, ""2"": 32559.219378541467, ""3"": 23461.873266393628, ""4"": 16979.455882409165, ""5"": 14048.51659133477, ""6"": 12732.059908139041, ""7"": 11753.785571163673, ""8"": 11187.255340454902, ""9"": 10503.610316709615, ""10"": 10119.128197291977, ""11"": 9958.026382370626, ""12"": 9908.345776983882, ""13"": 9809.968336474096, ""14"": 9812.18850459129, ""15"": 9803.157039622289}",12.182100296020508
prinz1d,subsample,pca,8000,10,1,19,4,4,0.18575,14,0.3788279346139942,0.665349342660134,0,15,0.353018477318069,0.6607487977374739,1,9,0.5404670179919615,0.7372757987667427,0,4,0.9217514483883804,0.9248396347121127,0,2,0.4994310205091568,0.6568017768534676,0,0.9217514483883804,0.9248396347121127,1.2085,"{""1"": 57935.070787016055, ""2"": 32550.2812081141, ""3"": 23734.60535441463, ""4"": 16697.814752971564, ""5"": 13794.707211025827, ""6"": 12918.294400537729, ""7"": 11515.016561003567, ""8"": 10807.611230345816, ""9"": 10202.17170717583, ""10"": 10067.669775251708, ""11"": 9559.468723034664, ""12"": 9513.430979333458, ""13"": 9511.742474119917, ""14"": 9498.719154166847, ""15"": 9522.929279914768}",12.006994485855103
prinz1d,subsample,pca,16000,10,1,0,4,4,0.1525625,15,0.33067660024566425,0.64230872343812,1,15,0.33067660024566425,0.64230872343812,1,7,0.5715216685995255,0.7431544250515831,0,4,0.8774450903795119,0.893602983921532,0,2,0.48031844197558043,0.6444020569691742,0,0.8774450903795119,0.893602983921532,1.247375,"{""1"": 115208.82376789441, ""2"": 64318.13033836088, ""3"": 44262.65812679419, ""4"": 32784.56364945895, ""5"": 26587.499140081964, ""6"": 23939.561595542753, ""7"": 21515.529211790647, ""8"": 20185.832284875956, ""9"": 19264.114416589397, ""10"": 18772.2167540625, ""11"": 18271.954569710608, ""12"": 17798.939802647245, ""13"": 17739.071700057262, ""14"": 17709.46474740005, ""15"": 17684.504384605774}",50.37923836708069
prinz1d,subsample,pca,16000,10,1,1,4,4,0.1794375,15,0.3524358297480531,0.6548167459726426,1,15,0.3524358297480531,0.6548167459726426,1,8,0.5777231882304524,0.7360367690293886,0,4,0.893348434571154,0.9019972631471479,0,2,0.4986586492484147,0.6539532032583506,0,0.893348434571154,0.9019972631471479,1.2703749999999998,"{""1"": 115854.99530436596, ""2"": 65280.74815490171, ""3"": 46765.89481090837, ""4"": 32988.07419744433, ""5"": 27714.907764483847, ""6"": 24666.104779998164, ""7"": 22483.999923875293, ""8"": 21136.48077600082, ""9"": 20120.36094632335, ""10"": 19432.956147407338, ""11"": 19059.480407677027, ""12"": 18631.596742828657, ""13"": 18492.336932458187, ""14"": 18405.190302037787, ""15"": 18352.554658816607}",49.83955669403076
prinz1d,subsample,pca,16000,10,1,2,4,4,0.153375,14,0.37245783949884437,0.6607301042383786,0,14,0.37245783949884437,0.6607301042383786,0,7,0.5737713051343446,0.741745636952623,0,4,0.8779275332368529,0.8963641915256375,0,2,0.47784405695472726,0.6436739549533226,0,0.8779275332368529,0.8963641915256375,1.158,"{""1"": 115488.03041363711, ""2"": 64108.90561394715, ""3"": 43298.19000808524, ""4"": 32361.776092194435, ""5"": 26553.05171409646, ""6"": 23934.23654102845, ""7"": 21568.158742934393, ""8"": 20589.5390015514, ""9"": 19683.729039034388, ""10"": 19100.35969089229, ""11"": 18171.08191509402, ""12"": 17965.018196547415, ""13"": 17918.214559408843, ""14"": 17680.10638415637, ""15"": 17882.918682115014}",50.65195178985596
prinz1d,subsample,pca,16000,10,1,3,4,4,0.1494375,15,0.3455756470986834,0.6498495659655551,1,15,0.3455756470986834,0.6498495659655551,1,7,0.5779737783194681,0.7469175129151125,0,4,0.8995507440207646,0.9113031450815801,0,2,0.4831171132272483,0.6445125113369384,0,0.8995507440207646,0.9113031450815801,1.246625,"{""1"": 115018.53088853983, ""2"": 64338.39136043141, ""3"": 44403.20579576943, ""4"": 32858.897293631526, ""5"": 27032.914155424616, ""6"": 24383.372658358046, ""7"": 22035.8298179923, ""8"": 20629.33596068916, ""9"": 19883.69220706671, ""10"": 19200.995522883233, ""11"": 18836.42924078087, ""12"": 18256.493348325894, ""13"": 18163.952396525943, ""14"": 18092.294982274558, ""15"": 17909.29298551923}",50.1878502368927
prinz1d,subsample,pca,16000,10,1,4,4,4,0.1521875,15,0.33570801022269114,0.6438044580523522,1,15,0.33570801022269114,0.6438044580523522,1,6,0.6937528374370756,0.7944219870932586,0,4,0.8864654727807108,0.9045851460339889,0,2,0.4843169439230023,0.6479073840906472,0,0.8864654727807108,0.9045851460339889,1.27075,"{""1"": 115311.89513697295, ""2"": 64550.32790193114, ""3"": 44455.898471508786, ""4"": 32767.084610721555, ""5"": 26786.06714719047, ""6"": 23952.465393502807, ""7"": 21720.48938213793, ""8"": 20470.000819470457, ""9"": 19732.304956187396, ""10"": 19271.214466711, ""11"": 18458.55768990379, ""12"": 18312.969286849326, ""13"": 18214.035326900164, ""14"": 18248.70906348347, ""15"": 18035.338191921834}",49.79882597923279
prinz1d,subsample,pca,16000,10,1,5,4,4,0.189125,14,0.38284452399864094,0.6671569344185363,0,15,0.35876027550404344,0.6571952542432131,1,8,0.5917632062580972,0.7419939669516241,0,4,0.9202044868185316,0.9229029766587827,0,2,0.4976987908529896,0.653407861950156,0,0.9202044868185316,0.9229029766587827,1.24525,"{""1"": 116044.09356400132, ""2"": 65457.63344145785, ""3"": 48090.284674763745, ""4"": 33659.39011727288, ""5"": 28254.988088822854, ""6"": 25287.520662723615, ""7"": 23302.753316940838, ""8"": 21625.541215465943, ""9"": 20587.100841872463, ""10"": 19575.95229779157, ""11"": 19360.450900611348, ""12"": 18993.6879162543, ""13"": 18873.422148834245, ""14"": 18656.58528734171, ""15"": 18672.719408971378}",50.24583148956299
prinz1d,subsample,pca,16000,10,1,6,4,4,0.1441875,15,0.3352407492500009,0.6467229914842721,1,15,0.3352407492500009,0.6467229914842721,1,6,0.7121772042899699,0.8143840934190493,0,4,0.8982240876756342,0.9084764788482629,0,2,0.4847806220885618,0.6472214179903151,0,0.8982240876756342,0.9084764788482629,1.210625,"{""1"": 114606.15995040761, ""2"": 64053.75737130745, ""3"": 43705.76927578024, ""4"": 32934.42482366561, ""5"": 26571.161168263578, ""6"": 23855.34086135644, ""7"": 21678.29274400022, ""8"": 20440.908302028638, ""9"": 19617.426777599077, ""10"": 18980.130134895004, ""11"": 18646.806079403977, ""12"": 18373.18713459268, ""13"": 18290.087599471946, ""14"": 18321.142789187834, ""15"": 18275.955846729394}",50.21288752555847
prinz1d,subsample,pca,16000,10,1,7,4,4,0.1814375,15,0.3498668913103389,0.6489053934228727,1,15,0.3498668913103389,0.6489053934228727,1,6,0.7011092328992252,0.800574458114999,0,4,0.9182291883377081,0.9239283031055905,0,2,0.492528325004693,0.6531869417650922,0,0.9182291883377081,0.9239283031055905,1.2901250000000002,"{""1"": 116083.64552593857, ""2"": 65071.05462955176, ""3"": 46616.902661335684, ""4"": 33239.607139760126, ""5"": 27535.199851098667, ""6"": 24800.795540188377, ""7"": 22852.85902857643, ""8"": 21657.580867416968, ""9"": 20435.826372450247, ""10"": 19368.367541923253, ""11"": 18987.85994034433, ""12"": 18798.928254792805, ""13"": 18713.839911141964, ""14"": 18537.761232072924, ""15"": 18374.801029006645}",49.9360032081604
prinz1d,subsample,pca,16000,10,1,8,4,4,0.15875,15,0.34934864746516237,0.6472966391953558,1,15,0.34934864746516237,0.6472966391953558,1,8,0.5646081561160821,0.7276338579107293,0,4,0.8855415636362104,0.8986079405022285,0,2,0.4852261670789711,0.6437858519012934,0,0.8855415636362104,0.8986079405022285,1.2557499999999997,"{""1"": 115449.74276536045, ""2"": 65088.84161341837, ""3"": 45576.09171445366, ""4"": 33517.498173099935, ""5"": 27737.20520247443, ""6"": 24837.80242240518, ""7"": 22535.015077127675, ""8"": 21200.256517420443, ""9"": 20034.07381185168, ""10"": 19444.14570508825, ""11"": 19096.288274004917, ""12"": 18874.304372477138, ""13"": 18383.698502822524, ""14"": 18240.070854957517, ""15"": 18197.748773646195}",50.3352735042572
prinz1d,subsample,pca,16000,10,1,9,4,4,0.1509375,15,0.3487454252495095,0.6557799382391444,1,15,0.3487454252495095,0.6557799382391444,1,6,0.6850123918093323,0.8001516555180398,0,4,0.8970077110275011,0.9072627743572883,0,2,0.5084826234428483,0.6577559865066036,0,0.8970077110275011,0.9072627743572883,1.3028749999999998,"{""1"": 114713.60154747534, ""2"": 64870.28437708204, ""3"": 46875.14090611691, ""4"": 33432.68606288643, ""5"": 28274.01522294453, ""6"": 25054.883363644094, ""7"": 22984.92020345321, ""8"": 21661.0870883033, ""9"": 20790.243800502, ""10"": 19961.22796548397, ""11"": 19985.610364508568, ""12"": 19307.344316452774, ""13"": 19144.060649199462, ""14"": 19026.818363015816, ""15"": 18958.96029236701}",50.056517124176025
prinz1d,subsample,pca,16000,10,1,10,4,4,0.164625,15,0.34960004072373774,0.655738609811733,1,15,0.34960004072373774,0.655738609811733,1,8,0.5665276478759129,0.7324109645839633,0,4,0.9169951041122798,0.923564545723452,0,2,0.49992991521927016,0.6566853328881469,0,0.9169951041122798,0.923564545723452,1.2869999999999997,"{""1"": 115229.03336009869, ""2"": 64932.29463198122, ""3"": 46517.86494985663, ""4"": 33307.95419161817, ""5"": 27682.769550582525, ""6"": 24837.250978620566, ""7"": 22786.517713986374, ""8"": 21399.81527000537, ""9"": 20322.334713688037, ""10"": 19896.67857983003, ""11"": 19089.965836022915, ""12"": 18762.900911849356, ""13"": 18674.552780389422, ""14"": 18617.43741198486, ""15"": 18614.323424917784}",50.13211727142334
prinz1d,subsample,pca,16000,10,1,11,4,4,0.1846875,15,0.35653141303956376,0.6508806519092288,1,15,0.35653141303956376,0.6508806519092288,1,8,0.5889741037839432,0.7371961995085345,0,4,0.9095782882074761,0.9149444195660086,0,2,0.5022214282108713,0.657568900189657,0,0.9095782882074761,0.9149444195660086,1.2788750000000002,"{""1"": 115690.10554844936, ""2"": 65637.08196401241, ""3"": 47847.22286488583, ""4"": 33616.8743217432, ""5"": 28408.675334196654, ""6"": 25271.806303257075, ""7"": 23387.753469331423, ""8"": 21867.546955389764, ""9"": 20527.187096809448, ""10"": 19738.972095683, ""11"": 19424.62451415975, ""12"": 19043.392171514737, ""13"": 18941.560776324695, ""14"": 18809.784124935166, ""15"": 18755.044867490084}",50.72050619125366
prinz1d,subsample,pca,16000,10,1,12,4,4,0.2008125,15,0.36694720105913053,0.6570945054128117,1,15,0.36694720105913053,0.6570945054128117,1,7,0.689039585750972,0.7749103616975404,0,4,0.9412503686478089,0.935719756264537,0,2,0.5044772984055205,0.6593151627977641,0,0.9412503686478089,0.935719756264537,1.2856249999999998,"{""1"": 115862.13847014235, ""2"": 66115.57224424019, ""3"": 49899.861179723484, ""4"": 33947.60832557296, ""5"": 29280.026400968483, ""6"": 25747.12283156673, ""7"": 23696.745011165556, ""8"": 21973.94788928556, ""9"": 20860.876729781965, ""10"": 20062.749494313906, ""11"": 19804.82964941988, ""12"": 19472.227883937045, ""13"": 19340.810563467097, ""14"": 19306.856393569753, ""15"": 19153.13405978178}",50.16443586349487
prinz1d,subsample,pca,16000,10,1,13,4,4,0.152125,15,0.353173962424001,0.6511851013828703,1,15,0.353173962424001,0.6511851013828703,1,6,0.6803750561489958,0.7884361395267977,0,4,0.9017474882210098,0.9113564946927349,0,2,0.4913562143609494,0.651390652578938,0,0.9017474882210098,0.9113564946927349,1.2281250000000001,"{""1"": 115230.08725218999, ""2"": 64655.2177621481, ""3"": 45208.59709996675, ""4"": 33112.580862355135, ""5"": 27457.0298788999, ""6"": 24830.11122831677, ""7"": 22639.48719389928, ""8"": 21462.011199733854, ""9"": 20217.57639992795, ""10"": 19711.755728038897, ""11"": 18956.791332818626, ""12"": 18767.527468416727, ""13"": 18598.879120866764, ""14"": 18494.55685250536, ""15"": 18486.113565489297}",49.92937636375427
prinz1d,subsample,pca,16000,10,1,14,4,4,0.164625,15,0.35599508967923066,0.6556919541941965,1,15,0.35599508967923066,0.6556919541941965,1,9,0.5502713233089174,0.7350097999852371,0,4,0.9034449121068354,0.9142532598954177,0,2,0.49435406042700153,0.6531994283410574,0,0.9034449121068354,0.9142532598954177,1.237875,"{""1"": 115506.38360658793, ""2"": 64863.501370525635, ""3"": 46208.72675475035, ""4"": 33294.454593240655, ""5"": 27479.43336737244, ""6"": 25377.930272454254, ""7"": 22779.2292833957, ""8"": 21401.38001880414, ""9"": 20136.773052551016, ""10"": 19791.168932321547, ""11"": 18807.35154011006, ""12"": 18623.563798774594, ""13"": 18527.420547907226, ""14"": 18463.76527540415, ""15"": 18433.11844042067}",50.91306400299072
prinz1d,subsample,pca,16000,10,1,15,4,4,0.138625,15,0.3307598460320245,0.6409710467313152,1,15,0.3307598460320245,0.6409710467313152,1,8,0.5584250360548222,0.7231076009746491,0,4,0.8805186196339814,0.898490820363136,0,2,0.47341843684413437,0.6387748587787343,0,0.8805186196339814,0.898490820363136,1.2703750000000003,"{""1"": 114867.97953716909, ""2"": 64087.12555129722, ""3"": 42933.57751866563, ""4"": 32359.73093971527, ""5"": 26705.75118369988, ""6"": 24139.997704928865, ""7"": 21820.646627014125, ""8"": 20506.13430972614, ""9"": 19551.493739906942, ""10"": 18906.35456752401, ""11"": 18114.291258088037, ""12"": 17985.84474674475, ""13"": 17870.212647604978, ""14"": 17850.992558683305, ""15"": 17729.995309952992}",51.30534601211548
prinz1d,subsample,pca,16000,10,1,16,4,4,0.17725,15,0.34534836385669027,0.6501501846581708,1,15,0.34534836385669027,0.6501501846581708,1,9,0.5472931548042845,0.7345502446828921,0,4,0.9188916756683492,0.922766548205975,0,2,0.4936191347300542,0.6514591415917723,0,0.9188916756683492,0.922766548205975,1.3346249999999995,"{""1"": 115788.82083832425, ""2"": 65044.56767982999, ""3"": 46496.41229701765, ""4"": 33475.9392764203, ""5"": 27605.875140114706, ""6"": 24702.792380964263, ""7"": 22585.53976152557, ""8"": 21381.380855419528, ""9"": 19820.75859246144, ""10"": 19312.86149671102, ""11"": 18883.19427966484, ""12"": 18519.307899577612, ""13"": 18433.477593041098, ""14"": 18280.626115960993, ""15"": 18264.415882133646}",51.1084623336792
prinz1d,subsample,pca,16000,10,1,17,4,4,0.1575,15,0.34815128766077197,0.648659297968388,1,15,0.34815128766077197,0.648659297968388,1,6,0.7004223382760942,0.8051906086314604,0,4,0.9092730986060611,0.9144711228449242,0,2,0.4958915714111976,0.6521715084987001,0,0.9092730986060611,0.9144711228449242,1.280125,"{""1"": 115188.78315375108, ""2"": 64775.2746974248, ""3"": 45705.47922678076, ""4"": 33443.47442368992, ""5"": 27712.069874063618, ""6"": 24663.810870914505, ""7"": 22688.02558256775, ""8"": 21243.923241016506, ""9"": 20098.936818283553, ""10"": 19784.816466535656, ""11"": 19024.50322946918, ""12"": 18746.440869809703, ""13"": 18678.411239842855, ""14"": 18661.264924359635, ""15"": 18477.5319377512}",49.70635461807251
prinz1d,subsample,pca,16000,10,1,18,4,4,0.1640625,15,0.35114687660164934,0.6475152295403158,1,15,0.35114687660164934,0.6475152295403158,1,6,0.6734072417463469,0.7862785867289841,0,4,0.916642818112927,0.9219684771280214,0,2,0.49749598398994255,0.6571438786509013,0,0.916642818112927,0.9219684771280214,1.2777500000000006,"{""1"": 115732.22456100967, ""2"": 65325.90011338304, ""3"": 46891.65081014367, ""4"": 33589.91978335857, ""5"": 27840.35479673212, ""6"": 24915.32306967431, ""7"": 22837.145824212093, ""8"": 21809.594529160975, ""9"": 20404.614860082063, ""10"": 19909.90700283593, ""11"": 19346.89300822575, ""12"": 19156.199367040597, ""13"": 18586.098282206825, ""14"": 18545.861477621795, ""15"": 18484.96994957464}",49.837400674819946
prinz1d,subsample,pca,16000,10,1,19,4,4,0.183375,15,0.35369475953067286,0.6513365705426947,1,15,0.35369475953067286,0.6513365705426947,1,8,0.5804548238949798,0.7375355568113756,0,4,0.9057705609847467,0.9119406995516571,0,2,0.49789763963262085,0.653920841285942,0,0.9057705609847467,0.9119406995516571,1.2803749999999998,"{""1"": 115854.67171869632, ""2"": 65303.61365161986, ""3"": 47303.28357352752, ""4"": 33382.07702834421, ""5"": 27961.429409715824, ""6"": 25065.5831690889, ""7"": 22862.433914924866, ""8"": 21364.07171273, ""9"": 20153.45206547849, ""10"": 19766.437882601796, ""11"": 18998.785744209097, ""12"": 18737.786070764592, ""13"": 18602.94626390831, ""14"": 18560.62550262893, ""15"": 18460.009700252416}",49.73021149635315
prinz1d,subsample,pca,32000,10,1,0,4,4,0.15209375,15,0.33199781049066784,0.6432416646914878,1,15,0.33199781049066784,0.6432416646914878,1,6,0.6747706554357594,0.784584237965982,0,4,0.8794030927307942,0.896146569570435,0,2,0.4803309480387846,0.6454434701956274,0,0.8794030927307942,0.896146569570435,1.2381250000000001,"{""1"": 230402.9316736048, ""2"": 128468.40624330637, ""3"": 87633.06659371206, ""4"": 65188.32734789317, ""5"": 52861.16751507678, ""6"": 47816.929841181496, ""7"": 43043.4344406485, ""8"": 40524.19947754434, ""9"": 38313.53967007687, ""10"": 37276.06700224016, ""11"": 35904.9884298037, ""12"": 35511.89352320474, ""13"": 35171.7824675211, ""14"": 35015.866858674875, ""15"": 35014.848938193725}",138.58492350578308
prinz1d,subsample,pca,32000,10,1,1,4,4,0.17965625,15,0.34937105289328446,0.6500320598278587,1,15,0.34937105289328446,0.6500320598278587,1,6,0.7017503245621304,0.8060748793993311,0,4,0.8927932793435319,0.9049375110431785,0,2,0.5001003868897055,0.6577113761119735,0,0.8927932793435319,0.9049375110431785,1.3043124999999998,"{""1"": 231615.2235789933, ""2"": 130640.61541610681, ""3"": 93684.58480836231, ""4"": 66053.31173621655, ""5"": 55490.34767916489, ""6"": 49317.31159666434, ""7"": 45039.64993940454, ""8"": 42810.85726934261, ""9"": 40169.328252152525, ""10"": 38396.57744849876, ""11"": 37573.557843043156, ""12"": 36798.8689925143, ""13"": 36584.74585170491, ""14"": 36204.18833655034, ""15"": 36047.75027488213}",138.96212816238403
prinz1d,subsample,pca,32000,10,1,2,4,4,0.15334375,15,0.33136183569296207,0.6428273095385975,1,15,0.33136183569296207,0.6428273095385975,1,8,0.5612604371502878,0.7273181933943178,0,4,0.8810704746870934,0.8988174701382734,0,2,0.47809470853114366,0.6443421297509464,0,0.8810704746870934,0.8988174701382734,1.2776875,"{""1"": 230826.44661873794, ""2"": 128456.03040674844, ""3"": 87192.1967338964, ""4"": 65288.64193670766, ""5"": 52929.6173744402, ""6"": 48046.76486436658, ""7"": 43374.69446213056, ""8"": 40790.91443276293, ""9"": 38597.18184972709, ""10"": 37649.67893469596, ""11"": 35919.897765974485, ""12"": 35460.32965252646, ""13"": 35112.10053978726, ""14"": 35072.494985610894, ""15"": 34756.888178401}",140.62165093421936
prinz1d,subsample,pca,32000,10,1,3,4,4,0.14946875,15,0.3412212032086034,0.6528266403204569,1,15,0.3412212032086034,0.6528266403204569,1,8,0.5678588441251282,0.7322152946590976,0,4,0.8898292010871709,0.9036584436973509,0,2,0.483309093428413,0.6448696183674368,0,0.8898292010871709,0.9036584436973509,1.2629375,"{""1"": 230085.24325942478, ""2"": 128581.62381113318, ""3"": 88407.76805957824, ""4"": 65008.72091733162, ""5"": 53140.0347691239, ""6"": 47834.54046015563, ""7"": 43101.70631195906, ""8"": 40611.251804682855, ""9"": 38626.422701290256, ""10"": 37166.06293735508, ""11"": 36281.303848889875, ""12"": 35843.6294842454, ""13"": 35321.805508102014, ""14"": 35162.34103452019, ""15"": 35079.09660364013}",138.43131756782532
prinz1d,subsample,pca,32000,10,1,4,4,4,0.1520625,15,0.34083019077160165,0.6420792859524168,1,15,0.34083019077160165,0.6420792859524168,1,8,0.5665411548641343,0.7284998145745067,0,4,0.8835053534153124,0.9012981895132486,0,2,0.4832584534875385,0.6453585246420716,0,0.8835053534153124,0.9012981895132486,1.253,"{""1"": 230537.38912149885, ""2"": 128890.93862046687, ""3"": 88707.45014540061, ""4"": 65348.150654672034, ""5"": 53567.17908406891, ""6"": 48388.58180904166, ""7"": 43779.62644508082, ""8"": 41077.623374220966, ""9"": 39057.40322063542, ""10"": 37362.859223416635, ""11"": 36466.23614856691, ""12"": 36024.57092983383, ""13"": 35866.99059039957, ""14"": 35699.372204859894, ""15"": 35189.63589186927}",139.47952890396118
prinz1d,subsample,pca,32000,10,1,5,4,4,0.1884375,15,0.37487747394880566,0.6601434710710206,1,15,0.37487747394880566,0.6601434710710206,1,8,0.5827159107444949,0.7383415391851753,0,4,0.9105337725605595,0.9171929399308066,0,2,0.49944883106939697,0.6567011012050955,0,0.9105337725605595,0.9171929399308066,1.2305000000000001,"{""1"": 232030.14927872838, ""2"": 131178.27074817714, ""3"": 96091.60265134169, ""4"": 66660.68026822171, ""5"": 55942.70355714968, ""6"": 49742.03926834696, ""7"": 45376.54076130237, ""8"": 42615.00171731474, ""9"": 40736.05272342789, ""10"": 39674.09982520236, ""11"": 37732.95036329198, ""12"": 37263.91321732552, ""13"": 36722.37127866437, ""14"": 36532.62693447782, ""15"": 36367.269351938594}",140.50000381469727
prinz1d,subsample,pca,32000,10,1,6,4,4,0.14396875,15,0.3356041524457572,0.6385326592117523,1,15,0.3356041524457572,0.6385326592117523,1,6,0.685244820719695,0.7965185458049429,0,4,0.8920390100511684,0.9059307034336412,0,2,0.4848819692574497,0.6472350590944508,0,0.8920390100511684,0.9059307034336412,1.2006875,"{""1"": 229297.56559333694, ""2"": 128223.71739493165, ""3"": 87016.05556488238, ""4"": 65352.9955709109, ""5"": 52882.72875647006, ""6"": 47899.686015278035, ""7"": 43269.781878793736, ""8"": 40714.54160178172, ""9"": 38488.56058578092, ""10"": 37213.46183222844, ""11"": 36258.50928798351, ""12"": 35961.540278794746, ""13"": 35702.762343570124, ""14"": 35042.86369165494, ""15"": 34901.32899291292}",139.66165351867676
prinz1d,subsample,pca,32000,10,1,7,4,4,0.18128125,15,0.3566968105771925,0.6538237415322404,1,15,0.3566968105771925,0.6538237415322404,1,8,0.5817208423474377,0.7391572998052557,0,4,0.9045352610877935,0.9139929412630091,0,2,0.4924287623804145,0.6544264757464605,0,0.9045352610877935,0.9139929412630091,1.2625625,"{""1"": 232197.27098399174, ""2"": 129842.75928365786, ""3"": 92869.98653566102, ""4"": 66033.31191145023, ""5"": 54601.93350303604, ""6"": 49015.42756396794, ""7"": 44778.70638826012, ""8"": 42253.77328041318, ""9"": 40108.670702029754, ""10"": 38615.8138205921, ""11"": 37531.67686235428, ""12"": 36849.123254575024, ""13"": 36428.764070634585, ""14"": 36230.54310295861, ""15"": 36016.20753071243}",141.81123304367065
prinz1d,subsample,pca,32000,10,1,8,4,4,0.159,15,0.35125017643025863,0.6484448284415157,1,15,0.35125017643025863,0.6484448284415157,1,8,0.5662039908471531,0.7276664087487521,0,4,0.8832503261278474,0.90073595436201,0,2,0.486990939868145,0.6483449296129281,0,0.8832503261278474,0.90073595436201,1.2274374999999997,"{""1"": 230965.6913340591, ""2"": 130080.14605780903, ""3"": 91133.35614818857, ""4"": 67119.22049493578, ""5"": 55794.02507490123, ""6"": 50118.94828177973, ""7"": 45186.1829601591, ""8"": 42421.797398197035, ""9"": 40317.12326851187, ""10"": 39377.74724831628, ""11"": 37858.38736678239, ""12"": 37241.70394981073, ""13"": 36870.59403713471, ""14"": 36676.16776163837, ""15"": 36547.59592735338}",139.66961359977722
prinz1d,subsample,pca,32000,10,1,9,4,4,0.15146875,15,0.34872829338379147,0.6562507141265428,1,15,0.34872829338379147,0.6562507141265428,1,9,0.5429756628618422,0.7261948138648162,0,4,0.9013371650348062,0.9105121120272354,0,2,0.5071794005522375,0.6556949666846191,0,0.9013371650348062,0.9105121120272354,1.28075,"{""1"": 229374.2535027112, ""2"": 129247.39129214309, ""3"": 93565.2869003509, ""4"": 66559.65090032674, ""5"": 55701.83428803054, ""6"": 49666.3105164674, ""7"": 45753.95757273506, ""8"": 42733.27031053498, ""9"": 40694.32955192719, ""10"": 39078.612534344065, ""11"": 37874.0950731691, ""12"": 37370.29603477041, ""13"": 37132.14724795295, ""14"": 37120.70685900919, ""15"": 36920.892149697465}",140.0811903476715
prinz1d,subsample,pca,32000,10,1,10,4,4,0.1639375,15,0.3560328135508416,0.6574081036766726,1,15,0.3560328135508416,0.6574081036766726,1,8,0.5714127080520782,0.7327911069433037,0,4,0.909425077570324,0.9177633823505497,0,2,0.5007683983256105,0.6569774284744404,0,0.909425077570324,0.9177633823505497,1.2805625,"{""1"": 230292.82116901936, ""2"": 129782.84051972814, ""3"": 92751.34979735238, ""4"": 66412.35449129448, ""5"": 55504.307176021895, ""6"": 49282.5472628716, ""7"": 44943.78634633459, ""8"": 42503.10738102912, ""9"": 40349.946726264934, ""10"": 39531.799686594066, ""11"": 37608.68675398354, ""12"": 37126.29338374665, ""13"": 36863.01035214504, ""14"": 36689.995952222984, ""15"": 36205.55556821276}",141.47220945358276
prinz1d,subsample,pca,32000,10,1,11,4,4,0.1843125,14,0.38002491881165307,0.6664329824871185,0,15,0.3563157315288264,0.6550839260647967,1,8,0.5812924913589375,0.7337408768262645,0,4,0.9011647143760722,0.9110662464992975,0,2,0.5023661953316189,0.657480814342622,0,0.9011647143760722,0.9110662464992975,1.2365624999999998,"{""1"": 231385.58510340046, ""2"": 131228.01168153805, ""3"": 95392.20464387666, ""4"": 66446.95718972443, ""5"": 55966.61597856831, ""6"": 49422.10302400966, ""7"": 45193.24762674894, ""8"": 42084.99714370159, ""9"": 39966.273572921236, ""10"": 38501.20494561643, ""11"": 37806.8222166054, ""12"": 36990.20825838059, ""13"": 36770.266516856595, ""14"": 36249.76033480541, ""15"": 36272.42729413019}",139.812753200531
prinz1d,subsample,pca,32000,10,1,12,4,4,0.2004375,15,0.3610175146611221,0.6534054470429672,1,15,0.3610175146611221,0.6534054470429672,1,8,0.598465529599921,0.7438302537500466,0,4,0.9270882980767458,0.9258825682407703,0,2,0.5049674216656195,0.6597206555601951,0,0.9270882980767458,0.9258825682407703,1.2899999999999998,"{""1"": 231566.4968442967, ""2"": 132307.16141423475, ""3"": 99739.6279408303, ""4"": 67282.66027710425, ""5"": 57911.40785813809, ""6"": 50768.33134818574, ""7"": 46959.0832540991, ""8"": 43404.71063198464, ""9"": 41392.45174848295, ""10"": 39799.76648504672, ""11"": 38630.15731486403, ""12"": 37961.120268455816, ""13"": 37753.31528935646, ""14"": 37357.437853394375, ""15"": 37185.93051180252}",139.52625727653503
prinz1d,subsample,pca,32000,10,1,13,4,4,0.15128125,15,0.34424702932173795,0.6440645514420287,1,15,0.34424702932173795,0.6440645514420287,1,8,0.5733767615697055,0.7339674346296914,0,4,0.8926083770951716,0.9063657690868377,0,2,0.4912331056219954,0.649739401876099,0,0.8926083770951716,0.9063657690868377,1.24575,"{""1"": 230301.94096820004, ""2"": 129068.78026891843, ""3"": 90150.06622492669, ""4"": 65638.37129885772, ""5"": 54236.81341168187, ""6"": 48677.58964188132, ""7"": 44115.7476602252, ""8"": 41592.506664317254, ""9"": 39381.655836278274, ""10"": 38355.35052277588, ""11"": 37205.44950743802, ""12"": 36853.36447204242, ""13"": 36153.40063135646, ""14"": 35873.637892992614, ""15"": 35673.0446890735}",141.99816584587097
prinz1d,subsample,pca,32000,10,1,14,4,4,0.1644375,15,0.35416180993222435,0.6552145225384866,1,15,0.35416180993222435,0.6552145225384866,1,6,0.6884689451615639,0.7964939226875228,0,4,0.8905779620738721,0.9071423345425018,0,2,0.4955242926281827,0.6557308169202569,0,0.8905779620738721,0.9071423345425018,1.255125,"{""1"": 230909.04595371266, ""2"": 129375.99662848846, ""3"": 91680.8047106692, ""4"": 65999.61297071559, ""5"": 54647.88370208661, ""6"": 49086.35507635863, ""7"": 44626.04335957728, ""8"": 42100.860456558185, ""9"": 40055.64506973388, ""10"": 38902.30439551255, ""11"": 36849.61721610488, ""12"": 36433.15691741143, ""13"": 35971.981869086645, ""14"": 35848.386480530964, ""15"": 35611.85655975928}",140.03911542892456
prinz1d,subsample,pca,32000,10,1,15,4,4,0.139,15,0.3288487603727731,0.6419625161976632,1,15,0.3288487603727731,0.6419625161976632,1,8,0.5588374173344426,0.725123145344076,0,4,0.8853666668041499,0.9014024221163849,0,2,0.4728868800146082,0.6376296147072545,0,0.8853666668041499,0.9014024221163849,1.2715625,"{""1"": 229617.76167199595, ""2"": 127892.90253083447, ""3"": 86038.47764230116, ""4"": 64861.28375393267, ""5"": 53461.379017046725, ""6"": 47979.839729854764, ""7"": 43276.235159821925, ""8"": 40519.74576180573, ""9"": 38675.892970010376, ""10"": 37390.53774625459, ""11"": 36507.33049007714, ""12"": 35721.12965148028, ""13"": 35738.64081317758, ""14"": 35055.74775312585, ""15"": 34891.72614628161}",140.931250333786
prinz1d,subsample,pca,32000,10,1,16,4,4,0.1773125,15,0.3589227316589236,0.6549403050189317,1,15,0.3589227316589236,0.6549403050189317,1,8,0.5839777328434144,0.738775999784277,0,4,0.9073009136496855,0.9164789581958098,0,2,0.4948490474699015,0.6540546795740199,0,0.9073009136496855,0.9164789581958098,1.2499375000000001,"{""1"": 231438.83298366697, ""2"": 129724.88715693715, ""3"": 92615.51597514808, ""4"": 66318.16598127443, ""5"": 54796.16787454613, ""6"": 49116.33107699412, ""7"": 45075.4044119397, ""8"": 42279.69486483068, ""9"": 40207.13612529837, ""10"": 39232.6942773224, ""11"": 37348.109509778595, ""12"": 36887.86125065808, ""13"": 36568.843251474835, ""14"": 36067.87547179283, ""15"": 36006.743580363895}",140.9228000640869
prinz1d,subsample,pca,32000,10,1,17,4,4,0.157875,15,0.3418070845853668,0.6494742082519498,1,15,0.3418070845853668,0.6494742082519498,1,6,0.6943916431049589,0.8019832633644609,0,4,0.9090281306588314,0.9165863075418789,0,2,0.4963552625192755,0.6531089858640362,0,0.9090281306588314,0.9165863075418789,1.2968749999999998,"{""1"": 230177.26238604152, ""2"": 129212.72735501973, ""3"": 91491.23456871197, ""4"": 66507.18694970068, ""5"": 55315.925760573125, ""6"": 49331.80766253049, ""7"": 45130.965042158656, ""8"": 42785.06831122794, ""9"": 40182.71859879328, ""10"": 38563.31904429874, ""11"": 37649.8381249459, ""12"": 37133.76521912162, ""13"": 36795.70402157354, ""14"": 36655.746048567096, ""15"": 36607.95220969709}",145.17950916290283
prinz1d,subsample,pca,32000,10,1,18,4,4,0.16375,15,0.35210771537540797,0.6479477704911928,1,15,0.35210771537540797,0.6479477704911928,1,8,0.5700758932111676,0.7317121437619047,0,4,0.9083307649125217,0.917005453878017,0,2,0.49659617705293885,0.6550477721616685,0,0.9083307649125217,0.917005453878017,1.29075,"{""1"": 231369.00205879455, ""2"": 130770.99791377026, ""3"": 93219.33982175073, ""4"": 67222.66132382401, ""5"": 56558.47776787242, ""6"": 50312.64281573023, ""7"": 45600.57561145791, ""8"": 43012.348213769415, ""9"": 40840.09852469829, ""10"": 38873.59046949469, ""11"": 38116.049447939244, ""12"": 37437.008437238925, ""13"": 37133.78962141639, ""14"": 36927.36898376868, ""15"": 36558.321738477374}",142.19516444206238
prinz1d,subsample,pca,32000,10,1,19,4,4,0.18371875,15,0.3514365303665188,0.6511964623340787,1,15,0.3514365303665188,0.6511964623340787,1,8,0.5701369309942107,0.7340432981829839,0,4,0.9009802832158623,0.9107752920296437,0,2,0.49930740222709286,0.6577874460978813,0,0.9009802832158623,0.9107752920296437,1.3010624999999998,"{""1"": 231580.29034752096, ""2"": 129631.1270347327, ""3"": 93467.24005944515, ""4"": 65524.64240902427, ""5"": 54619.57147380187, ""6"": 48879.36433855937, ""7"": 44765.918714592655, ""8"": 41966.60533693495, ""9"": 39764.481108557055, ""10"": 37774.49073673398, ""11"": 36941.79434455494, ""12"": 36454.081012859955, ""13"": 36186.63829130448, ""14"": 36035.95420540771, ""15"": 35676.28876906094}",140.74358081817627
prinz1d,subsample,tica,250,10,1,0,4,4,0.136,1,0.0,0.0,0,1,0.0,0.0,0,1,0.0,0.0,0,4,0.019634408266123397,0.04499515146671499,0,2,0.014782485719738407,0.020598627397471765,0,0.019634408266123397,0.04499515146671499,1.072,"{""1"": 1442.503363379967, ""2"": 1473.0465172537668, ""3"": 1504.111955761936, ""4"": 1531.2582792808935, ""5"": 1560.441377292381, ""6"": 1592.8222834333628, ""7"": 1616.1631588628695, ""8"": 1620.7118562039323, ""9"": 1637.936806474801, ""10"": 1658.1303928252096, ""11"": 1700.3673296975285, ""12"": 1711.8749328200072, ""13"": 1741.0417324657788, ""14"": 1744.0180530427317, ""15"": 1797.7270539172146}",0.935239315032959
prinz1d,subsample,tica,250,10,1,1,4,4,0.156,1,0.0,0.0,0,1,0.0,0.0,0,1,0.0,0.0,0,5,0.0216805484962354,0.03842573302077805,0,2,0.0004460994372882643,0.007454485582303777,0,0.0069223422408673605,0.022248349693959318,1.3279999999999998,"{""1"": 1452.8706639603988, ""2"": 1478.374912888257, ""3"": 1507.136342974621, ""4"": 1531.0158947591349, ""5"": 1559.0762584271463, ""6"": 1592.4064546970212, ""7"": 1617.834467205149, ""8"": 1646.0375271935773, ""9"": 1674.4092969271032, ""10"": 1672.6765180128539, ""11"": 1718.4528106084472, ""12"": 1728.0659454755341, ""13"": 1751.7750160941175, ""14"": 1782.3220059300513, ""15"": 1807.5499273866221}",0.8911921977996826
prinz1d,subsample,tica,250,10,1,2,4,4,0.144,1,0.0,0.0,0,1,0.0,0.0,0,1,0.0,0.0,0,5,0.0464183858252954,0.0790597282266859,0,3,0.03576102545557338,0.07041581826443258,0,0.04041821186809482,0.066620797506194,1.3359999999999999,"{""1"": 1447.6352232108106, ""2"": 1477.7990171919766, ""3"": 1509.1864744313405, ""4"": 1534.4378657642521, ""5"": 1559.3475320116934, ""6"": 1582.2344624370724, ""7"": 1605.902313936749, ""8"": 1629.4572727471505, ""9"": 1642.4263709741645, ""10"": 1685.2256677320513, ""11"": 1692.3168726110866, ""12"": 1713.488600288791, ""13"": 1720.6463397899265, ""14"": 1723.0864670402968, ""15"": 1752.8923582684847}",1.0117387771606445
prinz1d,subsample,tica,250,10,1,3,4,4,0.144,1,0.0,0.0,0,1,0.0,0.0,0,1,0.0,0.0,0,3,0.01629849286004815,0.033586955084588054,0,3,0.01629849286004815,0.033586955084588054,0,0.038648555756237477,0.05122837263723492,1.264,"{""1"": 1452.01256716357, ""2"": 1480.3604671496153, ""3"": 1510.917189136568, ""4"": 1539.8121031188125, ""5"": 1567.8839318882515, ""6"": 1594.3420749400748, ""7"": 1611.3435861775667, ""8"": 1647.2599872562391, ""9"": 1651.4976577318657, ""10"": 1702.8684512340928, ""11"": 1706.6346887881286, ""12"": 1754.242459413599, ""13"": 1776.6595201616688, ""14"": 1791.0895125331322, ""15"": 1802.9545688416792}",0.8426215648651123
prinz1d,subsample,tica,250,10,1,4,4,4,0.148,1,0.0,0.0,0,15,0.01029277881123624,0.0794806511840468,1,1,0.0,0.0,0,3,0.016306060772710903,0.03362384049721896,0,3,0.016306060772710903,0.03362384049721896,0,0.023035314286370342,0.03368368075241927,1.3039999999999998,"{""1"": 1446.7052920888818, ""2"": 1476.36258349998, ""3"": 1507.7528210816893, ""4"": 1531.3147032461266, ""5"": 1556.6492651604854, ""6"": 1572.162641172712, ""7"": 1591.6961556750332, ""8"": 1608.3858761931779, ""9"": 1620.1755317961629, ""10"": 1659.9798176735565, ""11"": 1686.031352191756, ""12"": 1693.8971446854553, ""13"": 1715.396230436491, ""14"": 1735.6158950899824, ""15"": 1738.6270332961813}",1.1484487056732178
prinz1d,subsample,tica,250,10,1,5,4,4,0.204,1,0.0,0.0,0,2,0.03431187783980876,0.0830751428857677,0,1,0.0,0.0,0,2,0.03431187783980876,0.0830751428857677,0,2,0.03431187783980876,0.0830751428857677,0,0.015851907793856847,0.051232548535730726,1.424,"{""1"": 1448.1962255807962, ""2"": 1461.9083315189102, ""3"": 1489.1707766696525, ""4"": 1516.2157373074115, ""5"": 1543.3397210929631, ""6"": 1563.1828215982262, ""7"": 1568.220952258978, ""8"": 1616.685103948721, ""9"": 1615.1022648666917, ""10"": 1642.446555512613, ""11"": 1673.8878697097975, ""12"": 1696.21719490829, ""13"": 1730.434269087183, ""14"": 1737.5237254708445, ""15"": 1754.957610877601}",0.9612514972686768
prinz1d,subsample,tica,250,10,1,6,4,4,0.108,1,0.0,0.0,0,1,0.0,0.0,0,1,0.0,0.0,0,12,0.038046956979340574,0.10901210139805673,0,3,0.06540309078856862,0.0720257841729496,0,0.04243157647379841,0.08517801774040851,1.2160000000000002,"{""1"": 1444.9278706649773, ""2"": 1471.6954611162187, ""3"": 1504.3595804558488, ""4"": 1526.9223163801853, ""5"": 1537.3369803305293, ""6"": 1565.7227499721052, ""7"": 1601.5213357913544, ""8"": 1615.887666799094, ""9"": 1637.1794647743855, ""10"": 1667.8227367662846, ""11"": 1697.420065730928, ""12"": 1716.8049502953393, ""13"": 1734.752574550598, ""14"": 1757.15275355886, ""15"": 1789.539005455937}",0.7951998710632324
prinz1d,subsample,tica,250,10,1,7,4,4,0.196,1,0.0,0.0,0,1,0.0,0.0,0,1,0.0,0.0,0,2,-0.004867775573826349,0.004343385892579333,0,3,0.02679719789206105,0.039949705286581795,0,0.010397904635011064,0.027773196410904664,1.304,"{""1"": 1454.3152899981756, ""2"": 1483.844403176634, ""3"": 1509.4382721466218, ""4"": 1537.3171295300826, ""5"": 1562.2428686821358, ""6"": 1587.0645321349748, ""7"": 1617.8326419297798, ""8"": 1630.3585590776415, ""9"": 1652.5798871840666, ""10"": 1672.0581093688834, ""11"": 1705.121611652548, ""12"": 1704.0610779771612, ""13"": 1751.2787318306819, ""14"": 1771.3757129743512, ""15"": 1775.7433347997644}",1.0651257038116455
prinz1d,subsample,tica,250,10,1,8,4,4,0.168,1,0.0,0.0,0,2,0.035367901488974667,0.045352542596098035,0,1,0.0,0.0,0,3,0.09631556336083472,0.12372278307481638,0,3,0.09631556336083472,0.12372278307481638,0,0.09750087389195686,0.12285019520006722,1.24,"{""1"": 1449.7832195214914, ""2"": 1469.1522345264573, ""3"": 1498.3064834656532, ""4"": 1527.6531923576545, ""5"": 1551.4452621007524, ""6"": 1582.2632404959268, ""7"": 1595.6526746446025, ""8"": 1631.5378675854272, ""9"": 1643.8337858897144, ""10"": 1676.7955694023053, ""11"": 1706.3155925198223, ""12"": 1714.304113109972, ""13"": 1743.705835332777, ""14"": 1736.131451440064, ""15"": 1788.0976134508555}",0.8464062213897705
prinz1d,subsample,tica,250,10,1,9,4,4,0.152,1,0.0,0.0,0,2,0.017089130767690103,0.0198376096396545,0,1,0.0,0.0,0,3,0.015656811588758167,0.027691390050790434,0,3,0.015656811588758167,0.027691390050790434,0,0.017749019444003648,0.03209563530776672,1.3359999999999999,"{""1"": 1443.3420618040261, ""2"": 1458.4539044019336, ""3"": 1490.3136027168578, ""4"": 1507.8176592059015, ""5"": 1528.4480879006862, ""6"": 1561.6953120318024, ""7"": 1586.1428787462366, ""8"": 1609.0564100258653, ""9"": 1637.952761495164, ""10"": 1660.5519048767007, ""11"": 1682.3027244287891, ""12"": 1711.4965557425069, ""13"": 1711.158057950099, ""14"": 1751.737625499775, ""15"": 1776.6056013296093}",1.0019428730010986
prinz1d,subsample,tica,250,10,1,10,4,4,0.168,1,0.0,0.0,0,13,0.015387919296312422,0.09983967479644516,0,1,0.0,0.0,0,2,0.015738520503869455,0.07341576603818198,0,3,0.027148843928876044,0.06129841933768091,0,0.011061298852949866,0.06772630043686063,1.4,"{""1"": 1446.801682000714, ""2"": 1473.5289375776583, ""3"": 1493.2387860254648, ""4"": 1518.3088308539395, ""5"": 1546.3938335015757, ""6"": 1574.0784426279215, ""7"": 1608.8135273001528, ""8"": 1622.4401639587913, ""9"": 1623.1054586167975, ""10"": 1671.797761744767, ""11"": 1683.8683564417565, ""12"": 1695.4083929554074, ""13"": 1699.325863720194, ""14"": 1748.023275314876, ""15"": 1755.3996647659592}",1.1045029163360596
prinz1d,subsample,tica,250,10,1,11,4,4,0.208,1,0.0,0.0,0,1,0.0,0.0,0,1,0.0,0.0,0,11,0.017263094276739797,0.08722906977692046,0,3,0.011379030187890988,0.03058952126123826,0,0.033364819210235305,0.07893720407853286,1.3439999999999999,"{""1"": 1445.0660178558048, ""2"": 1473.5006034608061, ""3"": 1500.8248261306524, ""4"": 1519.1805000830298, ""5"": 1547.7967168880873, ""6"": 1575.3858661716486, ""7"": 1595.4999926527369, ""8"": 1607.0657528811998, ""9"": 1643.2385981922134, ""10"": 1660.268289961885, ""11"": 1698.1328215438352, ""12"": 1694.7439841945786, ""13"": 1730.297240795992, ""14"": 1764.2617195767295, ""15"": 1784.912535675513}",0.8668632507324219
prinz1d,subsample,tica,250,10,1,12,4,4,0.16,1,0.0,0.0,0,1,0.0,0.0,0,1,0.0,0.0,0,2,0.006734062597406854,0.018421636835491535,0,2,0.006734062597406854,0.018421636835491535,0,0.006992319507287765,0.0286488028051366,1.392,"{""1"": 1438.716150272137, ""2"": 1466.1247278430967, ""3"": 1490.2322581306082, ""4"": 1523.2057848094973, ""5"": 1551.6917937363785, ""6"": 1578.205974078609, ""7"": 1602.4203177703407, ""8"": 1614.5947505528443, ""9"": 1651.9067424604232, ""10"": 1675.1923228208555, ""11"": 1695.7690362563317, ""12"": 1726.9125634174245, ""13"": 1725.2721981897603, ""14"": 1742.9684043491845, ""15"": 1776.620256811173}",1.0122103691101074
prinz1d,subsample,tica,250,10,1,13,4,4,0.14,1,0.0,0.0,0,15,0.005908227484406213,0.05718473186513387,1,1,0.0,0.0,0,3,0.01859523239548637,0.036704382662122254,0,2,0.019301313069630493,0.023470652259901997,0,0.01979801454926223,0.04755011788515921,1.2160000000000002,"{""1"": 1448.0573804900073, ""2"": 1467.0186244422885, ""3"": 1497.562462687102, ""4"": 1522.6563902978914, ""5"": 1546.0403768242759, ""6"": 1574.5972471171076, ""7"": 1602.087799125871, ""8"": 1612.5408841692315, ""9"": 1625.827561199173, ""10"": 1652.3527472722358, ""11"": 1681.0033214223904, ""12"": 1706.0419821422222, ""13"": 1731.6649458768638, ""14"": 1743.2290445714495, ""15"": 1737.103172877396}",1.0724709033966064
prinz1d,subsample,tica,250,10,1,14,4,4,0.176,1,0.0,0.0,0,14,0.008085154526125413,0.06069976425302621,0,1,0.0,0.0,0,12,0.012146208299601419,0.0635569196606102,0,3,0.03430486966855911,0.029341295335400728,0,0.026894384069873666,0.04155329400545495,1.3199999999999998,"{""1"": 1454.3793376710687, ""2"": 1487.8227395825688, ""3"": 1517.002282962717, ""4"": 1545.0893472668204, ""5"": 1564.2720702460772, ""6"": 1586.1141915115652, ""7"": 1603.6315285368944, ""8"": 1629.7324886275483, ""9"": 1626.9426865499786, ""10"": 1657.2390894689547, ""11"": 1687.9100852523832, ""12"": 1690.4441082610574, ""13"": 1703.633496718529, ""14"": 1717.1658767846877, ""15"": 1754.0775687120931}",0.9891390800476074
prinz1d,subsample,tica,250,10,1,15,4,4,0.12,1,0.0,0.0,0,1,0.0,0.0,0,1,0.0,0.0,0,2,0.014334595308861083,0.033810025063877695,0,2,0.014334595308861083,0.033810025063877695,0,0.03615800766581262,0.048279396325624155,1.3199999999999998,"{""1"": 1445.5742413455905, ""2"": 1475.8717260932447, ""3"": 1505.5660384442224, ""4"": 1519.7150073917269, ""5"": 1552.1853058264257, ""6"": 1574.955373501056, ""7"": 1599.0513954754804, ""8"": 1624.9870064316688, ""9"": 1650.936970641019, ""10"": 1672.147972761594, ""11"": 1686.2313791627812, ""12"": 1712.2713654147099, ""13"": 1709.881661294785, ""14"": 1753.886275635403, ""15"": 1762.5408192774998}",1.0522863864898682
prinz1d,subsample,tica,250,10,1,16,4,4,0.168,1,0.0,0.0,0,1,0.0,0.0,0,1,0.0,0.0,0,3,0.00902302755285851,0.022782202978831136,0,3,0.00902302755285851,0.022782202978831136,0,0.013281311349537124,0.027788679731629937,1.3359999999999999,"{""1"": 1447.6524931796473, ""2"": 1471.7706656190292, ""3"": 1499.4108840915376, ""4"": 1529.3611437859176, ""5"": 1551.713268646826, ""6"": 1582.6427295678382, ""7"": 1607.777571748469, ""8"": 1641.2703523174619, ""9"": 1671.3713728916678, ""10"": 1699.1108497765792, ""11"": 1731.7164685208215, ""12"": 1752.7186161294146, ""13"": 1721.7030797324846, ""14"": 1788.588778245886, ""15"": 1771.575856699582}",0.8248093128204346
prinz1d,subsample,tica,250,10,1,17,4,4,0.152,1,0.0,0.0,0,1,0.0,0.0,0,1,0.0,0.0,0,3,0.01797089309689039,0.02815075303266315,0,3,0.01797089309689039,0.02815075303266315,0,0.024525736815536756,0.03201515469483165,1.3599999999999999,"{""1"": 1443.6013600050865, ""2"": 1469.8901716842104, ""3"": 1498.5162928344314, ""4"": 1527.3843499606412, ""5"": 1557.7373181939136, ""6"": 1582.3557699501907, ""7"": 1610.6257998919825, ""8"": 1633.2955933463977, ""9"": 1664.8986442736423, ""10"": 1695.8665992865363, ""11"": 1715.4742880278022, ""12"": 1733.9258611153862, ""13"": 1767.619285516436, ""14"": 1758.5705721478696, ""15"": 1803.678601113861}",0.890038013458252
prinz1d,subsample,tica,250,10,1,18,4,4,0.152,1,0.0,0.0,0,1,0.0,0.0,0,1,0.0,0.0,0,3,0.008478582131466296,0.020522955814739768,0,3,0.008478582131466296,0.020522955814739768,0,0.0004829449342472652,0.018667081957762042,1.3439999999999999,"{""1"": 1442.2749092874567, ""2"": 1469.539944669085, ""3"": 1499.9706851860647, ""4"": 1523.9514949855422, ""5"": 1552.0430839294224, ""6"": 1577.1169933624788, ""7"": 1598.9344889515103, ""8"": 1623.4164963068965, ""9"": 1654.003628653274, ""10"": 1661.8536099847413, ""11"": 1701.523277058183, ""12"": 1712.409984877505, ""13"": 1732.52020485123, ""14"": 1757.9370263543976, ""15"": 1768.5682218394445}",0.8923389911651611
prinz1d,subsample,tica,250,10,1,19,4,4,0.204,1,0.0,0.0,0,1,0.0,0.0,0,1,0.0,0.0,0,3,0.06335322764559283,0.08230232286846915,0,3,0.06335322764559283,0.08230232286846915,0,0.05167809475068842,0.07061613162465065,1.376,"{""1"": 1448.8138573391798, ""2"": 1476.7192229659306, ""3"": 1508.9452857565368, ""4"": 1526.633441507616, ""5"": 1554.773408552011, ""6"": 1582.2324392571586, ""7"": 1612.238568510247, ""8"": 1640.84428239801, ""9"": 1659.2166561505346, ""10"": 1687.3941153535472, ""11"": 1717.9269895417024, ""12"": 1740.6355842951273, ""13"": 1764.1646777397013, ""14"": 1787.294367970291, ""15"": 1772.0278415260627}",0.9261524677276611
prinz1d,subsample,tica,500,10,1,0,4,4,0.156,1,0.0,0.0,0,1,0.0,0.0,0,1,0.0,0.0,0,3,0.03421252514643195,0.046057442036854086,0,3,0.03421252514643195,0.046057442036854086,0,0.0499322125514138,0.05428869336299257,1.208,"{""1"": 2865.8629810521334, ""2"": 2899.9386515465626, ""3"": 2936.25422130281, ""4"": 2968.9517770823177, ""5"": 3002.922474172424, ""6"": 3038.4996990424006, ""7"": 3075.9324289994147, ""8"": 3110.2111324835955, ""9"": 3142.9613442875625, ""10"": 3174.670039036391, ""11"": 3204.7863840729397, ""12"": 3238.1393366361217, ""13"": 3245.7316341711494, ""14"": 3300.4303323826853, ""15"": 3329.196961513512}",1.1061501502990723
prinz1d,subsample,tica,500,10,1,1,4,4,0.188,1,0.0,0.0,0,1,0.0,0.0,0,1,0.0,0.0,0,4,0.025952218408716716,0.039984488083888436,0,3,0.024595503455283208,0.031105956052879597,0,0.025952218408716716,0.039984488083888436,1.3479999999999999,"{""1"": 2866.11073567601, ""2"": 2894.0890849403804, ""3"": 2918.7652681264863, ""4"": 2948.253714578242, ""5"": 2980.526811578442, ""6"": 3002.515790647914, ""7"": 3030.472066353145, ""8"": 3053.5793991987475, ""9"": 3081.2900227663677, ""10"": 3118.401471456556, ""11"": 3140.0601709569037, ""12"": 3145.0775338392177, ""13"": 3182.7622561989747, ""14"": 3206.425180704236, ""15"": 3250.771493937072}",1.1718709468841553
prinz1d,subsample,tica,500,10,1,2,4,4,0.16,1,0.0,0.0,0,1,0.0,0.0,0,1,0.0,0.0,0,8,0.017487830940609118,0.05089636394026923,0,2,0.0024468825021647404,0.005892699425726837,0,0.03250118446355982,0.03989522529886203,1.3079999999999998,"{""1"": 2867.871688198905, ""2"": 2906.4650036561716, ""3"": 2940.4091920312767, ""4"": 2974.5173977794375, ""5"": 3004.3690169350302, ""6"": 3039.4966034066074, ""7"": 3069.5411939396645, ""8"": 3098.9084023581204, ""9"": 3133.2546457487488, ""10"": 3154.7195572820197, ""11"": 3191.037394879356, ""12"": 3192.509102817182, ""13"": 3242.2328805321827, ""14"": 3254.1792386501884, ""15"": 3295.0598189155567}",1.212104320526123
prinz1d,subsample,tica,500,10,1,3,4,4,0.144,1,0.0,0.0,0,1,0.0,0.0,0,1,0.0,0.0,0,3,0.05495985969088702,0.059791045583909,0,3,0.05495985969088702,0.059791045583909,0,0.051171943570683665,0.07314572715824122,1.2999999999999998,"{""1"": 2879.273897831086, ""2"": 2909.5361232036844, ""3"": 2945.474696085273, ""4"": 2969.0913328860543, ""5"": 3005.203215598449, ""6"": 3040.0536615496917, ""7"": 3061.618414093823, ""8"": 3097.167021574425, ""9"": 3122.2493073272585, ""10"": 3149.9486714197824, ""11"": 3189.388282582957, ""12"": 3215.011777948743, ""13"": 3242.2007263950504, ""14"": 3262.314816941369, ""15"": 3302.4968425026022}",1.1495988368988037
prinz1d,subsample,tica,500,10,1,4,4,4,0.162,1,0.0,0.0,0,1,0.0,0.0,0,1,0.0,0.0,0,3,0.043773498026653326,0.04869781816705636,0,2,0.054640182615911165,0.03999375211373767,0,0.04893290757493195,0.04535615537204833,1.272,"{""1"": 2872.9740529639216, ""2"": 2905.734672844971, ""3"": 2941.533331215146, ""4"": 2971.684433839297, ""5"": 3007.043497514247, ""6"": 3044.097664315445, ""7"": 3067.3817977893286, ""8"": 3089.6408592541625, ""9"": 3121.3359356906362, ""10"": 3158.4627480112745, ""11"": 3190.873328910033, ""12"": 3223.554932759792, ""13"": 3247.684021345176, ""14"": 3267.845189763525, ""15"": 3291.8020471840146}",1.2031702995300293
prinz1d,subsample,tica,500,10,1,5,4,4,0.178,1,0.0,0.0,0,1,0.0,0.0,0,1,0.0,0.0,0,14,0.02529172515049501,0.08332718217725651,0,2,0.05209523239913869,0.04992507829786804,0,0.04106033970862047,0.057409439340927466,1.42,"{""1"": 2862.1824567347203, ""2"": 2894.4529286070533, ""3"": 2922.7730198963122, ""4"": 2952.3648853841123, ""5"": 2988.9232341281395, ""6"": 3018.1254645562008, ""7"": 3037.360851971107, ""8"": 3070.4097002225712, ""9"": 3092.8732888815475, ""10"": 3118.5742099685826, ""11"": 3149.3013226330504, ""12"": 3175.2532023344893, ""13"": 3191.007391613423, ""14"": 3239.7692801133244, ""15"": 3255.579250806042}",1.2623193264007568
prinz1d,subsample,tica,500,10,1,6,4,4,0.142,1,0.0,0.0,0,1,0.0,0.0,0,1,0.0,0.0,0,3,0.013132906899771127,0.029861590744458984,0,2,0.03345706412664333,0.04077364642256616,0,0.03619929882820962,0.060314391642161465,1.236,"{""1"": 2871.245403397413, ""2"": 2906.1922134519036, ""3"": 2942.9011575463696, ""4"": 2976.6853199041534, ""5"": 3006.1319308435723, ""6"": 3040.5587672392326, ""7"": 3068.8275092843014, ""8"": 3101.144825067891, ""9"": 3128.753841445455, ""10"": 3154.4487439852464, ""11"": 3179.518387477714, ""12"": 3198.12321628606, ""13"": 3219.0252686194985, ""14"": 3230.2991195893546, ""15"": 3293.0120694681186}",1.2514758110046387
prinz1d,subsample,tica,500,10,1,7,4,4,0.186,1,0.0,0.0,0,1,0.0,0.0,0,1,0.0,0.0,0,3,0.05067765357974832,0.054792268365034695,0,2,0.03941639898863182,0.04971513830688349,0,0.04540057445433935,0.060598144696045055,1.3719999999999999,"{""1"": 2862.273660717816, ""2"": 2895.075757870275, ""3"": 2933.2519392912977, ""4"": 2965.3454902915037, ""5"": 3000.8191490899812, ""6"": 3033.72901044885, ""7"": 3059.1751593517624, ""8"": 3080.133879353332, ""9"": 3111.5996881317305, ""10"": 3146.6465612880806, ""11"": 3153.3407664008673, ""12"": 3206.03379873245, ""13"": 3222.189053422969, ""14"": 3245.5543848182497, ""15"": 3265.8081275974896}",1.1578145027160645
prinz1d,subsample,tica,500,10,1,8,4,4,0.15,1,0.0,0.0,0,1,0.0,0.0,0,1,0.0,0.0,0,4,0.047433042508124024,0.047491129560883485,0,2,0.047862420617003965,0.04180986452004899,0,0.047433042508124024,0.047491129560883485,1.3079999999999998,"{""1"": 2875.8684918772456, ""2"": 2909.4394917746868, ""3"": 2935.052667747265, ""4"": 2971.4914794753176, ""5"": 3002.5054048307375, ""6"": 3037.533820047813, ""7"": 3064.553661996153, ""8"": 3092.626145218663, ""9"": 3121.0356057719464, ""10"": 3139.2376633300373, ""11"": 3170.095257549521, ""12"": 3201.2161821075088, ""13"": 3223.3927438602914, ""14"": 3250.228069979611, ""15"": 3264.411313041414}",1.2187557220458984
prinz1d,subsample,tica,500,10,1,9,4,4,0.142,1,0.0,0.0,0,1,0.0,0.0,0,1,0.0,0.0,0,6,0.020532380223964374,0.030813655162092966,0,3,0.00958147809110971,0.01135760254043534,0,0.02017826210861577,0.022581095209376918,1.296,"{""1"": 2867.436236900337, ""2"": 2902.1965725607015, ""3"": 2921.7651414841175, ""4"": 2953.1152821647374, ""5"": 2982.0195621070134, ""6"": 3010.9215496523484, ""7"": 3041.4285711030893, ""8"": 3072.4707531911713, ""9"": 3102.62521880231, ""10"": 3140.7166147916055, ""11"": 3165.930498128635, ""12"": 3182.930265150948, ""13"": 3217.758447829637, ""14"": 3262.230592904398, ""15"": 3274.5644804809267}",1.2315971851348877
prinz1d,subsample,tica,500,10,1,10,4,4,0.178,1,0.0,0.0,0,1,0.0,0.0,0,1,0.0,0.0,0,15,0.019642592623221763,0.05667913253287599,1,3,0.05967350057425042,0.05819316682430436,0,0.0559022291788667,0.04830205586191383,1.3439999999999999,"{""1"": 2867.9917323271343, ""2"": 2904.2423928968883, ""3"": 2938.8092664923543, ""4"": 2972.92601837542, ""5"": 3005.615005251386, ""6"": 3036.3082734371005, ""7"": 3061.8121601990833, ""8"": 3093.0485887438294, ""9"": 3119.168069360251, ""10"": 3147.7998485846515, ""11"": 3172.214556086795, ""12"": 3192.4443928168134, ""13"": 3213.0137693863594, ""14"": 3249.0104766398417, ""15"": 3260.137722115975}",1.2976834774017334
prinz1d,subsample,tica,500,10,1,11,4,4,0.2,1,0.0,0.0,0,1,0.0,0.0,0,1,0.0,0.0,0,3,0.04022591164058816,0.04316873292431806,0,3,0.04022591164058816,0.04316873292431806,0,0.036161564525516596,0.0467870377344314,1.3639999999999999,"{""1"": 2879.3997318820825, ""2"": 2911.7489535262284, ""3"": 2946.2059540251034, ""4"": 2977.8539361020707, ""5"": 3000.9206913965486, ""6"": 3040.0176277063606, ""7"": 3068.3301019882765, ""8"": 3101.7395095574193, ""9"": 3130.8212612606085, ""10"": 3158.318173321734, ""11"": 3182.000108525506, ""12"": 3200.185965672763, ""13"": 3236.331027893825, ""14"": 3259.8675500535446, ""15"": 3294.3829737210976}",1.1573314666748047
prinz1d,subsample,tica,500,10,1,12,4,4,0.178,1,0.0,0.0,0,1,0.0,0.0,0,1,0.0,0.0,0,11,0.010161755262073318,0.039934279377122635,0,2,0.003677290067502313,0.006175671967665908,0,0.02647658669841629,0.03582307120882675,1.4,"{""1"": 2871.2421798911587, ""2"": 2907.734134288162, ""3"": 2941.02640960054, ""4"": 2965.389230163666, ""5"": 2996.9050930427647, ""6"": 3026.2747340222672, ""7"": 3058.1481847724326, ""8"": 3085.7045817383537, ""9"": 3119.192532059211, ""10"": 3151.905278742383, ""11"": 3182.2083134706227, ""12"": 3204.714944116299, ""13"": 3232.421684289617, ""14"": 3253.7086723557404, ""15"": 3267.875746705099}",1.1227681636810303
prinz1d,subsample,tica,500,10,1,13,4,4,0.156,1,0.0,0.0,0,1,0.0,0.0,0,1,0.0,0.0,0,3,0.03462017980173343,0.03285367827712626,0,3,0.03462017980173343,0.03285367827712626,0,0.016856539659372536,0.02553889272034351,1.3319999999999999,"{""1"": 2871.982380599228, ""2"": 2897.8042187012384, ""3"": 2934.9853614804338, ""4"": 2963.277674027022, ""5"": 2998.2369783313134, ""6"": 3035.3759270346195, ""7"": 3066.466488539932, ""8"": 3098.697130361375, ""9"": 3109.377868581531, ""10"": 3156.6583588885287, ""11"": 3182.4221157651937, ""12"": 3212.0360843333706, ""13"": 3236.066799037109, ""14"": 3273.621216739579, ""15"": 3294.320618894623}",1.2159380912780762
prinz1d,subsample,tica,500,10,1,14,4,4,0.178,1,0.0,0.0,0,1,0.0,0.0,0,1,0.0,0.0,0,3,0.03849964087180863,0.049224412244811104,0,3,0.03849964087180863,0.049224412244811104,0,0.03867562014094648,0.04804904246684618,1.3399999999999999,"{""1"": 2868.9168690364936, ""2"": 2897.735173379327, ""3"": 2930.9470606296277, ""4"": 2965.705657576052, ""5"": 2996.179771512545, ""6"": 3026.745060006399, ""7"": 3062.4555645643322, ""8"": 3093.6274114790353, ""9"": 3126.8428691657673, ""10"": 3146.166577579536, ""11"": 3161.1062209035927, ""12"": 3197.9136866048925, ""13"": 3219.2448062728445, ""14"": 3269.578535942948, ""15"": 3293.4478052827812}",1.2788126468658447
prinz1d,subsample,tica,500,10,1,15,4,4,0.132,1,0.0,0.0,0,1,0.0,0.0,0,1,0.0,0.0,0,3,0.07073027791225685,0.07298759878236642,0,3,0.07073027791225685,0.07298759878236642,0,0.041131263214031974,0.07043888680742579,1.2519999999999998,"{""1"": 2865.00255794561, ""2"": 2897.5553391536023, ""3"": 2933.307099993349, ""4"": 2968.372598670204, ""5"": 2996.5662255679918, ""6"": 3029.0851764436916, ""7"": 3059.761996131586, ""8"": 3101.353484906322, ""9"": 3135.4743373073206, ""10"": 3161.43837841588, ""11"": 3193.2863588484715, ""12"": 3222.276726575162, ""13"": 3248.0452998875066, ""14"": 3289.113912643094, ""15"": 3321.5026808270945}",1.1464223861694336
prinz1d,subsample,tica,500,10,1,16,4,4,0.192,1,0.0,0.0,0,1,0.0,0.0,0,1,0.0,0.0,0,3,0.003159867235505299,0.010058038051265136,0,3,0.003159867235505299,0.010058038051265136,0,0.008916638241453907,0.017481441345641915,1.3439999999999999,"{""1"": 2868.5786318378955, ""2"": 2901.239057881167, ""3"": 2933.9033755395, ""4"": 2960.282242293153, ""5"": 2985.6673958498873, ""6"": 3021.52459192766, ""7"": 3050.612260358547, ""8"": 3085.7375218209513, ""9"": 3093.6354765704355, ""10"": 3146.9343563886905, ""11"": 3159.6529185563822, ""12"": 3196.9481994894686, ""13"": 3224.7320470908494, ""14"": 3257.516306704546, ""15"": 3273.949445148845}",1.1965973377227783
prinz1d,subsample,tica,500,10,1,17,4,4,0.16,1,0.0,0.0,0,1,0.0,0.0,0,1,0.0,0.0,0,3,0.015680940200672816,0.027202205346166655,0,2,0.005822801643652222,0.008047421794569312,0,0.006128799058971999,0.026160886290378917,1.292,"{""1"": 2871.6797617944076, ""2"": 2902.6885210937808, ""3"": 2927.283965019969, ""4"": 2957.8566695494465, ""5"": 2990.129672234998, ""6"": 3020.1153679855956, ""7"": 3054.696443895946, ""8"": 3088.379516680055, ""9"": 3118.267768867745, ""10"": 3154.287953201791, ""11"": 3183.088030862713, ""12"": 3212.0101647891647, ""13"": 3234.6560600285684, ""14"": 3269.0693018605753, ""15"": 3293.2424178795836}",1.229593276977539
prinz1d,subsample,tica,500,10,1,18,4,4,0.16,1,0.0,0.0,0,1,0.0,0.0,0,1,0.0,0.0,0,13,0.007854411582349459,0.04820380771725635,0,2,0.01678818462420303,0.014229311177478369,0,0.020365172777343624,0.025920420864501695,1.3399999999999999,"{""1"": 2865.3138179137427, ""2"": 2901.6905543118232, ""3"": 2938.6871328087723, ""4"": 2974.486324328755, ""5"": 3005.4123232940674, ""6"": 3041.19893887428, ""7"": 3075.0375688945633, ""8"": 3108.202316282543, ""9"": 3141.6119883029605, ""10"": 3169.6846234999953, ""11"": 3201.768445168097, ""12"": 3229.829095052909, ""13"": 3263.888124778703, ""14"": 3282.8116783195087, ""15"": 3308.563970601207}",1.169663429260254
prinz1d,subsample,tica,500,10,1,19,4,4,0.182,1,0.0,0.0,0,1,0.0,0.0,0,1,0.0,0.0,0,3,0.00870482461357152,0.013357614074783997,0,3,0.00870482461357152,0.013357614074783997,0,0.007741809175313018,0.015443783633591179,1.3159999999999998,"{""1"": 2874.8190368875335, ""2"": 2910.208595107537, ""3"": 2942.4159845898316, ""4"": 2980.4863777944047, ""5"": 3012.6088220615, ""6"": 3047.815388116242, ""7"": 3079.637853091906, ""8"": 3110.9168336904577, ""9"": 3147.08781203668, ""10"": 3184.523522770613, ""11"": 3191.841586230952, ""12"": 3213.828607318595, ""13"": 3262.7214704771914, ""14"": 3291.492944948557, ""15"": 3297.9371041444892}",1.3146662712097168
prinz1d,subsample,tica,1000,10,1,0,4,4,0.158,1,0.0,0.0,0,2,0.035283055067678266,0.03167556021272331,0,1,0.0,0.0,0,3,0.015537194569964085,0.03682617884899193,0,3,0.015537194569964085,0.03682617884899193,0,0.02235773899203326,0.038648129407054935,1.234,"{""1"": 5704.332355540637, ""2"": 5732.044366605737, ""3"": 5775.782630337315, ""4"": 5810.3868155078435, ""5"": 5849.866389820348, ""6"": 5888.951217113564, ""7"": 5929.580464640087, ""8"": 5957.429106543891, ""9"": 6000.293885317235, ""10"": 6040.131622237006, ""11"": 6075.150941125995, ""12"": 6112.465827132703, ""13"": 6151.768351773019, ""14"": 6192.6996271199005, ""15"": 6225.728967964065}",1.5863432884216309
prinz1d,subsample,tica,1000,10,1,1,4,4,0.181,1,0.0,0.0,0,1,0.0,0.0,0,1,0.0,0.0,0,3,0.010672720613018556,0.01285399405299965,0,3,0.010672720613018556,0.01285399405299965,0,0.00534014487013476,0.010596444938285965,1.318,"{""1"": 5715.088273813224, ""2"": 5754.589874126473, ""3"": 5792.2953269546015, ""4"": 5831.192122124832, ""5"": 5862.661671627325, ""6"": 5904.450507836137, ""7"": 5938.923800794857, ""8"": 5973.502238184223, ""9"": 6006.186371807145, ""10"": 6054.840219050637, ""11"": 6086.039925939389, ""12"": 6113.826235520221, ""13"": 6149.356244267255, ""14"": 6182.157846064738, ""15"": 6227.305021878727}",1.554739236831665
prinz1d,subsample,tica,1000,10,1,2,4,4,0.149,1,0.0,0.0,0,1,0.0,0.0,0,1,0.0,0.0,0,9,0.0303823689594039,0.0675401225504968,0,2,0.03445735022908616,0.04591469439851504,0,0.03954858681283826,0.0555948377061378,1.29,"{""1"": 5706.679614946103, ""2"": 5743.175174166159, ""3"": 5779.705697382795, ""4"": 5815.380462718846, ""5"": 5853.28281779815, ""6"": 5891.54977627475, ""7"": 5918.504363660426, ""8"": 5943.078359974275, ""9"": 5978.088362499462, ""10"": 6015.710752244697, ""11"": 6050.99786412699, ""12"": 6085.048898732885, ""13"": 6125.149039245781, ""14"": 6143.850843534412, ""15"": 6185.264755458611}",1.5348541736602783
prinz1d,subsample,tica,1000,10,1,3,4,4,0.155,1,0.0,0.0,0,1,0.0,0.0,0,1,0.0,0.0,0,6,0.032193500654407306,0.05822974215014966,0,3,0.038665288311436265,0.05561018877118843,0,0.04126394018101659,0.0614191204725127,1.296,"{""1"": 5707.173451662558, ""2"": 5739.6680304099145, ""3"": 5777.652393648112, ""4"": 5806.366706967687, ""5"": 5847.396475255937, ""6"": 5886.070000476321, ""7"": 5923.641294211346, ""8"": 5958.258067136761, ""9"": 5993.068440491512, ""10"": 6024.752447091996, ""11"": 6071.588892150126, ""12"": 6104.951072400687, ""13"": 6137.216664289099, ""14"": 6179.9059306466415, ""15"": 6218.355182168248}",1.4876415729522705
prinz1d,subsample,tica,1000,10,1,4,4,4,0.146,1,0.0,0.0,0,1,0.0,0.0,0,1,0.0,0.0,0,3,0.02751794860134546,0.03450245680841295,0,3,0.02751794860134546,0.03450245680841295,0,0.026543199520188823,0.03717101924190735,1.3399999999999999,"{""1"": 5705.302801012461, ""2"": 5744.388572035529, ""3"": 5785.047295813346, ""4"": 5820.997915603748, ""5"": 5858.90909365605, ""6"": 5890.69142710727, ""7"": 5937.263338934237, ""8"": 5968.890556740606, ""9"": 6011.429074710635, ""10"": 6042.3985709554145, ""11"": 6080.889232904263, ""12"": 6110.709421381412, ""13"": 6143.613901497637, ""14"": 6182.876926060986, ""15"": 6225.543251084776}",1.6129775047302246
prinz1d,subsample,tica,1000,10,1,5,4,4,0.175,1,0.0,0.0,0,1,0.0,0.0,0,1,0.0,0.0,0,12,0.011108309716067343,0.03233703069698471,0,3,0.017890872454958105,0.021376935056366946,0,0.02572218427710049,0.027930189659057966,1.366,"{""1"": 5704.09775655373, ""2"": 5743.943706386402, ""3"": 5784.7374179993985, ""4"": 5818.94380458295, ""5"": 5843.046947212342, ""6"": 5880.298525658858, ""7"": 5909.360624987438, ""8"": 5934.159267956547, ""9"": 5965.048387614449, ""10"": 6011.765971853942, ""11"": 6053.254419107589, ""12"": 6085.32103636683, ""13"": 6118.5446947068185, ""14"": 6159.128571748455, ""15"": 6183.671268365093}",1.580007791519165
prinz1d,subsample,tica,1000,10,1,6,4,4,0.144,2,0.2183392714670182,0.23065838824603174,0,2,0.2183392714670182,0.23065838824603174,0,1,0.0,0.0,0,2,0.2183392714670182,0.23065838824603174,0,3,0.14008418614491128,0.17524692054497726,0,0.13451006044367145,0.1660746048203492,0.678,"{""1"": 5711.710484810013, ""2"": 5705.167182489441, ""3"": 5748.3359845207215, ""4"": 5785.186023574418, ""5"": 5815.676482634438, ""6"": 5859.976745350613, ""7"": 5893.641433392655, ""8"": 5924.293386456679, ""9"": 5959.680345223383, ""10"": 5993.426037751415, ""11"": 6028.863060400226, ""12"": 6062.401819949874, ""13"": 6093.315407516017, ""14"": 6131.858810356223, ""15"": 6172.7474865614}",1.6455280780792236
prinz1d,subsample,tica,1000,10,1,7,4,4,0.174,1,0.0,0.0,0,1,0.0,0.0,0,1,0.0,0.0,0,3,0.04125457985211296,0.04435102090124295,0,3,0.04125457985211296,0.04435102090124295,0,0.04386965133448205,0.04579651645526152,1.3479999999999999,"{""1"": 5705.668374378043, ""2"": 5743.275923144394, ""3"": 5782.513625500946, ""4"": 5815.122569330384, ""5"": 5860.853531312925, ""6"": 5898.403529595134, ""7"": 5939.474432894613, ""8"": 5975.115382508377, ""9"": 6012.541339972809, ""10"": 6053.331052092546, ""11"": 6085.389020758441, ""12"": 6117.373307649205, ""13"": 6152.700387565345, ""14"": 6187.532629117428, ""15"": 6223.280175131818}",1.5982723236083984
prinz1d,subsample,tica,1000,10,1,8,4,4,0.15,2,0.08376060490828965,0.08804397765444165,0,2,0.08376060490828965,0.08804397765444165,0,1,0.0,0.0,0,3,0.07532159342786923,0.09275188028807736,0,3,0.07532159342786923,0.09275188028807736,0,0.06572165226309586,0.0855620666665929,0.748,"{""1"": 5707.921602307795, ""2"": 5694.984748049244, ""3"": 5730.266794838924, ""4"": 5765.119581965128, ""5"": 5799.438209904919, ""6"": 5836.292500178014, ""7"": 5876.96751830953, ""8"": 5906.931607975894, ""9"": 5941.285988633229, ""10"": 5979.235196962196, ""11"": 5998.698915376355, ""12"": 6043.1938194699605, ""13"": 6065.678917735705, ""14"": 6101.6906441346055, ""15"": 6134.487661691459}",1.5721511840820312
prinz1d,subsample,tica,1000,10,1,9,4,4,0.155,1,0.0,0.0,0,1,0.0,0.0,0,1,0.0,0.0,0,3,0.07339076128293265,0.07564201052269083,0,3,0.07339076128293265,0.07564201052269083,0,0.05275064596123084,0.07327367554087942,1.342,"{""1"": 5709.283531738924, ""2"": 5746.7483154386, ""3"": 5788.915307224022, ""4"": 5826.391185695997, ""5"": 5866.532504216642, ""6"": 5905.3173115341715, ""7"": 5942.349993376634, ""8"": 5978.579989613874, ""9"": 6018.218650621515, ""10"": 6053.436398256343, ""11"": 6090.229945537843, ""12"": 6126.110364109945, ""13"": 6147.542845340274, ""14"": 6203.886427033523, ""15"": 6235.726401384125}",1.6038973331451416
prinz1d,subsample,tica,1000,10,1,10,4,4,0.168,1,0.0,0.0,0,2,0.1665158519138411,0.17781857303358414,0,1,0.0,0.0,0,3,0.146052960448071,0.15304291029762804,0,3,0.146052960448071,0.15304291029762804,0,0.1296995748021885,0.14342700261692712,1.308,"{""1"": 5709.327430820233, ""2"": 5734.16108687313, ""3"": 5772.48302682621, ""4"": 5808.843740818194, ""5"": 5847.915180225271, ""6"": 5884.614023052957, ""7"": 5922.080768870428, ""8"": 5961.341305433679, ""9"": 6000.03232929396, ""10"": 6037.457586805378, ""11"": 6074.2545137616125, ""12"": 6111.085783916123, ""13"": 6145.3507166531745, ""14"": 6183.289653881029, ""15"": 6210.500424100053}",1.5442235469818115
prinz1d,subsample,tica,1000,10,1,11,4,4,0.187,1,0.0,0.0,0,1,0.0,0.0,0,1,0.0,0.0,0,3,0.005103443573926708,0.010187437328811059,0,3,0.005103443573926708,0.010187437328811059,0,0.0027738439665142855,0.00881575415190649,1.364,"{""1"": 5712.875678137127, ""2"": 5751.328565722116, ""3"": 5794.1318612397445, ""4"": 5827.538318356368, ""5"": 5862.968488303185, ""6"": 5903.543040271615, ""7"": 5932.552413564741, ""8"": 5965.351386476842, ""9"": 6001.863928251176, ""10"": 6040.704197172005, ""11"": 6073.218538209365, ""12"": 6110.873104285827, ""13"": 6148.155219384608, ""14"": 6181.38031493133, ""15"": 6215.195978568112}",1.6257572174072266
prinz1d,subsample,tica,1000,10,1,12,4,4,0.195,1,0.0,0.0,0,1,0.0,0.0,0,1,0.0,0.0,0,12,0.017182225326507136,0.046782821880743876,0,2,0.02980866602968685,0.030740039947119466,0,0.034671059910688966,0.04731467552604218,1.3960000000000001,"{""1"": 5710.289547039379, ""2"": 5742.0436696232, ""3"": 5780.082016154756, ""4"": 5816.515046005887, ""5"": 5855.1146459565725, ""6"": 5897.711897168908, ""7"": 5931.592856916927, ""8"": 5971.354103238877, ""9"": 5986.1118992038155, ""10"": 6022.8630545140895, ""11"": 6058.208438859881, ""12"": 6082.568916839815, ""13"": 6122.10094572588, ""14"": 6157.317366805672, ""15"": 6191.5320736506255}",1.591475009918213
prinz1d,subsample,tica,1000,10,1,13,4,4,0.142,1,0.0,0.0,0,1,0.0,0.0,0,1,0.0,0.0,0,10,0.008966423523563938,0.023630538118457726,0,3,0.015103217725956238,0.02249632448312358,0,0.011564998834004355,0.019905298775783464,1.288,"{""1"": 5708.955534878605, ""2"": 5749.939932174967, ""3"": 5788.055338757665, ""4"": 5825.6426554073605, ""5"": 5863.596508282701, ""6"": 5906.1681236665, ""7"": 5944.496217505499, ""8"": 5984.119780784878, ""9"": 6015.405256957482, ""10"": 6051.40747307946, ""11"": 6091.082931863484, ""12"": 6122.9743709943805, ""13"": 6161.427393626432, ""14"": 6192.823683218122, ""15"": 6226.002122182314}",1.583712100982666
prinz1d,subsample,tica,1000,10,1,14,4,4,0.176,1,0.0,0.0,0,1,0.0,0.0,0,1,0.0,0.0,0,7,0.0395101080694903,0.06943410391431379,0,3,0.0654536492342075,0.07058965056586627,0,0.06753335140620212,0.0823618619007412,1.338,"{""1"": 5708.033592989814, ""2"": 5743.203966669372, ""3"": 5784.120695673934, ""4"": 5821.975952793299, ""5"": 5865.48504554521, ""6"": 5901.490322419473, ""7"": 5943.370819543587, ""8"": 5975.914507325062, ""9"": 6009.883890436016, ""10"": 6050.194036876594, ""11"": 6090.916157254656, ""12"": 6126.156299158501, ""13"": 6163.6709238498215, ""14"": 6199.37227572424, ""15"": 6242.767246142026}",1.5221748352050781
prinz1d,subsample,tica,1000,10,1,15,4,4,0.135,1,0.0,0.0,0,1,0.0,0.0,0,1,0.0,0.0,0,3,0.040845294572886146,0.06200376531087175,0,3,0.040845294572886146,0.06200376531087175,0,0.02670189781129944,0.05192217340422355,1.26,"{""1"": 5709.795010049431, ""2"": 5747.201307616059, ""3"": 5786.109439861166, ""4"": 5821.909315817877, ""5"": 5858.426064888815, ""6"": 5895.971449316022, ""7"": 5937.1124651309565, ""8"": 5960.277667089951, ""9"": 5992.157008204711, ""10"": 6019.905457315857, ""11"": 6058.771958055597, ""12"": 6092.885949453852, ""13"": 6128.109898794335, ""14"": 6164.233836955834, ""15"": 6197.1193733093905}",1.4680392742156982
prinz1d,subsample,tica,1000,10,1,16,4,4,0.172,1,0.0,0.0,0,1,0.0,0.0,0,1,0.0,0.0,0,3,0.03178621292152745,0.03127446149897605,0,3,0.03178621292152745,0.03127446149897605,0,0.029252774407115364,0.03963806807940403,1.3239999999999998,"{""1"": 5708.425417352344, ""2"": 5747.601943423854, ""3"": 5784.709474390342, ""4"": 5820.771484340923, ""5"": 5856.522456160052, ""6"": 5888.548315016634, ""7"": 5920.846618725187, ""8"": 5953.582655756724, ""9"": 5994.682262072621, ""10"": 6027.354424911289, ""11"": 6071.499695432807, ""12"": 6110.790429124502, ""13"": 6144.555889066128, ""14"": 6184.959066063902, ""15"": 6216.455777632974}",1.519864797592163
prinz1d,subsample,tica,1000,10,1,17,4,4,0.162,1,0.0,0.0,0,1,0.0,0.0,0,1,0.0,0.0,0,3,0.03886277106725023,0.05236655869586716,0,3,0.03886277106725023,0.05236655869586716,0,0.043263213588731926,0.0627345839149128,1.3239999999999998,"{""1"": 5709.138294788139, ""2"": 5748.756400000488, ""3"": 5792.718515406485, ""4"": 5826.815398329223, ""5"": 5860.919205149296, ""6"": 5899.330671399882, ""7"": 5926.275865881962, ""8"": 5952.942939042805, ""9"": 5994.108249620543, ""10"": 6025.664576331072, ""11"": 6059.217260770015, ""12"": 6092.910713990345, ""13"": 6128.80871397389, ""14"": 6162.408412630415, ""15"": 6176.272175934316}",1.5902230739593506
prinz1d,subsample,tica,1000,10,1,18,4,4,0.172,1,0.0,0.0,0,1,0.0,0.0,0,1,0.0,0.0,0,3,0.00481732326453492,0.00913019293319889,0,3,0.00481732326453492,0.00913019293319889,0,0.008805103619726484,0.015141427253476539,1.38,"{""1"": 5707.462355642997, ""2"": 5747.9024835981445, ""3"": 5791.091090414719, ""4"": 5819.265501987772, ""5"": 5860.747752309546, ""6"": 5892.615022574611, ""7"": 5931.534813632932, ""8"": 5970.393802450557, ""9"": 6002.344984735259, ""10"": 6037.910097247974, ""11"": 6079.05026401652, ""12"": 6117.159702803435, ""13"": 6150.119995332038, ""14"": 6181.092409272715, ""15"": 6221.437279843527}",1.5358178615570068
prinz1d,subsample,tica,1000,10,1,19,4,4,0.179,1,0.0,0.0,0,1,0.0,0.0,0,1,0.0,0.0,0,3,0.020828246586970803,0.030355695103325562,0,3,0.020828246586970803,0.030355695103325562,0,0.02147142537123039,0.03583977390056896,1.332,"{""1"": 5718.387735396816, ""2"": 5748.207806976372, ""3"": 5788.004989271918, ""4"": 5820.432897284006, ""5"": 5870.505676742922, ""6"": 5902.875065794297, ""7"": 5938.294557312798, ""8"": 5967.408533706918, ""9"": 6008.612885000127, ""10"": 6046.327866559988, ""11"": 6082.398598928894, ""12"": 6115.616259438779, ""13"": 6151.397700252243, ""14"": 6189.141216586424, ""15"": 6225.553141981445}",1.5889949798583984
prinz1d,subsample,tica,2000,10,1,0,4,4,0.155,2,0.39084928475879843,0.472754772525469,0,2,0.39084928475879843,0.472754772525469,0,2,0.39084928475879843,0.472754772525469,0,2,0.39084928475879843,0.472754772525469,0,2,0.39084928475879843,0.472754772525469,0,0.2984643071510471,0.38204939748381467,0.697,"{""1"": 11386.167542021578, ""2"": 10865.33509174823, ""3"": 10906.673088689784, ""4"": 10949.231327862948, ""5"": 10998.764260534315, ""6"": 11039.755608568474, ""7"": 11083.232155434116, ""8"": 11121.05425281954, ""9"": 11159.1015652936, ""10"": 11211.438518206072, ""11"": 11244.069113300915, ""12"": 11280.779484690791, ""13"": 11323.263075873101, ""14"": 11359.693446369058, ""15"": 11395.090834101033}",2.672166347503662
prinz1d,subsample,tica,2000,10,1,1,4,4,0.175,2,0.44105522084617793,0.5543402690479278,0,3,0.35922872531204475,0.4816649776069659,0,2,0.44105522084617793,0.5543402690479278,0,2,0.44105522084617793,0.5543402690479278,0,2,0.44105522084617793,0.5543402690479278,0,0.34051162321264505,0.4588161842690201,0.831,"{""1"": 11391.684954722452, ""2"": 10562.989536342482, ""3"": 10572.63048946244, ""4"": 10616.830117165902, ""5"": 10656.034154205345, ""6"": 10694.664210035702, ""7"": 10733.144310690359, ""8"": 10776.967438950556, ""9"": 10813.731453895241, ""10"": 10853.57089999359, ""11"": 10879.82998064661, ""12"": 10923.903876715109, ""13"": 10963.37961562277, ""14"": 11007.616238185967, ""15"": 11044.829474016315}",2.60286808013916
prinz1d,subsample,tica,2000,10,1,2,4,4,0.151,2,0.23681802118568354,0.26506030977532247,0,2,0.23681802118568354,0.26506030977532247,0,1,0.0,0.0,0,3,0.17686791969174812,0.22189990025930273,0,3,0.17686791969174812,0.22189990025930273,0,0.15776108055028343,0.19289168569720208,0.687,"{""1"": 11389.15402888622, ""2"": 11321.924867541684, ""3"": 11369.527540116356, ""4"": 11405.128493401538, ""5"": 11447.172877073861, ""6"": 11497.27125296319, ""7"": 11535.299090568002, ""8"": 11576.068508721863, ""9"": 11610.14859853956, ""10"": 11653.999537478974, ""11"": 11686.110395365435, ""12"": 11728.38430050521, ""13"": 11768.340607891983, ""14"": 11808.146396622707, ""15"": 11842.710537186867}",2.7247912883758545
prinz1d,subsample,tica,2000,10,1,3,4,4,0.1565,2,0.29617945477046204,0.332653615164232,0,2,0.29617945477046204,0.332653615164232,0,1,0.0,0.0,0,2,0.29617945477046204,0.332653615164232,0,2,0.29617945477046204,0.332653615164232,0,0.22571312801001842,0.28316560947583014,0.7180000000000001,"{""1"": 11381.884385909314, ""2"": 11291.96938344091, ""3"": 11347.750846273435, ""4"": 11391.815946259532, ""5"": 11436.168915044336, ""6"": 11481.52860119797, ""7"": 11523.243518146859, ""8"": 11565.342922197899, ""9"": 11607.602862206182, ""10"": 11646.174000493384, ""11"": 11678.005090821844, ""12"": 11718.695357126757, ""13"": 11754.090623601453, ""14"": 11796.421456560178, ""15"": 11832.33923214181}",2.748660087585449
prinz1d,subsample,tica,2000,10,1,4,4,4,0.158,1,0.0,0.0,0,1,0.0,0.0,0,1,0.0,0.0,0,3,0.03750917033328765,0.043988616983721605,0,3,0.03750917033328765,0.043988616983721605,0,0.038064723617723416,0.04983304676022133,1.3019999999999998,"{""1"": 11386.153128819415, ""2"": 11428.514876618885, ""3"": 11474.088454944049, ""4"": 11510.659883606564, ""5"": 11555.227362905474, ""6"": 11603.264583578213, ""7"": 11646.891610483499, ""8"": 11686.403370091444, ""9"": 11712.472386030593, ""10"": 11761.07340241807, ""11"": 11800.696405457777, ""12"": 11830.729258768808, ""13"": 11871.37427326087, ""14"": 11910.494177641136, ""15"": 11951.613113408255}",2.868142604827881
prinz1d,subsample,tica,2000,10,1,5,4,4,0.1815,2,0.42840483469029683,0.5244639170128419,0,2,0.42840483469029683,0.5244639170128419,0,2,0.42840483469029683,0.5244639170128419,0,2,0.42840483469029683,0.5244639170128419,0,2,0.42840483469029683,0.5244639170128419,0,0.33638741723250637,0.42983954109234135,0.853,"{""1"": 11387.200989342546, ""2"": 10947.198602352404, ""3"": 10989.969546637813, ""4"": 11033.002107001179, ""5"": 11073.566158204756, ""6"": 11114.582371590426, ""7"": 11158.94283327187, ""8"": 11201.420039336414, ""9"": 11245.975723618587, ""10"": 11282.141732449727, ""11"": 11322.367834486242, ""12"": 11366.204649146648, ""13"": 11404.309650508625, ""14"": 11445.490522185652, ""15"": 11487.035464250092}",2.839116096496582
prinz1d,subsample,tica,2000,10,1,6,4,4,0.1415,2,0.3318091186593177,0.409058992516999,0,2,0.3318091186593177,0.409058992516999,0,1,0.0,0.0,0,2,0.3318091186593177,0.409058992516999,0,3,0.2876390592829388,0.35752312589391755,0,0.27457229733857086,0.3313379600956627,0.6789999999999999,"{""1"": 11392.501806770246, ""2"": 11007.58547370323, ""3"": 11055.766656429712, ""4"": 11088.947103529033, ""5"": 11137.819507700593, ""6"": 11175.185061961372, ""7"": 11213.564748988778, ""8"": 11256.38228859664, ""9"": 11289.263134612196, ""10"": 11341.543949106448, ""11"": 11382.48434687181, ""12"": 11420.777994154358, ""13"": 11468.217411771679, ""14"": 11511.120272836777, ""15"": 11550.181863158956}",2.7304348945617676
prinz1d,subsample,tica,2000,10,1,7,4,4,0.1815,2,0.3838699714634003,0.4755962549099108,0,2,0.3838699714634003,0.4755962549099108,0,2,0.3838699714634003,0.4755962549099108,0,2,0.3838699714634003,0.4755962549099108,0,2,0.3838699714634003,0.4755962549099108,0,0.3050715981096822,0.4067330847530619,0.7969999999999999,"{""1"": 11393.272729941822, ""2"": 10806.822490269107, ""3"": 10844.900553637332, ""4"": 10881.90802471141, ""5"": 10932.775200344699, ""6"": 10966.765578117316, ""7"": 11012.599764575938, ""8"": 11050.188532423592, ""9"": 11095.225065177252, ""10"": 11137.441812359339, ""11"": 11176.53754316861, ""12"": 11217.686951599606, ""13"": 11254.398775000594, ""14"": 11294.417228754304, ""15"": 11339.743888104618}",2.6372230052948
prinz1d,subsample,tica,2000,10,1,8,4,4,0.163,2,0.34211266477370705,0.3975108342990069,0,2,0.34211266477370705,0.3975108342990069,0,1,0.0,0.0,0,2,0.34211266477370705,0.3975108342990069,0,2,0.34211266477370705,0.3975108342990069,0,0.22453412224269065,0.29610665609339243,0.7410000000000001,"{""1"": 11393.7633939331, ""2"": 11191.874410111091, ""3"": 11243.574880423643, ""4"": 11278.403776935624, ""5"": 11326.600484330713, ""6"": 11369.830189370952, ""7"": 11413.583988435761, ""8"": 11454.108347263675, ""9"": 11495.439852758358, ""10"": 11535.772225146562, ""11"": 11575.220438208837, ""12"": 11617.70827521568, ""13"": 11655.711108736681, ""14"": 11694.332720463577, ""15"": 11741.94559902733}",2.7572638988494873
prinz1d,subsample,tica,2000,10,1,9,4,4,0.153,1,0.0,0.0,0,2,0.06397028332107485,0.06505186834767943,0,1,0.0,0.0,0,3,0.094303402720682,0.0976340313285037,0,3,0.094303402720682,0.0976340313285037,0,0.08138168867329831,0.08191371813695725,1.3639999999999999,"{""1"": 11392.05310647549, ""2"": 11415.214351485807, ""3"": 11449.619453813582, ""4"": 11488.64309181203, ""5"": 11530.541866234666, ""6"": 11572.270048146624, ""7"": 11610.271216928213, ""8"": 11648.865799295792, ""9"": 11676.733538569588, ""10"": 11721.69342719206, ""11"": 11762.332563054011, ""12"": 11797.02955066153, ""13"": 11826.939980897805, ""14"": 11870.80573591178, ""15"": 11916.812524367631}",2.8475308418273926
prinz1d,subsample,tica,2000,10,1,10,4,4,0.164,2,0.42977016305697946,0.5346815080638702,0,2,0.42977016305697946,0.5346815080638702,0,2,0.42977016305697946,0.5346815080638702,0,2,0.42977016305697946,0.5346815080638702,0,2,0.42977016305697946,0.5346815080638702,0,0.30069208444484835,0.41230371417627243,0.8079999999999999,"{""1"": 11384.208185051779, ""2"": 10781.415000078056, ""3"": 10816.034999522593, ""4"": 10864.479987472936, ""5"": 10902.812530211155, ""6"": 10942.414111496228, ""7"": 10981.92951173915, ""8"": 11025.539944225473, ""9"": 11066.100874136071, ""10"": 11106.78975138188, ""11"": 11145.798559690487, ""12"": 11177.537246075966, ""13"": 11215.918089509478, ""14"": 11252.869379301432, ""15"": 11304.80243863826}",2.6338107585906982
prinz1d,subsample,tica,2000,10,1,11,4,4,0.1835,2,0.24931689432365295,0.3045583893436916,0,2,0.24931689432365295,0.3045583893436916,0,1,0.0,0.0,0,3,0.20880726866235705,0.2500349153374578,0,2,0.24931689432365295,0.3045583893436916,0,0.17414737757302462,0.23799584744693447,0.863,"{""1"": 11382.980713433213, ""2"": 11321.530098589821, ""3"": 11369.027935507487, ""4"": 11408.950996256839, ""5"": 11451.015617156498, ""6"": 11486.352323939373, ""7"": 11523.03596277393, ""8"": 11567.513926949709, ""9"": 11606.044345102066, ""10"": 11646.936852859013, ""11"": 11688.82901048802, ""12"": 11726.545154232464, ""13"": 11768.970305297511, ""14"": 11808.61774106639, ""15"": 11848.602444502465}",2.8077585697174072
prinz1d,subsample,tica,2000,10,1,12,4,4,0.209,1,0.0,0.0,0,2,0.2221195092580836,0.2522995227715428,0,1,0.0,0.0,0,3,0.1746498467230962,0.2004671507229968,0,3,0.1746498467230962,0.2004671507229968,0,0.16483000576155551,0.19323475653833175,1.4220000000000002,"{""1"": 11386.569236726044, ""2"": 11396.24812437057, ""3"": 11440.428355562894, ""4"": 11484.11178096246, ""5"": 11521.774072593738, ""6"": 11569.800296483962, ""7"": 11612.470059217632, ""8"": 11648.238939545128, ""9"": 11684.033111038592, ""10"": 11730.169386903572, ""11"": 11769.857657045759, ""12"": 11806.22146233446, ""13"": 11848.505302205203, ""14"": 11890.644440311029, ""15"": 11924.224133289805}",2.7195277214050293
prinz1d,subsample,tica,2000,10,1,13,4,4,0.152,1,0.0,0.0,0,2,0.14547887013882432,0.1536542117907472,0,1,0.0,0.0,0,3,0.11233845374601117,0.1320776457603286,0,3,0.11233845374601117,0.1320776457603286,0,0.09568040663474256,0.116450149130474,1.294,"{""1"": 11385.09555881955, ""2"": 11416.053910137845, ""3"": 11461.168745623923, ""4"": 11504.640021499732, ""5"": 11531.958603356277, ""6"": 11586.70795784953, ""7"": 11624.707178928093, ""8"": 11659.39526127957, ""9"": 11707.450302679077, ""10"": 11750.685267287381, ""11"": 11791.988063134284, ""12"": 11827.541348839799, ""13"": 11874.981165749483, ""14"": 11912.58551614293, ""15"": 11952.96686327207}",2.804537057876587
prinz1d,subsample,tica,2000,10,1,14,4,4,0.167,2,0.302702172955964,0.3501388552799382,0,2,0.302702172955964,0.3501388552799382,0,1,0.0,0.0,0,3,0.2713385249840132,0.3137636667311354,0,3,0.2713385249840132,0.3137636667311354,0,0.24552778261887268,0.2873378180528209,0.789,"{""1"": 11383.98527560505, ""2"": 11256.30053165768, ""3"": 11315.594176812361, ""4"": 11351.39049522097, ""5"": 11389.25687154841, ""6"": 11427.934210231317, ""7"": 11478.8596386734, ""8"": 11502.210869237324, ""9"": 11539.071838583961, ""10"": 11582.405017892002, ""11"": 11622.049789119093, ""12"": 11665.861180080754, ""13"": 11708.897499574463, ""14"": 11753.50252496963, ""15"": 11790.156928335527}",2.7317657470703125
prinz1d,subsample,tica,2000,10,1,15,4,4,0.14,2,0.0884868039427386,0.09591939258085315,0,3,0.08544645985727535,0.10770848242209945,0,1,0.0,0.0,0,3,0.08544645985727535,0.10770848242209945,0,3,0.08544645985727535,0.10770848242209945,0,0.07851818574552025,0.10770945698838955,0.663,"{""1"": 11382.713730249154, ""2"": 11284.123876486849, ""3"": 11317.57108166973, ""4"": 11356.136498015581, ""5"": 11403.237619946103, ""6"": 11442.167933672812, ""7"": 11483.163968154726, ""8"": 11525.140294410267, ""9"": 11565.966959396777, ""10"": 11605.268321918986, ""11"": 11646.230007034506, ""12"": 11685.761421630761, ""13"": 11727.366646590228, ""14"": 11764.760608813865, ""15"": 11807.234424815873}",2.7847633361816406
prinz1d,subsample,tica,2000,10,1,16,4,4,0.1775,2,0.4142265351829883,0.524653710499905,0,2,0.4142265351829883,0.524653710499905,0,2,0.4142265351829883,0.524653710499905,0,2,0.4142265351829883,0.524653710499905,0,2,0.4142265351829883,0.524653710499905,0,0.2998620754375046,0.40809209352969883,0.7949999999999999,"{""1"": 11389.508609786422, ""2"": 10767.358232647557, ""3"": 10819.27806628456, ""4"": 10857.831094012437, ""5"": 10888.550367059082, ""6"": 10923.26537849978, ""7"": 10968.111900389997, ""8"": 11006.648396053239, ""9"": 11054.763386481482, ""10"": 11096.980256043184, ""11"": 11141.273467513762, ""12"": 11168.225452687244, ""13"": 11221.212052267412, ""14"": 11259.450888412803, ""15"": 11302.425934872637}",2.719200611114502
prinz1d,subsample,tica,2000,10,1,17,4,4,0.151,2,0.2718306370480416,0.3345972542555185,0,2,0.2718306370480416,0.3345972542555185,0,1,0.0,0.0,0,2,0.2718306370480416,0.3345972542555185,0,2,0.2718306370480416,0.3345972542555185,0,0.20260928428273503,0.2738079288083297,0.7869999999999999,"{""1"": 11389.520692519618, ""2"": 11314.194162485283, ""3"": 11364.97606253303, ""4"": 11410.251490422615, ""5"": 11453.059243691656, ""6"": 11493.999146853363, ""7"": 11530.170671827074, ""8"": 11563.40713813599, ""9"": 11605.30380465792, ""10"": 11649.089647079329, ""11"": 11688.714596554551, ""12"": 11736.561761837338, ""13"": 11775.235268301725, ""14"": 11814.447451005864, ""15"": 11858.82802133578}",2.759941577911377
prinz1d,subsample,tica,2000,10,1,18,4,4,0.163,2,0.4213081173395416,0.519337323790497,0,5,0.29503817808323307,0.396803690383257,0,2,0.4213081173395416,0.519337323790497,0,2,0.4213081173395416,0.519337323790497,0,2,0.4213081173395416,0.519337323790497,0,0.3203386948294696,0.41654158546119346,0.812,"{""1"": 11384.13219062185, ""2"": 10868.954078706274, ""3"": 10912.059587406779, ""4"": 10941.832201617113, ""5"": 10967.441535146809, ""6"": 11018.767141979937, ""7"": 11057.984023109531, ""8"": 11086.364903049114, ""9"": 11130.671347643038, ""10"": 11172.784247582133, ""11"": 11207.711592637776, ""12"": 11248.880735945846, ""13"": 11287.4540991059, ""14"": 11330.488658578666, ""15"": 11368.915058473365}",2.6603140830993652
prinz1d,subsample,tica,2000,10,1,19,4,4,0.1885,2,0.33254763254834646,0.3745155839234407,0,2,0.33254763254834646,0.3745155839234407,0,1,0.0,0.0,0,2,0.33254763254834646,0.3745155839234407,0,2,0.33254763254834646,0.3745155839234407,0,0.2577796277345339,0.3165588532956619,0.837,"{""1"": 11386.466028970419, ""2"": 11202.678203273848, ""3"": 11247.614876348252, ""4"": 11285.096973574695, ""5"": 11325.543858790528, ""6"": 11366.255001719566, ""7"": 11408.212348203646, ""8"": 11438.194869610841, ""9"": 11484.147049826082, ""10"": 11520.909957801245, ""11"": 11563.246130179881, ""12"": 11608.318010771329, ""13"": 11646.16932353271, ""14"": 11684.250424538974, ""15"": 11723.791020083983}",2.6366114616394043
prinz1d,subsample,tica,4000,10,1,0,4,4,0.148,6,0.33812547703371343,0.50899464295523,0,6,0.33812547703371343,0.50899464295523,0,2,0.4736358635422589,0.6284618951373233,0,2,0.4736358635422589,0.6284618951373233,0,2,0.4736358635422589,0.6284618951373233,0,0.353713378688639,0.4924042872966597,0.368,"{""1"": 22741.036845705446, ""2"": 17430.522358128153, ""3"": 17494.271020656543, ""4"": 17535.92298185458, ""5"": 17587.474585609903, ""6"": 17240.0752150797, ""7"": 17284.482095544477, ""8"": 17323.914144574588, ""9"": 17386.60392834384, ""10"": 17431.095773208755, ""11"": 17483.91350886574, ""12"": 17530.75254985692, ""13"": 17579.55128673715, ""14"": 17629.157558607876, ""15"": 17665.327713648745}",5.315890550613403
prinz1d,subsample,tica,4000,10,1,1,4,4,0.18025,7,0.3761285722361752,0.526863210324773,0,7,0.3761285722361752,0.526863210324773,0,2,0.4916507599202247,0.6391003322801931,0,2,0.4916507599202247,0.6391003322801931,0,2,0.4916507599202247,0.6391003322801931,0,0.34113290432524507,0.487512670545691,0.44,"{""1"": 22741.309504940426, ""2"": 18169.307536072793, ""3"": 18210.450428445914, ""4"": 18259.29133524598, ""5"": 18314.963911894694, ""6"": 18369.051302185657, ""7"": 17981.85079077223, ""8"": 18039.61090964337, ""9"": 18086.094629240906, ""10"": 18113.74797774042, ""11"": 18169.267362708157, ""12"": 18228.40713007424, ""13"": 18271.11655259601, ""14"": 18310.665662694402, ""15"": 18367.85565989915}",5.0883660316467285
prinz1d,subsample,tica,4000,10,1,2,4,4,0.15425,4,0.5330438235832142,0.641504293633131,0,4,0.5330438235832142,0.641504293633131,0,2,0.47109005050990965,0.6284253949037663,0,2,0.47109005050990965,0.6284253949037663,0,2,0.47109005050990965,0.6284253949037663,0,0.5330438235832142,0.641504293633131,0.053499999999999964,"{""1"": 22744.46931189859, ""2"": 17316.50638994576, ""3"": 17152.564969002233, ""4"": 16862.96491878166, ""5"": 16917.52455300777, ""6"": 16967.985344342593, ""7"": 17010.430923561813, ""8"": 17079.12753981603, ""9"": 17083.258435847103, ""10"": 17174.077677252746, ""11"": 17194.148597767056, ""12"": 17242.80764076249, ""13"": 17276.893964584644, ""14"": 17320.080891294696, ""15"": 17377.59786292528}",6.012711763381958
prinz1d,subsample,tica,4000,10,1,3,4,4,0.15025,4,0.47884384396987784,0.6203901300474958,0,4,0.47884384396987784,0.6203901300474958,0,2,0.4769071115475787,0.6305580451372209,0,2,0.4769071115475787,0.6305580451372209,0,2,0.4769071115475787,0.6305580451372209,0,0.47884384396987784,0.6203901300474958,0.272,"{""1"": 22739.025905693525, ""2"": 16625.919650988162, ""3"": 16395.137552662134, ""4"": 16126.424807711688, ""5"": 16176.172558560975, ""6"": 16214.961905041402, ""7"": 16267.66413343577, ""8"": 16309.445731484659, ""9"": 16357.807939423765, ""10"": 16402.70308009349, ""11"": 16435.33695810332, ""12"": 16501.01037469946, ""13"": 16548.94058609594, ""14"": 16584.005104588126, ""15"": 16652.765170728817}",7.021185874938965
prinz1d,subsample,tica,4000,10,1,4,4,4,0.153,5,0.4181558371078185,0.5628124754992453,0,5,0.4181558371078185,0.5628124754992453,0,2,0.47747706295263564,0.6299972049863729,0,2,0.47747706295263564,0.6299972049863729,0,2,0.47747706295263564,0.6299972049863729,0,0.34014658746671644,0.49294717503111196,0.20649999999999996,"{""1"": 22751.37054175584, ""2"": 18359.142658140998, ""3"": 18298.76273008803, ""4"": 18297.0511294904, ""5"": 17988.37333013671, ""6"": 18407.08655361643, ""7"": 18096.83460185644, ""8"": 18139.284191250637, ""9"": 18195.02609175686, ""10"": 18258.704224971705, ""11"": 18256.466845521463, ""12"": 18325.76399929864, ""13"": 18340.640080687685, ""14"": 18407.180063245734, ""15"": 18454.216626296216}",5.61251974105835
prinz1d,subsample,tica,4000,10,1,5,4,4,0.18875,4,0.4444117645451746,0.5605336826085537,0,4,0.4444117645451746,0.5605336826085537,0,2,0.4889773905934154,0.634495977701006,0,2,0.4889773905934154,0.634495977701006,0,2,0.4889773905934154,0.634495977701006,0,0.4444117645451746,0.5605336826085537,0.07799999999999993,"{""1"": 22745.157960251665, ""2"": 18044.38613374252, ""3"": 17985.815421297262, ""4"": 17881.090844066748, ""5"": 17931.362766318736, ""6"": 17992.907881832147, ""7"": 18051.94226977646, ""8"": 18090.76963263255, ""9"": 18136.613403714542, ""10"": 18172.964431460485, ""11"": 18228.58950811191, ""12"": 18251.496515592036, ""13"": 18307.78297911502, ""14"": 18343.22563376081, ""15"": 18375.839255576935}",5.517549991607666
prinz1d,subsample,tica,4000,10,1,6,4,4,0.14375,4,0.43544502574207034,0.587229527393541,0,4,0.43544502574207034,0.587229527393541,0,2,0.47251171366619216,0.6156593064354241,0,2,0.47251171366619216,0.6156593064354241,0,2,0.47251171366619216,0.6156593064354241,0,0.43544502574207034,0.587229527393541,0.09499999999999997,"{""1"": 22757.767300017804, ""2"": 18059.68889896915, ""3"": 18118.487674342625, ""4"": 17731.0304360875, ""5"": 17791.247150130628, ""6"": 17813.672997148155, ""7"": 17869.981931600887, ""8"": 17905.53931208624, ""9"": 17958.403010031518, ""10"": 18012.199209897244, ""11"": 18064.17474792991, ""12"": 18115.145952074374, ""13"": 18130.804159954656, ""14"": 18197.232833323673, ""15"": 18198.426875920763}",5.303874969482422
prinz1d,subsample,tica,4000,10,1,7,4,4,0.18375,4,0.561587894385072,0.6787178654881408,0,6,0.478420680557651,0.6310570926218606,0,2,0.48567744863512374,0.6393863452832804,0,2,0.48567744863512374,0.6393863452832804,0,2,0.48567744863512374,0.6393863452832804,0,0.561587894385072,0.6787178654881408,0.05150000000000002,"{""1"": 22744.489229096893, ""2"": 17189.69390190637, ""3"": 17132.21316374645, ""4"": 16288.53197288156, ""5"": 16332.143258282082, ""6"": 16363.473673074615, ""7"": 16416.31080590004, ""8"": 16475.92122845138, ""9"": 16512.22129633967, ""10"": 16572.404424201388, ""11"": 16623.290952393894, ""12"": 16690.33638915397, ""13"": 16732.23850239245, ""14"": 16766.369548651273, ""15"": 16812.732202605977}",6.189467668533325
prinz1d,subsample,tica,4000,10,1,8,4,4,0.15725,4,0.5494654438030299,0.6546977101326147,0,4,0.5494654438030299,0.6546977101326147,0,2,0.4826074538147167,0.6359355326259692,0,2,0.4826074538147167,0.6359355326259692,0,2,0.4826074538147167,0.6359355326259692,0,0.5494654438030299,0.6546977101326147,0.11700000000000002,"{""1"": 22748.184678084705, ""2"": 17674.473344067992, ""3"": 17508.809858702993, ""4"": 17203.79477982767, ""5"": 17267.584624911193, ""6"": 17295.72719826339, ""7"": 17367.92201920785, ""8"": 17398.953884003975, ""9"": 17484.232493571853, ""10"": 17506.125038398888, ""11"": 17557.755171930363, ""12"": 17594.298746249417, ""13"": 17650.30141153263, ""14"": 17698.918733952345, ""15"": 17717.338753882097}",6.4456775188446045
prinz1d,subsample,tica,4000,10,1,9,4,4,0.15075,3,0.4572987324670618,0.5743046413110795,0,8,0.3225763742954415,0.48968980246506916,0,2,0.49970506999303504,0.638505904682916,0,2,0.49970506999303504,0.638505904682916,0,2,0.49970506999303504,0.638505904682916,0,0.3856008840399145,0.5112981708353624,0.36949999999999994,"{""1"": 22740.910983502705, ""2"": 18702.12304952442, ""3"": 18693.376266587806, ""4"": 18731.87774948465, ""5"": 18806.25520324764, ""6"": 18854.413773630124, ""7"": 18921.653947532825, ""8"": 18751.640929131998, ""9"": 18793.004022023782, ""10"": 18846.22713539764, ""11"": 18875.81370252391, ""12"": 18930.524803492855, ""13"": 18972.642211534345, ""14"": 19015.046592956383, ""15"": 19047.62490392773}",5.042001247406006
prinz1d,subsample,tica,4000,10,1,10,4,4,0.1655,4,0.4762680067364626,0.5636514690741777,0,5,0.4333268932235318,0.5562027235675111,0,2,0.49347765366156465,0.6415656244520367,0,2,0.49347765366156465,0.6415656244520367,0,2,0.49347765366156465,0.6415656244520367,0,0.4762680067364626,0.5636514690741777,0.14649999999999996,"{""1"": 22744.822144662863, ""2"": 18597.75318290695, ""3"": 18462.15288021968, ""4"": 18447.28163995771, ""5"": 18459.82956717514, ""6"": 18529.701275769465, ""7"": 18551.537808624365, ""8"": 18691.322247640524, ""9"": 18742.69920377378, ""10"": 18710.33566130613, ""11"": 18762.399058061997, ""12"": 18806.641907904635, ""13"": 18844.58586498887, ""14"": 18885.6887450218, ""15"": 18915.842028314597}",5.529320955276489
prinz1d,subsample,tica,4000,10,1,11,4,4,0.18675,4,0.3667803933632161,0.5124666469020968,0,4,0.3667803933632161,0.5124666469020968,0,2,0.49645696681942975,0.6454688797926852,0,2,0.49645696681942975,0.6454688797926852,0,2,0.49645696681942975,0.6454688797926852,0,0.3667803933632161,0.5124666469020968,0.0885,"{""1"": 22747.42770273637, ""2"": 18316.682129804998, ""3"": 18328.962679138258, ""4"": 18269.73205601306, ""5"": 18318.120459289705, ""6"": 18374.600586413846, ""7"": 18424.387091877237, ""8"": 18566.524745060793, ""9"": 18582.877192330994, ""10"": 18605.062812751767, ""11"": 18668.763077938438, ""12"": 18701.106804066378, ""13"": 18713.568458180758, ""14"": 18763.070009530922, ""15"": 18786.620558814146}",5.013000726699829
prinz1d,subsample,tica,4000,10,1,12,4,4,0.20125,4,0.5419545867070142,0.6196932315353573,0,4,0.5419545867070142,0.6196932315353573,0,2,0.49865047121190376,0.644098675484003,0,2,0.49865047121190376,0.644098675484003,0,2,0.49865047121190376,0.644098675484003,0,0.5419545867070142,0.6196932315353573,0.0875,"{""1"": 22739.816108372885, ""2"": 18810.047075364324, ""3"": 18782.026841029092, ""4"": 18595.7019649969, ""5"": 18642.840374607054, ""6"": 18695.586717333154, ""7"": 18766.1504631586, ""8"": 18778.880841804847, ""9"": 18846.04548200748, ""10"": 18889.88130560751, ""11"": 19010.717839249966, ""12"": 19046.2042067267, ""13"": 19069.212675923285, ""14"": 19087.651671846095, ""15"": 19126.11229302569}",5.80683159828186
prinz1d,subsample,tica,4000,10,1,13,4,4,0.15,2,0.48835655451161136,0.6400955605028973,0,2,0.48835655451161136,0.6400955605028973,0,2,0.48835655451161136,0.6400955605028973,0,2,0.48835655451161136,0.6400955605028973,0,2,0.48835655451161136,0.6400955605028973,0,0.3212890941623102,0.4758944540449657,0.7575000000000001,"{""1"": 22746.689672434506, ""2"": 19486.06814711408, ""3"": 19538.90595431819, ""4"": 19594.95745030212, ""5"": 19638.938126153917, ""6"": 19693.19160877912, ""7"": 19743.21485754163, ""8"": 19787.705528741837, ""9"": 19776.833706029083, ""10"": 19832.981562313442, ""11"": 19828.0711241108, ""12"": 19864.630119560807, ""13"": 19903.12871956338, ""14"": 19940.117250592106, ""15"": 19981.88079717226}",4.746382236480713
prinz1d,subsample,tica,4000,10,1,14,4,4,0.16525,4,0.4873965935746624,0.6190738990673514,0,5,0.4214411188885466,0.5658088796803799,0,2,0.48892484079015297,0.6409295493621803,0,2,0.48892484079015297,0.6409295493621803,0,2,0.48892484079015297,0.6409295493621803,0,0.4873965935746624,0.6190738990673514,0.19499999999999998,"{""1"": 22743.173367388983, ""2"": 16470.09663424965, ""3"": 16049.228582061267, ""4"": 15836.671561780502, ""5"": 15867.159195113598, ""6"": 15910.364492784032, ""7"": 15947.810780262951, ""8"": 15983.11972633124, ""9"": 16025.019165452297, ""10"": 16080.36536775474, ""11"": 16141.156102479976, ""12"": 16183.189048580209, ""13"": 16252.455411666497, ""14"": 16275.750661459128, ""15"": 16330.902023981185}",6.709187984466553
prinz1d,subsample,tica,4000,10,1,15,4,4,0.14225,5,0.35131580996482475,0.496129619701697,0,5,0.35131580996482475,0.496129619701697,0,2,0.451593554713055,0.5919874194272284,0,2,0.451593554713055,0.5919874194272284,0,2,0.451593554713055,0.5919874194272284,0,0.3447266765558301,0.4857269287191792,0.26349999999999996,"{""1"": 22736.997658870496, ""2"": 20380.441548988438, ""3"": 20425.868789229906, ""4"": 20438.986478818766, ""5"": 20369.28925421198, ""6"": 20420.930604923626, ""7"": 20475.79844814243, ""8"": 20531.52892893927, ""9"": 20564.143627135272, ""10"": 20610.688034770243, ""11"": 20648.668514187444, ""12"": 20654.271418148757, ""13"": 20691.873317476966, ""14"": 20735.553421559594, ""15"": 20777.543385410616}",5.276909828186035
prinz1d,subsample,tica,4000,10,1,16,4,4,0.17625,4,0.4601448758253334,0.5922998486834108,0,5,0.4211240107969095,0.5558257715977084,0,2,0.48769181844119014,0.6367727981340967,0,2,0.48769181844119014,0.6367727981340967,0,2,0.48769181844119014,0.6367727981340967,0,0.4601448758253334,0.5922998486834108,0.05350000000000005,"{""1"": 22744.21215822053, ""2"": 17255.792831235794, ""3"": 17087.066698014805, ""4"": 16733.445851386045, ""5"": 16759.451013682796, ""6"": 16806.915009982793, ""7"": 16862.69157942311, ""8"": 16901.831186679407, ""9"": 16952.184506610203, ""10"": 16979.19002982085, ""11"": 17027.81351784854, ""12"": 17090.4607321057, ""13"": 17134.546281986903, ""14"": 17182.134067604715, ""15"": 17215.161528016666}",5.961107015609741
prinz1d,subsample,tica,4000,10,1,17,4,4,0.1585,5,0.34764168426977854,0.4873999326470283,0,5,0.34764168426977854,0.4873999326470283,0,2,0.4928772247139125,0.642899382735258,0,2,0.4928772247139125,0.642899382735258,0,2,0.4928772247139125,0.642899382735258,0,0.3495426204217662,0.5019755768012589,0.20299999999999996,"{""1"": 22744.577404272037, ""2"": 18639.572459219686, ""3"": 18684.859237666195, ""4"": 18643.937995228087, ""5"": 18630.432535780554, ""6"": 18723.085886437733, ""7"": 18757.53189382539, ""8"": 18869.80871471309, ""9"": 18900.32243315609, ""10"": 18920.586528622804, ""11"": 18967.15940187967, ""12"": 18990.633268008296, ""13"": 19060.576424447638, ""14"": 19042.779476770495, ""15"": 19094.53966630521}",5.147319555282593
prinz1d,subsample,tica,4000,10,1,18,4,4,0.1645,4,0.4864722339688045,0.5957346041911259,0,4,0.4864722339688045,0.5957346041911259,0,2,0.4939366471679597,0.6502073896951753,0,2,0.4939366471679597,0.6502073896951753,0,2,0.4939366471679597,0.6502073896951753,0,0.4864722339688045,0.5957346041911259,0.18500000000000003,"{""1"": 22741.932984552615, ""2"": 18064.285814003568, ""3"": 17885.222525077694, ""4"": 17764.059928812898, ""5"": 17825.71417311205, ""6"": 17866.945965161085, ""7"": 18284.774819615934, ""8"": 17962.37337967607, ""9"": 18003.657348651876, ""10"": 18073.020586612118, ""11"": 18119.97677544443, ""12"": 18153.50030718555, ""13"": 18218.254449517786, ""14"": 18256.718152445614, ""15"": 18330.49519791561}",6.192663908004761
prinz1d,subsample,tica,4000,10,1,19,4,4,0.183,4,0.5395949903120087,0.649635937980662,0,4,0.5395949903120087,0.649635937980662,0,2,0.49467878540111254,0.6468433290800647,0,2,0.49467878540111254,0.6468433290800647,0,2,0.49467878540111254,0.6468433290800647,0,0.5395949903120087,0.649635937980662,0.06099999999999994,"{""1"": 22741.42987758317, ""2"": 18222.567158764938, ""3"": 18246.692044257525, ""4"": 17762.4128824266, ""5"": 17804.48619216605, ""6"": 17856.881219557486, ""7"": 17899.58655622733, ""8"": 17937.559590007648, ""9"": 17990.882943130066, ""10"": 18043.513150566385, ""11"": 18097.778177855474, ""12"": 18131.765506297004, ""13"": 18171.445819216013, ""14"": 18260.122048897083, ""15"": 18304.910951706977}",6.9907896518707275
prinz1d,subsample,tica,8000,10,1,0,4,4,0.1525,6,0.5335522936017045,0.6983634529783782,0,8,0.4774652183370348,0.6675166870318098,0,3,0.5378019824388794,0.7142614933418224,0,3,0.5378019824388794,0.7142614933418224,0,3,0.5378019824388794,0.7142614933418224,0,0.606894742710273,0.7471338686589977,0.3514999999999999,"{""1"": 45440.12650246366, ""2"": 29413.036018868403, ""3"": 25186.796935394425, ""4"": 22944.5093108476, ""5"": 22780.501584505444, ""6"": 22703.594721686623, ""7"": 22723.385904957973, ""8"": 22716.185771832552, ""9"": 22773.066630230755, ""10"": 22812.628608951276, ""11"": 22879.172453291834, ""12"": 22907.2499691151, ""13"": 22956.810945450266, ""14"": 22985.584987996644, ""15"": 23027.9658585665}",15.414347171783447
prinz1d,subsample,tica,8000,10,1,1,4,4,0.18,4,0.5432571671590802,0.6672969011385962,0,10,0.34724643142284933,0.528860202333987,0,2,0.49226607055441063,0.6403962509953106,0,2,0.49226607055441063,0.6403962509953106,0,2,0.49226607055441063,0.6403962509953106,0,0.5432571671590802,0.6672969011385962,0.15924999999999997,"{""1"": 45453.487848653334, ""2"": 33521.52807568551, ""3"": 32261.330048654178, ""4"": 30897.592441788172, ""5"": 30927.414595859103, ""6"": 30979.325344535442, ""7"": 31016.824451660537, ""8"": 31077.514058392902, ""9"": 31131.706509616128, ""10"": 31104.967457020055, ""11"": 31177.760659748263, ""12"": 31235.6886957481, ""13"": 31248.955372336444, ""14"": 31323.484667399352, ""15"": 31399.86833404877}",16.002280712127686
prinz1d,subsample,tica,8000,10,1,2,4,4,0.153875,4,0.6243370038465121,0.7544648049137214,0,8,0.4720941276931338,0.6384219099950873,0,3,0.5500929032801288,0.7374552861958793,0,2,0.4736179091443721,0.6337505055949989,0,2,0.4736179091443721,0.6337505055949989,0,0.6243370038465121,0.7544648049137214,0.12450000000000006,"{""1"": 45457.15025427761, ""2"": 31292.133729487206, ""3"": 28557.44281542121, ""4"": 27362.17611795799, ""5"": 27413.15898852264, ""6"": 27401.52853417822, ""7"": 27430.089253487564, ""8"": 27469.97568871557, ""9"": 27514.011200787223, ""10"": 27584.264246932387, ""11"": 27630.265609737122, ""12"": 27697.08085916835, ""13"": 27739.328038424756, ""14"": 27778.639867600305, ""15"": 27871.746757727396}",16.15473961830139
prinz1d,subsample,tica,8000,10,1,3,4,4,0.150625,4,0.6017004273743073,0.7155001696019234,0,11,0.3387507791510444,0.5442652347815501,0,2,0.4760022985617037,0.6290162071554319,0,2,0.4760022985617037,0.6290162071554319,0,2,0.4760022985617037,0.6290162071554319,0,0.6017004273743073,0.7155001696019234,0.1335,"{""1"": 45443.974345578485, ""2"": 33828.26747095884, ""3"": 32099.255011858466, ""4"": 30749.755838166155, ""5"": 30770.519833662, ""6"": 30816.577776967246, ""7"": 30886.271376614077, ""8"": 30942.55436903173, ""9"": 30938.648562090075, ""10"": 31033.39036165166, ""11"": 30999.037551135258, ""12"": 31082.153644946127, ""13"": 31143.20660855472, ""14"": 31173.801490687398, ""15"": 31203.269107689423}",16.027235746383667
prinz1d,subsample,tica,8000,10,1,4,4,4,0.152125,5,0.6208584857682393,0.7404772212481168,0,9,0.48560342019616626,0.6507741013790123,0,3,0.5627174332580601,0.7378862111486748,0,2,0.48065686963402043,0.6374885183097484,0,2,0.48065686963402043,0.6374885183097484,0,0.6752579747220047,0.7813114449204916,0.22299999999999998,"{""1"": 45460.47921370432, ""2"": 31898.106960057874, ""3"": 29294.105018538856, ""4"": 27236.895526909673, ""5"": 27175.454378448638, ""6"": 27214.242904221017, ""7"": 27189.604734325338, ""8"": 27215.33077208458, ""9"": 27256.610780459912, ""10"": 27310.50368132997, ""11"": 27373.419247456237, ""12"": 27435.412382926635, ""13"": 27485.141823213304, ""14"": 27550.4655906035, ""15"": 27584.74804759905}",15.631943941116333
prinz1d,subsample,tica,8000,10,1,5,4,4,0.187625,7,0.5860710608606504,0.6992479015165515,0,7,0.5860710608606504,0.6992479015165515,0,4,0.7844055818852238,0.804984803846392,0,4,0.7844055818852238,0.804984803846392,0,3,0.6079242511740363,0.7409125134734584,0,0.7844055818852238,0.804984803846392,0.5575,"{""1"": 45451.35662576339, ""2"": 30333.57650914904, ""3"": 27998.58957140251, ""4"": 25625.22861170005, ""5"": 25500.19264739675, ""6"": 25526.434663862008, ""7"": 25456.179901817086, ""8"": 25509.005846599484, ""9"": 25549.758433212046, ""10"": 25602.11493519185, ""11"": 25661.616605766594, ""12"": 25699.18500877282, ""13"": 25741.480553972728, ""14"": 25804.459100783624, ""15"": 25865.711939216744}",13.910059690475464
prinz1d,subsample,tica,8000,10,1,6,4,4,0.14525,4,0.5424367666895484,0.6932231549199387,0,8,0.3559345430920417,0.5525000417385078,0,2,0.48046188459620426,0.6366193412133213,0,2,0.48046188459620426,0.6366193412133213,0,2,0.48046188459620426,0.6366193412133213,0,0.5424367666895484,0.6932231549199387,0.1365,"{""1"": 45456.575446512485, ""2"": 33270.33875769025, ""3"": 32380.858974002454, ""4"": 31312.249063589687, ""5"": 31315.651945502646, ""6"": 31347.875313861186, ""7"": 31389.399269570637, ""8"": 31428.01650882814, ""9"": 31500.37729377507, ""10"": 31534.769520436406, ""11"": 31592.901025370764, ""12"": 31664.34254728213, ""13"": 31691.416437595817, ""14"": 31755.13750838716, ""15"": 31897.458984180394}",16.35089874267578
prinz1d,subsample,tica,8000,10,1,7,4,4,0.180875,4,0.6116462514709538,0.7331215138098107,0,5,0.5721575391966346,0.6954822025194166,0,4,0.6116462514709538,0.7331215138098107,0,2,0.48488430624394324,0.6376350479277565,0,2,0.48488430624394324,0.6376350479277565,0,0.6116462514709538,0.7331215138098107,0.17425,"{""1"": 45450.16541631015, ""2"": 32789.585640921585, ""3"": 31985.07864145588, ""4"": 28864.285305907204, ""5"": 28876.831260387753, ""6"": 28928.641059535505, ""7"": 28983.117172303766, ""8"": 29007.778789477772, ""9"": 29072.09138508369, ""10"": 29118.935820659437, ""11"": 29184.05243621857, ""12"": 29237.25553643451, ""13"": 29257.37555921882, ""14"": 29303.25253514673, ""15"": 29357.170838246504}",15.264578819274902
prinz1d,subsample,tica,8000,10,1,8,4,4,0.158875,7,0.4536343666783541,0.6100729566972052,0,8,0.37903966787657273,0.5872476646653505,0,3,0.5422767478281412,0.6932427838176302,0,2,0.4809826767273313,0.6354016470386623,0,2,0.4809826767273313,0.6354016470386623,0,0.5845912254707832,0.7177443130775736,0.46449999999999997,"{""1"": 45451.458956164475, ""2"": 30077.82967563806, ""3"": 27831.1293030309, ""4"": 26394.975709127084, ""5"": 26425.241534423873, ""6"": 26359.339117908592, ""7"": 26354.16162735361, ""8"": 26382.359691932645, ""9"": 26430.174864116383, ""10"": 26541.123383131748, ""11"": 26512.468340477226, ""12"": 26606.284637708308, ""13"": 26652.97308081647, ""14"": 26674.308342964854, ""15"": 26731.478636743046}",14.670552730560303
prinz1d,subsample,tica,8000,10,1,9,4,4,0.15125,5,0.601090391467898,0.6804557329807187,0,10,0.419246686400799,0.5781786528179302,0,2,0.5030883794964813,0.647395555887147,0,2,0.5030883794964813,0.647395555887147,0,2,0.5030883794964813,0.647395555887147,0,0.645700560243602,0.7181393844490382,0.21499999999999994,"{""1"": 45444.67070104229, ""2"": 34655.84496469164, ""3"": 33094.86493987019, ""4"": 32017.537398589542, ""5"": 31993.27283396387, ""6"": 32054.57810078585, ""7"": 32088.943288343467, ""8"": 32101.342203450986, ""9"": 32144.54039821494, ""10"": 32146.6096390896, ""11"": 32226.651198669835, ""12"": 32278.925981659584, ""13"": 32315.96120257626, ""14"": 32387.647798697242, ""15"": 32425.5718532054}",16.170724630355835
prinz1d,subsample,tica,8000,10,1,10,4,4,0.164625,7,0.49055191743680154,0.667991721306646,0,10,0.36723602845107295,0.592161024632388,0,3,0.6090599775397706,0.7637164290080519,0,3,0.6090599775397706,0.7637164290080519,0,3,0.6090599775397706,0.7637164290080519,0,0.6250294090971907,0.7441131861800612,0.48700000000000004,"{""1"": 45466.871111830034, ""2"": 28484.17107017755, ""3"": 23543.413049206192, ""4"": 22162.85229071917, ""5"": 21963.798931586454, ""6"": 21955.49281217682, ""7"": 21916.855359675115, ""8"": 21931.00236213369, ""9"": 21957.241637348932, ""10"": 21992.34395541954, ""11"": 22063.7413016364, ""12"": 22093.869763382012, ""13"": 22152.443076170424, ""14"": 22184.974632834826, ""15"": 22247.71234859971}",14.759028911590576
prinz1d,subsample,tica,8000,10,1,11,4,4,0.185,5,0.652949173672271,0.7191744157998775,0,9,0.47771815706834636,0.620753216221216,0,2,0.49895439882945486,0.6518314063047865,0,2,0.49895439882945486,0.6518314063047865,0,2,0.49895439882945486,0.6518314063047865,0,0.7136585145080684,0.758391417701667,0.16625000000000004,"{""1"": 45451.60743963811, ""2"": 34983.81692430918, ""3"": 34550.62733276152, ""4"": 31669.07514633671, ""5"": 31617.124795190924, ""6"": 31662.743095452144, ""7"": 31707.724366805272, ""8"": 31755.912547334425, ""9"": 31738.283619116646, ""10"": 31793.22208327398, ""11"": 31882.74167246843, ""12"": 31922.929523284613, ""13"": 31978.80749230923, ""14"": 32038.256422311737, ""15"": 32098.01194014939}",15.899969577789307
prinz1d,subsample,tica,8000,10,1,12,4,4,0.200375,5,0.6069165819180394,0.6805608000554606,0,9,0.46829036039248273,0.5911342849638795,0,3,0.558769343730252,0.6929424267314295,0,2,0.5011579765476994,0.6508679526292191,0,2,0.5011579765476994,0.6508679526292191,0,0.6613416258742227,0.7110855178110237,0.23850000000000002,"{""1"": 45448.69825892422, ""2"": 34697.071184776, ""3"": 32860.41511767384, ""4"": 31787.924989431354, ""5"": 31705.15452057084, ""6"": 31712.631270046444, ""7"": 31728.053508381545, ""8"": 31730.51191583207, ""9"": 31760.2503457612, ""10"": 31877.784885637087, ""11"": 31857.5392331094, ""12"": 31940.159078348162, ""13"": 31975.64840641385, ""14"": 32037.99633623608, ""15"": 32106.452700784717}",16.156672477722168
prinz1d,subsample,tica,8000,10,1,13,4,4,0.152625,4,0.6876612648594678,0.7648417626319919,0,9,0.42672377829446456,0.6178752657382787,0,2,0.48558501207384996,0.6381944892008385,0,2,0.48558501207384996,0.6381944892008385,0,2,0.48558501207384996,0.6381944892008385,0,0.6876612648594678,0.7648417626319919,0.059500000000000025,"{""1"": 45450.94425705498, ""2"": 35415.32984813094, ""3"": 33815.545661377975, ""4"": 32232.267887940125, ""5"": 32256.48485890969, ""6"": 32295.231476141413, ""7"": 32354.654208230317, ""8"": 32395.094418682194, ""9"": 32404.972372219294, ""10"": 32511.210065255375, ""11"": 32555.819875648667, ""12"": 32612.636669436102, ""13"": 32663.22926033576, ""14"": 32713.28755382795, ""15"": 32775.57368354254}",15.882443904876709
prinz1d,subsample,tica,8000,10,1,14,4,4,0.165125,7,0.5182877936883047,0.6552165837491859,0,7,0.5182877936883047,0.6552165837491859,0,2,0.4891050514872398,0.6402080950319385,0,2,0.4891050514872398,0.6402080950319385,0,2,0.4891050514872398,0.6402080950319385,0,0.6478474407446696,0.7345939774761365,0.45625000000000004,"{""1"": 45446.443123296725, ""2"": 32325.377359708225, ""3"": 30394.614378412207, ""4"": 29147.42647549225, ""5"": 29110.53024096708, ""6"": 29160.23340745997, ""7"": 28989.90601021046, ""8"": 29057.56782786032, ""9"": 29104.990849245718, ""10"": 29151.348932494035, ""11"": 29202.745637414762, ""12"": 29271.17271165898, ""13"": 29332.55245419552, ""14"": 29376.79032428494, ""15"": 29406.713005457248}",15.751647710800171
prinz1d,subsample,tica,8000,10,1,15,4,4,0.138375,5,0.6405258270820575,0.7300768552012187,0,7,0.5887845387674319,0.6912106971524397,0,4,0.7174810247574253,0.7739479513378374,0,2,0.4664645843016165,0.622632925431616,0,2,0.4664645843016165,0.622632925431616,0,0.7174810247574253,0.7739479513378374,0.2720000000000001,"{""1"": 45445.86202657524, ""2"": 32773.09454325426, ""3"": 30636.093000203535, ""4"": 29097.280209038538, ""5"": 29013.013451321734, ""6"": 29072.23118960801, ""7"": 29068.166186232582, ""8"": 29139.597254592336, ""9"": 29201.922169503287, ""10"": 29206.63567243385, ""11"": 29270.581100369516, ""12"": 29310.717965016418, ""13"": 29355.06590110038, ""14"": 29425.12049583662, ""15"": 29490.25367337283}",15.501708984375
prinz1d,subsample,tica,8000,10,1,16,4,4,0.17825,7,0.47985786741801895,0.6495913335963056,0,7,0.47985786741801895,0.6495913335963056,0,3,0.5829103051160263,0.7301658486968414,0,2,0.48809860767223,0.6396415554807618,0,2,0.48809860767223,0.6396415554807618,0,0.6284302528481343,0.7438503173207617,0.50025,"{""1"": 45456.341749317704, ""2"": 31094.21311125479, ""3"": 29042.514181327937, ""4"": 27081.34458437615, ""5"": 27044.262906162443, ""6"": 26861.845405670145, ""7"": 26824.686170444835, ""8"": 26881.708013653264, ""9"": 26950.82122143498, ""10"": 26993.094295125808, ""11"": 27032.393184446053, ""12"": 27085.310243423566, ""13"": 27163.667446076095, ""14"": 27177.681606814403, ""15"": 27269.001617804493}",15.117444276809692
prinz1d,subsample,tica,8000,10,1,17,4,4,0.157875,5,0.5853454908372677,0.6918442814522623,0,8,0.477247473260957,0.6229372465628925,0,2,0.4966283649865295,0.6534952247889123,0,2,0.4966283649865295,0.6534952247889123,0,2,0.4966283649865295,0.6534952247889123,0,0.6428731610556928,0.7297644861572513,0.25950000000000006,"{""1"": 45449.272730800905, ""2"": 34019.651977793525, ""3"": 32241.008511894303, ""4"": 31362.072056922018, ""5"": 31337.325147134496, ""6"": 31384.826414714997, ""7"": 31423.1502888907, ""8"": 31363.532351903657, ""9"": 31406.630565083917, ""10"": 31470.544648142117, ""11"": 31525.014048390058, ""12"": 31571.642134425816, ""13"": 31627.980719839343, ""14"": 31719.218308626136, ""15"": 31745.35457878264}",15.34947657585144
prinz1d,subsample,tica,8000,10,1,18,4,4,0.166125,5,0.6461340069365775,0.7196130737280819,0,7,0.5635905860319438,0.6711507619332244,0,4,0.6943416422815682,0.7537800854187955,0,2,0.489924212435898,0.6417064681736688,0,2,0.489924212435898,0.6417064681736688,0,0.6943416422815682,0.7537800854187955,0.27375000000000005,"{""1"": 45447.034054641095, ""2"": 32748.57487523882, ""3"": 30631.6270981268, ""4"": 29331.70123108076, ""5"": 29297.938709611968, ""6"": 29349.371799294382, ""7"": 29364.192661176505, ""8"": 29432.025320210483, ""9"": 29532.38223283547, ""10"": 29552.766045032444, ""11"": 29602.453423752224, ""12"": 29668.43846062352, ""13"": 29702.00737151861, ""14"": 29757.39860693216, ""15"": 29822.227819419386}",14.772969007492065
prinz1d,subsample,tica,8000,10,1,19,4,4,0.18575,5,0.591985082014247,0.6830389968851273,0,10,0.3932538151014089,0.5741956985936185,0,2,0.49624701404118343,0.6496801705943084,0,2,0.49624701404118343,0.6496801705943084,0,2,0.49624701404118343,0.6496801705943084,0,0.6389296248760878,0.7210753293490734,0.22250000000000003,"{""1"": 45444.99602756931, ""2"": 34582.70439662368, ""3"": 32978.1674639614, ""4"": 31851.220257266807, ""5"": 31738.814241332057, ""6"": 31782.64818243944, ""7"": 31825.554339933904, ""8"": 31900.73045243861, ""9"": 31955.417469157048, ""10"": 31942.214482816238, ""11"": 32010.148169294436, ""12"": 32066.76867404515, ""13"": 32149.50771859098, ""14"": 32218.862574818417, ""15"": 32251.954020341527}",16.557716369628906
prinz1d,subsample,tica,16000,10,1,0,4,4,0.1525625,11,0.5061301914130886,0.6580119745206818,0,14,0.34656486371295686,0.5953468384474531,0,5,0.6364403798505959,0.761662119749176,0,3,0.5654149239499154,0.769438915778127,0,3,0.5654149239499154,0.769438915778127,0,0.6644220122125897,0.7900135886862653,0.5117499999999999,"{""1"": 90847.56553381609, ""2"": 33228.83353557094, ""3"": 19054.410169837858, ""4"": 11874.573595179223, ""5"": 10125.50687123487, ""6"": 9543.387513921112, ""7"": 8952.434382955838, ""8"": 8190.846759634336, ""9"": 8081.660097590152, ""10"": 8078.563734027557, ""11"": 8053.903781682607, ""12"": 8112.784948315533, ""13"": 8153.076963352189, ""14"": 8164.993787239155, ""15"": 8213.281532065765}",50.220022201538086
prinz1d,subsample,tica,16000,10,1,1,4,4,0.1794375,9,0.5122713258285437,0.67392918080556,0,14,0.351365561667907,0.5991365994320524,0,4,0.7131396227644782,0.8020627106265509,0,3,0.6295141609237932,0.7970850218270392,0,3,0.6295141609237932,0.7970850218270392,0,0.7131396227644782,0.8020627106265509,0.58725,"{""1"": 90869.38427494385, ""2"": 41429.468743326506, ""3"": 26032.801885037865, ""4"": 20624.701445302217, ""5"": 19149.50618939585, ""6"": 18297.070408379866, ""7"": 17926.436457285843, ""8"": 17623.413437315565, ""9"": 17449.398629629974, ""10"": 17467.753710274996, ""11"": 17501.758759142744, ""12"": 17548.044727032266, ""13"": 17587.128802230887, ""14"": 17623.972150716698, ""15"": 17690.66454553403}",49.250521421432495
prinz1d,subsample,tica,16000,10,1,2,4,4,0.153375,10,0.503577569593299,0.6770286802513579,0,12,0.4138880973669589,0.6435454543274828,0,5,0.7219973534912228,0.7946217272311449,0,3,0.5591998718468211,0.7595795930080479,0,3,0.5591998718468211,0.7595795930080479,0,0.7525460737701184,0.8249869944952295,0.6823750000000001,"{""1"": 90858.37183609986, ""2"": 39356.24729683337, ""3"": 26857.1342311913, ""4"": 18687.503176437476, ""5"": 17290.941196370302, ""6"": 16550.185387311914, ""7"": 15892.828554745449, ""8"": 15708.210110805505, ""9"": 15655.413807394989, ""10"": 15619.99434206889, ""11"": 15653.573108957264, ""12"": 15648.039831552682, ""13"": 15707.115215789641, ""14"": 15754.46361384979, ""15"": 15836.410705053182}",49.597660303115845
prinz1d,subsample,tica,16000,10,1,3,4,4,0.1494375,11,0.4307781043873006,0.6306098871646366,0,11,0.4307781043873006,0.6306098871646366,0,5,0.6315892265126567,0.7582927569758385,0,3,0.5756743577500348,0.7746865705762275,0,3,0.5756743577500348,0.7746865705762275,0,0.6683242321019683,0.7944233332323541,0.6317499999999999,"{""1"": 90861.3329487227, ""2"": 34862.18402657652, ""3"": 20352.764317723268, ""4"": 13944.83965623223, ""5"": 12444.728435995592, ""6"": 11980.49380433616, ""7"": 11293.615438001108, ""8"": 10920.35853296613, ""9"": 10835.348041175208, ""10"": 10805.252660177366, ""11"": 10800.04415628142, ""12"": 10855.974851734001, ""13"": 10897.701425291178, ""14"": 10944.985938300922, ""15"": 10990.491993605154}",50.22434449195862
prinz1d,subsample,tica,16000,10,1,4,4,4,0.1521875,9,0.5339340204406177,0.68091585945887,0,15,0.35253640072377534,0.5971286872505966,1,5,0.6609307834089642,0.771287898002517,0,3,0.5755461478869477,0.7705469494573521,0,3,0.5755461478869477,0.7705469494573521,0,0.69436179890002,0.8017878263572317,0.46875000000000006,"{""1"": 90876.32366651003, ""2"": 37879.46744743031, ""3"": 24126.33249457356, ""4"": 17518.99280104549, ""5"": 16169.214699075275, ""6"": 15682.049561593954, ""7"": 15230.502880036804, ""8"": 14623.660297640206, ""9"": 14576.397613779222, ""10"": 14670.822340423556, ""11"": 14650.562188736796, ""12"": 14681.473560977836, ""13"": 14730.229111326124, ""14"": 14783.343419242641, ""15"": 14812.413092696097}",49.764437198638916
prinz1d,subsample,tica,16000,10,1,5,4,4,0.189125,11,0.5057357153187436,0.6675736623555448,0,13,0.4699105284604467,0.6467744869546876,0,6,0.7170307788745627,0.7736681537396749,0,3,0.6449083792744171,0.8076149453210881,0,3,0.6449083792744171,0.8076149453210881,0,0.7863105597207825,0.8362361294412078,0.7230000000000001,"{""1"": 90858.03953740555, ""2"": 40294.07660385742, ""3"": 23347.255131831662, ""4"": 17607.64893373757, ""5"": 15519.241846036537, ""6"": 14617.141337112464, ""7"": 13932.923084344742, ""8"": 13442.183654238068, ""9"": 13302.984283963406, ""10"": 13265.034399621267, ""11"": 13264.865632688892, ""12"": 13270.574392881852, ""13"": 13312.659236215612, ""14"": 13364.925709736735, ""15"": 13411.797668264004}",49.730663537979126
prinz1d,subsample,tica,16000,10,1,6,4,4,0.1441875,9,0.586575000423366,0.7123685549008059,0,14,0.36316916988183784,0.6175023105647041,0,5,0.7602967232144293,0.8066065083226636,0,3,0.5661244365026518,0.7638223721455447,0,3,0.5661244365026518,0.7638223721455447,0,0.7888671815172424,0.8367305410999522,0.44962499999999994,"{""1"": 90874.65167103866, ""2"": 42700.417626553724, ""3"": 29867.97898969785, ""4"": 21608.5659878799, ""5"": 20196.56266047358, ""6"": 19294.041408294765, ""7"": 18791.137592492316, ""8"": 18485.16194260093, ""9"": 18382.533318869606, ""10"": 18386.316089862357, ""11"": 18384.51668531159, ""12"": 18385.643673532675, ""13"": 18444.7388276343, ""14"": 18470.2958009046, ""15"": 18543.901773011916}",49.195565938949585
prinz1d,subsample,tica,16000,10,1,7,4,4,0.1814375,10,0.46319230517231536,0.6600069319537762,0,14,0.365198818384031,0.6139205944442838,0,5,0.6896621063708743,0.7848524829507899,0,3,0.6050909666840798,0.7754822973184294,0,3,0.6050909666840798,0.7754822973184294,0,0.7299811784690878,0.8127230269399108,0.7626249999999999,"{""1"": 90865.61842727906, ""2"": 41132.54992296982, ""3"": 26703.08400482838, ""4"": 18493.97432223926, ""5"": 16805.73965429768, ""6"": 15887.586846350858, ""7"": 15350.534308892138, ""8"": 15021.008070984639, ""9"": 14954.496524608629, ""10"": 14943.640522235513, ""11"": 14968.560211086913, ""12"": 14989.995314029242, ""13"": 15029.854887038675, ""14"": 15075.49117727031, ""15"": 15128.837131985914}",48.80968165397644
prinz1d,subsample,tica,16000,10,1,8,4,4,0.15875,9,0.5322153148602398,0.6738485274799887,0,10,0.5153847053472319,0.661422999168154,0,5,0.6609934912465871,0.7693749104851001,0,3,0.5843285840484465,0.7738491658089894,0,3,0.5843285840484465,0.7738491658089894,0,0.6974386208113939,0.8030032670925612,0.48362499999999997,"{""1"": 90880.28070352625, ""2"": 41899.18179859554, ""3"": 28639.217415366573, ""4"": 22231.770011437224, ""5"": 20721.732289933592, ""6"": 20083.226472635935, ""7"": 19664.152468346758, ""8"": 19381.47403585742, ""9"": 19287.617862532952, ""10"": 19298.48620422556, ""11"": 19351.669177476888, ""12"": 19422.50087704691, ""13"": 19440.960914070645, ""14"": 19484.913521000206, ""15"": 19529.376948570873}",50.3685986995697
prinz1d,subsample,tica,16000,10,1,9,4,4,0.1509375,9,0.5499389810629235,0.691358154816219,0,15,0.33299153331816544,0.5968205083929623,1,4,0.7740438510746154,0.8316893180764888,0,3,0.6406902351980339,0.8049525821839538,0,3,0.6406902351980339,0.8049525821839538,0,0.7740438510746154,0.8316893180764888,0.5408749999999999,"{""1"": 90847.5322349284, ""2"": 44042.004220378745, ""3"": 29366.384787792435, ""4"": 24016.22482751233, ""5"": 22919.38391967574, ""6"": 22067.254501626496, ""7"": 21864.873435559926, ""8"": 21565.427322230506, ""9"": 21490.533841250082, ""10"": 21531.449656378536, ""11"": 21528.96258430313, ""12"": 21593.202718468452, ""13"": 21629.80079841696, ""14"": 21703.223982532498, ""15"": 21704.80813612696}",48.89697790145874
prinz1d,subsample,tica,16000,10,1,10,4,4,0.164625,10,0.5033474388154127,0.6749062550030132,0,13,0.4363746506628471,0.6289893904302596,0,5,0.6776518710956201,0.7797895605406326,0,3,0.6270098601605963,0.8051037326365648,0,3,0.6270098601605963,0.8051037326365648,0,0.7194062681451249,0.8186630315784749,0.54475,"{""1"": 90876.52407911868, ""2"": 40017.73560805539, ""3"": 23796.47223538768, ""4"": 18439.75915904691, ""5"": 16674.324404313833, ""6"": 16076.585849095187, ""7"": 15312.512829303274, ""8"": 15086.273658947455, ""9"": 15101.105038711761, ""10"": 15045.164288028884, ""11"": 15071.440090349606, ""12"": 15112.680466640835, ""13"": 15145.50285446286, ""14"": 15207.068414757088, ""15"": 15253.062978142676}",50.00470304489136
prinz1d,subsample,tica,16000,10,1,11,4,4,0.1846875,10,0.5235250211001222,0.6848942423769298,0,13,0.4297320705750834,0.6380170329146508,0,5,0.710706760168411,0.7895793216600271,0,3,0.6451524617315225,0.8051366044225374,0,3,0.6451524617315225,0.8051366044225374,0,0.7649815136400967,0.8319998858435719,0.591375,"{""1"": 90864.55876677766, ""2"": 42377.73670064204, ""3"": 26720.936425821325, ""4"": 21172.99505098945, ""5"": 19449.75104489919, ""6"": 18807.266564794394, ""7"": 18268.141855929818, ""8"": 17922.488744153023, ""9"": 17882.390838553718, ""10"": 17880.794023043472, ""11"": 17913.005026885054, ""12"": 17957.326498275852, ""13"": 17967.109959751884, ""14"": 18045.858388065935, ""15"": 18111.1263019001}",49.541213512420654
prinz1d,subsample,tica,16000,10,1,12,4,4,0.2008125,9,0.5524833931171795,0.70174510053863,0,13,0.42848805240911564,0.6401856268068818,0,5,0.7608064269628071,0.8071515854667841,0,3,0.6860609176656054,0.8217018470251648,0,3,0.6860609176656054,0.8217018470251648,0,0.8150826434083416,0.8503220396068344,0.6341249999999998,"{""1"": 90851.76000896798, ""2"": 45220.114206983766, ""3"": 28107.37356875399, ""4"": 23110.40942871135, ""5"": 21245.029222683, ""6"": 20394.758286872388, ""7"": 20058.383181936235, ""8"": 19749.572045773297, ""9"": 19639.18701623647, ""10"": 19699.569536647217, ""11"": 19703.935151607366, ""12"": 19752.378785864796, ""13"": 19791.372852866563, ""14"": 19870.932735150927, ""15"": 19913.562149257083}",49.814483880996704
prinz1d,subsample,tica,16000,10,1,13,4,4,0.152125,11,0.48797780420619546,0.670012031839595,0,14,0.3858725792407157,0.6294164677655889,0,4,0.7996946520123754,0.8423015440036451,0,3,0.5919867943219277,0.7775151207666405,0,3,0.5919867943219277,0.7775151207666405,0,0.7996946520123754,0.8423015440036451,0.7216250000000001,"{""1"": 90862.14285420618, ""2"": 43350.8082816923, ""3"": 29892.511930491466, ""4"": 23483.695221081423, ""5"": 22301.796580238548, ""6"": 21477.83208911116, ""7"": 21037.857568047653, ""8"": 20956.124257363947, ""9"": 20907.80071830085, ""10"": 20934.482441488293, ""11"": 20886.429659014706, ""12"": 20934.650579672485, ""13"": 20985.34500290622, ""14"": 21003.720981669838, ""15"": 21078.384549470156}",49.74360799789429
prinz1d,subsample,tica,16000,10,1,14,4,4,0.164625,11,0.4389855136546479,0.6409470289284016,0,13,0.37984721529164833,0.6155942851563071,0,5,0.6847691764036616,0.7764716893790065,0,3,0.6121845461429575,0.7980443737733611,0,3,0.6121845461429575,0.7980443737733611,0,0.7258914614389524,0.8127280449719142,0.69125,"{""1"": 90865.63652544189, ""2"": 38571.98677777375, ""3"": 23286.631340718093, ""4"": 17314.166129158973, ""5"": 15682.276640604829, ""6"": 15186.550870682384, ""7"": 14442.259314690926, ""8"": 13991.421432296087, ""9"": 13957.135100888185, ""10"": 13903.319710715648, ""11"": 13896.318892460324, ""12"": 13937.056769588118, ""13"": 13979.186312677377, ""14"": 14029.627367885676, ""15"": 14087.806246655304}",49.077574253082275
prinz1d,subsample,tica,16000,10,1,15,4,4,0.138625,10,0.5565908028229439,0.679901363801483,0,11,0.5530306981530917,0.6703054357020921,0,5,0.6948350413986053,0.7798777034176619,0,3,0.5536626470309004,0.7640259791556203,0,3,0.5536626470309004,0.7640259791556203,0,0.7266745107750179,0.8135897230964634,0.42425,"{""1"": 90847.84682542036, ""2"": 35505.094816319295, ""3"": 22553.96764537917, ""4"": 15592.592907697957, ""5"": 14108.596760161923, ""6"": 13609.121768763789, ""7"": 13060.644993459531, ""8"": 12607.588017671445, ""9"": 12580.655804978078, ""10"": 12511.589259576314, ""11"": 12551.44139664766, ""12"": 12645.861960240429, ""13"": 12685.367641061817, ""14"": 12731.136307263258, ""15"": 12769.942840053902}",50.26383852958679
prinz1d,subsample,tica,16000,10,1,16,4,4,0.17725,9,0.5232134242883483,0.6788852647544218,0,12,0.387027292897287,0.6243708436331297,0,4,0.7095589824216036,0.8042703862522261,0,3,0.611277110576349,0.785419317804483,0,3,0.611277110576349,0.785419317804483,0,0.7095589824216036,0.8042703862522261,0.5508749999999999,"{""1"": 90864.31483436655, ""2"": 43507.71307526849, ""3"": 29630.26368428707, ""4"": 24082.5302593572, ""5"": 22736.991925796592, ""6"": 22178.945432746983, ""7"": 21894.27346092349, ""8"": 21550.14113408421, ""9"": 21517.37222958456, ""10"": 21558.968562914986, ""11"": 21549.72779755524, ""12"": 21594.059948553, ""13"": 21654.292926502465, ""14"": 21710.624072073108, ""15"": 21769.9417082404}",49.77724552154541
prinz1d,subsample,tica,16000,10,1,17,4,4,0.1575,10,0.4516083851926027,0.6483323231509108,0,12,0.44151836646728265,0.6365123304500939,0,5,0.670173190585851,0.7742575134206773,0,3,0.6090048208866685,0.78961669109906,0,3,0.6090048208866685,0.78961669109906,0,0.7054989895007753,0.8050386317435086,0.6996249999999999,"{""1"": 90866.84959627077, ""2"": 39273.09824311538, ""3"": 24451.206111716387, ""4"": 17718.201895661787, ""5"": 15937.013458288027, ""6"": 14988.945968131891, ""7"": 14490.469633971086, ""8"": 14138.970087707243, ""9"": 13996.507401157158, ""10"": 13964.762146432144, ""11"": 13972.803806850614, ""12"": 13998.488536459443, ""13"": 14056.665422256765, ""14"": 14124.269357739207, ""15"": 14177.885404774941}",49.75742506980896
prinz1d,subsample,tica,16000,10,1,18,4,4,0.1640625,10,0.5311850366288148,0.6901909180807132,0,14,0.3897813720954176,0.632485572859288,0,4,0.8195164041722146,0.8525128110772504,0,3,0.615211362708472,0.7861953529442468,0,3,0.615211362708472,0.7861953529442468,0,0.8195164041722146,0.8525128110772504,0.721125,"{""1"": 90856.14693260138, ""2"": 45900.693083958206, ""3"": 32090.367594220992, ""4"": 25020.024206840924, ""5"": 23817.21416300157, ""6"": 22990.984343312735, ""7"": 22544.061544501794, ""8"": 22405.945296872662, ""9"": 22396.703653885244, ""10"": 22386.896624685378, ""11"": 22444.24784311399, ""12"": 22477.707402822878, ""13"": 22521.16048993553, ""14"": 22557.991169468805, ""15"": 22619.523996802778}",49.38479137420654
prinz1d,subsample,tica,16000,10,1,19,4,4,0.183375,9,0.5202880405016498,0.6780392128796431,0,13,0.39418021640132933,0.6190707771731537,0,4,0.7324120966351559,0.809639367424249,0,3,0.6276995064191757,0.7895469139901821,0,3,0.6276995064191757,0.7895469139901821,0,0.7324120966351559,0.809639367424249,0.5876250000000001,"{""1"": 90867.96955657858, ""2"": 45932.21427928675, ""3"": 31834.84090626911, ""4"": 26485.430115999476, ""5"": 25233.616819182596, ""6"": 24512.94960794244, ""7"": 24075.116703419913, ""8"": 23982.46161532563, ""9"": 23923.66470865032, ""10"": 23927.155385466427, ""11"": 23961.6250454488, ""12"": 24023.162053248383, ""13"": 24043.75511145282, ""14"": 24123.957483683324, ""15"": 24198.781038313522}",49.78110456466675
prinz1d,subsample,tica,32000,10,1,0,4,4,0.15209375,13,0.46178905598247183,0.6563105070101635,0,15,0.4391945709923342,0.6406032843704074,1,6,0.730318866137842,0.7778734642208952,0,3,0.5653093745521754,0.77056982528037,0,3,0.5653093745521754,0.77056982528037,0,0.7769514789521932,0.8399319774701326,0.7894374999999999,"{""1"": 181662.17086249765, ""2"": 65814.17969695282, ""3"": 36133.610985744985, ""4"": 15994.133673673185, ""5"": 11501.476569395316, ""6"": 9383.584303792037, ""7"": 7026.1459595066535, ""8"": 5367.199604426124, ""9"": 5073.861811490101, ""10"": 4736.787725468642, ""11"": 4429.524069015369, ""12"": 4388.517170929835, ""13"": 4321.454599289804, ""14"": 4348.312645584464, ""15"": 4368.173249571816}",139.72226881980896
prinz1d,subsample,tica,32000,10,1,1,4,4,0.17965625,12,0.5344960502288127,0.6899921904023952,0,15,0.41969258780051394,0.6507674641480738,1,6,0.7705768419932233,0.8025815347633553,0,3,0.6326779939055946,0.8041991236403487,0,3,0.6326779939055946,0.8041991236403487,0,0.8527342513997759,0.8786563632861473,0.7433124999999999,"{""1"": 181687.02864152237, ""2"": 76702.56800562971, ""3"": 41856.28950585132, ""4"": 22272.267797588134, ""5"": 17010.094482578996, ""6"": 14054.501244512563, ""7"": 11766.475839448613, ""8"": 10691.452533396186, ""9"": 9992.995192330916, ""10"": 9842.313401600099, ""11"": 9572.82525832665, ""12"": 9396.41858646274, ""13"": 9406.547273782699, ""14"": 9430.691252180559, ""15"": 9452.156264576211}",138.39480471611023
prinz1d,subsample,tica,32000,10,1,2,4,4,0.15334375,14,0.4783221587398441,0.6678793669692071,0,15,0.3827712746115282,0.6434289465948334,1,5,0.7864067099274161,0.8265627790423555,0,3,0.5621153917763901,0.7675683313321131,0,3,0.5621153917763901,0.7675683313321131,0,0.8215098452076702,0.8673757069194497,0.8253750000000001,"{""1"": 181674.62061863573, ""2"": 75533.85399191578, ""3"": 47266.81951140782, ""4"": 23062.385159242996, ""5"": 18999.037602939745, ""6"": 15429.382494439711, ""7"": 13197.165265923999, ""8"": 11899.544652781968, ""9"": 11237.289963600311, ""10"": 10919.23961063112, ""11"": 10749.400786964832, ""12"": 10678.182641017998, ""13"": 10670.593083090667, ""14"": 10658.241255772766, ""15"": 10661.197563283995}",137.17043447494507
prinz1d,subsample,tica,32000,10,1,3,4,4,0.14946875,12,0.5342153525701178,0.6765888017497511,0,15,0.38136820159265866,0.629197186314267,1,6,0.7314339768491642,0.7808405212681244,0,3,0.575444530433265,0.7735437130872848,0,3,0.575444530433265,0.7735437130872848,0,0.7778757561512075,0.8412267637027192,0.6460625000000001,"{""1"": 181676.62723218673, ""2"": 69538.31194837285, ""3"": 39271.094159291555, ""4"": 19603.91185153139, ""5"": 15267.344758632895, ""6"": 13000.853708269722, ""7"": 11040.624805013493, ""8"": 9553.471384846545, ""9"": 9133.006555792084, ""10"": 8886.903262504731, ""11"": 8668.51840781969, ""12"": 8647.577457688076, ""13"": 8683.357573668265, ""14"": 8691.02606858888, ""15"": 8706.702404990041}",141.67875266075134
prinz1d,subsample,tica,32000,10,1,4,4,4,0.1520625,12,0.5492727722536097,0.6858312365319316,0,15,0.4302752646123875,0.6454077073873897,1,5,0.7910269704733216,0.8214164108026019,0,3,0.5792018877612282,0.7804067325693111,0,3,0.5792018877612282,0.7804067325693111,0,0.8234007030094275,0.8633697201074794,0.6799375000000001,"{""1"": 181698.69377461367, ""2"": 67692.16528214279, ""3"": 36112.3521573758, ""4"": 14921.414948605232, ""5"": 10175.29049713266, ""6"": 7904.947993002923, ""7"": 6148.774558565344, ""8"": 3997.5945584816595, ""9"": 3718.044922812547, ""10"": 3411.7607628191136, ""11"": 3211.7568850478524, ""12"": 2978.527335286204, ""13"": 2987.3792517752395, ""14"": 2984.8153557077303, ""15"": 3018.5757812181205}",139.4036796092987
prinz1d,subsample,tica,32000,10,1,5,4,4,0.1884375,12,0.5134387119526308,0.6783919598759421,0,14,0.3908088682044761,0.6429000375342463,0,6,0.756932572740727,0.795344458176398,0,3,0.645710418941342,0.8087974559832515,0,3,0.645710418941342,0.8087974559832515,0,0.8269870710796517,0.8648996540576173,0.7865,"{""1"": 181674.25856491888, ""2"": 77709.1031209065, ""3"": 42114.726969276286, ""4"": 25400.25112718319, ""5"": 20543.909114888225, ""6"": 18109.045453507533, ""7"": 16021.77927355106, ""8"": 14779.004458381061, ""9"": 14427.697105431356, ""10"": 14155.789438713302, ""11"": 14085.289602971032, ""12"": 13962.762630110952, ""13"": 13979.1368890078, ""14"": 13979.91309677136, ""15"": 14044.17871555797}",138.95687580108643
prinz1d,subsample,tica,32000,10,1,6,4,4,0.14396875,14,0.43747951864283974,0.6452239123234922,0,15,0.37231127227581934,0.6254864536004582,1,5,0.7410142954195283,0.7962363614881445,0,3,0.5691622599244105,0.7737577774160188,0,3,0.5691622599244105,0.7737577774160188,0,0.7697692067446814,0.8364565951838999,0.7868749999999999,"{""1"": 181694.45481230464, ""2"": 68887.6917083746, ""3"": 39692.774864412546, ""4"": 20288.747080439964, ""5"": 15835.438351376355, ""6"": 13508.332451379094, ""7"": 11634.933508002967, ""8"": 10418.738405638873, ""9"": 9823.059005134197, ""10"": 9568.280752868108, ""11"": 9452.706254329987, ""12"": 9426.532597385565, ""13"": 9389.63343160981, ""14"": 9384.274803217095, ""15"": 9420.571654240935}",139.26970744132996
prinz1d,subsample,tica,32000,10,1,7,4,4,0.18128125,12,0.5231174902550595,0.677725056078155,0,15,0.42279017790684137,0.6435139913393337,1,6,0.7361509412822039,0.7871457874130713,0,3,0.6140437125149104,0.7963810828534145,0,3,0.6140437125149104,0.7963810828534145,0,0.8042636847816901,0.8552470771014392,0.7520625000000001,"{""1"": 181681.99066329747, ""2"": 74046.529918332, ""3"": 40850.04005149227, ""4"": 21431.213849747895, ""5"": 16670.7776641064, ""6"": 14595.521333043087, ""7"": 12558.649085415422, ""8"": 11043.841910016765, ""9"": 10566.780713393922, ""10"": 10407.076553748515, ""11"": 10191.502137122437, ""12"": 10142.864733366212, ""13"": 10164.134819725996, ""14"": 10225.255033318976, ""15"": 10257.468627585029}",138.81265950202942
prinz1d,subsample,tica,32000,10,1,8,4,4,0.159,12,0.5194203011227067,0.6727353790409388,0,15,0.43021198075683426,0.642885945003399,1,6,0.7382260363501396,0.7854382537204031,0,3,0.5868503723320899,0.7800430337157176,0,3,0.5868503723320899,0.7800430337157176,0,0.7971567946500712,0.8523077009052717,0.7188749999999999,"{""1"": 181703.18078690942, ""2"": 71467.37606250892, ""3"": 40218.39990888084, ""4"": 20442.836129291227, ""5"": 15635.27372828027, ""6"": 13540.301566977027, ""7"": 11695.965873778277, ""8"": 10225.529063071614, ""9"": 9739.174990497411, ""10"": 9425.549185564067, ""11"": 9320.643133736829, ""12"": 9273.417578936622, ""13"": 9278.333099226906, ""14"": 9354.281873498594, ""15"": 9361.107832255972}",139.78322291374207
prinz1d,subsample,tica,32000,10,1,9,4,4,0.15146875,12,0.5318096969426146,0.6870397070034568,0,14,0.5089399633184784,0.6700459719723767,0,6,0.7905149514063262,0.8084184617935903,0,3,0.6405281237842169,0.8057240201594787,0,3,0.6405281237842169,0.8057240201594787,0,0.8643878639006757,0.8817372463492744,0.7238125,"{""1"": 181662.69026328047, ""2"": 77416.79544529485, ""3"": 42130.25185607174, ""4"": 24480.469436571126, ""5"": 19249.282350594574, ""6"": 16355.354747848774, ""7"": 14377.42909429177, ""8"": 13338.177374080482, ""9"": 12826.171345169992, ""10"": 12350.998451113272, ""11"": 12260.60672808955, ""12"": 12163.840917197595, ""13"": 12164.011308219202, ""14"": 12166.628764840738, ""15"": 12281.648997220223}",140.7655472755432
prinz1d,subsample,tica,32000,10,1,10,4,4,0.1639375,13,0.513498949144129,0.6776531430126539,0,13,0.513498949144129,0.6776531430126539,0,6,0.768990374567588,0.799320150163248,0,3,0.6272053228514028,0.8037226549331788,0,3,0.6272053228514028,0.8037226549331788,0,0.8382010292051125,0.8734027258432343,0.7899375,"{""1"": 181697.84024979812, ""2"": 77507.08713469711, ""3"": 43247.7327370966, ""4"": 24099.22352072048, ""5"": 18862.569013853685, ""6"": 16417.02651315108, ""7"": 14384.231489102727, ""8"": 12612.544260458299, ""9"": 12140.96510713683, ""10"": 11771.481252134696, ""11"": 11439.853146651714, ""12"": 11449.796928929942, ""13"": 11377.591789008975, ""14"": 11472.089992145317, ""15"": 11490.746484487569}",141.37136673927307
prinz1d,subsample,tica,32000,10,1,11,4,4,0.1843125,13,0.4622399815609314,0.6676250385341568,0,15,0.43053028120030307,0.6526988784742258,1,5,0.805315770911974,0.8310221741832561,0,3,0.6484123996865756,0.8123890997387826,0,3,0.6484123996865756,0.8123890997387826,0,0.853201254488682,0.8804522298595359,0.9003125,"{""1"": 181681.29378328746, ""2"": 80100.07854850063, ""3"": 44231.592704520306, ""4"": 26761.73846474448, ""5"": 21470.899879263456, ""6"": 19329.048687954604, ""7"": 17449.008362064124, ""8"": 15799.032664707418, ""9"": 15498.521593896932, ""10"": 15243.387766769772, ""11"": 15037.509339110298, ""12"": 15020.065466632379, ""13"": 15000.409782599507, ""14"": 15027.319663893666, ""15"": 15059.26428935751}",140.90430855751038
prinz1d,subsample,tica,32000,10,1,12,4,4,0.2004375,12,0.5206599417347739,0.6893754724577823,0,15,0.41129353487229575,0.6487364871406754,1,5,0.8242509127674912,0.835981135979366,0,3,0.6899306839976002,0.8277683987338598,0,3,0.6899306839976002,0.8277683987338598,0,0.8870039252840055,0.8946635866114699,0.8364375,"{""1"": 181670.54249661477, ""2"": 82652.34531923757, ""3"": 43908.84213857146, ""4"": 27688.633626507068, ""5"": 22118.163471534685, ""6"": 19334.791063396235, ""7"": 17770.79560958738, ""8"": 16629.148003064438, ""9"": 16287.402343103327, ""10"": 15768.743020692309, ""11"": 15585.631119855305, ""12"": 15469.398144737796, ""13"": 15571.67209672711, ""14"": 15576.47904480794, ""15"": 15586.274664968869}",143.3161096572876
prinz1d,subsample,tica,32000,10,1,13,4,4,0.15128125,14,0.45206202523637096,0.6594911315913232,0,15,0.4387372365950075,0.649826104793413,1,6,0.7784497505891717,0.8029011350691666,0,3,0.5967158223924831,0.788877875656329,0,3,0.5967158223924831,0.788877875656329,0,0.8417664236419271,0.8727947671925309,0.8628124999999999,"{""1"": 181675.08898839293, ""2"": 73551.97242577148, ""3"": 41417.66871983778, ""4"": 21130.657106650335, ""5"": 16611.170402063148, ""6"": 14318.968570653396, ""7"": 12145.443138103681, ""8"": 10815.227466188262, ""9"": 10444.658926315113, ""10"": 10094.54793775705, ""11"": 9856.54187632254, ""12"": 9826.963106244752, ""13"": 9764.150379453375, ""14"": 9721.574374395022, ""15"": 9761.27988276778}",139.26619338989258
prinz1d,subsample,tica,32000,10,1,14,4,4,0.1644375,11,0.5451429187630018,0.6979861845710397,0,14,0.523304703810469,0.6763904024968288,0,6,0.7795239007103177,0.804027078679925,0,3,0.6122455608265597,0.7979327848964187,0,3,0.6122455608265597,0.7979327848964187,0,0.8400176625975136,0.8723333077372546,0.7150624999999999,"{""1"": 181689.65932241155, ""2"": 75706.64696298144, ""3"": 43039.3003061281, ""4"": 24455.247196285996, ""5"": 19722.215952732036, ""6"": 17237.68442548523, ""7"": 15550.628514623313, ""8"": 14219.23058115306, ""9"": 13724.453275182474, ""10"": 13470.475677812654, ""11"": 13149.5681383489, ""12"": 13151.357255312063, ""13"": 13194.826544632419, ""14"": 13185.38504569558, ""15"": 13257.219883967824}",139.74914646148682
prinz1d,subsample,tica,32000,10,1,15,4,4,0.139,13,0.479509794243464,0.6658941435377832,0,14,0.45675247981598016,0.6548372101210073,0,5,0.8008021924282904,0.8246124304032977,0,3,0.5517155381673963,0.760590885414541,0,3,0.5517155381673963,0.760590885414541,0,0.8262545848648222,0.8639675784893681,0.7691875,"{""1"": 181664.83445732598, ""2"": 67945.58541221391, ""3"": 39725.84806310282, ""4"": 18756.55925580662, ""5"": 14996.908331014452, ""6"": 12653.250532627988, ""7"": 10742.326629562434, ""8"": 9746.38924495151, ""9"": 9437.10884420223, ""10"": 9116.134824131466, ""11"": 8941.87705850424, ""12"": 8903.283864917825, ""13"": 8899.928128164089, ""14"": 8919.446794790378, ""15"": 8981.641385115769}",139.58178734779358
prinz1d,subsample,tica,32000,10,1,16,4,4,0.1773125,12,0.5353600779583979,0.6881251873079709,0,15,0.39017367924166946,0.6429264436047459,1,5,0.7739546304454589,0.8174366020281099,0,3,0.6160483758136733,0.7961777417248243,0,3,0.6160483758136733,0.7961777417248243,0,0.8191744050775849,0.8635959647575574,0.7210625,"{""1"": 181682.0835221096, ""2"": 77565.09784419763, ""3"": 44176.96643491602, ""4"": 23954.985330915573, ""5"": 18891.551358430614, ""6"": 16134.107805222275, ""7"": 14227.117163383224, ""8"": 12502.887110998208, ""9"": 11985.730539486847, ""10"": 11633.609143486465, ""11"": 11541.89749069527, ""12"": 11395.868668686575, ""13"": 11412.597317381078, ""14"": 11397.606790305937, ""15"": 11442.012620889736}",139.02144765853882
prinz1d,subsample,tica,32000,10,1,17,4,4,0.157875,11,0.5352994026033987,0.6901944173196403,0,15,0.41481302777485957,0.6378343952866192,1,5,0.783633690696483,0.8183463211413865,0,3,0.6120361382077822,0.7960101978031444,0,3,0.6120361382077822,0.7960101978031444,0,0.809833688152213,0.8561252008008932,0.7373124999999999,"{""1"": 181673.2359346212, ""2"": 73189.48126586016, ""3"": 40443.417971223746, ""4"": 22305.46676677902, ""5"": 17758.57875995441, ""6"": 14728.654746657203, ""7"": 12892.422870595465, ""8"": 11812.669265542969, ""9"": 11191.31556290607, ""10"": 11361.715962157376, ""11"": 10886.859359168175, ""12"": 10904.52478356004, ""13"": 10925.194674048746, ""14"": 10932.880403119218, ""15"": 10935.70275148484}",138.9502935409546
prinz1d,subsample,tica,32000,10,1,18,4,4,0.16375,14,0.49271465427092037,0.6720450531151007,0,15,0.4633796186264362,0.6597289244417441,1,6,0.792722504020745,0.8145179350177669,0,3,0.6219267502508681,0.8009291863348295,0,3,0.6219267502508681,0.8009291863348295,0,0.8752282290633615,0.8910247751626093,0.8857500000000001,"{""1"": 181675.05400050254, ""2"": 77568.63681052577, ""3"": 43683.41202475245, ""4"": 22080.01678901708, ""5"": 16885.667771874378, ""6"": 14128.901616876292, ""7"": 12120.57466352363, ""8"": 10743.437326903224, ""9"": 10154.091957362869, ""10"": 9757.697923044467, ""11"": 9526.908821078983, ""12"": 9481.650673958626, ""13"": 9468.903836194375, ""14"": 9417.567758658728, ""15"": 9464.03793469534}",141.55165576934814
prinz1d,subsample,tica,32000,10,1,19,4,4,0.18371875,12,0.5204794608536771,0.6828710544567143,0,15,0.37709819157931496,0.6352123094910923,1,6,0.7364214687770153,0.7870061580256648,0,3,0.6351392948186155,0.8063442243416092,0,3,0.6351392948186155,0.8063442243416092,0,0.8121285977846794,0.8610908364320037,0.7349374999999999,"{""1"": 181686.7587166445, ""2"": 75027.62100081288, ""3"": 39581.77673635351, ""4"": 22215.301166825375, ""5"": 17055.769280916793, ""6"": 14965.74095294575, ""7"": 13160.380606643737, ""8"": 11420.823702749572, ""9"": 11057.364881116822, ""10"": 10839.115987941308, ""11"": 10532.238784958581, ""12"": 10508.508801806358, ""13"": 10536.858837743537, ""14"": 10535.509000567085, ""15"": 10576.441683331357}",140.15141129493713
prinz1d,subsample,vae,250,10,1,0,4,4,0.136,5,0.5644385675831934,0.7050420287969436,0,14,0.392014995434489,0.6715862008781978,0,6,0.625856743341349,0.7654111689599037,0,9,0.48971779086346745,0.7290719976253736,0,2,0.22737998190678588,0.39619667041546297,0,0.6010744513137078,0.6936428713039159,0.328,"{""1"": -30.28484984034289, ""2"": -155.41310836451333, ""3"": -167.48082865073692, ""4"": -166.46864679729896, ""5"": -173.46220226347563, ""6"": -163.10094101889175, ""7"": -146.68791620849817, ""8"": -135.3116279921149, ""9"": -106.43675432408281, ""10"": -80.25463057867836, ""11"": -64.06457045794014, ""12"": -48.83199993240521, ""13"": -29.53919477688936, ""14"": -12.542979159079437, ""15"": 10.761461427084328}",9.533761262893677
prinz1d,subsample,vae,250,10,1,1,4,4,0.156,2,0.32907506160278177,0.4218259052230839,0,8,0.60456112342386,0.6957010526156668,0,1,0.0,0.0,0,2,0.32907506160278177,0.4218259052230839,0,2,0.32907506160278177,0.4218259052230839,0,0.3926270947076924,0.5358696832762346,0.784,"{""1"": 1052.3540879009097, ""2"": 1012.3547523601986, ""3"": 1025.2392432493446, ""4"": 1051.506483192465, ""5"": 1034.9633973100206, ""6"": 1063.695707513348, ""7"": 1077.0911801849115, ""8"": 1088.8297088235913, ""9"": 1126.9803197821122, ""10"": 1156.560050165643, ""11"": 1182.5565637841257, ""12"": 1196.2305078379, ""13"": 1222.7871933028682, ""14"": 1247.4042851608451, ""15"": 1242.0039206499555}",10.337862730026245
prinz1d,subsample,vae,250,10,1,2,4,4,0.144,1,0.0,0.0,0,12,0.4354666597949166,0.6682456844056704,0,1,0.0,0.0,0,2,0.3191062349064311,0.4205180349279966,0,2,0.3191062349064311,0.4205180349279966,0,0.5207549090721089,0.5720982672882433,1.3359999999999999,"{""1"": 1058.5245421343482, ""2"": 1073.9456264149428, ""3"": 1101.603891680601, ""4"": 1121.0565355653223, ""5"": 1134.5734203420702, ""6"": 1156.0032387405552, ""7"": 1176.555346376963, ""8"": 1190.4307169689341, ""9"": 1225.6312738444535, ""10"": 1238.5407631125258, ""11"": 1258.231777324513, ""12"": 1274.4216544657816, ""13"": 1300.35169901897, ""14"": 1323.757166198906, ""15"": 1353.274027425672}",10.266696214675903
prinz1d,subsample,vae,250,10,1,3,4,4,0.144,1,0.0,0.0,0,14,0.4239398080487228,0.6654287304444327,0,1,0.0,0.0,0,5,0.8834539043545571,0.9066950009442887,0,2,0.28255181733896945,0.3527079947559362,0,0.9051391402868606,0.9133653407958874,1.264,"{""1"": 269.068256965634, ""2"": 286.1372084529277, ""3"": 320.1439000515387, ""4"": 323.84574821195235, ""5"": 345.1937030762315, ""6"": 359.3020679025133, ""7"": 383.8641383656844, ""8"": 407.3029260969548, ""9"": 424.6629074355019, ""10"": 439.9932240799647, ""11"": 471.3980973643118, ""12"": 494.70487048712687, ""13"": 517.3263228426143, ""14"": 519.1788975982529, ""15"": 556.6120977522577}",9.946964263916016
prinz1d,subsample,vae,250,10,1,4,4,4,0.148,5,0.8001078800135849,0.8357872675612942,0,9,0.4517162595079053,0.6810197455421757,0,1,0.0,0.0,0,7,0.6746023965858601,0.7705197882479977,0,2,0.22906766157470002,0.34428956068242306,0,0.6937958797499745,0.7347846873016317,0.08800000000000001,"{""1"": -377.9316050029999, ""2"": -385.078631959937, ""3"": -399.4081922615426, ""4"": -394.1486659664261, ""5"": -410.26158231527756, ""6"": -395.13048238654085, ""7"": -383.17031063030896, ""8"": -367.9466163691055, ""9"": -352.5448215877708, ""10"": -330.86636626304033, ""11"": -305.083341495032, ""12"": -280.9532222632199, ""13"": -262.51848725412543, ""14"": -244.88949287761722, ""15"": -209.153629083547}",10.008660793304443
prinz1d,subsample,vae,250,10,1,5,4,4,0.204,4,0.7750434763787376,0.793446007139486,0,6,0.6379191218660634,0.7180606642518663,0,4,0.7750434763787376,0.793446007139486,0,3,0.6639353607852266,0.7235411703709351,0,3,0.6639353607852266,0.7235411703709351,0,0.7750434763787376,0.793446007139486,0.10399999999999995,"{""1"": 1309.4607262365146, ""2"": 1022.9160719628572, ""3"": 1010.54513754877, ""4"": 947.3673942698906, ""5"": 961.8805641248437, ""6"": 977.7707031200353, ""7"": 1003.7791829377582, ""8"": 1024.3803575623483, ""9"": 1058.3155417224928, ""10"": 1069.5764096448497, ""11"": 1092.7025610681167, ""12"": 1114.2836796851293, ""13"": 1140.0187402819292, ""14"": 1148.863948689422, ""15"": 1186.204588183609}",9.688879013061523
prinz1d,subsample,vae,250,10,1,6,4,4,0.108,2,0.3997209309688585,0.5165297942857306,0,9,0.5546290423249269,0.7078304867745098,0,1,0.0,0.0,0,2,0.3997209309688585,0.5165297942857306,0,2,0.3997209309688585,0.5165297942857306,0,0.628653568858193,0.7026443105537153,0.6799999999999999,"{""1"": 1139.2881371346193, ""2"": 1134.379671756257, ""3"": 1160.270137308736, ""4"": 1189.158899488547, ""5"": 1190.8938557987944, ""6"": 1212.5144337605486, ""7"": 1230.1322813983516, ""8"": 1248.439116927901, ""9"": 1268.077079445772, ""10"": 1303.4686615508474, ""11"": 1326.8382403895953, ""12"": 1343.1415705840168, ""13"": 1363.1392644840287, ""14"": 1378.8880269881658, ""15"": 1404.7139655212495}",10.09391164779663
prinz1d,subsample,vae,250,10,1,7,4,4,0.196,1,0.0,0.0,0,7,0.5785038762117733,0.7284790971329284,0,1,0.0,0.0,0,3,0.661618823427964,0.7563095743866203,0,2,0.3394150060128117,0.4667665719299869,0,0.8440323032968807,0.8461240491005138,1.304,"{""1"": -338.64303642533076, ""2"": -323.71787410191456, ""3"": -299.7180257489114, ""4"": -308.2610821751848, ""5"": -292.6216051097109, ""6"": -280.51862924125953, ""7"": -272.99678100015666, ""8"": -250.35245763170735, ""9"": -215.96782722375366, ""10"": -202.77650103191507, ""11"": -158.98748324279512, ""12"": -148.46201240798268, ""13"": -121.8962785345521, ""14"": -116.68098277788437, ""15"": -93.42788782482887}",10.232206583023071
prinz1d,subsample,vae,250,10,1,8,4,4,0.168,4,0.8662698229355995,0.861643423229799,0,11,0.46349502826930206,0.6900510079533302,0,1,0.0,0.0,0,5,0.6988976691237718,0.7704582152088538,0,2,0.375034091381685,0.4726414442140652,0,0.8662698229355995,0.861643423229799,0.064,"{""1"": -257.4566666177198, ""2"": -250.99449334803353, ""3"": -243.70121477271815, ""4"": -258.99207131098757, ""5"": -237.81362246010067, ""6"": -227.28718498981883, ""7"": -203.82538022136822, ""8"": -181.17246176161962, ""9"": -152.59430060804794, ""10"": -131.25905285382026, ""11"": -123.22612129262126, ""12"": -96.3317172994075, ""13"": -68.3174845522434, ""14"": -48.45848305966905, ""15"": -26.02070521346593}",9.919683933258057
prinz1d,subsample,vae,250,10,1,9,4,4,0.152,4,0.8245068378962281,0.8521410757354285,0,7,0.5899674963832964,0.7204588273889336,0,1,0.0,0.0,0,3,0.587286463518258,0.6698803480134787,0,3,0.587286463518258,0.6698803480134787,0,0.8245068378962281,0.8521410757354285,0.07999999999999999,"{""1"": 1340.5223636520009, ""2"": 1274.7015312171513, ""3"": 1283.2887607151886, ""4"": 1265.4547294601834, ""5"": 1291.3047478859103, ""6"": 1313.7210659758407, ""7"": 1324.3968862606373, ""8"": 1361.1509478218995, ""9"": 1374.0426676986567, ""10"": 1395.1364554844295, ""11"": 1421.7180190566075, ""12"": 1448.158525822654, ""13"": 1457.653879681771, ""14"": 1495.9851280088237, ""15"": 1499.0665038860586}",10.14367151260376
prinz1d,subsample,vae,250,10,1,10,4,4,0.168,2,0.4326947330997746,0.5465151637528011,0,10,0.5728433837414356,0.7203137250298862,0,1,0.0,0.0,0,4,0.9330980111558026,0.9168571813530241,0,2,0.4326947330997746,0.5465151637528011,0,0.9330980111558026,0.9168571813530241,0.848,"{""1"": -158.18078098494186, ""2"": -174.6753018469857, ""3"": -149.13308227493113, ""4"": -156.90094392244038, ""5"": -137.72655663067516, ""6"": -115.11045505658436, ""7"": -94.49834078025509, ""8"": -92.1582388643709, ""9"": -47.32747232861095, ""10"": -53.795572139096805, ""11"": -31.210413240721152, ""12"": -2.871031979376312, ""13"": 20.09055088933991, ""14"": 44.95178146583254, ""15"": 75.04387766739785}",9.610540628433228
prinz1d,subsample,vae,250,10,1,11,4,4,0.208,2,0.11627953338429255,0.2786773465849723,0,15,0.42242826783046544,0.6766713819107109,1,2,0.11627953338429255,0.2786773465849723,0,5,0.8270377523388875,0.847396969018762,0,2,0.11627953338429255,0.2786773465849723,0,0.7415522188769021,0.7807176166858752,1.088,"{""1"": -405.9320460397959, ""2"": -565.7571609613427, ""3"": -550.6582413529312, ""4"": -543.6582489146647, ""5"": -524.4729948691571, ""6"": -524.352867217342, ""7"": -499.60151414816534, ""8"": -501.87468900418423, ""9"": -484.4161142021809, ""10"": -462.7618469401081, ""11"": -449.4973430281113, ""12"": -430.63262793277045, ""13"": -419.5642549006994, ""14"": -377.18142230952475, ""15"": -388.0049772273221}",10.203295707702637
prinz1d,subsample,vae,250,10,1,12,4,4,0.16,4,0.6421216374585021,0.6913057302054167,0,15,0.39888136217704523,0.6438295272926716,1,1,0.0,0.0,0,2,0.34047303293402775,0.4706452844867448,0,2,0.34047303293402775,0.4706452844867448,0,0.6421216374585021,0.6913057302054167,0.055999999999999994,"{""1"": 1108.1188161161351, ""2"": 1108.9561314913224, ""3"": 1077.6815553691506, ""4"": 1071.5424858238998, ""5"": 1080.086604496328, ""6"": 1079.8427274775038, ""7"": 1102.4950323704918, ""8"": 1117.2864729258417, ""9"": 1117.6527141689437, ""10"": 1146.8499892628186, ""11"": 1165.6435970583977, ""12"": 1184.3253357580797, ""13"": 1213.6479084093974, ""14"": 1212.5165817335037, ""15"": 1223.2705708142762}",10.363065481185913
prinz1d,subsample,vae,250,10,1,13,4,4,0.14,1,0.0,0.0,0,9,0.5309988903327046,0.716244480061462,0,1,0.0,0.0,0,5,0.8475136813032514,0.845321644612544,0,2,0.04739663704768631,0.09971662229061763,0,0.8695204006269608,0.8657862572719315,1.2160000000000002,"{""1"": -285.82140995333623, ""2"": -281.4174690274485, ""3"": -282.2557447300512, ""4"": -277.9270305058035, ""5"": -262.82632040303247, ""6"": -255.81345470829595, ""7"": -234.7163746586216, ""8"": -211.71284733132376, ""9"": -205.46834387966658, ""10"": -181.76994732221664, ""11"": -150.97606346866496, ""12"": -137.67362225007332, ""13"": -101.15334782071494, ""14"": -74.00174426165796, ""15"": -61.30667768085698}",10.230060815811157
prinz1d,subsample,vae,250,10,1,14,4,4,0.176,4,0.712035962522299,0.7873356508447292,0,9,0.4611868590115217,0.6804880204815688,0,4,0.712035962522299,0.7873356508447292,0,3,0.489521443997951,0.6099525949182804,0,3,0.489521443997951,0.6099525949182804,0,0.712035962522299,0.7873356508447292,0.06400000000000003,"{""1"": 1304.4958580071393, ""2"": 997.7852608043173, ""3"": 961.6544934961944, ""4"": 878.4112700611636, ""5"": 900.8612837236674, ""6"": 918.9189815072245, ""7"": 924.766731683495, ""8"": 964.2604379984233, ""9"": 965.20766227776, ""10"": 992.987979695225, ""11"": 1012.8600889226066, ""12"": 1046.839217245258, ""13"": 1051.8899951649944, ""14"": 1102.6434703821722, ""15"": 1123.8384705430353}",9.897744417190552
prinz1d,subsample,vae,250,10,1,15,4,4,0.12,3,0.450818962011035,0.5973244198413169,0,10,0.4797099827277269,0.6857833359507377,0,1,0.0,0.0,0,3,0.450818962011035,0.5973244198413169,0,2,0.45645776110956654,0.5969194454311205,0,0.651605591411557,0.7221893652933842,0.44799999999999995,"{""1"": 1267.0427303625206, ""2"": 1234.720181295226, ""3"": 1230.5419975541383, ""4"": 1239.579826721841, ""5"": 1253.9683233918188, ""6"": 1270.9764328899653, ""7"": 1291.0293621249116, ""8"": 1306.5492575026688, ""9"": 1296.6849543933772, ""10"": 1300.8007652340964, ""11"": 1348.0480659221687, ""12"": 1381.4708377693237, ""13"": 1368.804725949873, ""14"": 1390.0888660975984, ""15"": 1418.6425732760117}",9.97775387763977
prinz1d,subsample,vae,250,10,1,16,4,4,0.168,1,0.0,0.0,0,14,0.5179830974607778,0.7068641580974523,0,1,0.0,0.0,0,5,0.86639507456497,0.88684740393358,0,2,0.309598460275099,0.41368638804604063,0,0.8003327080819211,0.8343213170397918,1.3359999999999999,"{""1"": -141.52372918272658, ""2"": -137.28697286773155, ""3"": -115.05798417487259, ""4"": -122.9758847017888, ""5"": -102.44177523232727, ""6"": -85.81826552995042, ""7"": -66.10806773801374, ""8"": -45.30296817958413, ""9"": -27.684654266721054, ""10"": -17.494144497047216, ""11"": 8.305302452481158, ""12"": 25.379501391656163, ""13"": 51.62037669692626, ""14"": 65.73703885749461, ""15"": 93.88255577086471}",10.093108654022217
prinz1d,subsample,vae,250,10,1,17,4,4,0.152,1,0.0,0.0,0,6,0.6156025626319896,0.726254397421621,0,1,0.0,0.0,0,2,0.39904921952113415,0.5356479799527281,0,2,0.39904921952113415,0.5356479799527281,0,0.8312233468451592,0.8321461605459015,1.3599999999999999,"{""1"": 587.0699291494682, ""2"": 591.781514245617, ""3"": 613.523876031228, ""4"": 612.6279500533085, ""5"": 629.3071607400321, ""6"": 649.5594747306219, ""7"": 676.5483279039191, ""8"": 700.2334518386833, ""9"": 727.11720085929, ""10"": 739.3691791007338, ""11"": 767.8153520427959, ""12"": 799.2101118349183, ""13"": 828.9004071936945, ""14"": 823.3676648624416, ""15"": 859.6390707344267}",9.807317018508911
prinz1d,subsample,vae,250,10,1,18,4,4,0.152,2,0.19704076817392027,0.34578882248814974,0,14,0.40865397889079474,0.6397362291521413,0,1,0.0,0.0,0,5,0.7448972154541121,0.7697193877730005,0,2,0.19704076817392027,0.34578882248814974,0,0.4181876582058187,0.4994182744292403,0.9520000000000001,"{""1"": 1123.599620329102, ""2"": 1105.5105864952213, ""3"": 1107.3271011073302, ""4"": 1137.5808881747198, ""5"": 1144.5291671986918, ""6"": 1155.395260574685, ""7"": 1173.5780946400039, ""8"": 1200.4590730385848, ""9"": 1219.5290767272613, ""10"": 1257.5593724518499, ""11"": 1276.8690013795608, ""12"": 1285.4664922750499, ""13"": 1314.617704244703, ""14"": 1313.2732817058622, ""15"": 1343.2931072047863}",10.174194574356079
prinz1d,subsample,vae,250,10,1,19,4,4,0.204,4,0.6347183242809145,0.732182292853883,0,14,0.41750753924203826,0.6552475205176473,0,2,0.3397763564994956,0.48391337072698626,0,2,0.3397763564994956,0.48391337072698626,0,2,0.3397763564994956,0.48391337072698626,0,0.6347183242809145,0.732182292853883,0.12799999999999992,"{""1"": 975.624799972841, ""2"": 669.9428912363265, ""3"": 654.2684328061792, ""4"": 627.1714264631527, ""5"": 651.9994355217771, ""6"": 667.447556405714, ""7"": 683.2349457602587, ""8"": 716.2471926582614, ""9"": 719.9634615068361, ""10"": 725.8191041208275, ""11"": 753.2024284331483, ""12"": 760.7843566987626, ""13"": 803.0555499532284, ""14"": 796.858719049543, ""15"": 853.1039704597558}",9.6400465965271
prinz1d,subsample,vae,500,10,1,0,4,4,0.156,2,0.228306040385534,0.34333440409631455,0,8,0.5200913720156273,0.632659509050383,0,1,0.0,0.0,0,3,0.6761964607865725,0.69814067329469,0,2,0.228306040385534,0.34333440409631455,0,0.5409389450810136,0.608292247684314,0.648,"{""1"": 2144.760200207012, ""2"": 2074.1076294734407, ""3"": 2082.791884888639, ""4"": 2112.7176045614096, ""5"": 2114.8501944435716, ""6"": 2132.789560233656, ""7"": 2162.5743803318023, ""8"": 2169.4468175175434, ""9"": 2200.213816254663, ""10"": 2225.7547741739286, ""11"": 2248.715843355806, ""12"": 2279.865868472932, ""13"": 2307.623722717526, ""14"": 2338.920149926401, ""15"": 2362.383528988988}",10.424687147140503
prinz1d,subsample,vae,500,10,1,1,4,4,0.188,5,0.7598537827778654,0.7928522817275044,0,9,0.6104612888346991,0.775142913129913,0,4,0.8267891990778833,0.8335251628266492,0,3,0.5589246817157524,0.6969800960962228,0,2,0.4395209106665083,0.5720849897778443,0,0.8267891990778833,0.8335251628266492,0.18800000000000006,"{""1"": 2417.1873855860736, ""2"": 1900.419076837477, ""3"": 1827.7579146414914, ""4"": 1723.2237477302779, ""5"": 1717.4126629826417, ""6"": 1726.0995355954176, ""7"": 1743.0496531252466, ""8"": 1755.5008000676235, ""9"": 1779.1129974730634, ""10"": 1805.2136319718265, ""11"": 1832.9771909110582, ""12"": 1860.9319267789995, ""13"": 1889.8398383062035, ""14"": 1923.1794269072802, ""15"": 1945.4799088069035}",10.08637022972107
prinz1d,subsample,vae,500,10,1,2,4,4,0.16,4,0.8593932074385484,0.8417362723105584,0,7,0.6479150270508421,0.7612060600752713,0,1,0.0,0.0,0,8,0.5582074873823432,0.726987800711875,0,2,0.30280009452184986,0.4448655303046265,0,0.8593932074385484,0.8417362723105584,0.040000000000000036,"{""1"": -628.5211316882137, ""2"": -705.987622812071, ""3"": -722.3975518990393, ""4"": -756.7719747249491, ""5"": -730.6769871489322, ""6"": -719.269525659493, ""7"": -702.7517432797595, ""8"": -675.0375207361942, ""9"": -645.9212348593253, ""10"": -611.781342364855, ""11"": -596.1419283417803, ""12"": -565.4942327245474, ""13"": -537.0645810296475, ""14"": -506.87527337346796, ""15"": -484.55916743113266}",10.004192113876343
prinz1d,subsample,vae,500,10,1,3,4,4,0.144,4,0.8953971159327262,0.8796840667300457,0,13,0.36180186917001766,0.6259187213183207,0,2,0.349236796954407,0.44275160718202244,0,2,0.349236796954407,0.44275160718202244,0,2,0.349236796954407,0.44275160718202244,0,0.8953971159327262,0.8796840667300457,0.06400000000000003,"{""1"": 1765.4244769080371, ""2"": 1344.2584457269868, ""3"": 1342.4237936837153, ""4"": 1314.476867307634, ""5"": 1328.0502194161215, ""6"": 1357.636600999927, ""7"": 1375.5562686447543, ""8"": 1359.016322031825, ""9"": 1398.3940799145466, ""10"": 1395.8825981563286, ""11"": 1409.1984842359036, ""12"": 1439.8116923324512, ""13"": 1448.879847450422, ""14"": 1490.5247490361812, ""15"": 1514.960161145074}",10.305267572402954
prinz1d,subsample,vae,500,10,1,4,4,4,0.162,5,0.872141513649304,0.8550279300009564,0,11,0.4582031818768398,0.6946577241672257,0,1,0.0,0.0,0,4,0.9056565308691376,0.8845562124014542,0,2,0.24944373191879554,0.46364382308063873,0,0.9056565308691376,0.8845562124014542,0.17999999999999997,"{""1"": -1140.1570481267083, ""2"": -1174.188675876595, ""3"": -1186.421639945232, ""4"": -1258.8276290331155, ""5"": -1267.7930045321775, ""6"": -1266.0680877317507, ""7"": -1236.4320683693907, ""8"": -1214.9855856689107, ""9"": -1198.128157505797, ""10"": -1172.8245350968668, ""11"": -1148.2264326820732, ""12"": -1116.8943967211133, ""13"": -1088.549543112239, ""14"": -1065.4105442093103, ""15"": -1043.2736178544365}",9.385643720626831
prinz1d,subsample,vae,500,10,1,5,4,4,0.178,4,0.8497334944238495,0.8624785048000394,0,11,0.48249572401733426,0.6753367169220902,0,2,0.49592050722099845,0.6545989880549182,0,3,0.6939290812040805,0.7809840087551453,0,2,0.49592050722099845,0.6545989880549182,0,0.8497334944238495,0.8624785048000394,0.08800000000000008,"{""1"": 2624.5058658166668, ""2"": 2271.981603133514, ""3"": 2255.6285743384265, ""4"": 2155.5804363361012, ""5"": 2168.7663806948094, ""6"": 2198.415588046029, ""7"": 2220.578079955574, ""8"": 2243.686918693708, ""9"": 2269.980274852846, ""10"": 2299.423288539412, ""11"": 2317.04147344343, ""12"": 2354.448028500105, ""13"": 2368.176745432146, ""14"": 2396.8994801436893, ""15"": 2425.3815567377037}",10.075706720352173
prinz1d,subsample,vae,500,10,1,6,4,4,0.142,4,0.8727714499883038,0.8751020513362775,0,13,0.4353957897980672,0.6870314226974521,0,4,0.8727714499883038,0.8751020513362775,0,4,0.8727714499883038,0.8751020513362775,0,2,0.2805603596501537,0.4311014032693593,0,0.8727714499883038,0.8751020513362775,0.08400000000000002,"{""1"": -25.586336259016818, ""2"": -260.72932883061657, ""3"": -291.364746591923, ""4"": -309.51654402441574, ""5"": -294.66654459947324, ""6"": -272.31419042893674, ""7"": -258.6256792541398, ""8"": -232.8818570358144, ""9"": -212.28464727488102, ""10"": -186.34986761958783, ""11"": -163.57860816982088, ""12"": -136.31188831604533, ""13"": -119.09763971751966, ""14"": -88.29621082891163, ""15"": -56.53807594865532}",10.222442626953125
prinz1d,subsample,vae,500,10,1,7,4,4,0.186,6,0.7753036912885791,0.7989503976939801,0,11,0.5122984095646732,0.6975465123473115,0,1,0.0,0.0,0,4,0.8883213980397686,0.8712055395576976,0,2,0.1637189601576547,0.16251671050182345,0,0.8883213980397686,0.8712055395576976,0.24399999999999997,"{""1"": -972.1964106752596, ""2"": -1011.6559584388976, ""3"": -1044.7172084052213, ""4"": -1048.7356677869318, ""5"": -1060.4390451065042, ""6"": -1061.15480311985, ""7"": -1039.1881738884383, ""8"": -1029.7858166543626, ""9"": -1008.711153392255, ""10"": -984.677245131645, ""11"": -962.572200873374, ""12"": -934.7074620905357, ""13"": -899.3429906372736, ""14"": -865.3989676517035, ""15"": -836.6188601998001}",10.04874849319458
prinz1d,subsample,vae,500,10,1,8,4,4,0.15,7,0.7528190952281116,0.7940263412640636,0,10,0.5755476031189699,0.7300226743347702,0,1,0.0,0.0,0,9,0.6653989118885468,0.7398254110801155,0,2,0.19251166700336342,0.19985009759317654,0,0.7301507267036731,0.7552918357990341,0.37599999999999995,"{""1"": -1029.6246971210053, ""2"": -1153.2621432450105, ""3"": -1156.6020289129483, ""4"": -1148.510317498861, ""5"": -1186.3808948092812, ""6"": -1166.4094192836048, ""7"": -1202.1963832345543, ""8"": -1195.6625366385201, ""9"": -1165.1817889281654, ""10"": -1150.4308483449163, ""11"": -1116.6406289168906, ""12"": -1090.7266069893628, ""13"": -1056.257291697195, ""14"": -1028.8640634831338, ""15"": -999.7079914880455}",10.03826093673706
prinz1d,subsample,vae,500,10,1,9,4,4,0.142,4,0.8601577482810501,0.8650453743004559,0,11,0.504239684659659,0.6818450458249662,0,1,0.0,0.0,0,2,0.40476031206678165,0.521148241586533,0,2,0.40476031206678165,0.521148241586533,0,0.8601577482810501,0.8650453743004559,0.092,"{""1"": 1911.7137261766457, ""2"": 1887.0622899415746, ""3"": 1886.0888235115344, ""4"": 1861.8760504057461, ""5"": 1888.1065119387495, ""6"": 1916.0218080219333, ""7"": 1939.7592646953785, ""8"": 1969.8587853057545, ""9"": 1996.0322512121356, ""10"": 2006.473388807759, ""11"": 2026.7676210501374, ""12"": 2061.486129948854, ""13"": 2106.1171672122387, ""14"": 2123.85820544127, ""15"": 2139.4952743786585}",9.645801067352295
prinz1d,subsample,vae,500,10,1,10,4,4,0.178,6,0.5818674724953147,0.7407229828943024,0,13,0.40471123233840933,0.657532743825037,0,5,0.7543533718917205,0.801263311687714,0,3,0.5314772231298932,0.6805426220162577,0,2,0.44026057516307504,0.5584212076017033,0,0.9087818309991423,0.8915759452746285,0.476,"{""1"": 2462.909069770787, ""2"": 2149.458003923691, ""3"": 1970.371969698971, ""4"": 1917.5509953447709, ""5"": 1906.4990498254563, ""6"": 1888.607310172866, ""7"": 1901.2164030554286, ""8"": 1935.2184323717497, ""9"": 1949.5710448278155, ""10"": 1975.3802935379895, ""11"": 2003.5953193248909, ""12"": 2026.8347041898799, ""13"": 2042.915298713437, ""14"": 2068.459758885462, ""15"": 2108.9642527809538}",10.095261812210083
prinz1d,subsample,vae,500,10,1,11,4,4,0.2,6,0.6819470966111547,0.7656664779391853,0,9,0.5483325859627804,0.7118797997979631,0,5,0.845963588011123,0.8533038203754234,0,5,0.845963588011123,0.8533038203754234,0,2,0.35812526331795025,0.48765584970536857,0,0.8484473846363594,0.8636417000583415,0.42,"{""1"": 211.1798634149409, ""2"": -306.24073706848543, ""3"": -384.4668485071188, ""4"": -453.31188413777903, ""5"": -438.34800657430264, ""6"": -457.92773978583307, ""7"": -434.6266305584607, ""8"": -410.8290184068028, ""9"": -385.62644733369433, ""10"": -354.1704905269778, ""11"": -326.56122995488306, ""12"": -297.64371375184345, ""13"": -276.67241271182286, ""14"": -240.6678423846745, ""15"": -201.13480032835582}",10.158391952514648
prinz1d,subsample,vae,500,10,1,12,4,4,0.178,4,0.8404539306849357,0.8494234902968757,0,5,0.8114878088019128,0.8320066463932363,0,1,0.0,0.0,0,2,0.33471426391893216,0.43119182089925295,0,2,0.33471426391893216,0.43119182089925295,0,0.8404539306849357,0.8494234902968757,0.09999999999999995,"{""1"": 2039.2308928504542, ""2"": 2000.6009979166445, ""3"": 2036.2887560096187, ""4"": 1995.6075851322569, ""5"": 2014.7717316392775, ""6"": 2048.066832626313, ""7"": 2075.7503737661477, ""8"": 2115.778627975098, ""9"": 2144.2610197743334, ""10"": 2150.810824942996, ""11"": 2187.006200324479, ""12"": 2222.127992001356, ""13"": 2263.305218186877, ""14"": 2281.357169290675, ""15"": 2298.868424632713}",10.109804153442383
prinz1d,subsample,vae,500,10,1,13,4,4,0.156,4,0.8972693577152377,0.8877852726606222,0,6,0.7400858292914189,0.7847802102752437,0,4,0.8972693577152377,0.8877852726606222,0,2,0.35978110231860516,0.46379483740278915,0,2,0.35978110231860516,0.46379483740278915,0,0.8972693577152377,0.8877852726606222,0.052000000000000046,"{""1"": 2004.310704435429, ""2"": 1753.0203219713078, ""3"": 1742.355745670242, ""4"": 1713.995359359881, ""5"": 1737.0188240850282, ""6"": 1760.6205167003416, ""7"": 1792.1470258737097, ""8"": 1824.9820570653392, ""9"": 1844.6794428408914, ""10"": 1887.1059074219797, ""11"": 1909.0259397317166, ""12"": 1941.6351095393718, ""13"": 1950.5713472048483, ""14"": 1967.8722715936246, ""15"": 2008.0467467659632}",10.084580183029175
prinz1d,subsample,vae,500,10,1,14,4,4,0.178,2,0.4010301903225176,0.5060563958201874,0,4,0.8921608736998191,0.8907840892252836,0,1,0.0,0.0,0,2,0.4010301903225176,0.5060563958201874,0,2,0.4010301903225176,0.5060563958201874,0,0.8921608736998191,0.8907840892252836,0.8160000000000001,"{""1"": 2049.1894977451566, ""2"": 2046.7087495780634, ""3"": 2083.0420158269744, ""4"": 2068.0697719871905, ""5"": 2093.676133897375, ""6"": 2126.672075739682, ""7"": 2152.7615332359, ""8"": 2189.449054537152, ""9"": 2220.0859689777485, ""10"": 2250.51042805677, ""11"": 2277.5325149959, ""12"": 2287.5895535066093, ""13"": 2345.877234181991, ""14"": 2345.4448056340434, ""15"": 2395.6111102553787}",9.558382749557495
prinz1d,subsample,vae,500,10,1,15,4,4,0.132,5,0.8756136431558864,0.8662939096126088,0,7,0.6398154465885334,0.7760299153257557,0,1,0.0,0.0,0,4,0.8664909939068808,0.8666242669822115,0,2,0.3320914884794269,0.42824713499904055,0,0.8664909939068808,0.8666242669822115,0.08800000000000006,"{""1"": -443.3747059506365, ""2"": -533.4862551980304, ""3"": -518.6744861810064, ""4"": -533.1247380254956, ""5"": -548.2343127117674, ""6"": -531.2682829437608, ""7"": -509.07841356317675, ""8"": -481.7435743107369, ""9"": -454.14797214142794, ""10"": -421.7075341081928, ""11"": -387.2845151489166, ""12"": -358.14640463006657, ""13"": -334.12036384373255, ""14"": -304.5090036012532, ""15"": -272.15791331261084}",10.006327390670776
prinz1d,subsample,vae,500,10,1,16,4,4,0.192,2,0.39031342930616236,0.49543217320868904,0,10,0.48222310134858004,0.6818194233643081,0,1,0.0,0.0,0,4,0.9070534159006385,0.8869220225160355,0,2,0.39031342930616236,0.49543217320868904,0,0.9070534159006385,0.8869220225160355,0.8320000000000001,"{""1"": 76.76759055155702, ""2"": -33.03157992099554, ""3"": -15.734377574088882, ""4"": -20.9489048387087, ""5"": -18.53002558117845, ""6"": 6.408836623771407, ""7"": 30.065193185724468, ""8"": 43.753809545450565, ""9"": 78.47971198694123, ""10"": 89.12110859041286, ""11"": 127.79235342492399, ""12"": 141.1406851639968, ""13"": 176.98053188948495, ""14"": 209.71494147319083, ""15"": 234.9786926783317}",9.905005693435669
prinz1d,subsample,vae,500,10,1,17,4,4,0.16,6,0.7772439566660705,0.813570085012778,0,13,0.4484391375939984,0.6803460959426476,0,1,0.0,0.0,0,5,0.798017566191975,0.8253640896185062,0,2,0.35191746047258643,0.4203270225144894,0,0.802379848220245,0.8469614568266949,0.256,"{""1"": -1067.854652845972, ""2"": -1093.9739683563007, ""3"": -1111.1074759584485, ""4"": -1126.139284287161, ""5"": -1120.0201898980179, ""6"": -1141.4384767583156, ""7"": -1130.4502124151506, ""8"": -1110.8578863106807, ""9"": -1094.7117885316597, ""10"": -1074.4049456605403, ""11"": -1057.7131642567383, ""12"": -1024.0990528652155, ""13"": -1012.7888172103388, ""14"": -980.1568057526179, ""15"": -950.3054453102011}",10.085541009902954
prinz1d,subsample,vae,500,10,1,18,4,4,0.16,4,0.8645708372901535,0.8671955681545589,0,7,0.6682788628315312,0.7684829801947403,0,1,0.0,0.0,0,5,0.878696529736219,0.873398869635738,0,2,0.3563863779693545,0.451624846661216,0,0.8645708372901535,0.8671955681545589,0.10399999999999998,"{""1"": -952.2202387177304, ""2"": -987.9275086660946, ""3"": -997.896792920519, ""4"": -1058.7412155894892, ""5"": -1038.5509395291526, ""6"": -1019.8406180912654, ""7"": -999.4934008373934, ""8"": -972.673559620928, ""9"": -945.6256842475982, ""10"": -911.4388323528004, ""11"": -882.2146034681837, ""12"": -852.1538213291562, ""13"": -817.4280818754036, ""14"": -803.4126145503315, ""15"": -781.8715828485501}",9.66052794456482
prinz1d,subsample,vae,500,10,1,19,4,4,0.182,1,0.0,0.0,0,10,0.49981727170758383,0.6873548806500025,0,1,0.0,0.0,0,2,0.45392879486194476,0.5739719775306166,0,2,0.45392879486194476,0.5739719775306166,0,0.8742319755762887,0.8591864272148686,1.3159999999999998,"{""1"": -1288.0225204410795, ""2"": -1261.067351629252, ""3"": -1241.3845639565016, ""4"": -1272.3207987829617, ""5"": -1252.32572317613, ""6"": -1232.6866881729923, ""7"": -1209.1708769118322, ""8"": -1198.0458419926654, ""9"": -1162.297075941057, ""10"": -1157.4534951593232, ""11"": -1115.5148850686867, ""12"": -1091.7180916392188, ""13"": -1059.193232846878, ""14"": -1030.773542813094, ""15"": -994.8210410149852}",10.249322414398193
prinz1d,subsample,vae,1000,10,1,0,4,4,0.158,7,0.6588859983576988,0.7763621293545374,0,10,0.45631808146074027,0.6809802937367224,0,7,0.6588859983576988,0.7763621293545374,0,4,0.9100653457895406,0.8815785363976749,0,2,0.32431981122202114,0.41505144980527586,0,0.9100653457895406,0.8815785363976749,0.43600000000000005,"{""1"": -3320.4831660997193, ""2"": -3760.7893980592653, ""3"": -3725.463403189969, ""4"": -3764.8481476052443, ""5"": -3804.69640073998, ""6"": -3850.1864203880655, ""7"": -3873.365971592163, ""8"": -3853.627744494171, ""9"": -3821.2254233792855, ""10"": -3800.706846591172, ""11"": -3761.7980674965056, ""12"": -3728.990541287722, ""13"": -3693.2676707330966, ""14"": -3657.2667579738, ""15"": -3623.084266784835}",10.118569135665894
prinz1d,subsample,vae,1000,10,1,1,4,4,0.181,5,0.8291221257118702,0.8373811159167811,0,14,0.3682718838806343,0.6487249635390605,0,5,0.8291221257118702,0.8373811159167811,0,7,0.6704218918968545,0.7798560862739922,0,2,0.34667545884221973,0.4840902063304996,0,0.8444732215802608,0.8562804546744867,0.16200000000000003,"{""1"": -1770.342127552285, ""2"": -1753.2101672469807, ""3"": -1950.6796618372287, ""4"": -2069.888350699887, ""5"": -2144.6101283001058, ""6"": -2128.047961509729, ""7"": -2125.2443045068135, ""8"": -2129.817412655601, ""9"": -2110.5777142483557, ""10"": -2085.9736992062913, ""11"": -2056.87559733155, ""12"": -2031.103674014184, ""13"": -2000.4843615309621, ""14"": -1972.4703485983575, ""15"": -1936.1441720477274}",10.122549772262573
prinz1d,subsample,vae,1000,10,1,2,4,4,0.149,8,0.5750139701994824,0.7495445181320635,0,12,0.43509557677556254,0.6917910535821917,0,1,0.0,0.0,0,5,0.7940351456544983,0.831307070211645,0,2,0.30921670206519963,0.39647108302800327,0,0.8347761517924192,0.8412685200758956,0.6559999999999999,"{""1"": -2142.1722173338717, ""2"": -2189.6389917271295, ""3"": -2341.133680714955, ""4"": -2461.403273179919, ""5"": -2519.045668305357, ""6"": -2522.25563728762, ""7"": -2525.095068538556, ""8"": -2529.1352039361695, ""9"": -2505.796030710334, ""10"": -2497.914978396602, ""11"": -2451.039175154424, ""12"": -2446.1485531738485, ""13"": -2416.5369914822704, ""14"": -2362.8957862604584, ""15"": -2341.399169727723}",10.307623863220215
prinz1d,subsample,vae,1000,10,1,3,4,4,0.155,7,0.7892668388931879,0.8231678444351882,0,10,0.46181998933752344,0.7108211701392223,0,7,0.7892668388931879,0.8231678444351882,0,4,0.8676131530878545,0.8770041111432672,0,2,0.3269971717473802,0.4635336841811402,0,0.8676131530878545,0.8770041111432672,0.42799999999999994,"{""1"": -1120.1987577219875, ""2"": -1697.5298107768917, ""3"": -1849.3039772862, ""4"": -1959.0130816842996, ""5"": -2003.327623755398, ""6"": -2028.1697683603873, ""7"": -2033.8502770965774, ""8"": -2025.355151739182, ""9"": -2013.8690094461745, ""10"": -1989.6286253223739, ""11"": -1952.433833760958, ""12"": -1915.6804375306624, ""13"": -1886.5346029315162, ""14"": -1855.802171287606, ""15"": -1837.1804669352618}",9.710439682006836
prinz1d,subsample,vae,1000,10,1,4,4,4,0.146,8,0.6414298577744725,0.7902823180055434,0,12,0.5019600524889848,0.7130404933472637,0,6,0.813059860688137,0.8483954629882324,0,4,0.9150708220464702,0.8944766223098457,0,2,0.33088275919744364,0.44947303022674634,0,0.9150708220464702,0.8944766223098457,0.5920000000000001,"{""1"": -2205.1969529709645, ""2"": -2485.468407206737, ""3"": -2560.2751262321444, ""4"": -2625.786503554837, ""5"": -2685.4540488946577, ""6"": -2692.277085646168, ""7"": -2705.7370071149844, ""8"": -2711.015665089324, ""9"": -2709.49889539135, ""10"": -2678.065244678056, ""11"": -2662.0238024271966, ""12"": -2642.362805003056, ""13"": -2597.8512762758555, ""14"": -2569.8199030896967, ""15"": -2537.3226304816208}",10.163908004760742
prinz1d,subsample,vae,1000,10,1,5,4,4,0.175,8,0.6050969149350328,0.738629682472728,0,14,0.4031720012619394,0.6734006549172565,0,6,0.7367757302532414,0.7857252149142334,0,5,0.7656089467936799,0.8123076055836165,0,2,0.2080193666205326,0.3429293951975775,0,0.8021469589504702,0.828569381042883,0.6199999999999999,"{""1"": -2710.2989227012154, ""2"": -3070.0106070758366, ""3"": -3073.97684768718, ""4"": -3260.841310899826, ""5"": -3248.5406985022037, ""6"": -3275.937248337236, ""7"": -3292.0497679439477, ""8"": -3301.6644598352946, ""9"": -3283.7453637527688, ""10"": -3282.7644412780114, ""11"": -3266.986429156751, ""12"": -3236.5588671757873, ""13"": -3211.3231667609543, ""14"": -3188.3170837041753, ""15"": -3155.370459247476}",10.37893795967102
prinz1d,subsample,vae,1000,10,1,6,4,4,0.144,6,0.6040408470226378,0.7482433237401861,0,10,0.4702499370989646,0.6911411278082117,0,1,0.0,0.0,0,2,0.47434657046209433,0.6183659534570132,0,2,0.47434657046209433,0.6183659534570132,0,0.7619337982573278,0.7796581007670872,0.512,"{""1"": -2615.70382514355, ""2"": -2597.055991701881, ""3"": -2666.6472190979825, ""4"": -2746.656960109488, ""5"": -2749.8734523816975, ""6"": -2757.258926194106, ""7"": -2747.899405290793, ""8"": -2735.6325127665145, ""9"": -2736.2429186073955, ""10"": -2707.527888051426, ""11"": -2672.6385354511604, ""12"": -2636.3365168686264, ""13"": -2603.944108716283, ""14"": -2567.396669160372, ""15"": -2531.889968898234}",10.288316011428833
prinz1d,subsample,vae,1000,10,1,7,4,4,0.174,5,0.7812011768355868,0.8352096323722079,0,13,0.4087139727321139,0.6676633287712775,0,2,0.45752272947122824,0.5934936678888724,0,3,0.7153182435032023,0.7774794316200102,0,2,0.45752272947122824,0.5934936678888724,0,0.8585756366788831,0.8600174387881814,0.28600000000000003,"{""1"": 5430.633201100791, ""2"": 4615.033693344766, ""3"": 4551.613128527181, ""4"": 4479.746353654235, ""5"": 4432.006329703312, ""6"": 4447.482689754797, ""7"": 4469.190674760015, ""8"": 4480.222327786609, ""9"": 4469.785799351927, ""10"": 4499.052066345881, ""11"": 4510.237797016699, ""12"": 4536.593447547255, ""13"": 4539.919779091683, ""14"": 4581.280884850499, ""15"": 4625.731394853056}",10.548839330673218
prinz1d,subsample,vae,1000,10,1,8,4,4,0.15,6,0.6895061358870056,0.7848126906078519,0,12,0.46678429157751017,0.6944234192095732,0,1,0.0,0.0,0,5,0.7131572116947372,0.79963779731875,0,2,0.3228585568545898,0.439026811208843,0,0.7782896402519097,0.8387693351038679,0.302,"{""1"": -2426.5035773738714, ""2"": -2421.464890489874, ""3"": -2449.996626417033, ""4"": -2557.4619490730897, ""5"": -2588.869414611406, ""6"": -2600.6498699874087, ""7"": -2594.661532082888, ""8"": -2574.202493759481, ""9"": -2554.3484584322955, ""10"": -2526.678984502174, ""11"": -2489.080115011763, ""12"": -2471.2298342305644, ""13"": -2427.1754313035635, ""14"": -2404.6444981708537, ""15"": -2365.5867290444767}",9.838782787322998
prinz1d,subsample,vae,1000,10,1,9,4,4,0.155,7,0.671205981066762,0.7697344798780684,0,12,0.40852910042220975,0.6505904102569326,0,1,0.0,0.0,0,4,0.9028842447074705,0.8847325773769358,0,2,0.3038311037788794,0.4037679022837739,0,0.9028842447074705,0.8847325773769358,0.478,"{""1"": -2321.5922504121677, ""2"": -2456.8109570323477, ""3"": -2484.808315237636, ""4"": -2523.86681771654, ""5"": -2630.1674605944536, ""6"": -2633.37569128193, ""7"": -2634.8379402016317, ""8"": -2619.4146093643544, ""9"": -2599.2272098421363, ""10"": -2573.709105860698, ""11"": -2545.8417995514255, ""12"": -2521.310994966153, ""13"": -2481.85995862222, ""14"": -2449.9398974673277, ""15"": -2410.6454563543916}",10.32219910621643
prinz1d,subsample,vae,1000,10,1,10,4,4,0.168,8,0.5604150040784414,0.7008416819669044,0,12,0.4627272274458373,0.6810184859026682,0,4,0.6562249472861909,0.7234004319444256,0,2,0.42104191383937345,0.5481518435960889,0,2,0.42104191383937345,0.5481518435960889,0,0.6562249472861909,0.7234004319444256,0.6679999999999999,"{""1"": 4721.386889495627, ""2"": 2617.3493860268536, ""3"": 2281.4293569677584, ""4"": 2064.960250485739, ""5"": 2063.1976713689296, ""6"": 2059.9998654862566, ""7"": 2047.5908563543117, ""8"": 2025.2725365592828, ""9"": 2052.205899268163, ""10"": 2057.9168548972207, ""11"": 2075.9744596913574, ""12"": 2081.8213887820425, ""13"": 2125.7833354877303, ""14"": 2157.4173307617757, ""15"": 2211.136916974258}",10.768433332443237
prinz1d,subsample,vae,1000,10,1,11,4,4,0.187,5,0.8095276577569729,0.8369494338125143,0,9,0.5560565413981184,0.7284644818385957,0,5,0.8095276577569729,0.8369494338125143,0,5,0.8095276577569729,0.8369494338125143,0,2,0.25555534183101924,0.41824894267233625,0,0.8255444571824722,0.8318901536824892,0.21399999999999997,"{""1"": -1402.517605066778, ""2"": -1902.736816624692, ""3"": -1943.268635577081, ""4"": -2086.0949424676023, ""5"": -2096.95190151844, ""6"": -2081.6176379401318, ""7"": -2055.1084559272786, ""8"": -2024.7935501957231, ""9"": -2003.0976087998006, ""10"": -1969.6146083649833, ""11"": -1942.871132500476, ""12"": -1903.002915874124, ""13"": -1872.438161817802, ""14"": -1837.7548334520804, ""15"": -1805.7945161017428}",10.150387525558472
prinz1d,subsample,vae,1000,10,1,12,4,4,0.195,6,0.6461158139691002,0.7178008580310128,0,13,0.44578991557139963,0.6688148018035843,0,4,0.7719770622357489,0.7865221671880054,0,3,0.5097338171363541,0.6292248701386893,0,3,0.5097338171363541,0.6292248701386893,0,0.7719770622357489,0.7865221671880054,0.4,"{""1"": 4903.994595278621, ""2"": 3276.5001044777255, ""3"": 2973.3194747628754, ""4"": 2804.365283995733, ""5"": 2819.324383673071, ""6"": 2789.066185832515, ""7"": 2813.719722094832, ""8"": 2834.1319139173997, ""9"": 2867.161523523788, ""10"": 2884.2909633239165, ""11"": 2910.677466483573, ""12"": 2939.7595653015096, ""13"": 2966.716761224673, ""14"": 3013.151895159721, ""15"": 3045.4637711041346}",10.084864854812622
prinz1d,subsample,vae,1000,10,1,13,4,4,0.142,4,0.8710857629493287,0.8836191920679604,0,8,0.6625910064585168,0.7852567496930142,0,1,0.0,0.0,0,4,0.8710857629493287,0.8836191920679604,0,2,0.2789184145549921,0.4231073682228878,0,0.8710857629493287,0.8836191920679604,0.07999999999999996,"{""1"": -1290.5082445892026, ""2"": -1500.855568155185, ""3"": -1548.4000154886885, ""4"": -1632.2168693068659, ""5"": -1622.2475146181175, ""6"": -1592.7087167932434, ""7"": -1575.8617191035128, ""8"": -1547.685590412983, ""9"": -1516.6691429908674, ""10"": -1483.2130414304256, ""11"": -1454.782540850701, ""12"": -1419.6136842464794, ""13"": -1392.0209499687483, ""14"": -1362.5691639227107, ""15"": -1326.7108683174997}",10.296635150909424
prinz1d,subsample,vae,1000,10,1,14,4,4,0.176,5,0.8078203990193358,0.8391550317681594,0,10,0.5398569114157766,0.732962730820342,0,1,0.0,0.0,0,6,0.7993574443854403,0.824420661283191,0,2,0.3381022780183565,0.44978192127589617,0,0.8280125567482604,0.8383104256121545,0.20400000000000004,"{""1"": 600.3849717373242, ""2"": 258.1050813137816, ""3"": 214.13645460258903, ""4"": 165.14677500510788, ""5"": 153.33495007399347, ""6"": 177.43429604209896, ""7"": 195.33268475579354, ""8"": 220.35713045365065, ""9"": 225.24630436168775, ""10"": 242.04065657448493, ""11"": 278.2311060022462, ""12"": 311.5192623171257, ""13"": 349.75986851360665, ""14"": 386.03693665719703, ""15"": 417.4756175476363}",10.205025911331177
prinz1d,subsample,vae,1000,10,1,15,4,4,0.135,4,0.8970669688691515,0.8866861356110437,0,7,0.737835232393881,0.78153531972904,0,1,0.0,0.0,0,5,0.7662461713334263,0.8154238963900137,0,2,0.36453013341941604,0.475225788313687,0,0.8970669688691515,0.8866861356110437,0.07200000000000004,"{""1"": -817.5965671030661, ""2"": -822.19878245368, ""3"": -797.3806095252768, ""4"": -822.805972630565, ""5"": -793.7433058298427, ""6"": -803.4574981062799, ""7"": -793.1562198501582, ""8"": -756.0695811605027, ""9"": -719.546001819811, ""10"": -696.5061873228801, ""11"": -659.6298038339645, ""12"": -625.3239622277919, ""13"": -595.000703923994, ""14"": -563.111128170023, ""15"": -525.7879162652888}",10.251652956008911
prinz1d,subsample,vae,1000,10,1,16,4,4,0.172,4,0.9269293008311915,0.9107736072482204,0,6,0.798328871667464,0.8160616576162608,0,1,0.0,0.0,0,3,0.5980533786381671,0.7060379614630523,0,2,0.31835617906806274,0.40521106988020333,0,0.9269293008311915,0.9107736072482204,0.04400000000000004,"{""1"": 3978.001201670752, ""2"": 3824.41303445529, ""3"": 3819.3466390276594, ""4"": 3790.9867847039905, ""5"": 3827.273980063612, ""6"": 3834.7215689072705, ""7"": 3866.4243527360877, ""8"": 3901.693124602361, ""9"": 3928.7243519189915, ""10"": 3956.9342003554716, ""11"": 3992.3459651616463, ""12"": 4019.072662947584, ""13"": 4054.5360314837817, ""14"": 4080.176940497772, ""15"": 4110.127360668895}",10.394598007202148
prinz1d,subsample,vae,1000,10,1,17,4,4,0.162,8,0.6107169820087907,0.7545005504053205,0,15,0.3773209887078754,0.6482080407191845,1,1,0.0,0.0,0,4,0.9199322152488251,0.8991920357661113,0,2,0.419981111333793,0.5286186416890103,0,0.9199322152488251,0.8991920357661113,0.6560000000000001,"{""1"": -2356.557637744027, ""2"": -2400.9992217281983, ""3"": -2418.326019964232, ""4"": -2536.4832793593514, ""5"": -2558.2031760688037, ""6"": -2528.289876323438, ""7"": -2560.403329974593, ""8"": -2576.1703803331898, ""9"": -2551.775894993436, ""10"": -2526.296997403239, ""11"": -2516.3242549815463, ""12"": -2483.563854231744, ""13"": -2450.085340668721, ""14"": -2421.9909350292273, ""15"": -2399.276371799438}",9.785457372665405
prinz1d,subsample,vae,1000,10,1,18,4,4,0.172,8,0.5488477643443571,0.7000364038779909,0,10,0.46727378094169864,0.6830330051625725,0,2,0.43192202013320274,0.5599860179165476,0,3,0.6949073535050511,0.7670230505777252,0,3,0.6949073535050511,0.7670230505777252,0,0.7547004714239649,0.8118458476744203,0.726,"{""1"": 5384.2063087128645, ""2"": 4675.430564325003, ""3"": 4620.723807515496, ""4"": 4480.18924376608, ""5"": 4478.957183728567, ""6"": 4486.67403160545, ""7"": 4473.551828369705, ""8"": 4468.99976968569, ""9"": 4486.351060814314, ""10"": 4512.878234081252, ""11"": 4546.691039512167, ""12"": 4580.662095269376, ""13"": 4617.336025042473, ""14"": 4635.663416469592, ""15"": 4682.513099807883}",10.781875848770142
prinz1d,subsample,vae,1000,10,1,19,4,4,0.179,5,0.8664005332504457,0.8651302856749754,0,11,0.4776916352819893,0.6954078686177833,0,1,0.0,0.0,0,6,0.7758131743452836,0.8095222235815692,0,2,0.3419732563913978,0.4693654299058715,0,0.8602596061976532,0.8579507038417904,0.20800000000000002,"{""1"": -2058.7507283736504, ""2"": -2180.030265071955, ""3"": -2230.536825085903, ""4"": -2335.583741457882, ""5"": -2391.1678926799223, ""6"": -2356.221017387012, ""7"": -2366.03121649085, ""8"": -2345.0962378585987, ""9"": -2318.8778186847044, ""10"": -2295.4267955778664, ""11"": -2271.760193141127, ""12"": -2233.9625511626755, ""13"": -2210.731275367797, ""14"": -2172.177848913123, ""15"": -2139.175167402674}",10.189986228942871
prinz1d,subsample,vae,2000,10,1,0,4,4,0.155,9,0.5883606114149903,0.7502791533017439,0,14,0.4258831793951254,0.6734763967281153,0,5,0.7580218230840776,0.796857858643342,0,4,0.8907350496802678,0.8779885914980741,0,2,0.2389637242470472,0.3735138694992817,0,0.8907350496802678,0.8779885914980741,0.6460000000000001,"{""1"": -3178.2025833233333, ""2"": -4517.097352842107, ""3"": -4688.629232711889, ""4"": -4974.381402719253, ""5"": -5100.5191414486, ""6"": -5117.889161874955, ""7"": -5133.490975922687, ""8"": -5142.004162803295, ""9"": -5156.505891040004, ""10"": -5119.426834221356, ""11"": -5091.975412871673, ""12"": -5090.2410360228605, ""13"": -5053.397913573173, ""14"": -5023.122641585771, ""15"": -4980.246136159225}",11.07430386543274
prinz1d,subsample,vae,2000,10,1,1,4,4,0.175,4,0.9126056386839346,0.8884832087661722,0,14,0.3740157572486563,0.6449598510659136,0,4,0.9126056386839346,0.8884832087661722,0,4,0.9126056386839346,0.8884832087661722,0,2,0.19116542070155604,0.2830320386584706,0,0.9126056386839346,0.8884832087661722,0.026999999999999996,"{""1"": -2997.461721334718, ""2"": -3772.967915022684, ""3"": -3811.128109227262, ""4"": -4051.4301162066026, ""5"": -4042.808898048571, ""6"": -4031.9037806541346, ""7"": -4008.588578203798, ""8"": -4005.522497049365, ""9"": -3981.410397364655, ""10"": -3985.02138323175, ""11"": -3961.0121432794435, ""12"": -3930.5699924494347, ""13"": -3891.3994125189274, ""14"": -3865.0955345874822, ""15"": -3829.840956542629}",11.140267133712769
prinz1d,subsample,vae,2000,10,1,2,4,4,0.151,6,0.6579640877203579,0.771774450649637,0,13,0.43172373898764704,0.6754718019024492,0,5,0.8095967110232807,0.834907479793911,0,4,0.9145314720874615,0.892375224113612,0,2,0.22892713141139578,0.3911766021366038,0,0.9145314720874615,0.892375224113612,0.485,"{""1"": -4956.086556692636, ""2"": -5497.201240787438, ""3"": -5605.014301323296, ""4"": -5891.531107311517, ""5"": -5963.47759214401, ""6"": -6035.964365979704, ""7"": -6012.906707844817, ""8"": -6026.505509582308, ""9"": -5999.831669925544, ""10"": -5974.418158747882, ""11"": -5943.122473413045, ""12"": -5911.85853116318, ""13"": -5886.414359754619, ""14"": -5847.389976343316, ""15"": -5811.812028000389}",11.167876482009888
prinz1d,subsample,vae,2000,10,1,3,4,4,0.1565,4,0.8026770765396104,0.8423406157109575,0,14,0.3717312990610244,0.6507526103172911,0,1,0.0,0.0,0,6,0.6602388537580164,0.7802529641682229,0,2,0.28553431789021533,0.43530285496623566,0,0.8026770765396104,0.8423406157109575,0.059,"{""1"": -3475.920069579631, ""2"": -3541.3496996604954, ""3"": -3626.142375011461, ""4"": -3832.7111517650865, ""5"": -3810.316459513742, ""6"": -3791.499523680821, ""7"": -3770.9300152259852, ""8"": -3743.178747888294, ""9"": -3733.838086930752, ""10"": -3726.2890246996435, ""11"": -3704.8071174388356, ""12"": -3676.10581688578, ""13"": -3635.509727275834, ""14"": -3611.843608665498, ""15"": -3572.6839893350125}",11.07274842262268
prinz1d,subsample,vae,2000,10,1,4,4,4,0.158,11,0.46971174257167936,0.6998340175387969,0,14,0.3858069809899698,0.6632046337631943,0,6,0.7968272865018248,0.8275262208255932,0,4,0.8811849321255171,0.8784850430332528,0,2,0.24213728851564936,0.33341099562132154,0,0.8811849321255171,0.8784850430332528,0.936,"{""1"": -4582.074724106143, ""2"": -5094.632888439196, ""3"": -5234.373435305833, ""4"": -5436.427572366083, ""5"": -5496.126578823066, ""6"": -5538.93525433576, ""7"": -5554.981292728375, ""8"": -5592.107053587511, ""9"": -5531.699870332765, ""10"": -5569.689708873128, ""11"": -5600.096607641004, ""12"": -5566.821590867951, ""13"": -5544.006162476966, ""14"": -5545.686858338278, ""15"": -5499.096263565301}",10.979566812515259
prinz1d,subsample,vae,2000,10,1,5,4,4,0.1815,10,0.5653017635220955,0.7387702915617002,0,13,0.43596376627429123,0.6787843440014271,0,5,0.8343940738706371,0.8554935359607981,0,4,0.9415930841693999,0.9229313139983304,0,2,0.34598623914783017,0.4668818864621966,0,0.9415930841693999,0.9229313139983304,0.788,"{""1"": -5641.344201176946, ""2"": -6116.017011415086, ""3"": -6427.732086043781, ""4"": -6697.60904326064, ""5"": -6806.676276628123, ""6"": -6815.128564232452, ""7"": -6848.631723410197, ""8"": -6850.9474561304205, ""9"": -6873.055053430621, ""10"": -6884.596618483141, ""11"": -6873.067705604514, ""12"": -6868.911817200934, ""13"": -6845.872731381093, ""14"": -6803.238608476486, ""15"": -6769.41272827877}",11.119567155838013
prinz1d,subsample,vae,2000,10,1,6,4,4,0.1415,5,0.8774809311304109,0.862693368505676,0,10,0.5172455131798112,0.7179857584932099,0,1,0.0,0.0,0,5,0.8774809311304109,0.862693368505676,0,2,0.28508236794719816,0.42895370788377624,0,0.8518321918699806,0.8550930290661494,0.13000000000000003,"{""1"": -2648.049438905788, ""2"": -2951.79133648871, ""3"": -3002.8215577710353, ""4"": -3206.5995023556056, ""5"": -3223.732047429642, ""6"": -3208.289125244025, ""7"": -3221.7592501858676, ""8"": -3210.5163013799815, ""9"": -3188.6417167277787, ""10"": -3158.6855505607914, ""11"": -3123.7151573557876, ""12"": -3084.364988567533, ""13"": -3040.1783175973833, ""14"": -3011.8254943294237, ""15"": -2976.1834225558114}",10.510813474655151
prinz1d,subsample,vae,2000,10,1,7,4,4,0.1815,8,0.62426204523593,0.7677041454172797,0,15,0.3763547096016597,0.6556126543618278,1,1,0.0,0.0,0,7,0.6436496137753979,0.7690268914430889,0,2,0.3178298353733906,0.42382719690500126,0,0.8780579875116236,0.8748608580809941,0.673,"{""1"": -5522.423987306758, ""2"": -5659.8009270829025, ""3"": -5861.146492639636, ""4"": -6102.861636325968, ""5"": -6181.657025535619, ""6"": -6245.336434094711, ""7"": -6213.680356287024, ""8"": -6246.197972865124, ""9"": -6236.91882547548, ""10"": -6212.6984636715015, ""11"": -6183.38827776125, ""12"": -6156.648964236769, ""13"": -6122.676571422491, ""14"": -6090.851112035334, ""15"": -6060.788606411878}",11.031971454620361
prinz1d,subsample,vae,2000,10,1,8,4,4,0.163,5,0.8548789060155875,0.8562719526924508,0,13,0.41292510849631514,0.6577207350463479,0,1,0.0,0.0,0,5,0.8548789060155875,0.8562719526924508,0,2,0.45434901888370793,0.587727258401146,0,0.883485478915476,0.87443409325437,0.147,"{""1"": -2335.790247972193, ""2"": -2412.092886529101, ""3"": -2421.8592410095, ""4"": -2633.806215747912, ""5"": -2638.4067020945704, ""6"": -2629.109960722987, ""7"": -2616.138588460606, ""8"": -2598.0343671297337, ""9"": -2560.4511959981646, ""10"": -2526.0529822618087, ""11"": -2497.5930637172614, ""12"": -2458.7687217343987, ""13"": -2433.179196463915, ""14"": -2392.505568416775, ""15"": -2356.3653435172364}",10.898574829101562
prinz1d,subsample,vae,2000,10,1,9,4,4,0.153,4,0.9261650641367419,0.9094953440857042,0,7,0.6246354353068271,0.7639635707543881,0,1,0.0,0.0,0,2,0.41628317391993225,0.5188757564639644,0,2,0.41628317391993225,0.5188757564639644,0,0.9261650641367419,0.9094953440857042,0.026000000000000023,"{""1"": 6115.731467735824, ""2"": 5949.100187170946, ""3"": 5966.677242282426, ""4"": 5802.904133282114, ""5"": 5820.929338204353, ""6"": 5859.433576298165, ""7"": 5864.801470748466, ""8"": 5902.556210733409, ""9"": 5932.494202192645, ""10"": 5977.236779171954, ""11"": 6004.968830455793, ""12"": 6035.466293269195, ""13"": 6070.892024978548, ""14"": 6108.456886960883, ""15"": 6145.734485005002}",11.290344953536987
prinz1d,subsample,vae,2000,10,1,10,4,4,0.164,8,0.638964555951397,0.7681879554143741,0,12,0.5104624820408695,0.6954884177414523,0,6,0.6937856664544717,0.7922793768602183,0,4,0.9255060934228229,0.9040016735933654,0,2,0.3446143818141612,0.4675280099927349,0,0.9255060934228229,0.9040016735933654,0.579,"{""1"": -5662.9465946658665, ""2"": -6345.642759718498, ""3"": -6460.499211258673, ""4"": -6770.559146160038, ""5"": -6927.502132586637, ""6"": -7010.084638984914, ""7"": -7041.334019197528, ""8"": -7082.769612413713, ""9"": -7067.25968253195, ""10"": -7044.90472063288, ""11"": -7014.327552857274, ""12"": -6982.005325315558, ""13"": -6945.277962051599, ""14"": -6908.845895904411, ""15"": -6870.96833611186}",10.356988906860352
prinz1d,subsample,vae,2000,10,1,11,4,4,0.1835,7,0.6633499556035423,0.7856810531604765,0,15,0.40628829477812867,0.665932985775767,1,5,0.7539716548085734,0.8009935291451132,0,6,0.7267025228632281,0.7873464241913272,0,2,0.30586606037793573,0.4160945450541705,0,0.7910959530592099,0.8277155882614411,0.587,"{""1"": -3191.906212254347, ""2"": -3926.441170914226, ""3"": -4033.8046893939163, ""4"": -4403.035595679972, ""5"": -4467.037215636995, ""6"": -4452.859439038814, ""7"": -4572.999496650322, ""8"": -4561.983576413415, ""9"": -4538.790924334914, ""10"": -4511.246004916743, ""11"": -4486.242600954711, ""12"": -4449.547723995913, ""13"": -4419.110282739597, ""14"": -4387.460860910025, ""15"": -4354.692322455857}",11.101406574249268
prinz1d,subsample,vae,2000,10,1,12,4,4,0.209,12,0.4903142537026652,0.6993764455604197,0,13,0.46775220921933436,0.688067922341815,0,7,0.663683855562425,0.76472185346984,0,4,0.8245128570569228,0.8332082549539838,0,2,0.014156174526637654,0.07590434939992965,0,0.8245128570569228,0.8332082549539838,0.9610000000000001,"{""1"": -2850.5189368139177, ""2"": -3534.3451619819725, ""3"": -3606.9240100134753, ""4"": -3605.2622265962623, ""5"": -4046.935345856312, ""6"": -4137.480026934018, ""7"": -4279.174455637149, ""8"": -4320.932693806594, ""9"": -4294.897589784228, ""10"": -4293.198122783991, ""11"": -4276.597633565602, ""12"": -4324.7238829820235, ""13"": -4296.306914942586, ""14"": -4253.884043884469, ""15"": -4225.214946178804}",11.165948152542114
prinz1d,subsample,vae,2000,10,1,13,4,4,0.152,6,0.6687679295353619,0.7914074104583406,0,9,0.5477834801731143,0.7324890572240088,0,4,0.8352060331692284,0.8540578997878249,0,5,0.7057517593484782,0.7843250303312439,0,2,0.28530814930057197,0.4289548218791374,0,0.8352060331692284,0.8540578997878249,0.545,"{""1"": -2179.5282087544683, ""2"": -2844.3304843461747, ""3"": -2988.949249223127, ""4"": -3249.4601905507766, ""5"": -3242.2454077356188, ""6"": -3342.7531011147307, ""7"": -3318.519135752375, ""8"": -3292.624375054534, ""9"": -3264.788842595488, ""10"": -3227.6862136802256, ""11"": -3187.8878285447736, ""12"": -3154.8811383247444, ""13"": -3116.432492690199, ""14"": -3087.8426978843977, ""15"": -3051.4215501903973}",11.09951901435852
prinz1d,subsample,vae,2000,10,1,14,4,4,0.167,6,0.8182721395347341,0.8329146118314845,0,15,0.3800690447325972,0.6640083836956324,1,4,0.9053228296491648,0.8911594900141445,0,4,0.9053228296491648,0.8911594900141445,0,2,0.2796756672316268,0.40735080033264015,0,0.9053228296491648,0.8911594900141445,0.28600000000000003,"{""1"": -929.6390971537451, ""2"": -1611.6583386024522, ""3"": -1722.077968205387, ""4"": -1939.3600089643114, ""5"": -1914.519039860794, ""6"": -2036.7877672736881, ""7"": -2012.0554213058276, ""8"": -2017.4946537882586, ""9"": -2032.82334207759, ""10"": -2003.8843669880787, ""11"": -1972.58297676542, ""12"": -1943.1027194661128, ""13"": -1915.5575266333979, ""14"": -1878.3182819620956, ""15"": -1852.6307323668932}",10.516956090927124
prinz1d,subsample,vae,2000,10,1,15,4,4,0.14,7,0.6333034126482427,0.7657598561645169,0,11,0.4510848774711846,0.6837275398140041,0,6,0.7234719200660165,0.7759633604911087,0,5,0.750871899804935,0.8002968939458608,0,2,0.17762196156309706,0.1806770345553255,0,0.6165670485625225,0.7010304045152403,0.5109999999999999,"{""1"": -4025.5970265803558, ""2"": -4330.239866872877, ""3"": -4571.518583494518, ""4"": -4669.152030453926, ""5"": -4660.805290941733, ""6"": -4919.052532835309, ""7"": -4980.606319197981, ""8"": -4979.619823467404, ""9"": -4962.628938994109, ""10"": -4950.831999343932, ""11"": -4917.523148400699, ""12"": -4876.507971551833, ""13"": -4847.18389647302, ""14"": -4808.999038046692, ""15"": -4770.006749836374}",11.295759916305542
prinz1d,subsample,vae,2000,10,1,16,4,4,0.1775,6,0.7528581118794807,0.8004357753426362,0,11,0.48566422511353163,0.7076498301694626,0,1,0.0,0.0,0,6,0.7528581118794807,0.8004357753426362,0,2,0.4111248648425933,0.5136935954969786,0,0.8832229321066011,0.8751792323262763,0.31299999999999994,"{""1"": -2386.935986604581, ""2"": -2559.2763814872305, ""3"": -2605.1448167884673, ""4"": -2776.634556343625, ""5"": -2748.9803984687424, ""6"": -2807.033238731548, ""7"": -2780.9002985534757, ""8"": -2785.650479389942, ""9"": -2771.7750260678695, ""10"": -2741.816020577364, ""11"": -2712.8655884308864, ""12"": -2670.1319544472453, ""13"": -2636.630875217943, ""14"": -2595.9938321581667, ""15"": -2565.141157130307}",10.883888721466064
prinz1d,subsample,vae,2000,10,1,17,4,4,0.151,9,0.5418463871255245,0.7205849774765087,0,14,0.3845152178154206,0.6551515895937252,0,6,0.7915089924020963,0.8118408454050916,0,5,0.8072064894551956,0.8269748035009725,0,2,0.40647711690320115,0.5098916869082653,0,0.8296913888547407,0.8465303918729699,0.728,"{""1"": -3611.6572014141093, ""2"": -3825.2388130000836, ""3"": -3993.224772861973, ""4"": -4215.412284333595, ""5"": -4218.514084366642, ""6"": -4284.688883162913, ""7"": -4342.776765018867, ""8"": -4380.787536980596, ""9"": -4400.584241643566, ""10"": -4375.716494817566, ""11"": -4347.504497238578, ""12"": -4316.074895149391, ""13"": -4286.3962453367585, ""14"": -4265.060023318691, ""15"": -4229.8107670176905}",10.88338327407837
prinz1d,subsample,vae,2000,10,1,18,4,4,0.163,4,0.8252795200932628,0.8461020453938917,0,11,0.5291450373673847,0.7009391819924993,0,1,0.0,0.0,0,4,0.8252795200932628,0.8461020453938917,0,2,0.3345304757156885,0.43201630057908863,0,0.8252795200932628,0.8461020453938917,0.09099999999999997,"{""1"": -755.0735269020702, ""2"": -1298.4040592194206, ""3"": -1290.7130765270597, ""4"": -1565.0557076432922, ""5"": -1564.1941619927125, ""6"": -1543.8957135361761, ""7"": -1546.645867259112, ""8"": -1544.9559072562877, ""9"": -1513.864101505332, ""10"": -1480.1050656113903, ""11"": -1452.8780827829605, ""12"": -1414.7489887882912, ""13"": -1377.723341553889, ""14"": -1343.3385941013494, ""15"": -1294.9567676011977}",10.843311548233032
prinz1d,subsample,vae,2000,10,1,19,4,4,0.1885,7,0.6997553676217678,0.7695451172512199,0,15,0.38303065111447177,0.6546110516678038,1,1,0.0,0.0,0,6,0.8057927091038986,0.8291558359228983,0,2,0.39219891101039317,0.46023515955023003,0,0.8836981001094596,0.8785415388559934,0.453,"{""1"": -5495.2839471954185, ""2"": -5805.618008165706, ""3"": -5871.492072704234, ""4"": -6104.067816731282, ""5"": -6125.476369885282, ""6"": -6142.545722956651, ""7"": -6172.796863877783, ""8"": -6148.699397224779, ""9"": -6117.347122526005, ""10"": -6091.426031294487, ""11"": -6059.820434874118, ""12"": -6029.9480763002075, ""13"": -6002.675790666715, ""14"": -5968.205665198317, ""15"": -5946.600749451666}",10.916932821273804
prinz1d,subsample,vae,4000,10,1,0,4,4,0.148,8,0.6047815455898713,0.7654158432872854,0,13,0.38804955378136313,0.6605461708351494,0,6,0.793897558059492,0.8238771323409037,0,5,0.7802654064969428,0.8095686637452512,0,2,0.34051878375915484,0.4705324730595079,0,0.7706361171424776,0.7950920587721219,0.6145,"{""1"": -9204.691364390368, ""2"": -9477.786404978557, ""3"": -10385.594830180871, ""4"": -10680.274427111379, ""5"": -11166.819298578625, ""6"": -11393.10539124144, ""7"": -11564.677003818673, ""8"": -11616.042221306758, ""9"": -11601.77328031231, ""10"": -11588.67069512274, ""11"": -11570.783642863122, ""12"": -11558.40317017373, ""13"": -11536.564985104847, ""14"": -11490.43049195345, ""15"": -11450.400000610274}",13.17859673500061
prinz1d,subsample,vae,4000,10,1,1,4,4,0.18025,12,0.4573088287211858,0.6615881997825943,0,13,0.45227443626649144,0.6619350968931162,0,4,0.8056260514338925,0.8086359039915263,0,4,0.8056260514338925,0.8086359039915263,0,2,0.42635821750666925,0.5391094388299852,0,0.8056260514338925,0.8086359039915263,0.9444999999999999,"{""1"": 18513.268736854836, ""2"": 11603.757793153445, ""3"": 9378.49424318497, ""4"": 8188.460040347142, ""5"": 8133.441530010501, ""6"": 8015.437599607375, ""7"": 7783.29389008594, ""8"": 7737.372828553567, ""9"": 7751.140891649815, ""10"": 7746.36394404971, ""11"": 7743.610748250295, ""12"": 7736.6797425799705, ""13"": 7759.514843672705, ""14"": 7833.050185318209, ""15"": 7851.797982121979}",13.683013439178467
prinz1d,subsample,vae,4000,10,1,2,4,4,0.15425,9,0.5942181080562312,0.7392865755745096,0,12,0.45150293881078374,0.6826520677219614,0,1,0.0,0.0,0,5,0.7454190934282495,0.8062020637667744,0,2,0.35684163129075613,0.46453081374196703,0,0.9050836051389332,0.8859131949792036,0.6000000000000001,"{""1"": -8414.579076713282, ""2"": -8691.930961459822, ""3"": -8900.86227831877, ""4"": -9284.566997573243, ""5"": -9348.654714145794, ""6"": -9374.277045516956, ""7"": -9390.092057109507, ""8"": -9369.210041700491, ""9"": -9391.730012626784, ""10"": -9369.420205484026, ""11"": -9340.2408085148, ""12"": -9326.832841358477, ""13"": -9279.337928776687, ""14"": -9238.956103726816, ""15"": -9193.148248812238}",12.80528974533081
prinz1d,subsample,vae,4000,10,1,3,4,4,0.15025,10,0.5262616537106746,0.714873008391394,0,15,0.36242327226497034,0.6525752848542501,1,1,0.0,0.0,0,5,0.7983693646454157,0.833049970706214,0,2,0.4404807390248283,0.5612324436475432,0,0.793407730492438,0.8223538309601297,0.7965,"{""1"": -8390.411037308144, ""2"": -8476.832064717115, ""3"": -8813.856506052358, ""4"": -9394.5013178674, ""5"": -9437.4837770432, ""6"": -9573.070031531057, ""7"": -9587.292789999694, ""8"": -9591.872593540185, ""9"": -9602.42765062145, ""10"": -9626.508851194016, ""11"": -9558.052067893308, ""12"": -9572.060386837362, ""13"": -9549.111327827417, ""14"": -9518.117465796182, ""15"": -9511.916897450355}",13.224106073379517
prinz1d,subsample,vae,4000,10,1,4,4,4,0.153,7,0.6660596522792297,0.7813986776135067,0,14,0.3850948752403404,0.6593549157829656,0,5,0.8539676190074728,0.8331084183511853,0,4,0.8737116036946688,0.858876840536802,0,2,0.3135537150576894,0.4480182784989169,0,0.8737116036946688,0.858876840536802,0.502,"{""1"": -8273.558634050476, ""2"": -9000.854167418858, ""3"": -9608.878806129102, ""4"": -10207.640196617658, ""5"": -10415.450841728423, ""6"": -10485.362005743056, ""7"": -10487.323916951933, ""8"": -10461.897776053682, ""9"": -10450.943938197042, ""10"": -10423.444552936944, ""11"": -10410.573667883205, ""12"": -10394.853852775701, ""13"": -10360.907089417404, ""14"": -10324.040898292658, ""15"": -10276.134117021658}",13.29136872291565
prinz1d,subsample,vae,4000,10,1,5,4,4,0.18875,6,0.7185120468641071,0.7650246665751086,0,11,0.47019747652087257,0.6810882727031806,0,4,0.8673608940222713,0.8617765834531177,0,3,0.6584258036374084,0.7211083225412345,0,3,0.6584258036374084,0.7211083225412345,0,0.8673608940222713,0.8617765834531177,0.30199999999999994,"{""1"": 20996.310401113296, ""2"": 18504.62124612801, ""3"": 17995.487341630047, ""4"": 17328.645616261176, ""5"": 17299.77222070598, ""6"": 17244.99545042274, ""7"": 17269.479593123197, ""8"": 17247.368934304515, ""9"": 17265.962944452014, ""10"": 17294.59259485318, ""11"": 17329.454296247543, ""12"": 17379.23477140667, ""13"": 17405.751649974805, ""14"": 17457.989546406006, ""15"": 17483.68051936088}",14.046558380126953
prinz1d,subsample,vae,4000,10,1,6,4,4,0.14375,6,0.6574816183327953,0.7789462707322121,0,10,0.5153945339447643,0.7141379266657397,0,1,0.0,0.0,0,4,0.895710032506642,0.8832320518877418,0,2,0.36501561771748386,0.4647827106905366,0,0.895710032506642,0.8832320518877418,0.5009999999999999,"{""1"": -730.1209331435128, ""2"": -1149.7443331080012, ""3"": -1243.6103509608206, ""4"": -1587.1912380582567, ""5"": -1620.44167580431, ""6"": -1682.8485787502898, ""7"": -1671.5983877131703, ""8"": -1634.55801210715, ""9"": -1612.0418171301026, ""10"": -1586.6628708910698, ""11"": -1522.6312223745974, ""12"": -1498.6528896489503, ""13"": -1460.9419590045886, ""14"": -1411.36006207059, ""15"": -1365.7521787876772}",12.995945692062378
prinz1d,subsample,vae,4000,10,1,7,4,4,0.18375,6,0.6864895241649519,0.7839796733770295,0,14,0.4410333183939666,0.6716966319413632,0,1,0.0,0.0,0,4,0.8851411075512063,0.8763733100552576,0,2,0.35158132774167566,0.48395633790771253,0,0.8851411075512063,0.8763733100552576,0.428,"{""1"": -8200.655042601204, ""2"": -8465.908513237717, ""3"": -8679.276904759608, ""4"": -9127.367964305538, ""5"": -9125.414202181695, ""6"": -9245.746390669869, ""7"": -9241.428734743116, ""8"": -9176.58325681653, ""9"": -9179.691887235305, ""10"": -9147.68284126927, ""11"": -9125.81489917206, ""12"": -9095.044486406476, ""13"": -9051.45857204282, ""14"": -9023.558374399936, ""15"": -8978.838713705454}",13.05537748336792
prinz1d,subsample,vae,4000,10,1,8,4,4,0.15725,9,0.5654095574831307,0.7363396850829749,0,13,0.4430540152462094,0.6795821763633239,0,1,0.0,0.0,0,4,0.891224513989056,0.879646317670743,0,2,0.3663738712327415,0.4662599698099703,0,0.891224513989056,0.879646317670743,0.698,"{""1"": -9441.120230735769, ""2"": -10481.091689994419, ""3"": -10594.439565378223, ""4"": -11073.38211106761, ""5"": -11189.140860737582, ""6"": -11329.150068478953, ""7"": -11380.838145997954, ""8"": -11380.511675342617, ""9"": -11400.789267082699, ""10"": -11386.69785065564, ""11"": -11394.253920740446, ""12"": -11385.96195688066, ""13"": -11348.93785515908, ""14"": -11308.875201783903, ""15"": -11273.03398820099}",12.931463718414307
prinz1d,subsample,vae,4000,10,1,9,4,4,0.15075,7,0.7277901165908657,0.7925353419597142,0,13,0.4509902606930952,0.6851036062418803,0,6,0.8363582824312049,0.8481321581362739,0,4,0.9349840281962514,0.9147445813463356,0,2,0.308615234469347,0.4349803452209573,0,0.9349840281962514,0.9147445813463356,0.4715,"{""1"": -7551.5646945085045, ""2"": -8360.115638680038, ""3"": -8619.452420162814, ""4"": -9091.281497631599, ""5"": -9158.07977831101, ""6"": -9292.155743565221, ""7"": -9304.732580084034, ""8"": -9275.287009671583, ""9"": -9266.217640588295, ""10"": -9242.219004266439, ""11"": -9206.170394127546, ""12"": -9181.015155740633, ""13"": -9147.241773837239, ""14"": -9109.25491542257, ""15"": -9068.643160312231}",12.516499042510986
prinz1d,subsample,vae,4000,10,1,10,4,4,0.1655,9,0.6051613329728145,0.7387207670514047,0,15,0.3699489813927608,0.6567143354903238,1,4,0.8167258442630196,0.8202526049418667,0,4,0.8167258442630196,0.8202526049418667,0,2,0.17005940342616782,0.35971811163773887,0,0.8167258442630196,0.8202526049418667,0.6419999999999999,"{""1"": -2064.244657321085, ""2"": -4836.788728646503, ""3"": -5290.686136391412, ""4"": -6466.208879627177, ""5"": -6538.825648016316, ""6"": -7033.395931882452, ""7"": -7123.489716403759, ""8"": -7270.7787685709445, ""9"": -7361.072876497384, ""10"": -7358.7815131952575, ""11"": -7335.915775237691, ""12"": -7340.026705466156, ""13"": -7305.973204334001, ""14"": -7286.158931901414, ""15"": -7283.46717284999}",13.443204402923584
prinz1d,subsample,vae,4000,10,1,11,4,4,0.18675,11,0.5049332959066553,0.7075787369201253,0,14,0.444975614280811,0.6774168672976245,0,5,0.7283972403136464,0.7925209394423997,0,6,0.7087639864189994,0.776060994191695,0,2,0.0819711681242857,0.21409716803971793,0,0.7609613259801663,0.8180125115384139,0.9104999999999999,"{""1"": -6777.593082436439, ""2"": -7850.342139193773, ""3"": -8166.790705552879, ""4"": -9024.677707390869, ""5"": -9529.227324175175, ""6"": -9543.91230306095, ""7"": -9682.79588729433, ""8"": -9796.376900498986, ""9"": -9860.449694923956, ""10"": -9954.419234824027, ""11"": -9959.310763301002, ""12"": -9933.380693735622, ""13"": -9902.0351809532, ""14"": -9870.288033707937, ""15"": -9826.408704916988}",13.285054683685303
prinz1d,subsample,vae,4000,10,1,12,4,4,0.20125,15,0.3958981676445759,0.6643141712067817,1,15,0.3958981676445759,0.6643141712067817,1,5,0.8011328401103652,0.813635582275648,0,4,0.8331531150259276,0.8431298252131847,0,2,0.0041653483179052925,0.03830804404638616,0,0.8331531150259276,0.8431298252131847,1.1545000000000003,"{""1"": -7499.621532423241, ""2"": -9066.49114444218, ""3"": -9507.960600266997, ""4"": -10970.31528150811, ""5"": -12305.210434824852, ""6"": -12705.796504195107, ""7"": -12825.556006833098, ""8"": -12875.60431350335, ""9"": -12880.974939138307, ""10"": -12876.944219885328, ""11"": -12923.857269907034, ""12"": -12924.581534732015, ""13"": -12931.913900137104, ""14"": -12916.269126144618, ""15"": -12939.996759126916}",13.544080018997192
prinz1d,subsample,vae,4000,10,1,13,4,4,0.15,9,0.56234014668127,0.7366542343797964,0,13,0.4327808771185585,0.6795860464110832,0,1,0.0,0.0,0,8,0.6410492409367676,0.7780083866409019,0,2,0.37487182454497264,0.4881894446646725,0,0.7597255288461994,0.822532681408684,0.7414999999999999,"{""1"": -7922.464541141091, ""2"": -7945.5384798108435, ""3"": -8715.356862808647, ""4"": -9117.507419877906, ""5"": -9200.870555823949, ""6"": -9319.716398628923, ""7"": -9380.27657870838, ""8"": -9386.101947429806, ""9"": -9392.911063273523, ""10"": -9367.278295016491, ""11"": -9349.312426978227, ""12"": -9331.148016698242, ""13"": -9297.082161752554, ""14"": -9257.964783153715, ""15"": -9215.413916803518}",13.077975034713745
prinz1d,subsample,vae,4000,10,1,14,4,4,0.16525,11,0.461997162386876,0.6898185596748614,0,15,0.3794449811598703,0.6518703404623308,1,6,0.7253520679965438,0.786291954911502,0,4,0.8871522800086378,0.8645428442164074,0,2,0.26422381920228555,0.35374672075760144,0,0.8871522800086378,0.8645428442164074,0.9465,"{""1"": -7646.827714345015, ""2"": -8005.803228589633, ""3"": -8792.948283678212, ""4"": -9257.758343846444, ""5"": -9472.564758518858, ""6"": -9818.58652724345, ""7"": -9905.300623167874, ""8"": -10004.155809667533, ""9"": -10039.417667795458, ""10"": -10055.184862745573, ""11"": -10060.153536172162, ""12"": -10033.05621895505, ""13"": -10014.98179462736, ""14"": -9988.589298675724, ""15"": -9950.919317290627}",13.15967583656311
prinz1d,subsample,vae,4000,10,1,15,4,4,0.14225,9,0.567209087704669,0.7285333039909659,0,11,0.5008143130500204,0.6944751776869059,0,1,0.0,0.0,0,5,0.8149253424944906,0.8571902373177581,0,2,0.30003964540969136,0.4328739486700694,0,0.9071392330854825,0.8963587156561978,0.6255,"{""1"": -5541.844082460443, ""2"": -5740.8942585922605, ""3"": -5965.71854870676, ""4"": -6419.461062385423, ""5"": -6486.670334719349, ""6"": -6730.9373515930665, ""7"": -6829.848400994545, ""8"": -6873.919478332206, ""9"": -6897.381636900803, ""10"": -6865.399060715894, ""11"": -6850.401941096833, ""12"": -6805.3907160575545, ""13"": -6773.341993318447, ""14"": -6735.411976134807, ""15"": -6685.1754115696185}",13.171163082122803
prinz1d,subsample,vae,4000,10,1,16,4,4,0.17625,9,0.5913007951401261,0.7434500424723931,0,14,0.405879828097688,0.6680611569906563,0,5,0.8579261237496602,0.8623285318737568,0,4,0.8952358840539554,0.8740279131150074,0,2,0.41180132980671663,0.5314392872896,0,0.8952358840539554,0.8740279131150074,0.6675,"{""1"": -9738.093136785066, ""2"": -10053.077604394839, ""3"": -10356.606138199215, ""4"": -10878.516703886844, ""5"": -11134.81830471357, ""6"": -11195.996225099692, ""7"": -11246.175794678325, ""8"": -11269.914730016479, ""9"": -11280.470832198655, ""10"": -11247.046694749886, ""11"": -11200.019042977035, ""12"": -11161.539310825565, ""13"": -11130.25093178785, ""14"": -11118.0572669266, ""15"": -11067.45603119374}",12.551347017288208
prinz1d,subsample,vae,4000,10,1,17,4,4,0.1585,10,0.5355752388600462,0.7256069589495757,0,14,0.43687993151052806,0.6846025601553185,0,1,0.0,0.0,0,4,0.8636511383213643,0.8549661720740195,0,2,0.4213462282272922,0.5280769670336043,0,0.8636511383213643,0.8549661720740195,0.7449999999999999,"{""1"": -7695.675215086501, ""2"": -7782.634135624016, ""3"": -8276.425449261293, ""4"": -8667.468374218886, ""5"": -8814.972564207479, ""6"": -8968.238356853824, ""7"": -8979.469414373358, ""8"": -9073.453431749802, ""9"": -9145.23511157057, ""10"": -9168.126759403123, ""11"": -9146.557134739633, ""12"": -9126.882035457444, ""13"": -9094.316688343148, ""14"": -9058.16022235909, ""15"": -9008.860547751114}",13.151561737060547
prinz1d,subsample,vae,4000,10,1,18,4,4,0.1645,6,0.6971537205842596,0.78729176634487,0,13,0.47169601361265756,0.6963087380066363,0,1,0.0,0.0,0,2,0.43058068919300224,0.551200049152216,0,2,0.43058068919300224,0.551200049152216,0,0.8437035350300264,0.8551184264263046,0.41800000000000004,"{""1"": 5113.397721697651, ""2"": 4956.0998051765455, ""3"": 4861.678701083311, ""4"": 4419.129860576002, ""5"": 4448.607114135607, ""6"": 4407.049156279236, ""7"": 4453.270886279074, ""8"": 4455.722047954311, ""9"": 4486.822999589446, ""10"": 4513.170030924145, ""11"": 4543.06704354068, ""12"": 4587.238807741851, ""13"": 4616.229430372324, ""14"": 4667.375959255442, ""15"": 4707.172306756929}",13.101018905639648
prinz1d,subsample,vae,4000,10,1,19,4,4,0.183,9,0.5651864182968935,0.7451842403397332,0,13,0.4275744663751552,0.6824550031579061,0,5,0.8448680276244607,0.8462990603858447,0,5,0.8448680276244607,0.8462990603858447,0,2,0.34177213956116004,0.45056602008697083,0,0.8409932273058709,0.8482456476349469,0.7929999999999999,"{""1"": -2157.530396117364, ""2"": -4602.589631205594, ""3"": -4787.40195794302, ""4"": -5389.290767889014, ""5"": -5389.076990225257, ""6"": -5366.650316636047, ""7"": -5392.199469057055, ""8"": -5400.243294290844, ""9"": -5418.281951661944, ""10"": -5398.267518783503, ""11"": -5379.422006928366, ""12"": -5375.944881878042, ""13"": -5351.702241191686, ""14"": -5305.059526273399, ""15"": -5266.286978060181}",13.093440294265747
prinz1d,subsample,vae,8000,10,1,0,4,4,0.1525,9,0.5085697917227506,0.7055841231708768,0,15,0.36147459771429874,0.649387035675146,1,6,0.7647221638568257,0.8042382111070252,0,5,0.8001849533179358,0.834286311250992,0,2,0.33350376364818035,0.4628571419966246,0,0.7923446029885396,0.8259797795574174,0.7777499999999999,"{""1"": -14774.57160813741, ""2"": -16653.44333477852, ""3"": -17217.33017398668, ""4"": -17939.363438703655, ""5"": -18033.872937843826, ""6"": -18413.100349914163, ""7"": -18592.12431539418, ""8"": -18770.22342955755, ""9"": -18770.78604860698, ""10"": -18738.961811112058, ""11"": -18742.819073370072, ""12"": -18735.074371480223, ""13"": -18726.73260790738, ""14"": -18712.501403069542, ""15"": -18670.867924751332}",20.0926616191864
prinz1d,subsample,vae,8000,10,1,1,4,4,0.18,11,0.4981685636504119,0.7052289424065538,0,15,0.38303308566074373,0.6516041227199333,1,1,0.0,0.0,0,8,0.6391962991225798,0.7642601617786737,0,2,0.3709806045119711,0.4655393021162241,0,0.7684652817997376,0.8115925855573813,0.9027499999999999,"{""1"": -18404.51119940103, ""2"": -19144.84570560487, ""3"": -19115.827080046747, ""4"": -20424.651274207998, ""5"": -20808.110487268677, ""6"": -21006.515664327962, ""7"": -20993.021740301232, ""8"": -21105.226674739268, ""9"": -21192.403971319924, ""10"": -21193.38338353008, ""11"": -21202.929494658256, ""12"": -21191.159439445226, ""13"": -21146.58216211828, ""14"": -21116.712913062798, ""15"": -21083.103779331992}",19.75878596305847
prinz1d,subsample,vae,8000,10,1,2,4,4,0.153875,11,0.45179691783470166,0.6826780887067087,0,14,0.3946380768372768,0.6641164142994725,0,5,0.7176800307798228,0.789011187550237,0,6,0.6370168289010679,0.7620409236869006,0,2,0.28572804312738875,0.42901062528785694,0,0.7370316358698249,0.8037661826505774,0.9025,"{""1"": -5739.403346219205, ""2"": -8331.457252908707, ""3"": -8956.39530866155, ""4"": -9654.483039388357, ""5"": -9760.655996648748, ""6"": -9855.4158674737, ""7"": -9987.690657131514, ""8"": -10074.351409422738, ""9"": -10080.67787805245, ""10"": -10122.013247631026, ""11"": -10137.6457286593, ""12"": -10122.733279855995, ""13"": -10113.609845010644, ""14"": -10076.956409600887, ""15"": -10020.928218420775}",19.738481760025024
prinz1d,subsample,vae,8000,10,1,3,4,4,0.150625,11,0.4815043837561416,0.6968031238608947,0,15,0.3768826790387117,0.6504208879019985,1,1,0.0,0.0,0,6,0.755701368087463,0.8005430878647083,0,2,0.04743244086540058,0.11727378629486986,0,0.8384961384714621,0.8507699037002074,0.8735,"{""1"": -11730.050373410402, ""2"": -13015.898861400776, ""3"": -13365.489774052778, ""4"": -14278.955166150616, ""5"": -14310.130684137162, ""6"": -15108.530801239709, ""7"": -15240.835110972183, ""8"": -15344.161366260914, ""9"": -15387.326027981133, ""10"": -15373.195179708784, ""11"": -15388.275093425222, ""12"": -15335.896778711023, ""13"": -15303.652388313123, ""14"": -15274.728571695858, ""15"": -15238.26175944833}",19.802342891693115
prinz1d,subsample,vae,8000,10,1,4,4,4,0.152125,12,0.42607564101508566,0.6847674648913045,0,15,0.35235549532130345,0.645777992166995,1,1,0.0,0.0,0,4,0.9132382509245882,0.8927185651126549,0,2,0.3951912628507831,0.49796538076142205,0,0.9132382509245882,0.8927185651126549,1.04275,"{""1"": -18934.589939054855, ""2"": -19531.918629301093, ""3"": -19764.019335228008, ""4"": -21003.071529184726, ""5"": -21301.245350297453, ""6"": -21651.636460480568, ""7"": -21778.50829351434, ""8"": -21904.209916854885, ""9"": -21974.54760763113, ""10"": -21980.168667947895, ""11"": -21994.305210634775, ""12"": -22050.984410915393, ""13"": -22002.76554066074, ""14"": -21988.95374988932, ""15"": -21959.58819168613}",19.05316162109375
prinz1d,subsample,vae,8000,10,1,5,4,4,0.187625,7,0.6511608784800197,0.7457021509934135,0,15,0.35070514364124505,0.6294052285911103,1,4,0.89234414040751,0.8796126181010507,0,3,0.6021014196123369,0.7353464988384637,0,2,0.4658383782506732,0.6004641785179861,0,0.89234414040751,0.8796126181010507,0.5197499999999999,"{""1"": 41032.920518986655, ""2"": 36108.42991386756, ""3"": 35099.127229671394, ""4"": 33738.17148876722, ""5"": 33704.185156830994, ""6"": 33574.55690865236, ""7"": 33529.69700344369, ""8"": 33672.6653935869, ""9"": 33702.99953433396, ""10"": 33688.316899036305, ""11"": 33591.71041652516, ""12"": 33579.90391116671, ""13"": 33623.29420946984, ""14"": 33670.949967985485, ""15"": 33690.86334468971}",20.743079900741577
prinz1d,subsample,vae,8000,10,1,6,4,4,0.14525,9,0.5734199817406668,0.7339538054474926,0,15,0.3858590970616531,0.6514637407565913,1,6,0.7567705249103116,0.7973508678860872,0,2,0.4418099771098822,0.5621083804240656,0,2,0.4418099771098822,0.5621083804240656,0,0.7934056624606229,0.8311954881424884,0.6154999999999999,"{""1"": -14600.556742967476, ""2"": -15211.987716496693, ""3"": -16416.59480884175, ""4"": -17453.41894388073, ""5"": -17507.104321586303, ""6"": -18056.223407161797, ""7"": -18170.469367260066, ""8"": -18313.572777838057, ""9"": -18365.107271759887, ""10"": -18363.7804946848, ""11"": -18333.026205270955, ""12"": -18339.09472637338, ""13"": -18322.50420735157, ""14"": -18358.816620803234, ""15"": -18334.51473498388}",20.17684769630432
prinz1d,subsample,vae,8000,10,1,7,4,4,0.180875,12,0.4499467575317982,0.6834116339202145,0,15,0.36757353657178893,0.6503774101225239,1,6,0.566486344816066,0.7168812287191094,0,5,0.6962546529018558,0.7590276279508504,0,2,0.3699409662777982,0.4692303877502156,0,0.8588263495260685,0.8487627660677175,0.9889999999999999,"{""1"": -18697.04915569584, ""2"": -20445.336441015865, ""3"": -20738.667188952895, ""4"": -21702.829405908193, ""5"": -22568.28893572705, ""6"": -23814.6675184051, ""7"": -24206.268681173646, ""8"": -24351.091712308167, ""9"": -24480.874283789173, ""10"": -24609.719160456792, ""11"": -24657.300553144127, ""12"": -24688.414337791946, ""13"": -24674.558449533553, ""14"": -24674.123813096347, ""15"": -24656.351947530442}",20.924717903137207
prinz1d,subsample,vae,8000,10,1,8,4,4,0.158875,9,0.5644444137638955,0.7399694428323688,0,14,0.38837068408640407,0.6628143339062714,0,4,0.8514837318631525,0.8570141746790529,0,4,0.8514837318631525,0.8570141746790529,0,2,0.34748238718615837,0.46249616769115093,0,0.8514837318631525,0.8570141746790529,0.75125,"{""1"": 7251.233814778434, ""2"": 4357.296851203083, ""3"": 3795.2082924100614, ""4"": 3100.3049153823463, ""5"": 3095.7411113677344, ""6"": 2976.0499311595786, ""7"": 2932.6692175101334, ""8"": 2898.422395349886, ""9"": 2806.648667369886, ""10"": 2810.355362402542, ""11"": 2838.7155157026955, ""12"": 2875.956660483496, ""13"": 2931.471823141231, ""14"": 2942.2252741217662, ""15"": 2996.3603490621617}",20.50210213661194
prinz1d,subsample,vae,8000,10,1,9,4,4,0.15125,11,0.487498342068378,0.7008181817821464,0,15,0.38488951800226084,0.6600662737370281,1,1,0.0,0.0,0,4,0.9265040588584744,0.9047172659628316,0,2,0.3680971244306645,0.48459522216929246,0,0.9265040588584744,0.9047172659628316,0.8705,"{""1"": -24610.247193538537, ""2"": -24996.67775740785, ""3"": -25265.21727674864, ""4"": -26333.51738984394, ""5"": -26555.93541752874, ""6"": -26679.64439999284, ""7"": -26787.016518377637, ""8"": -26975.70647004702, ""9"": -27035.77651868895, ""10"": -27138.38386682425, ""11"": -27174.470683975273, ""12"": -27154.20956436671, ""13"": -27172.28193894229, ""14"": -27151.939144628526, ""15"": -27132.23234597428}",19.42575764656067
prinz1d,subsample,vae,8000,10,1,10,4,4,0.164625,10,0.5407586003809293,0.7340845469836264,0,14,0.4070281114240707,0.6679321905032626,0,4,0.9108793375383373,0.9025434824467182,0,5,0.8369882916602274,0.857429155415474,0,2,0.3709399711430671,0.4826414778568332,0,0.9108793375383373,0.9025434824467182,0.802,"{""1"": -10020.364625240034, ""2"": -12672.729822774998, ""3"": -13383.54026790797, ""4"": -14727.056380324599, ""5"": -14756.997569386447, ""6"": -14856.245866389565, ""7"": -14918.07633725401, ""8"": -15007.453240330555, ""9"": -15036.874463715032, ""10"": -15089.14386113405, ""11"": -15062.610900835014, ""12"": -15028.806241144091, ""13"": -14988.181356653618, ""14"": -14958.107180319359, ""15"": -14908.693513952745}",20.14327597618103
prinz1d,subsample,vae,8000,10,1,11,4,4,0.185,9,0.6401282101213694,0.7545083401440817,0,15,0.3916373423681897,0.6609929211087188,1,6,0.7917896501492789,0.8165566660598802,0,4,0.8986165094356207,0.8803518762368446,0,2,0.3362826038882721,0.45895024873268425,0,0.8986165094356207,0.8803518762368446,0.621,"{""1"": -18338.533784752446, ""2"": -19775.682564421902, ""3"": -20906.561147602413, ""4"": -22451.04976311194, ""5"": -23257.959548766084, ""6"": -23504.78071521949, ""7"": -23576.16633404822, ""8"": -23708.72926382369, ""9"": -23773.14470924447, ""10"": -23740.98931113283, ""11"": -23734.817941447287, ""12"": -23720.388673616377, ""13"": -23689.44491157818, ""14"": -23668.719730046094, ""15"": -23634.80589035081}",19.86808180809021
prinz1d,subsample,vae,8000,10,1,12,4,4,0.200375,9,0.5993857650917855,0.7567138610190791,0,15,0.43673268409531085,0.6793410040377648,1,1,0.0,0.0,0,6,0.8582618193815857,0.865826388935456,0,2,0.3929755906108192,0.49686472534332443,0,0.9156339378577388,0.9030856467458295,0.74325,"{""1"": -19786.975684161076, ""2"": -20222.410658374694, ""3"": -20701.143112852715, ""4"": -21692.695489056772, ""5"": -22075.552506462296, ""6"": -22040.02874670363, ""7"": -22099.92877100514, ""8"": -22271.722484730446, ""9"": -22286.557174223035, ""10"": -22254.010573290496, ""11"": -22216.796354020607, ""12"": -22186.93207956293, ""13"": -22161.253948986534, ""14"": -22126.380733594484, ""15"": -22092.080343014335}",19.77184534072876
prinz1d,subsample,vae,8000,10,1,13,4,4,0.152625,10,0.49218199521007716,0.7002848174817857,0,14,0.40016015218244594,0.6627622699066701,0,4,0.8078492327189144,0.8497035394365503,0,4,0.8078492327189144,0.8497035394365503,0,2,0.2515926116337342,0.3716106378604711,0,0.8078492327189144,0.8497035394365503,0.8597499999999999,"{""1"": -12792.877524717855, ""2"": -15086.261330184774, ""3"": -16462.503959620462, ""4"": -17227.594092611584, ""5"": -17640.369897412766, ""6"": -18022.84715220732, ""7"": -18439.2408220235, ""8"": -18544.619063942722, ""9"": -18567.882439121375, ""10"": -18606.609917331483, ""11"": -18593.29742037505, ""12"": -18596.648457215746, ""13"": -18576.021690077334, ""14"": -18534.612099048933, ""15"": -18480.565700309442}",20.702166080474854
prinz1d,subsample,vae,8000,10,1,14,4,4,0.165125,12,0.4436985494714149,0.6910651159694656,0,15,0.39188753800996456,0.660847503858962,1,1,0.0,0.0,0,6,0.7803502161113367,0.811591927974785,0,2,0.3816049717870484,0.4894007207723682,0,0.8074680224638987,0.8286212036993643,1.02975,"{""1"": -12741.795676629028, ""2"": -14108.246663676699, ""3"": -14390.38672036522, ""4"": -15380.19621949778, ""5"": -15764.762805842103, ""6"": -15759.172325269124, ""7"": -15821.06902546194, ""8"": -15849.431369615646, ""9"": -15860.873551813145, ""10"": -15869.23962500299, ""11"": -15855.358223654359, ""12"": -15872.653566588418, ""13"": -15838.425093936097, ""14"": -15804.20878608205, ""15"": -15766.166533150878}",19.705998420715332
prinz1d,subsample,vae,8000,10,1,15,4,4,0.138375,13,0.3929185854519707,0.6650949900226103,0,15,0.33618932208868235,0.6397333351842469,1,5,0.7807545437711862,0.8031834906984634,0,4,0.9221766266048522,0.8981346891301443,0,2,0.41484096158481554,0.533857910518405,0,0.9221766266048522,0.8981346891301443,1.0742500000000001,"{""1"": -21813.819077069817, ""2"": -22236.620099469557, ""3"": -23369.066516690666, ""4"": -24102.38878944197, ""5"": -25524.78733289501, ""6"": -25719.031340123518, ""7"": -25968.215133881673, ""8"": -26198.34452776596, ""9"": -26328.7333259511, ""10"": -26317.59022324923, ""11"": -26416.859932300238, ""12"": -26390.056743249115, ""13"": -26419.753438436055, ""14"": -26393.76161914963, ""15"": -26360.040651843523}",19.674081087112427
prinz1d,subsample,vae,8000,10,1,16,4,4,0.17825,8,0.6443403418812736,0.779935648572828,0,14,0.3998765601946369,0.6693839668837159,0,1,0.0,0.0,0,4,0.9258960982350715,0.9048642843390708,0,2,0.4139600396028329,0.5197770057806481,0,0.9258960982350715,0.9048642843390708,0.6307499999999999,"{""1"": -884.8510737382496, ""2"": -1582.7769663868019, ""3"": -1673.6579460208607, ""4"": -2324.001323430154, ""5"": -2449.826113556102, ""6"": -2514.224075873075, ""7"": -2635.8950046816526, ""8"": -2690.625455466015, ""9"": -2666.2188908810904, ""10"": -2640.304933945915, ""11"": -2612.3622873892245, ""12"": -2575.591505159332, ""13"": -2535.221617703277, ""14"": -2493.598367640664, ""15"": -2443.545966781616}",19.776829481124878
prinz1d,subsample,vae,8000,10,1,17,4,4,0.157875,12,0.4522929459078629,0.6789371048923806,0,14,0.3915290013384889,0.6610512348515556,0,1,0.0,0.0,0,2,0.4673850729833345,0.6028948701040344,0,2,0.4673850729833345,0.6028948701040344,0,0.8598519039682315,0.8599772681151052,0.97675,"{""1"": -20563.6147460006, ""2"": -20723.109882448385, ""3"": -20955.622191237697, ""4"": -22162.093608274026, ""5"": -22842.516989837757, ""6"": -23072.54353188601, ""7"": -23166.742296813853, ""8"": -23257.700753127123, ""9"": -23301.31893903237, ""10"": -23393.238853527517, ""11"": -23413.09609183771, ""12"": -23434.7829175505, ""13"": -23409.26429049241, ""14"": -23418.4646036967, ""15"": -23369.808198666033}",18.94299626350403
prinz1d,subsample,vae,8000,10,1,18,4,4,0.166125,10,0.5374115703843186,0.7311168645535788,0,14,0.3956439947066899,0.660136011519797,0,1,0.0,0.0,0,4,0.9312386709287233,0.9111996803876052,0,2,0.383190627208979,0.48342422905502974,0,0.9312386709287233,0.9111996803876052,0.84575,"{""1"": -16923.83653752026, ""2"": -17162.40753903639, ""3"": -17363.853447405752, ""4"": -18166.281165706405, ""5"": -18272.903214713926, ""6"": -18450.620356544954, ""7"": -18503.02848561918, ""8"": -18580.490144473766, ""9"": -18601.255202153003, ""10"": -18614.446870291617, ""11"": -18578.16709527014, ""12"": -18545.133995106666, ""13"": -18504.66901980696, ""14"": -18472.929841945574, ""15"": -18423.98130477367}",19.521215200424194
prinz1d,subsample,vae,8000,10,1,19,4,4,0.18575,11,0.4696865784611522,0.7020286466409167,0,15,0.39797254006151733,0.665112693429084,1,1,0.0,0.0,0,4,0.8719540351567403,0.8538716438571793,0,2,0.41197949487493546,0.5162419250659426,0,0.8719540351567403,0.8538716438571793,0.9924999999999999,"{""1"": -20168.657271461205, ""2"": -20575.531170596758, ""3"": -20914.685543441916, ""4"": -22344.902262533276, ""5"": -22733.34496276175, ""6"": -23134.38378030127, ""7"": -23107.44813901343, ""8"": -23184.49555333814, ""9"": -23249.795575401182, ""10"": -23258.840912990978, ""11"": -23262.288180599266, ""12"": -23257.68018265891, ""13"": -23230.07796974113, ""14"": -23193.402571343362, ""15"": -23175.779732119143}",19.7568998336792
prinz1d,subsample,vae,16000,10,1,0,4,4,0.1525625,12,0.4217025039834575,0.6727543765510994,0,15,0.3693894375217211,0.6459496093930029,1,1,0.0,0.0,0,4,0.9131238540294656,0.896678079113687,0,2,0.37119762274734397,0.46922912292674634,0,0.9131238540294656,0.896678079113687,1.0088750000000002,"{""1"": -31546.61245086437, ""2"": -35299.784702476696, ""3"": -36024.97393536362, ""4"": -36942.26961882368, ""5"": -37852.5648843119, ""6"": -38737.78426009754, ""7"": -39393.344654958855, ""8"": -39727.30069355029, ""9"": -39826.29499245503, ""10"": -39834.413332790784, ""11"": -39878.859958353234, ""12"": -39988.16282814021, ""13"": -39924.94255022932, ""14"": -39885.403546907226, ""15"": -39895.2487212428}",57.82975506782532
prinz1d,subsample,vae,16000,10,1,1,4,4,0.1794375,11,0.48127899027858156,0.699583665736552,0,14,0.4273889995231507,0.6767839232448044,0,4,0.930460029291259,0.9159075065573856,0,4,0.930460029291259,0.9159075065573856,0,2,0.2431021251389417,0.40230344730637535,0,0.930460029291259,0.9159075065573856,0.9067500000000001,"{""1"": -39503.83969092426, ""2"": -43178.32054391233, ""3"": -43953.341415608265, ""4"": -46177.21505231443, ""5"": -46472.93871882364, ""6"": -46848.913527480974, ""7"": -47240.04411674365, ""8"": -47538.91458094636, ""9"": -47901.27026739045, ""10"": -48072.592803802065, ""11"": -48189.619826531125, ""12"": -48163.44673511958, ""13"": -48138.54617258641, ""14"": -48130.65817218818, ""15"": -48063.930668170266}",59.13296699523926
prinz1d,subsample,vae,16000,10,1,2,4,4,0.153375,13,0.4200151559563133,0.6760551078746571,0,13,0.4200151559563133,0.6760551078746571,0,1,0.0,0.0,0,3,0.7340096037299831,0.7425437893290491,0,2,0.3546932214099452,0.48163191896452834,0,0.8878684242369629,0.8660614175224423,0.9974999999999999,"{""1"": -34833.61923204563, ""2"": -35993.18965725049, ""3"": -37726.95360477675, ""4"": -39343.63467518788, ""5"": -39867.53450719894, ""6"": -41028.4736481927, ""7"": -41141.24064093089, ""8"": -41116.45144934846, ""9"": -41543.27873285788, ""10"": -41573.405877210076, ""11"": -41656.001597195296, ""12"": -41711.26991592292, ""13"": -41774.05725374417, ""14"": -41724.01724340109, ""15"": -41659.04382691841}",57.28430724143982
prinz1d,subsample,vae,16000,10,1,3,4,4,0.1494375,11,0.4361902854145315,0.654943624384622,0,14,0.3714107995114576,0.6231695094527588,0,4,0.8602387370952401,0.8561278869101977,0,2,0.3362544907732831,0.4288043003416985,0,2,0.3362544907732831,0.4288043003416985,0,0.8602387370952401,0.8561278869101977,0.977125,"{""1"": 58643.21272333132, ""2"": 52982.716577565705, ""3"": 52170.04501213636, ""4"": 50039.21401970763, ""5"": 50159.69120577972, ""6"": 49959.41258165414, ""7"": 50020.39439505195, ""8"": 49852.48961931349, ""9"": 49899.59097871887, ""10"": 49885.77529048758, ""11"": 49740.83898014018, ""12"": 49773.661538862245, ""13"": 49834.03483386468, ""14"": 49804.77304050989, ""15"": 49858.39435945357}",61.29687976837158
prinz1d,subsample,vae,16000,10,1,4,4,4,0.1521875,11,0.45188501364548295,0.6866271918225969,0,15,0.3972418087230383,0.6610233984912075,1,1,0.0,0.0,0,6,0.7189202222376265,0.7928985763635116,0,2,0.3662625782717925,0.48357724891819903,0,0.785291596447059,0.8294717539745535,0.9423749999999999,"{""1"": -27509.04607195083, ""2"": -28258.963610352166, ""3"": -30335.64317178248, ""4"": -32042.227817577026, ""5"": -32237.16415761341, ""6"": -32890.805726317165, ""7"": -33159.86322187204, ""8"": -33267.91505798366, ""9"": -33301.45684952101, ""10"": -33348.58746139012, ""11"": -33359.731210811544, ""12"": -33341.290903250956, ""13"": -33316.80385687714, ""14"": -33294.114831671046, ""15"": -33263.42514776813}",58.6363582611084
prinz1d,subsample,vae,16000,10,1,5,4,4,0.189125,13,0.43388183393471685,0.6862489873341241,0,14,0.41774789611341256,0.6754371620137598,0,1,0.0,0.0,0,4,0.924615923209409,0.9077768701663407,0,2,0.3958828704486166,0.49901121612685906,0,0.924615923209409,0.9077768701663407,1.0547499999999999,"{""1"": -39468.77632309092, ""2"": -41223.58421469065, ""3"": -41656.279564009536, ""4"": -43717.46186053674, ""5"": -44155.40052745894, ""6"": -44490.8164944314, ""7"": -44670.43081530353, ""8"": -44856.37551234331, ""9"": -44889.79164971143, ""10"": -44972.21599564181, ""11"": -45038.719252868854, ""12"": -45029.427089027085, ""13"": -45039.7308246049, ""14"": -45000.52864304934, ""15"": -44950.19962845474}",57.79747128486633
prinz1d,subsample,vae,16000,10,1,6,4,4,0.1441875,11,0.48629353001386627,0.6964371046760052,0,15,0.3715304685429539,0.6454544693136919,1,4,0.8482058350624376,0.8488316584833241,0,4,0.8482058350624376,0.8488316584833241,0,2,0.3882898218657184,0.47676383239721076,0,0.8482058350624376,0.8488316584833241,0.8407499999999999,"{""1"": -39172.21953212511, ""2"": -45808.00248592284, ""3"": -47840.3960536745, ""4"": -49753.73831084565, ""5"": -50253.210415744674, ""6"": -50521.96734605193, ""7"": -50531.167013891965, ""8"": -50623.08983205921, ""9"": -50638.30045677672, ""10"": -50647.45105968955, ""11"": -50660.56261881236, ""12"": -50636.756750463035, ""13"": -50616.17903786008, ""14"": -50570.43058177964, ""15"": -50528.221630586646}",59.713366985321045
prinz1d,subsample,vae,16000,10,1,7,4,4,0.1814375,12,0.43787715688200013,0.6882698041129925,0,15,0.39475742710351225,0.6610485975872309,1,4,0.84517143669232,0.8599786166093999,0,6,0.7737522166862278,0.8052240136816945,0,2,0.3191374055314704,0.4382851768384469,0,0.84517143669232,0.8599786166093999,1.068375,"{""1"": -17806.561862328006, ""2"": -22156.316700791496, ""3"": -22886.5904917504, ""4"": -25123.158808664586, ""5"": -25784.166804685636, ""6"": -26049.814717337984, ""7"": -26161.64697558826, ""8"": -26288.535691285448, ""9"": -26404.356175639852, ""10"": -26739.7756184117, ""11"": -26751.415330586962, ""12"": -26770.07983388434, ""13"": -26764.802875572306, ""14"": -26737.073619502728, ""15"": -26718.65446091643}",61.22533559799194
prinz1d,subsample,vae,16000,10,1,8,4,4,0.15875,11,0.49191112561340217,0.7017942284547077,0,15,0.359344121884469,0.6418947702667286,1,6,0.8199197202419078,0.837972469719172,0,4,0.9260911935575593,0.9104256882068562,0,2,0.3961908580404101,0.49999568303486985,0,0.9260911935575593,0.9104256882068562,0.887625,"{""1"": -24762.86694105739, ""2"": -26658.655609007503, ""3"": -27733.13243460621, ""4"": -29649.51319446033, ""5"": -30050.76740807789, ""6"": -31529.301618666235, ""7"": -31832.0438627713, ""8"": -32059.16596816822, ""9"": -32232.90535940479, ""10"": -32294.98639801893, ""11"": -32307.047110499436, ""12"": -32272.508650774213, ""13"": -32283.147422313377, ""14"": -32274.69268117471, ""15"": -32238.58053901738}",60.07560324668884
prinz1d,subsample,vae,16000,10,1,9,4,4,0.1509375,15,0.389737726840156,0.648009432056422,1,15,0.389737726840156,0.648009432056422,1,6,0.8028099093481565,0.8212729893725944,0,4,0.8937414874494884,0.8806365836439729,0,2,0.364671347962256,0.47338437438935926,0,0.8937414874494884,0.8806365836439729,1.0777499999999998,"{""1"": -38165.05305441213, ""2"": -40715.46995234663, ""3"": -43414.20673378251, ""4"": -44833.14303595521, ""5"": -44993.24301587918, ""6"": -46423.45960365104, ""7"": -46616.291471387514, ""8"": -47405.057780267554, ""9"": -47654.48749983281, ""10"": -47719.70470127319, ""11"": -47685.50316993135, ""12"": -47698.87335322418, ""13"": -47821.21502784387, ""14"": -47832.81109034762, ""15"": -47879.435493298035}",60.48149347305298
prinz1d,subsample,vae,16000,10,1,10,4,4,0.164625,14,0.41782329252441625,0.6738505212595418,0,15,0.40206284545710325,0.6624492883551331,1,6,0.8287207023268927,0.8415653306338381,0,6,0.8287207023268927,0.8415653306338381,0,2,0.29586193662961086,0.4315640567760864,0,0.8930508096366278,0.8816071253452039,1.0618750000000001,"{""1"": -33963.26717893848, ""2"": -40034.29395910421, ""3"": -40952.1621713734, ""4"": -43030.60372636372, ""5"": -44214.99360412483, ""6"": -45200.3132404726, ""7"": -45611.03962028852, ""8"": -46413.28496449007, ""9"": -46697.65188906499, ""10"": -46869.138476171545, ""11"": -46971.5730568758, ""12"": -47029.3057272596, ""13"": -47006.396941257095, ""14"": -47058.724174036965, ""15"": -47017.09848517705}",60.16240310668945
prinz1d,subsample,vae,16000,10,1,11,4,4,0.1846875,15,0.37715507131718257,0.6526609084974035,1,15,0.37715507131718257,0.6526609084974035,1,6,0.7748701797893127,0.8158807974591816,0,4,0.8822471119682095,0.8805263788571734,0,2,0.19615522312873815,0.24420437843864226,0,0.8822471119682095,0.8805263788571734,1.14375,"{""1"": -27437.548283006345, ""2"": -31672.73967208885, ""3"": -35350.63014746295, ""4"": -37127.63552926723, ""5"": -39082.7681446131, ""6"": -40303.40480228374, ""7"": -41368.84750731646, ""8"": -42356.19431532583, ""9"": -42836.78234295784, ""10"": -43098.04500134495, ""11"": -43169.50155820574, ""12"": -43279.987982165396, ""13"": -43364.63728780355, ""14"": -43387.7576627029, ""15"": -43387.80658136599}",59.07363796234131
prinz1d,subsample,vae,16000,10,1,12,4,4,0.2008125,15,0.4008819360877044,0.6691835694365112,1,15,0.4008819360877044,0.6691835694365112,1,5,0.8749403730182542,0.8619733381288441,0,4,0.9233180756237378,0.903294447370365,0,2,0.367202741820131,0.4839561337431939,0,0.9233180756237378,0.903294447370365,1.12175,"{""1"": -33989.0518795043, ""2"": -35173.492883418454, ""3"": -36913.46154247375, ""4"": -39321.77271936668, ""5"": -40291.40062811914, ""6"": -40616.572638472964, ""7"": -41096.6274528665, ""8"": -41190.58277062739, ""9"": -41370.94790851468, ""10"": -41385.32763365696, ""11"": -41636.72479760823, ""12"": -41643.006027309755, ""13"": -41661.96606419118, ""14"": -41693.15808412597, ""15"": -41709.144407864456}",60.61438584327698
prinz1d,subsample,vae,16000,10,1,13,4,4,0.152125,13,0.4129859999252413,0.6738630251811338,0,15,0.3728396465747262,0.6527956324640799,1,1,0.0,0.0,0,2,0.4396997646336556,0.556823754746964,0,2,0.4396997646336556,0.556823754746964,0,0.7641792520202701,0.7974785397906938,1.0556249999999998,"{""1"": -33787.82507223364, ""2"": -34999.301571657474, ""3"": -36621.70125489691, ""4"": -38609.609112952065, ""5"": -39748.632554148775, ""6"": -39139.085311127696, ""7"": -40913.68943679495, ""8"": -41568.63039195692, ""9"": -41862.84994624308, ""10"": -41925.19685501499, ""11"": -42012.16866224818, ""12"": -42088.855089113604, ""13"": -42099.35850929987, ""14"": -42093.5960185069, ""15"": -42060.41163038965}",59.70991086959839
prinz1d,subsample,vae,16000,10,1,14,4,4,0.164625,12,0.446036169546067,0.6935231064233092,0,15,0.37848850950729185,0.6517384930317073,1,5,0.8108273216261465,0.8144999321248825,0,6,0.7869894802700703,0.8158787286977845,0,2,0.15833818964146434,0.28649580323376245,0,0.8077529408652865,0.8182467354190118,1.0183749999999998,"{""1"": -32892.834063743154, ""2"": -35135.79978624867, ""3"": -37488.85724213647, ""4"": -39063.62814073838, ""5"": -40455.98498754637, ""6"": -41193.339349162525, ""7"": -41481.35288870455, ""8"": -41659.61777563623, ""9"": -41743.36657791203, ""10"": -41891.57450797862, ""11"": -42004.59053157277, ""12"": -42044.057830834725, ""13"": -42034.801495371554, ""14"": -41990.677195012046, ""15"": -41971.37736749595}",60.24746775627136
prinz1d,subsample,vae,16000,10,1,15,4,4,0.138625,14,0.36038530570240485,0.647120311079411,0,15,0.35455594868788365,0.647195813919363,1,5,0.7996437326366531,0.8284439234722314,0,5,0.7996437326366531,0.8284439234722314,0,2,0.3980443954138149,0.5212470051983188,0,0.8816841514032606,0.8748864687895478,1.13275,"{""1"": -37108.746211268735, ""2"": -37928.213025056335, ""3"": -40903.632366269696, ""4"": -43164.71236254782, ""5"": -44647.88073812422, ""6"": -45162.7745475033, ""7"": -45470.91579497171, ""8"": -45661.95526597697, ""9"": -45795.9176883929, ""10"": -45959.56398920896, ""11"": -46083.574720058095, ""12"": -46092.50375794153, ""13"": -46100.960353375376, ""14"": -46119.803399230994, ""15"": -46091.02078930524}",61.31465196609497
prinz1d,subsample,vae,16000,10,1,16,4,4,0.17725,11,0.5126314926222365,0.7138757468223511,0,15,0.3832313759057671,0.660493719064323,1,1,0.0,0.0,0,2,0.47171366621523203,0.6146796326904573,0,2,0.47171366621523203,0.6146796326904573,0,0.8861425249750313,0.8660913415035125,0.850375,"{""1"": -39880.648752779765, ""2"": -39920.07957974021, ""3"": -40787.403520416665, ""4"": -43531.31212124845, ""5"": -44189.54072556953, ""6"": -44330.67295107191, ""7"": -44464.34141929943, ""8"": -44648.03285408168, ""9"": -44875.10946260073, ""10"": -44980.5364955232, ""11"": -45073.18343186787, ""12"": -45059.10367340428, ""13"": -45043.13490201176, ""14"": -45038.63129578475, ""15"": -45010.68673735769}",58.12012434005737
prinz1d,subsample,vae,16000,10,1,17,4,4,0.1575,13,0.42212290911911876,0.673472666729052,0,15,0.4011808829126408,0.6606174868837082,1,4,0.9087447243178826,0.9035572222057942,0,5,0.8537617214633058,0.8699397488907865,0,2,0.22272226415442986,0.2295207850250452,0,0.9087447243178826,0.9035572222057942,1.049375,"{""1"": -37063.286965253224, ""2"": -39872.21519953234, ""3"": -41800.1109103867, ""4"": -43745.66237482984, ""5"": -43927.734987159594, ""6"": -44113.32797142096, ""7"": -44285.64331387156, ""8"": -44351.39533770441, ""9"": -44430.80795002047, ""10"": -44447.71002144966, ""11"": -44451.763363140395, ""12"": -44453.42334316782, ""13"": -44473.58936598512, ""14"": -44429.94054606055, ""15"": -44400.94664500812}",59.45640587806702
prinz1d,subsample,vae,16000,10,1,18,4,4,0.1640625,12,0.4516957218890659,0.6899552177465145,0,15,0.3928193327147001,0.6575887240487861,1,1,0.0,0.0,0,5,0.7545170629764645,0.8059769820297827,0,2,0.3614250544910552,0.4720278479787796,0,0.8058533238085056,0.8326515271724485,1.0172500000000002,"{""1"": -23907.38867143845, ""2"": -24648.230211640468, ""3"": -26614.11943636583, ""4"": -29144.48445626285, ""5"": -29723.702268125544, ""6"": -30424.013995579215, ""7"": -30753.741259176317, ""8"": -30871.813660862834, ""9"": -31134.533874701818, ""10"": -31286.567132615866, ""11"": -31282.95939021648, ""12"": -31288.635815145975, ""13"": -31269.139092428122, ""14"": -31227.107776728833, ""15"": -31211.931661215247}",57.832091331481934
prinz1d,subsample,vae,16000,10,1,19,4,4,0.183375,12,0.4570601828971145,0.6928046367885183,0,15,0.3886321206203614,0.6559773950490947,1,6,0.7669370049410926,0.8050670289749006,0,4,0.8660272676098116,0.8576717525142113,0,2,0.35952531047189407,0.45381945472528235,0,0.8660272676098116,0.8576717525142113,1.0065,"{""1"": -44247.32318564656, ""2"": -48280.23899762341, ""3"": -49066.648509160164, ""4"": -51033.36487467595, ""5"": -52932.98720482753, ""6"": -54570.0331201719, ""7"": -55802.02839139269, ""8"": -56549.7583777578, ""9"": -56800.38146017639, ""10"": -56887.13282338013, ""11"": -56879.70263108012, ""12"": -56911.70537134778, ""13"": -56896.91287130217, ""14"": -56875.8573544191, ""15"": -56847.14490003972}",59.645010471343994
prinz1d,subsample,vae,32000,10,1,0,4,4,0.15209375,13,0.4058070940876898,0.6714365429316669,0,15,0.3758233377665473,0.6498814874839361,1,8,0.5965510386044897,0.7607234946597105,0,4,0.9162468050709534,0.8961245313441389,0,2,0.2786996978419437,0.4245446670669147,0,0.9162468050709534,0.8961245313441389,1.0276874999999999,"{""1"": -84307.68194249072, ""2"": -88860.80538475308, ""3"": -94756.102136227, ""4"": -97118.17645858784, ""5"": -98138.86073380263, ""6"": -101693.5571523076, ""7"": -103897.5639490553, ""8"": -104633.81258492086, ""9"": -105717.5059004698, ""10"": -105844.30186380258, ""11"": -106137.37731800633, ""12"": -106335.29625189216, ""13"": -106407.95829318618, ""14"": -106355.27347708461, ""15"": -106403.60594260773}",156.480299949646
prinz1d,subsample,vae,32000,10,1,1,4,4,0.17965625,14,0.406935901754663,0.6666496737995028,0,15,0.3883950410317436,0.6635722245004372,1,5,0.8285543705139445,0.8428805450774985,0,4,0.8969989972609484,0.880705597525093,0,2,0.3379220984654933,0.43602405130607574,0,0.8969989972609484,0.880705597525093,1.1067500000000001,"{""1"": 10849.942350955189, ""2"": -14273.701923002913, ""3"": -17012.009737758723, ""4"": -21755.86374848862, ""5"": -24500.96028468828, ""6"": -27084.768308585444, ""7"": -27416.72500716591, ""8"": -27841.440507331467, ""9"": -27812.25053937065, ""10"": -27882.402048703752, ""11"": -27909.947034892757, ""12"": -27924.686039709395, ""13"": -27877.517750611034, ""14"": -27963.382228545426, ""15"": -27946.57306781432}",157.23256301879883
prinz1d,subsample,vae,32000,10,1,2,4,4,0.15334375,15,0.3536016270298191,0.6489601941810291,1,15,0.3536016270298191,0.6489601941810291,1,2,0.0072319039480955105,0.02694913777444597,0,5,0.7437988498126885,0.798960803392376,0,2,0.0072319039480955105,0.02694913777444597,0,0.8259138282469453,0.8421211172420447,1.2023125000000001,"{""1"": -10745.713584629593, ""2"": -18512.625950972728, ""3"": -18933.43283985889, ""4"": -22379.88244731257, ""5"": -22451.729607702422, ""6"": -26825.484699858793, ""7"": -27342.163354817945, ""8"": -28702.173293345306, ""9"": -28942.094652871343, ""10"": -29426.3130120273, ""11"": -29405.507680776413, ""12"": -29444.19511213829, ""13"": -29608.904082414032, ""14"": -29735.004185362013, ""15"": -29763.351956628434}",155.64767742156982
prinz1d,subsample,vae,32000,10,1,3,4,4,0.14946875,15,0.36046027036585904,0.6526596949946216,1,15,0.36046027036585904,0.6526596949946216,1,4,0.920645963902741,0.9002037579222438,0,5,0.8185396450994024,0.8480818383258705,0,2,0.15709456460083535,0.2806552094430523,0,0.920645963902741,0.9002037579222438,1.1753125,"{""1"": -73649.95048564364, ""2"": -83430.61184638522, ""3"": -85175.50472125079, ""4"": -89628.63955296492, ""5"": -90125.22119872038, ""6"": -91011.36251336258, ""7"": -91125.66883193467, ""8"": -91731.86840880687, ""9"": -92062.6700416217, ""10"": -92145.03426259973, ""11"": -92243.3118500399, ""12"": -92310.72658060785, ""13"": -92367.51847884036, ""14"": -92479.98461949464, ""15"": -92500.71151052784}",155.08393692970276
prinz1d,subsample,vae,32000,10,1,4,4,4,0.1520625,13,0.44530631695285405,0.6745646051709503,0,15,0.392306791137872,0.6588202742215662,1,1,0.0,0.0,0,4,0.8778103426096308,0.8642013328693359,0,2,0.34933243033699546,0.47255839912871,0,0.8778103426096308,0.8642013328693359,0.9174999999999999,"{""1"": -56829.45708729013, ""2"": -62001.35228624487, ""3"": -63025.13302391082, ""4"": -65852.71623966187, ""5"": -66231.90177508538, ""6"": -67073.88186720792, ""7"": -67821.54869933866, ""8"": -68147.42811904293, ""9"": -68576.99043167448, ""10"": -68704.55094033465, ""11"": -68784.21683170646, ""12"": -68781.43212863606, ""13"": -68821.4747938336, ""14"": -68757.59848768442, ""15"": -68803.30815776643}",146.85583519935608
prinz1d,subsample,vae,32000,10,1,5,4,4,0.1884375,13,0.41453418867554626,0.6453740150347753,0,15,0.37942856867773345,0.6304270574198552,1,4,0.8228252947257972,0.8359851956377948,0,3,0.661574869259082,0.7373760338526025,0,3,0.661574869259082,0.7373760338526025,0,0.8228252947257972,0.8359851956377948,1.0133750000000001,"{""1"": 161658.01013952226, ""2"": 137922.55908131317, ""3"": 131593.9230185074, ""4"": 125117.58234000986, ""5"": 124479.8675987245, ""6"": 124307.6169280751, ""7"": 124150.99796406175, ""8"": 123735.31029447824, ""9"": 123649.20498274076, ""10"": 123412.97994066481, ""11"": 123249.34763994454, ""12"": 123212.51772874013, ""13"": 123206.28112252298, ""14"": 123212.00117056911, ""15"": 123245.52007444655}",155.83810949325562
prinz1d,subsample,vae,32000,10,1,6,4,4,0.14396875,15,0.35272281387643273,0.6462768465522473,1,15,0.35272281387643273,0.6462768465522473,1,5,0.7703948039771338,0.7982527512436071,0,4,0.8475475873859382,0.842093688664781,0,2,0.36950323003619917,0.46026470758459104,0,0.8475475873859382,0.842093688664781,1.155,"{""1"": -83915.49113690147, ""2"": -96048.71226569131, ""3"": -99047.83356253161, ""4"": -102796.43080804334, ""5"": -104746.81206562866, ""6"": -106963.57254525188, ""7"": -107818.73967975461, ""8"": -108965.46017048153, ""9"": -108781.18965382635, ""10"": -109289.30420623881, ""11"": -110227.95063309273, ""12"": -110594.68405610674, ""13"": -110579.25443609044, ""14"": -110676.55652428603, ""15"": -110687.88349609336}",159.38618230819702
prinz1d,subsample,vae,32000,10,1,7,4,4,0.18128125,15,0.37592363014931074,0.6508076219354807,1,15,0.37592363014931074,0.6508076219354807,1,1,0.0,0.0,0,4,0.9199413585771978,0.9010123203600445,0,2,0.3825432788458029,0.49686324132874043,0,0.9199413585771978,0.9010123203600445,1.1663125000000003,"{""1"": -81887.76492055868, ""2"": -83506.68060692573, ""3"": -86629.38779841423, ""4"": -91041.65358207293, ""5"": -92672.80002904961, ""6"": -94129.44348336752, ""7"": -95604.64966211034, ""8"": -96488.63099870442, ""9"": -97143.75831655429, ""10"": -97781.06006412914, ""11"": -98152.17079326695, ""12"": -98171.31772806759, ""13"": -98241.0049071212, ""14"": -98371.03298611168, ""15"": -98515.15884645846}",149.80758118629456
prinz1d,subsample,vae,32000,10,1,8,4,4,0.159,15,0.38241293969277157,0.6590519921991626,1,15,0.38241293969277157,0.6590519921991626,1,7,0.6495539148463921,0.7711312095022033,0,4,0.8307604002059615,0.8357249434329326,0,2,0.2989814054614435,0.41888637499650144,0,0.8307604002059615,0.8357249434329326,1.1026875,"{""1"": -80146.90729912012, ""2"": -84315.27191041417, ""3"": -86695.28391393147, ""4"": -91498.83307811077, ""5"": -95891.99153757496, ""6"": -98274.51772145655, ""7"": -100335.72467963892, ""8"": -101662.6272844429, ""9"": -102692.39876478708, ""10"": -102917.95571738493, ""11"": -103036.16137835926, ""12"": -103296.20213411319, ""13"": -103456.53009370502, ""14"": -103639.19971161903, ""15"": -103806.02310904524}",156.93046522140503
prinz1d,subsample,vae,32000,10,1,9,4,4,0.15146875,15,0.40063763710831385,0.663190436378404,1,15,0.40063763710831385,0.663190436378404,1,1,0.0,0.0,0,4,0.8782908557918372,0.8755703015626195,0,2,0.3380281141660262,0.42661218574179877,0,0.8782908557918372,0.8755703015626195,1.0447500000000003,"{""1"": -52847.20934415156, ""2"": -56037.63568503584, ""3"": -56960.14519764671, ""4"": -61573.22404061225, ""5"": -64503.97559680906, ""6"": -65829.92128483388, ""7"": -66371.97919670027, ""8"": -66666.29467436948, ""9"": -66782.55636858522, ""10"": -67019.14771387706, ""11"": -67198.79888128552, ""12"": -67287.8858563886, ""13"": -67385.31071223071, ""14"": -67342.12793232966, ""15"": -67436.53329676391}",149.3051290512085
prinz1d,subsample,vae,32000,10,1,10,4,4,0.1639375,12,0.4918606616715266,0.6998802172126677,0,15,0.3946459891445831,0.6583508257800467,1,1,0.0,0.0,0,4,0.8938753784587868,0.8755597681291387,0,2,0.3520423708002916,0.4439487498934476,0,0.8938753784587868,0.8755597681291387,0.8849999999999999,"{""1"": -70506.24150124635, ""2"": -72024.19139854405, ""3"": -74172.24929244928, ""4"": -78054.51363597195, ""5"": -80553.14733974756, ""6"": -82605.41870893734, ""7"": -82711.21421980092, ""8"": -83218.89703838986, ""9"": -83608.80754077117, ""10"": -84139.54844462933, ""11"": -84314.14702542666, ""12"": -84329.76066113786, ""13"": -84306.29935123395, ""14"": -84287.34695676295, ""15"": -84320.46109294033}",149.5744228363037
prinz1d,subsample,vae,32000,10,1,11,4,4,0.1843125,14,0.40882021798960466,0.6681665073137161,0,15,0.3896737188962757,0.6618206337456349,1,4,0.8652291371368248,0.8556498806873736,0,4,0.8652291371368248,0.8556498806873736,0,2,0.2714855646130064,0.41814107492333064,0,0.8652291371368248,0.8556498806873736,1.0916874999999997,"{""1"": -40350.294836439825, ""2"": -57205.09496843019, ""3"": -59675.48565325009, ""4"": -65787.54978018257, ""5"": -67459.36976963181, ""6"": -67993.89320397777, ""7"": -69151.94988492478, ""8"": -69956.19536833836, ""9"": -70964.75074210491, ""10"": -71207.23132191921, ""11"": -71268.08153836978, ""12"": -71427.70544334238, ""13"": -71522.40202041101, ""14"": -71550.5563893108, ""15"": -71516.3935018172}",157.34205985069275
prinz1d,subsample,vae,32000,10,1,12,4,4,0.2004375,15,0.41093103329474523,0.6633825059982139,1,15,0.41093103329474523,0.6633825059982139,1,5,0.6868475915364671,0.7472657430119413,0,6,0.7936750212584002,0.8174382948654634,0,2,0.4392311617844908,0.5600110871924594,0,0.69798693510547,0.7508009050315826,1.0833125000000001,"{""1"": -76929.54850229764, ""2"": -78430.17108995764, ""3"": -82838.66660254328, ""4"": -88162.76166296916, ""5"": -90418.55242330309, ""6"": -91901.63645712756, ""7"": -93163.1468077944, ""8"": -93989.03397516435, ""9"": -95035.9702973884, ""10"": -95324.10892819444, ""11"": -95869.34056105475, ""12"": -95862.440503273, ""13"": -96006.74822315633, ""14"": -96181.60288038486, ""15"": -96276.4793415999}",155.2960307598114
prinz1d,subsample,vae,32000,10,1,13,4,4,0.15128125,13,0.40629538906244184,0.6693171462790035,0,15,0.36253322856403275,0.6469675618665158,1,5,0.7366362444890598,0.7765583018545733,0,5,0.7366362444890598,0.7765583018545733,0,2,0.26965914774938654,0.38143363311894596,0,0.7999313969538477,0.8079415614696278,1.0763749999999999,"{""1"": -74059.00438920606, ""2"": -80152.66511978541, ""3"": -83906.43212423525, ""4"": -87362.3147590908, ""5"": -88238.23779757107, ""6"": -89622.13165942069, ""7"": -91353.57786980149, ""8"": -91688.86540514005, ""9"": -92677.13493406007, ""10"": -92921.02859058513, ""11"": -93237.89492736134, ""12"": -93467.1697407678, ""13"": -93686.42340482614, ""14"": -93661.96989667106, ""15"": -93685.56921200306}",156.26729488372803
prinz1d,subsample,vae,32000,10,1,14,4,4,0.1644375,12,0.446905387120663,0.6871895001710981,0,15,0.40778548442924367,0.6563536143247756,1,1,0.0,0.0,0,6,0.7492967722765177,0.7950138419287787,0,2,0.30531521944822165,0.4390581515402247,0,0.806858424701529,0.8307934184309826,1.0025,"{""1"": -52736.37635694188, ""2"": -54524.91096292065, ""3"": -57479.025342088826, ""4"": -61824.9616125625, ""5"": -62270.7584756337, ""6"": -63437.5993557212, ""7"": -64218.51850362349, ""8"": -64830.22499897103, ""9"": -65335.87375301353, ""10"": -65660.70510668412, ""11"": -65984.31991928267, ""12"": -66107.07336151738, ""13"": -66073.54353863781, ""14"": -66049.63711375448, ""15"": -66067.3093920655}",146.71462631225586
prinz1d,subsample,vae,32000,10,1,15,4,4,0.139,14,0.3947892084444196,0.6558025498598148,0,14,0.3947892084444196,0.6558025498598148,0,5,0.7792959866467857,0.8210995252808239,0,4,0.9111826505402458,0.8835972640209074,0,2,0.2726159358179762,0.3131854566282739,0,0.9111826505402458,0.8835972640209074,1.0535625000000002,"{""1"": -81578.6327115453, ""2"": -91343.9244015928, ""3"": -92093.54428354067, ""4"": -95214.24081923091, ""5"": -97381.83226816427, ""6"": -98189.52884036156, ""7"": -98290.7588022644, ""8"": -99055.67871400986, ""9"": -99891.40729532905, ""10"": -99849.07339115361, ""11"": -100148.32370821062, ""12"": -100292.46329081465, ""13"": -100361.55338517684, ""14"": -100456.11859742602, ""15"": -100377.16043671846}",155.15522980690002
prinz1d,subsample,vae,32000,10,1,16,4,4,0.1773125,14,0.4007046655390812,0.6648971486468394,0,15,0.37237207625648155,0.6542034373284241,1,1,0.0,0.0,0,4,0.9003517094080469,0.8810329607965033,0,2,0.41500894347388556,0.5406557489483775,0,0.9003517094080469,0.8810329607965033,1.0824375000000002,"{""1"": -63617.14784005357, ""2"": -65636.96096806262, ""3"": -66649.7893974936, ""4"": -70597.21124961377, ""5"": -71591.8401489668, ""6"": -74140.88659471677, ""7"": -74490.47557928397, ""8"": -74797.84789926013, ""9"": -75176.78658781634, ""10"": -75366.28662310286, ""11"": -75634.47381199019, ""12"": -75795.41933954852, ""13"": -75833.02055501161, ""14"": -75839.63815232778, ""15"": -75804.53419523612}",146.6523289680481
prinz1d,subsample,vae,32000,10,1,17,4,4,0.157875,15,0.37541913483412187,0.6553170248429596,1,15,0.37541913483412187,0.6553170248429596,1,1,0.0,0.0,0,4,0.8116312320756506,0.830699256846002,0,2,0.2952172629222743,0.4339903305634715,0,0.8116312320756506,0.830699256846002,1.1366875,"{""1"": -59674.82726269442, ""2"": -62345.63308198328, ""3"": -65706.96561101654, ""4"": -70987.86129354415, ""5"": -71652.12312653264, ""6"": -73182.06306320104, ""7"": -74237.4409889838, ""8"": -74803.23772601575, ""9"": -75539.71429755502, ""10"": -76534.54412930233, ""11"": -76712.76144435922, ""12"": -76883.92720043215, ""13"": -76905.49727331384, ""14"": -76954.5770611256, ""15"": -77001.8378631882}",146.05852460861206
prinz1d,subsample,vae,32000,10,1,18,4,4,0.16375,11,0.4826574155928776,0.6995777403595448,0,15,0.39731041564724745,0.6503882470763785,1,1,0.0,0.0,0,2,0.4743812999982375,0.611063438837576,0,2,0.4743812999982375,0.611063438837576,0,0.880002690466708,0.8664685145237043,0.9298125,"{""1"": -50969.26297888239, ""2"": -51559.183076711204, ""3"": -52663.62511757319, ""4"": -57242.55993314583, ""5"": -57763.810256005585, ""6"": -58026.0973571328, ""7"": -58050.33599165363, ""8"": -58254.500909434406, ""9"": -58328.313314378036, ""10"": -58441.404723529864, ""11"": -58531.38394209104, ""12"": -58500.9716523513, ""13"": -58467.08140866921, ""14"": -58419.06697809009, ""15"": -58402.34595917753}",147.74913477897644
prinz1d,subsample,vae,32000,10,1,19,4,4,0.18371875,14,0.40324138459413617,0.6584290023445707,0,14,0.40324138459413617,0.6584290023445707,0,5,0.8501753329241858,0.8460060790627073,0,2,0.3461631563079069,0.4414891948914506,0,2,0.3461631563079069,0.4414891948914506,0,0.8495760207658702,0.8524018103517367,1.0848749999999998,"{""1"": 100448.06842732415, ""2"": 78103.24610960907, ""3"": 75624.47552556299, ""4"": 70551.51038540812, ""5"": 69657.37435416118, ""6"": 69528.22208765954, ""7"": 69249.05492250023, ""8"": 69163.13763839904, ""9"": 68631.25222106568, ""10"": 68474.30769740808, ""11"": 68783.89030214965, ""12"": 68332.0270527372, ""13"": 68517.47757857625, ""14"": 68313.30014279437, ""15"": 68380.215415669}",155.95329523086548
