#"Step","Potential Energy (kJ/mole)","Temperature (K)","Speed (ns/day)"
25000,-75.61713736062185,261.0343439509387,0
50000,-56.05545680542785,233.59691953066442,30.9
75000,-93.00935469339213,435.51595000956075,31
100000,-71.6973420729484,270.7726027234622,31.2
125000,-75.09979824639844,258.88822979283344,31.3
150000,-89.08555379441786,215.9262818829179,31.4
175000,-92.68969468014093,281.32858256963124,31.4
200000,-70.99582284671067,237.68068525208832,31.5
225000,-85.4256636180774,252.77480729825936,31.5
250000,-98.29834301994302,192.9779142527353,31.5
275000,-80.58011057176938,297.19364460000617,31.5
300000,-82.6642459617857,505.91679636876984,31.5
325000,-73.24510390035263,328.53938581720934,31.5
350000,-98.92022460867284,233.17916446082083,31.6
375000,-73.64737579154956,279.10198057063894,31.5
400000,-92.74504209728352,328.1561127070072,31.5
425000,-56.39043324673258,258.0171637646501,31.5
450000,-80.0471030164719,350.0630973988471,31.5
475000,-84.24113450190083,229.30464926543226,31.5
500000,-79.88597830097765,321.4072062633063,31.5
525000,-74.47037224269319,300.37663269116257,31.5
550000,-85.64304073104502,316.1239156571149,31.5
575000,-59.921774062056045,303.01373128361604,31.5
600000,-54.322073164037384,302.507066485292,31.5
625000,-61.65006757198757,291.05432045443445,31.6
650000,-68.35572726806731,257.2786996841463,31.5
675000,-54.87030098451406,172.04406942444533,31.6
700000,-65.09326082217106,292.16041538740126,31.6
725000,-83.10954576120758,233.7530763205093,31.6
750000,-80.63892323679204,312.8612667484626,31.6
775000,-78.36108967543161,314.6891186935752,31.6
800000,-66.8869424314994,313.3250633430819,31.6
825000,-82.36580517341618,216.13183027122565,31.6
850000,-95.41682489471184,210.47805947324082,31.6
875000,-93.3409156834407,314.89315455964544,31.6
900000,-60.14330353977834,287.1287431107882,31.6
925000,-67.78379061653465,259.7585448807384,31.6
950000,-69.527801436656,228.68167895735212,31.6
975000,-60.102176154872076,224.41597267006813,31.6
1000000,-82.43385569364776,213.84123362402482,31.6
1025000,-75.12110250781348,237.95718689763729,31.6
1050000,-76.28096970450909,244.86249969988089,31.6
1075000,-91.74147795968021,410.37325738826814,31.6
1100000,-89.95118254837492,442.46225955185133,31.6
1125000,-78.15458796398963,324.82468030332865,31.6
1150000,-82.99357598517311,271.0584697893835,31.6
1175000,-89.22685582478044,262.51969865143013,31.6
1200000,-82.46866361262042,247.7427732163474,31.6
1225000,-81.6994119332484,315.83847204290146,31.6
1250000,-67.82874815773314,332.07729991587786,31.6
1275000,-75.73169664675328,303.6569646947695,31.6
1300000,-87.20242408398029,360.3414534172671,31.6
1325000,-70.60267256841551,368.10367587393455,31.6
1350000,-76.89232109593921,210.7146158016393,31.6
1375000,-72.27739878546606,358.3574043853239,31.6
1400000,-76.13077628729658,365.3999262724731,31.6
1425000,-85.3908696803996,324.01000348641145,31.6
1450000,-80.38042328945153,275.5368353774544,31.6
1475000,-63.65279775870539,365.85754345406764,31.6
1500000,-88.63745989885027,305.0361264909362,31.6
1525000,-83.30241617494443,253.06088840130448,31.6
1550000,-84.01702608408891,314.89877762460947,31.6
1575000,-77.84978834115307,314.7975907745636,31.6
1600000,-74.53383442002833,269.4325571096197,31.6
1625000,-72.90159105221355,330.545969968949,31.6
1650000,-57.58177695137067,322.58866460324134,31.6
1675000,-70.3610800318644,421.22388185465326,31.6
1700000,-84.97979216843376,226.72289566947683,31.6
1725000,-72.1075826800444,187.6035914698099,31.6
1750000,-85.12072349716102,380.75083653564025,31.7
1775000,-83.52405185932952,266.5824348189989,31.7
1800000,-98.76257042069457,287.4731086886802,31.7
1825000,-85.59413118046082,320.8789314971518,31.7
1850000,-70.64522019195198,351.20430721760164,31.7
1875000,-58.90557322697621,311.70487912230897,31.7
1900000,-77.60412540089041,223.0927873699329,31.7
1925000,-89.52763792012463,233.21315579266897,31.7
1950000,-91.61196105453187,300.5611007607424,31.7
1975000,-68.43111094480729,272.14945951731085,31.7
2000000,-61.65122480604855,332.43617513129925,31.7
2025000,-65.05993827371944,219.1333722281069,31.7
2050000,-82.03403785797363,387.0593618959229,31.7
2075000,-78.9573092616497,241.15325657231176,31.7
2100000,-75.74629018070928,250.92009673007297,31.7
2125000,-87.04766721389755,291.68770083111593,31.7
2150000,-81.16624922508578,263.975044314763,31.7
2175000,-79.83718240104577,327.04058179505375,31.7
2200000,-74.61139873632268,251.0393504748788,31.7
2225000,-59.971608560286825,438.3401418761656,31.7
2250000,-69.78575074055288,358.3803363726562,31.7
2275000,-95.12508922164224,274.3288605149448,31.7
2300000,-80.28776903375548,302.33341982721964,31.7
2325000,-80.43301538733422,321.3844479217667,31.7
2350000,-75.57682491410395,345.8347278240303,31.7
2375000,-82.30853721735971,308.18153503357604,31.7
2400000,-96.90446422853654,259.07054424572016,31.7
2425000,-70.73675476357894,317.75605623348105,31.7
2450000,-64.59231022596687,296.03909364410765,31.7
2475000,-87.94208343572555,362.27774497689813,31.7
2500000,-92.5626787862102,337.3705516720955,31.7
2525000,-70.29381839770213,416.7540514861158,31.7
2550000,-88.35950600630767,378.92871255846137,31.7
2575000,-89.2444170193674,303.4454043135583,31.7
2600000,-73.9222410465026,228.96396762457422,31.7
2625000,-79.74931874762262,336.0642078987052,31.7
2650000,-73.53817130062865,241.14737435414662,31.7
2675000,-79.2332542551775,255.93249636931205,31.7
2700000,-61.080648713241274,249.00312554907626,31.7
2725000,-87.73490152374535,319.4691303784829,31.7
2750000,-92.71091575424012,306.8519794869086,31.6
2775000,-105.10140624324724,275.690282757729,31.6
2800000,-97.32974868773405,306.49449737733084,31.6
2825000,-86.80872255341448,412.0766570340702,31.6
2850000,-90.62187061180487,286.2761026272148,31.6
2875000,-42.422671429847966,375.4910768239695,31.6
2900000,-45.41088509666921,220.35115076835473,31.6
2925000,-82.25085679161464,214.69032464300335,31.6
2950000,-63.93673414661952,316.1139697503889,31.6
2975000,-73.59976131728425,267.6966406845739,31.6
3000000,-81.41150968371204,342.8071046212777,31.6
3025000,-68.80343428688528,214.9385501121887,31.6
3050000,-78.44002875475877,296.70132197752054,31.6
3075000,-59.66531054466216,261.04360168794886,31.6
3100000,-69.34812579906684,270.9571543053047,31.6
3125000,-60.14163489012088,401.04041381707145,31.6
3150000,-77.62554412728021,256.72293290419185,31.6
3175000,-104.73826347596096,402.7791743053032,31.6
3200000,-84.14719557076987,466.02362583109834,31.6
3225000,-79.98515909770177,212.80376425293062,31.6
3250000,-70.62839472885504,295.6436579014366,31.6
3275000,-82.26049849497105,312.7568428040227,31.6
3300000,-80.01141716126496,315.3923803307849,31.6
3325000,-80.317316321282,261.8758549600069,31.6
3350000,-89.94438613553064,384.8662437415978,31.6
3375000,-78.2474905505781,290.81485335333906,31.6
3400000,-79.72890997837392,360.53697210764733,31.6
3425000,-100.12243067025716,214.45920497098098,31.6
3450000,-83.62332698032614,237.8699718592835,31.6
3475000,-87.9707577688987,255.10709949242337,31.6
3500000,-97.08959128971169,368.12141103425125,31.6
3525000,-73.60659868345545,305.622504824922,31.6
3550000,-56.83075066514911,189.49358536413612,31.6
3575000,-77.14950279550683,299.6614249389315,31.6
3600000,-92.47526031678609,262.85497794820714,31.6
3625000,-70.70381788640242,343.7648722099859,31.6
3650000,-83.87379245702559,195.61056745137284,31.6
3675000,-90.55112334883005,287.5524706259453,31.6
3700000,-79.09717189297865,363.8293668092404,31.6
3725000,-64.07823275798722,352.473374388396,31.6
3750000,-70.82435632822745,344.49094137620324,31.6
3775000,-60.55394939717048,446.6494055224222,31.6
3800000,-106.06831417070482,294.5677583515157,31.6
3825000,-98.12020345433695,352.23994660078193,31.6
3850000,-81.48544057370293,239.7980860434548,31.6
3875000,-67.44126776346275,229.4738293948627,31.6
3900000,-68.13591696449518,350.28942719870014,31.6
3925000,-101.39378361556516,339.351754033363,31.6
3950000,-61.94391389218963,267.43676323453144,31.6
3975000,-55.76723226448082,247.15875812684527,31.6
4000000,-77.46986314140486,260.8676947941749,31.6
4025000,-81.2867654405205,322.77573312469826,31.6
4050000,-90.31456787252664,302.9397529229075,31.6
4075000,-83.50933259679208,324.0672852944449,31.6
4100000,-93.191321107989,407.5934078635857,31.6
4125000,-88.41221227367816,221.7859858406282,31.6
4150000,-75.11581382969902,273.4811865858318,31.6
4175000,-68.66277188466529,393.8994368137821,31.6
4200000,-88.28819195427769,354.0868923621947,31.5
4225000,-90.8730017419434,226.84419503938466,31.5
4250000,-78.20449281700539,268.791886455716,31.5
4275000,-87.77846234309614,262.6178587325575,31.5
4300000,-66.03351477160146,249.40292855867665,31.5
4325000,-82.73743803021279,354.3418804934251,31.5
4350000,-73.4082588903929,319.4999174357287,31.5
4375000,-82.29462515540513,348.16688896879,31.5
4400000,-88.15148081196858,289.6312902116264,31.5
4425000,-83.17876075976591,286.35596626631406,31.5
4450000,-81.69840572481154,320.4072668262363,31.5
4475000,-79.54418163334606,349.04819779703996,31.5
4500000,-84.81651592629261,285.72899892119284,31.5
4525000,-88.72883900922753,338.52499422867004,31.5
4550000,-70.57571149695085,236.58774062329547,31.5
4575000,-80.93346103684958,287.4401842152296,31.5
4600000,-69.93776399055898,228.04220795634143,31.5
4625000,-81.43903458081058,247.33915810603347,31.5
4650000,-70.76885134187485,415.5101875510793,31.5
4675000,-93.74066273818507,253.9179959614558,31.5
4700000,-90.25476140772642,267.55252751362065,31.5
4725000,-80.07504002707758,297.77389451433163,31.5
4750000,-96.20455715735474,231.21636302767712,31.5
4775000,-100.83582674819704,270.83218723083587,31.5
4800000,-79.80490377338796,324.97520885154677,31.5
4825000,-88.33170370498851,411.01685591819063,31.5
4850000,-85.83618095686546,334.6578321740497,31.5
4875000,-56.91618484224695,403.28074344881986,31.5
4900000,-84.00096518057559,251.66354239151434,31.5
4925000,-72.1123563396445,264.3591613311792,31.5
4950000,-78.62865223344049,181.71079493030854,31.5
4975000,-86.6366428084381,205.80165735699933,31.5
5000000,-78.16384830711212,331.52284666913204,31.5
5025000,-99.03131631405569,196.99708732462457,31.5
5050000,-91.8260586083285,292.0135413795419,31.5
5075000,-95.57716563630456,229.65922785711973,31.5
5100000,-80.37484351664838,286.491209301508,31.5
5125000,-86.97388305020135,310.6895601680774,31.5
5150000,-89.71315318614829,227.95120391870535,31.5
5175000,-101.11053715972054,350.82166723795063,31.5
5200000,-70.73298886545513,259.7822909516938,31.5
5225000,-84.92067045677949,325.8024117610472,31.5
5250000,-60.53596958595192,208.1507976361747,31.5
5275000,-75.46675589077768,348.58636088146517,31.4
5300000,-100.97404905104398,440.800322045986,31.4
5325000,-67.71187204045734,273.05687990523353,31.4
5350000,-79.90854624567602,196.81160680823194,31.4
5375000,-83.13170305870864,340.90812472962875,31.4
5400000,-74.8421626794377,342.5887906421326,31.4
5425000,-85.35378291951977,243.11909364853028,31.4
5450000,-79.76325047448576,337.93296415951784,31.4
5475000,-81.66717866621241,187.9018430313298,31.4
5500000,-73.87527343732428,271.86596549614075,31.5
5525000,-93.37331521351194,264.6772003434898,31.5
5550000,-45.7361883365773,304.45426162297844,31.5
5575000,-79.316918110156,316.2055041203028,31.5
5600000,-96.79871392240946,296.27674640021024,31.5
5625000,-82.37738472582004,218.43311213451466,31.5
5650000,-76.76252222611527,200.11605684643692,31.5
5675000,-75.97566825260613,253.70448989586652,31.5
5700000,-86.68839962772759,276.1092649977959,31.5
5725000,-74.54494978544466,279.4722398631107,31.5
5750000,-61.45116292998941,336.4880788651833,31.5
5775000,-89.97992410928791,283.4644834508039,31.5
5800000,-91.85208152424191,281.23010658333027,31.5
5825000,-83.77283051653023,221.60222980443055,31.5
5850000,-82.99827649430112,327.06573156838203,31.5
5875000,-80.98217387139114,295.16513078630163,31.5
5900000,-105.86579796719238,263.5006034581676,31.5
5925000,-84.88014432186165,341.80326744136096,31.5
5950000,-85.92272151668405,294.0639974426632,31.5
5975000,-68.72486326452874,322.15724292762945,31.5
6000000,-91.52524554374605,357.73455768774437,31.5
6025000,-62.46595693289274,353.8785109141288,31.5
6050000,-66.8623767475984,205.12225675191613,31.5
6075000,-90.79214119684656,263.36775247310777,31.5
6100000,-49.47688643292931,339.8685035720725,31.5
6125000,-85.09479268966892,412.36496542119346,31.5
6150000,-74.41322124682142,338.6477190058659,31.5
6175000,-80.74706549110249,299.7030331837254,31.5
6200000,-71.48308801278372,309.56993180963127,31.5
6225000,-55.125111895498264,269.1010269635241,31.5
6250000,-86.41470093000859,328.1669996422122,31.5
6275000,-85.13236358547535,325.59872896352533,31.5
6300000,-85.44854308171597,269.61117294699545,31.5
6325000,-88.91836063955402,359.0765476460301,31.5
6350000,-90.8177673364496,371.1361184551094,31.5
6375000,-85.06832968922879,319.13794344790097,31.5
6400000,-92.99161019833642,230.17557021600663,31.5
6425000,-79.02087590767994,249.39719816295008,31.5
6450000,-77.92167238553756,274.56723475957136,31.5
6475000,-75.2160863304772,239.70843585362547,31.5
6500000,-86.81948972294347,323.5243147993265,31.5
6525000,-66.7416928417623,275.08533528590425,31.5
6550000,-58.73654998837886,239.72901319989424,31.5
6575000,-75.04040346050326,304.3684822780348,31.5
6600000,-72.74992803118735,340.62846754062053,31.5
6625000,-89.06124848620115,218.74038068219033,31.5
6650000,-89.44545314279577,235.72272595201818,31.5
6675000,-99.67658273511263,216.73637502356763,31.5
6700000,-75.48839863568789,268.1329669936661,31.5
6725000,-87.5761421655842,392.47087644060235,31.5
6750000,-73.64225304025015,338.7755705539809,31.5
6775000,-92.79985948523122,260.76900272998637,31.5
6800000,-79.44067049336257,268.57081693406525,31.5
6825000,-84.38881029005417,277.9446958258528,31.5
6850000,-71.89410641902467,338.206588652798,31.5
6875000,-91.60299903825853,308.0365241749478,31.5
6900000,-83.82165230056563,187.95458342223617,31.5
6925000,-91.1649033830988,392.943339269176,31.5
6950000,-89.11330993174717,335.12664851574954,31.5
6975000,-54.30757277087576,313.1398758565676,31.5
7000000,-89.33735363039172,173.69412142354392,31.5
7025000,-38.9942815751557,198.67262834726407,31.5
7050000,-59.13911394368222,359.06377971115717,31.5
7075000,-54.42594933908074,264.0701850678499,31.5
7100000,-79.80142072352423,242.991822110171,31.5
7125000,-98.87059641409583,239.97902907519372,31.4
7150000,-88.96585642852891,241.51049646672115,31.4
7175000,-84.73042857319446,294.6263725854867,31.3
7200000,-78.68916103811249,354.37638766723603,31.3
7225000,-79.15155785130571,287.5347337325676,31.2
7250000,-88.66492368930668,246.18837944556392,31.2
7275000,-88.52376704056553,329.0684847573913,31.1
7300000,-83.91578014198065,277.66809773211276,31
7325000,-71.91896175104165,283.3096114047793,31
7350000,-77.97517958784708,247.22997050529233,30.9
7375000,-61.225697557317915,415.5252761690966,30.9
7400000,-81.79221573448132,243.78756525442472,30.9
7425000,-89.10120970929309,196.88711005972817,30.9
7450000,-91.36350680984603,289.63330215082203,30.9
7475000,-79.91470458738655,318.2981909687885,30.9
7500000,-94.99601290560044,239.03719991185437,30.9
7525000,-82.48604259303454,366.7298184834805,30.9
7550000,-85.52950189106464,234.73057714656872,30.9
7575000,-76.74064664419492,272.8714398752708,30.9
7600000,-84.47033757505257,240.97084599449062,30.9
7625000,-66.20631437423424,252.21098648947665,30.9
7650000,-102.53583473549291,338.9137413991305,30.9
7675000,-72.83515704245028,251.07768126809864,30.9
7700000,-92.11123224271634,230.56462338563455,30.8
7725000,-88.1775073829491,262.7228744389328,30.8
7750000,-96.85254376064086,234.29902746463353,30.8
7775000,-82.56626484188041,307.7212675382575,30.8
7800000,-59.6920185423085,256.6189233971762,30.8
7825000,-53.56993854695022,293.72726415812855,30.8
7850000,-82.81769904037697,344.59154479842124,30.8
7875000,-98.70939950410605,356.2531428508825,30.8
7900000,-68.70913606485337,232.8202764880401,30.8
7925000,-58.43252661999052,340.5541746319296,30.8
7950000,-88.70043470804,318.2062831201013,30.8
7975000,-77.83412165185543,339.1569830087543,30.8
8000000,-89.50831993612499,272.33515695691113,30.7
8025000,-79.06910415635723,221.46620288907187,30.7
8050000,-94.97381919295601,343.27083515243623,30.7
8075000,-94.16625733718756,301.7003246014023,30.7
8100000,-77.50508163702713,284.5275387771847,30.7
8125000,-86.65621828301516,238.80638848948905,30.7
8150000,-54.7258486016932,253.19880117277322,30.7
8175000,-71.44243114303035,381.35878660772397,30.7
8200000,-110.08762229097765,301.57433641610356,30.7
8225000,-69.36507674789078,255.704353181397,30.7
8250000,-65.30939640822129,349.4475157652017,30.7
8275000,-91.70022626742428,282.3455175715009,30.7
8300000,-75.20118381382518,314.1451119422677,30.7
8325000,-72.79639934836634,297.8371344593897,30.7
8350000,-76.09114580188267,258.740347908479,30.7
8375000,-46.93109274099117,282.2903939322693,30.7
8400000,-88.70746836218363,317.9127203309827,30.7
8425000,-89.76635137718121,281.6188568559908,30.7
8450000,-59.67065286512834,233.0429822154073,30.7
8475000,-77.9934666885282,281.7548823322435,30.7
8500000,-81.44208078376988,292.63167384768053,30.7
8525000,-79.9617857223114,277.6531314472786,30.6
8550000,-85.69075523741836,456.9888925163423,30.6
8575000,-74.25292089453984,231.58228142236808,30.6
8600000,-75.93901024102695,233.7639391797022,30.6
8625000,-80.70335035400484,242.61200153857487,30.6
8650000,-57.82027317531891,195.36231378023226,30.6
8675000,-85.13185340680715,279.3929934188985,30.6
8700000,-72.72713830538571,336.88245565168563,30.6
8725000,-80.10504943594489,206.1016096483587,30.6
8750000,-65.58893776633917,286.03646651271197,30.6
8775000,-51.10806319440911,290.6172549566172,30.6
8800000,-76.50618012476662,303.08018032804773,30.6
8825000,-88.84037605704034,245.93536192940311,30.6
8850000,-68.27298595488969,267.89581693465277,30.6
8875000,-89.0777771987201,249.07364179814587,30.6
8900000,-54.868605726234044,295.7329300704793,30.6
8925000,-69.90219000787546,308.8983302951257,30.6
8950000,-92.42589516995662,275.68629676875855,30.6
8975000,-87.98539819493794,313.3064424401824,30.6
9000000,-99.46084257638944,281.2849071653697,30.6
9025000,-90.41872707692897,257.09535007611487,30.6
9050000,-97.04520443497803,214.6003283281766,30.6
9075000,-86.06593664098287,358.5488336632573,30.6
9100000,-78.00528436875487,408.9164411056542,30.6
9125000,-75.29184026420056,258.73128604375313,30.5
9150000,-87.79996194299167,257.0530782880404,30.5
9175000,-86.32022016345833,376.02021329999786,30.5
9200000,-77.33481149242832,315.8683610477695,30.5
9225000,-64.08653345385046,404.11906527987435,30.5
9250000,-90.43911559085987,346.47783467557144,30.5
9275000,-73.49293676024516,388.92797263431146,30.5
9300000,-67.15751910962888,320.23617591587663,30.5
9325000,-70.13172356780865,243.41369417511552,30.5
9350000,-95.10701780152337,323.5553256724002,30.5
9375000,-88.43307495990167,230.09783962190195,30.5
9400000,-101.13447293783223,257.4166142967928,30.5
9425000,-59.095916018925955,389.7250254819932,30.5
9450000,-76.26979246327576,261.07615720343205,30.5
9475000,-68.65119027907483,213.80484796293504,30.5
9500000,-82.12097166229941,286.2983233908965,30.5
9525000,-95.30996282446489,318.52341431155025,30.5
9550000,-69.45101445294104,229.40781831431562,30.5
9575000,-82.34446937996984,267.73055210429123,30.5
9600000,-64.26402645658565,315.090532453475,30.5
9625000,-64.44869750749191,364.4446445291856,30.5
9650000,-64.64899678890768,337.342992274193,30.5
9675000,-64.85753337232681,268.4670246861295,30.5
9700000,-78.70395570810769,415.0894072632882,30.5
9725000,-90.08801049524753,337.36351920261257,30.5
9750000,-80.5329568102322,322.72970903832396,30.5
9775000,-92.85354188779874,243.39903858239137,30.4
9800000,-82.68996988196656,293.52001809278556,30.4
9825000,-67.97166589203769,299.667663960119,30.4
9850000,-75.76053024868085,358.5655971140379,30.4
9875000,-85.93297109738896,358.94776891320646,30.4
9900000,-57.850002003348834,277.7502838541961,30.4
9925000,-77.44439614212266,235.86308767977178,30.4
9950000,-73.96338322132516,221.7240669859143,30.4
9975000,-58.07248074586602,339.6861808416916,30.4
10000000,-53.35208318468297,277.637571091226,30.4
10025000,-59.541990043486,413.7571813877409,30.4
10050000,-65.5665040268693,374.77753581832013,30.4
10075000,-61.13979878652046,265.23467880388563,30.4
10100000,-71.35888088951293,265.68400244527766,30.4
10125000,-60.57061514749058,287.1245040152458,30.4
10150000,-71.80101348834876,380.07178208024646,30.4
10175000,-71.45589674905747,292.82722081262466,30.4
10200000,-78.32274373627807,280.1178391527406,30.4
10225000,-62.20006548406508,286.3579788756554,30.4
10250000,-60.42173779899926,217.50321128020258,30.4
10275000,-73.94400131240774,324.5051797888862,30.4
10300000,-94.19417222683566,285.401474255762,30.4
10325000,-79.31307538452516,252.924268862412,30.4
10350000,-63.745669019057885,220.1634960711622,30.4
10375000,-69.05421770130577,233.32124502893464,30.3
10400000,-82.27251395644109,260.1030077623022,30.3
10425000,-67.81855740538487,341.12441905880326,30.3
10450000,-70.57095692671976,352.30831116318365,30.3
10475000,-79.61639470409665,296.10465113194545,30.3
10500000,-94.99926919524015,226.86808429025734,30.3
10525000,-43.61949959294812,257.84607735176064,30.3
10550000,-79.52826854808725,351.7109543866016,30.2
10575000,-83.49253141088418,231.15183690727238,30.2
10600000,-63.15419972262376,253.23301437063884,30.1
10625000,-87.80323272300589,290.30194730898825,30.1
10650000,-94.41390440209221,320.05730384476925,30.1
10675000,-77.71247316848022,322.55372143633053,30
10700000,-53.02104753213321,303.18700825553196,30
10725000,-75.27281215722982,245.84794637595886,30
10750000,-82.47258994764663,343.88012917644727,30
10775000,-48.37696490344331,378.422306470911,29.9
10800000,-67.20361238270523,290.58384594636163,29.9
10825000,-68.15785081782408,328.1040556502688,29.9
10850000,-83.25137278716093,237.38419956571317,29.9
10875000,-77.74266390445135,267.8941288551003,29.8
10900000,-79.46251051320155,261.69339708257615,29.8
10925000,-83.08180851878286,318.24839254543406,29.8
10950000,-77.57164723734716,348.926299372231,29.8
10975000,-78.73181821888836,326.45585894799444,29.7
11000000,-60.70434043679872,249.60126089525113,29.7
11025000,-97.10996923597708,287.9649812890917,29.7
11050000,-84.02182855295675,202.07830262382382,29.7
11075000,-76.65452488398965,334.45078375935174,29.7
11100000,-84.11034092697021,209.2275965499604,29.7
11125000,-73.8333378306123,379.99497426733905,29.7
11150000,-56.26688286835855,265.953630019067,29.7
11175000,-81.09703816965978,353.7453159521748,29.7
11200000,-91.68231182561861,287.1957309149742,29.7
11225000,-96.79036071465349,238.14828704177273,29.7
11250000,-71.80447713356412,300.11492338004234,29.7
11275000,-75.10573977853312,284.2257174703897,29.7
11300000,-88.27420964759283,274.5783790549496,29.6
11325000,-92.38046821364739,229.2370579752517,29.6
11350000,-80.59746984617516,254.87361424881695,29.6
11375000,-52.25376600139107,347.27594759698883,29.6
11400000,-67.19298199674446,302.11364849957994,29.6
11425000,-61.09256721578532,274.5537046759388,29.6
11450000,-70.40006665337575,278.75966647287555,29.6
11475000,-90.84905436558074,395.96463535730777,29.6
11500000,-77.13101391287358,204.0404507471355,29.6
11525000,-46.776654393838534,258.86130791156444,29.6
11550000,-59.360743988538374,405.5672985944572,29.6
11575000,-81.67949007872804,259.6586882606321,29.6
11600000,-61.59310640596993,311.3015143505064,29.6
11625000,-64.71482739268644,300.3261885004808,29.6
11650000,-79.54630469493185,317.8304302011231,29.6
11675000,-61.208041587372094,331.3636782843117,29.6
11700000,-58.17058438361917,419.5133386936063,29.5
11725000,-66.3131688984167,279.195317882565,29.5
11750000,-67.68968984623305,239.28270332520353,29.5
11775000,-76.82355108593916,278.60096754205586,29.5
11800000,-64.50222806953263,331.8571452112889,29.5
11825000,-52.464025647660655,304.45359710602554,29.5
11850000,-72.86124841134227,316.3975129781067,29.5
11875000,-78.44474946003382,256.2792460139229,29.5
11900000,-69.65526453899511,261.7646320105573,29.5
11925000,-64.2370074362641,334.15868349516234,29.5
11950000,-76.77475525138736,246.91950334928944,29.5
11975000,-87.62813373474278,227.4135372139537,29.5
12000000,-70.6942241453233,324.95153892499275,29.5
12025000,-94.6886482937167,437.332018554371,29.5
12050000,-66.56384869688392,338.8743623325894,29.5
12075000,-45.499739104728974,262.4421121347904,29.5
12100000,-67.81148186153715,273.9441422953235,29.5
12125000,-74.84396941965284,278.67856256593535,29.4
12150000,-72.67051060242852,331.71796204411737,29.4
12175000,-77.72732923902605,352.5237991150927,29.4
12200000,-45.83606535633098,313.97327093014883,29.4
12225000,-49.60570113909145,288.36492687754185,29.4
12250000,-49.27071132700803,233.97620783332002,29.4
12275000,-66.38267770148036,357.18635691189803,29.4
12300000,-34.18625465628545,304.39200225911964,29.5
12325000,-55.15777073965896,412.6767861430378,29.5
12350000,-66.96602817245392,366.48365646212517,29.5
12375000,-57.90135968214262,226.85782340538626,29.5
12400000,-84.33424263897962,311.56355561791605,29.5
12425000,-72.29966123435429,323.47981909617624,29.5
12450000,-76.80657393204487,305.65791997623984,29.5
12475000,-97.68737998795396,310.06726726885205,29.5
12500000,-68.68700828650628,254.7451500263717,29.5
12525000,-92.18427102313265,238.87854573542663,29.5
12550000,-63.19442481160843,258.1278223026618,29.5
12575000,-96.22231578367384,298.55278052731546,29.5
12600000,-68.10490093376313,333.3629273432826,29.5
12625000,-63.12303406385875,262.4133493373517,29.5
12650000,-70.3763653121774,232.54087623963008,29.5
12675000,-78.99562870443744,324.6640380560807,29.5
12700000,-78.94377166923988,250.16777618456192,29.5
12725000,-56.00115095659681,204.13337623431087,29.5
12750000,-73.19204541114405,389.74526396258426,29.5
12775000,-62.89111102835918,378.52271346089236,29.5
12800000,-75.95156207652622,303.35123225387036,29.5
12825000,-88.59132588555326,203.1287888739062,29.5
12850000,-77.26095550454906,283.30541647823736,29.5
12875000,-84.45628545348768,297.8661385672569,29.5
12900000,-60.462299351889015,274.10693318960494,29.5
12925000,-85.79316406976008,312.69850177426446,29.6
12950000,-77.59121149226914,293.07117912750556,29.6
12975000,-70.09967399844716,304.30736997505454,29.6
13000000,-43.31372829108174,332.70005348003326,29.6
13025000,-75.08101295865352,391.5047000443383,29.6
13050000,-32.66069548580211,298.7811076211831,29.6
13075000,-66.41879380044898,295.315307800831,29.6
13100000,-78.6230872222104,341.711146598858,29.6
13125000,-79.9440316374352,286.2184831767105,29.6
13150000,-95.56471219389257,402.33858467378076,29.5
13175000,-91.70466261513266,409.28229979123597,29.5
13200000,-70.39556027953982,259.5413202184219,29.5
13225000,-39.280240065259804,267.5735861996588,29.5
13250000,-34.68432142104017,302.73938904499215,29.5
13275000,-72.4462543628471,285.8891459576082,29.4
13300000,-74.83130875690398,301.4230529233714,29.4
13325000,-61.52174114140265,331.3963411094374,29.4
13350000,-78.17272243724601,249.82827762227896,29.4
13375000,-66.44424573098487,257.82052053252886,29.3
13400000,-74.78777036388597,341.20836046815447,29.3
13425000,-75.85970642921498,466.4671407838506,29.3
13450000,-44.26126501041582,327.20649076017577,29.3
13475000,-87.67455982952958,211.7909312983316,29.3
13500000,-89.67186987493416,331.60339401141795,29.3
13525000,-76.32964715349351,373.80332277617225,29.3
13550000,-45.13777618875252,281.80104021362996,29.3
13575000,-85.91536952315823,282.5237629952736,29.3
13600000,-55.352279359645145,300.2910563519309,29.3
13625000,-84.39163127963303,268.9523329798124,29.3
13650000,-82.61854526571561,390.23239749406747,29.3
13675000,-75.56993838635465,331.5540298030781,29.3
13700000,-49.52681863349086,400.1174825528292,29.3
13725000,-72.04461079318577,286.89019613188674,29.3
13750000,-97.35154110117168,316.40283489695656,29.3
13775000,-78.42589670921717,266.2553540424468,29.3
13800000,-91.93860322561025,365.8663202445904,29.3
13825000,-72.8961331082551,285.37348561607564,29.3
13850000,-68.36589426692531,226.47167751643806,29.3
13875000,-57.90676770515485,234.75470274283632,29.3
13900000,-85.43114627834818,345.14189379644864,29.3
13925000,-68.66741579321251,367.9838854135969,29.3
13950000,-83.44370892544595,224.24837201743358,29.3
13975000,-71.99658829918238,262.7924374833402,29.3
14000000,-73.56423614012401,259.4762871117766,29.3
14025000,-76.48268778271566,237.10614159390872,29.3
14050000,-89.2011449163567,271.7196287663157,29.3
14075000,-62.374107531188855,269.99992229751155,29.3
14100000,-90.4410913479618,224.89143927274017,29.3
14125000,-73.92296508405964,310.3551478343138,29.3
14150000,-68.62666726049625,277.07671937937783,29.3
14175000,-78.81989773771616,189.21800170097328,29.3
14200000,-78.34842949034294,291.82212907962355,29.3
14225000,-83.58904904854887,263.33561225528666,29.3
14250000,-69.45036702673774,272.2036244187424,29.3
14275000,-76.65126947104335,332.95678630382054,29.3
14300000,-74.36436233096157,271.72903896214507,29.3
14325000,-60.3440723023555,285.1649880456321,29.3
14350000,-55.64435725670645,286.0045720261006,29.3
14375000,-56.61371908206249,194.59830918164064,29.3
14400000,-48.48012436915943,327.53266605451614,29.3
14425000,-46.22338723459824,303.9843738918701,29.3
14450000,-86.99020764485147,332.6969958297008,29.3
14475000,-78.3589793511832,377.18559480023697,29.3
14500000,-81.69915610501548,293.30303563902504,29.4
14525000,-72.17737989160055,400.2594304976188,29.4
14550000,-79.56216732586091,231.57855204347888,29.4
14575000,-55.21933133189762,306.92647878054595,29.4
14600000,-69.8637477446948,461.87653406973294,29.4
14625000,-67.73346458693763,258.3131972448548,29.4
14650000,-76.71019870810895,189.03619100169732,29.4
14675000,-87.28454849901559,359.9255741929795,29.4
14700000,-83.30171144057962,442.5300098887701,29.4
14725000,-54.16310160797148,253.4522925014707,29.4
14750000,-58.94429260798678,254.00425051482583,29.4
14775000,-64.41618649261139,311.1891116647467,29.4
14800000,-60.04564815781744,262.8079465984846,29.4
14825000,-67.95052397322479,397.75719545800024,29.4
14850000,-74.55999895553578,330.2886198412986,29.4
14875000,-65.42345148379998,277.2547821185341,29.4
14900000,-95.00659175965559,208.9924028830486,29.4
14925000,-93.50675013836135,258.39768954337814,29.4
14950000,-77.87484855260038,321.7733792322267,29.4
14975000,-77.16266451593435,429.7485222496484,29.4
15000000,-81.04495528118206,360.46016155455004,29.4
15025000,-71.8689490900114,306.4587298718341,29.4
15050000,-74.37099374405912,244.2020590351327,29.4
15075000,-88.29313466012783,360.7801096876644,29.4
15100000,-92.47924563705867,276.20012478702967,29.4
15125000,-50.89857624521948,402.71743825032513,29.4
15150000,-83.8584761524412,369.3680882017817,29.4
15175000,-91.97488341575215,214.58944456915938,29.4
15200000,-77.93106418862993,301.73889545582676,29.4
15225000,-71.50558898081886,245.3277704407556,29.4
15250000,-84.60713450364392,262.18759773108724,29.4
15275000,-85.11753848279353,301.4772777011016,29.4
15300000,-69.40159036478624,309.89312997066213,29.5
15325000,-77.69304100395519,311.70206262625055,29.5
15350000,-78.31420145708282,339.7305727233463,29.5
15375000,-60.37919216852603,200.44612722037434,29.5
15400000,-87.17327644053785,253.1972015416888,29.5
15425000,-94.6833128945252,314.2372623108729,29.5
15450000,-85.41389594676974,318.069116038735,29.5
15475000,-86.08241200749828,210.5256377383512,29.5
15500000,-64.65166175978621,309.4466622406834,29.5
15525000,-85.01233836219969,243.06971560266726,29.5
15550000,-94.27133067406822,357.394755267474,29.5
15575000,-77.2499878185095,273.93519377392914,29.5
15600000,-94.37972805501929,267.55597187320836,29.5
15625000,-90.38170163414452,273.28521037465816,29.5
15650000,-66.13484991320497,383.84298957494,29.5
15675000,-83.6750359680238,314.50983168452456,29.5
15700000,-80.49147104616048,371.0043018922375,29.5
15725000,-41.32379391550941,379.36944746001313,29.5
15750000,-53.761615123219244,281.43745830494606,29.5
15775000,-73.2237388517443,272.42861292106033,29.5
15800000,-95.09478771210566,236.98591147085688,29.5
15825000,-82.55188788378257,353.3762060095306,29.5
15850000,-78.82229839802957,390.35842431324664,29.5
15875000,-70.48842414908464,205.59252746215685,29.5
15900000,-71.91245083724206,317.78357587250406,29.5
15925000,-66.68535939235518,365.46337840013166,29.5
15950000,-102.59170046622208,271.9994873619913,29.5
15975000,-105.79343702825429,310.4830430765337,29.5
16000000,-59.127977067848974,330.699870341971,29.5
16025000,-94.97500669482545,287.47175233113666,29.5
16050000,-103.27458689696232,307.4892817294688,29.5
16075000,-70.98054481505737,468.0613209615797,29.5
16100000,-91.30622273722415,342.12506899366537,29.6
16125000,-81.17752319059562,213.09007392646353,29.6
16150000,-69.7930644877186,323.26358877220014,29.6
16175000,-68.43370609801367,289.4794101033903,29.6
16200000,-72.61715069870272,364.9261731275976,29.6
16225000,-62.67950131446575,290.7742600852648,29.6
16250000,-82.74590461084463,254.5793130697242,29.6
16275000,-52.43977399212783,488.65345300770946,29.6
16300000,-77.83734340434306,326.9423478577986,29.6
16325000,-100.24099977680939,227.46261507165846,29.6
16350000,-74.31258301821387,228.91859089262226,29.6
16375000,-93.67914765867374,334.60823749649984,29.6
16400000,-86.37927019561424,322.2435956719317,29.6
16425000,-74.51348124109549,360.12596456337855,29.6
16450000,-102.9461019670959,305.73771017625177,29.6
16475000,-70.13606147440169,245.8029050413228,29.6
16500000,-64.52756387453796,298.007596480676,29.6
16525000,-90.00586916725055,249.96741271051704,29.6
16550000,-60.56003943379139,346.9885623666372,29.6
16575000,-68.0606813751233,333.83509762597197,29.6
16600000,-88.02659945394873,321.11731143305235,29.6
16625000,-91.00260149844699,378.0588381537577,29.6
16650000,-96.89456486521803,253.61207621051872,29.6
16675000,-86.17357022604637,239.0742789878236,29.6
16700000,-58.09885553460155,253.63280049957476,29.6
16725000,-80.18842474269998,373.73503116625585,29.6
16750000,-71.68796982131825,387.2848653113772,29.6
16775000,-66.26455462055738,310.5843982364653,29.6
16800000,-88.89408343231324,306.81070390858565,29.6
16825000,-73.75108568589306,327.5686141332711,29.6
16850000,-79.94953848934742,212.33383688033223,29.6
16875000,-92.14482733921892,196.33543288442308,29.6
16900000,-97.37949817212258,235.26891637856008,29.6
16925000,-85.61042530233499,263.6572478305784,29.6
16950000,-85.06122386652972,327.3816200005566,29.6
16975000,-89.92753579622683,339.7365307741597,29.7
17000000,-89.16674421075476,326.0382751185133,29.7
17025000,-88.2232462674114,232.05901701839306,29.7
17050000,-84.49346633996294,322.39699917443494,29.7
17075000,-95.63943712868434,312.01003834606456,29.7
17100000,-67.50802958451106,297.8725938869903,29.7
17125000,-75.63883819935761,312.0460103454295,29.7
17150000,-96.27991839365814,343.25388880544875,29.7
17175000,-85.05940789925062,234.0452144178789,29.7
17200000,-73.24483512682176,322.115386110372,29.7
17225000,-86.23387469486973,298.1422782718086,29.7
17250000,-75.80111335685257,243.96588849364903,29.7
17275000,-71.82644638864359,220.67640561518886,29.7
17300000,-95.10360320148759,258.51671803152897,29.7
17325000,-86.72431700063703,283.31791615236733,29.7
17350000,-66.40137183081285,275.6897351145966,29.7
17375000,-83.41162218200748,309.7469387831665,29.7
17400000,-104.58405816200765,280.8575773334899,29.7
17425000,-82.15479872003908,452.78642138936016,29.7
17450000,-89.26211876200611,285.48449374336934,29.7
17475000,-70.62783828723626,246.21941414245725,29.7
17500000,-68.11487709524829,264.4320617734138,29.7
17525000,-76.62586832117694,293.15941537734585,29.7
17550000,-71.13295592979865,263.2372713300614,29.7
17575000,-94.42237484836515,242.5428407306712,29.7
17600000,-93.78921981996577,256.3965113404061,29.7
17625000,-76.32319682739828,363.20537597468376,29.7
17650000,-92.7849186261615,323.3030877473992,29.7
17675000,-92.4672882524098,312.8825817805791,29.7
17700000,-55.367431349508834,340.3500833133905,29.7
17725000,-84.59967444009528,282.76317605561934,29.7
17750000,-72.27248682870808,361.2936065918991,29.7
17775000,-103.36026394763397,218.10262409986962,29.7
17800000,-84.09065382469691,214.34175710288588,29.7
17825000,-88.34912709183595,245.17383346500668,29.7
17850000,-55.71858763482084,233.0138073984253,29.7
17875000,-72.90125140099022,317.7123045770184,29.7
17900000,-90.51145172437963,359.9985717090798,29.7
17925000,-83.1326317988344,315.5984755396481,29.8
17950000,-96.74692700591484,270.1300758854452,29.8
17975000,-72.05741437384623,286.4103153165303,29.8
18000000,-72.41746196135604,412.90492997078735,29.8
18025000,-62.696166080897385,281.7887134922458,29.8
18050000,-81.47188508778713,246.72014241720717,29.8
18075000,-73.27927993876227,310.70258524726535,29.8
18100000,-77.55673197375428,283.136660692043,29.8
18125000,-83.58613997751105,254.7323811451089,29.8
18150000,-82.19362210768088,240.92142706741433,29.8
18175000,-96.70875607130621,276.1283012669792,29.8
18200000,-93.00454507635915,250.90879579840586,29.8
18225000,-100.70829022743987,281.64560505050065,29.8
18250000,-83.97824016975312,280.41803696447096,29.8
18275000,-77.09280175111455,287.7730751227409,29.8
18300000,-85.66831483821443,349.7653980250157,29.8
18325000,-58.95778503196105,347.54608745348133,29.8
18350000,-60.00204741351743,245.60494311121565,29.8
18375000,-84.74045859063767,212.1903010950039,29.8
18400000,-82.13430704737355,320.3780488095648,29.8
18425000,-72.07877186689802,256.45918996848815,29.8
18450000,-87.59182590742437,341.607903743172,29.8
18475000,-81.29623035859446,237.27514368018495,29.8
18500000,-84.91734496253875,303.85539830958726,29.8
18525000,-77.2409593885633,317.7906010478935,29.8
18550000,-74.70046116266307,209.23472760578065,29.8
18575000,-67.88659600972993,331.14979763413663,29.8
18600000,-71.49316389527473,374.1201965515146,29.8
18625000,-82.17921912404123,284.1622155904853,29.8
18650000,-82.57695498993823,305.6954587442719,29.8
18675000,-94.32277063193543,283.11020628159645,29.8
18700000,-67.44549799230467,277.11282796643474,29.8
18725000,-81.75050966031925,352.4362120670042,29.8
18750000,-78.35696558784403,360.44867606853245,29.8
18775000,-90.16033925614389,256.51836820966474,29.8
18800000,-86.5894342844486,303.4629227318272,29.8
18825000,-68.87603635794417,301.29406755792746,29.8
18850000,-82.70028331157108,308.69235561253953,29.8
18875000,-64.01304930391038,332.65424771221234,29.8
18900000,-68.39919244222611,365.99289115199485,29.8
18925000,-96.71583536869761,234.18235907638393,29.8
18950000,-86.10775871775189,323.67218023205913,29.8
18975000,-85.77094756814081,334.243045517469,29.8
19000000,-73.64279355058999,276.4094442100806,29.8
19025000,-54.71608737679951,269.1769244837553,29.8
19050000,-67.15204051682812,375.25597596368436,29.8
19075000,-85.04000542914551,343.3335065256814,29.9
19100000,-67.68399828674472,372.7352943071543,29.9
19125000,-70.51774636758103,257.0104181458574,29.9
19150000,-85.17800318243309,256.8852208522473,29.9
19175000,-78.81513368919022,329.4101600322153,29.9
19200000,-88.80347695524864,277.811043132278,29.9
19225000,-34.42177504524871,246.5536253756964,29.9
19250000,-64.89801952509403,230.6062561172803,29.9
19275000,-95.84904713220018,337.0185971378329,29.9
19300000,-87.72321332791897,312.8892884757722,29.9
19325000,-81.8745235672494,258.37614460575065,29.9
19350000,-89.38267820404265,235.68875016899545,29.9
19375000,-105.49539645308087,341.8840957870821,29.9
19400000,-76.68519590146857,270.1761338627117,29.9
19425000,-61.15129584067112,334.01975483180183,29.9
19450000,-71.55220112738044,297.68359599541776,29.9
19475000,-85.50800957505075,285.7500015665929,29.9
19500000,-89.39004602098915,243.14423225670785,29.9
19525000,-70.59535061345406,242.8055740123372,29.9
19550000,-93.64455420551829,260.31026783637674,29.9
19575000,-47.16578864949251,335.30571947870334,29.9
19600000,-72.49671537779314,309.48510970979754,29.9
19625000,-77.94780448285913,361.5123637702254,29.9
19650000,-74.98685302237456,344.2998205330073,29.9
19675000,-85.652076000531,341.14278852950383,29.9
19700000,-78.12462944645566,232.09773985390385,29.9
19725000,-78.0547642451748,290.290740370773,29.9
19750000,-78.53884048664855,194.39602338537304,29.9
19775000,-89.51695785680135,322.47465163317264,29.9
19800000,-59.06448929497484,234.57485167604622,29.9
19825000,-75.60285157295937,261.1483662250761,29.9
19850000,-81.26190211593816,274.26071391415775,29.9
19875000,-54.27162529280653,295.99654539716414,29.9
19900000,-75.82785309312091,439.5195278354554,29.9
19925000,-52.84493364344361,330.351828463235,29.9
19950000,-81.37067258514729,296.42314361950486,29.9
19975000,-58.298598223447925,277.9204925291855,29.9
20000000,-76.01226314131598,347.31683519669207,29.9
20025000,-74.8584044399072,308.63812854999037,29.9
20050000,-89.42629344960392,232.77079952067166,29.9
20075000,-58.46128223860379,294.68582897608167,29.9
20100000,-79.44250958937586,306.9922539023328,29.9
20125000,-82.92156523885032,269.5197417979484,29.9
20150000,-89.09651073706763,321.28067143468627,29.9
20175000,-67.7487282343076,328.95763299467666,29.9
20200000,-91.8820041872362,297.21487865332136,29.9
20225000,-77.21985123655966,271.42606986186775,29.9
20250000,-78.3725811394899,417.2928822173252,29.9
20275000,-73.62828366241766,321.0022567300204,29.9
20300000,-79.06170415831915,285.5056262101301,29.9
20325000,-91.2674546724337,222.59748926533777,30
20350000,-85.17694505552402,416.60842016637844,30
20375000,-93.7719224957888,289.8784579146078,30
20400000,-77.27519609188681,207.9086787588075,30
20425000,-50.96112306892597,316.57582577578535,30
20450000,-76.51343285407484,352.5174228666129,30
20475000,-78.88328233229217,341.9716503933017,30
20500000,-86.38647828027197,397.6472152425968,30
20525000,-85.6882503587047,253.49984753785338,30
20550000,-80.19181389574842,290.8097709191684,30
20575000,-69.67894196519411,292.9530776752032,30
20600000,-82.62799909635591,389.9952496786982,30
20625000,-70.98496179896102,473.55464669392853,30
20650000,-68.67432579472387,264.31886677911507,30
20675000,-76.80658498263111,201.86838763077256,30
20700000,-94.18334520066816,302.3764930868202,30
20725000,-74.19552473175304,275.2225376616172,30
20750000,-76.72975670276386,268.1687344397781,30
20775000,-88.2762811172028,285.11459946855757,30
20800000,-92.87294265531821,261.34888855098956,30
20825000,-63.90427339100795,315.93289217333427,30
20850000,-60.91821379191245,299.7008934594023,30
20875000,-79.32730613190029,334.4296248676041,30
20900000,-86.93383828917034,302.28221466299834,30
20925000,-86.01729152551935,259.3843430469335,30
20950000,-72.51016904452902,265.5986237218853,30
20975000,-81.98655833218271,333.01320721726535,30
21000000,-96.70803743418361,265.29910745351236,30
21025000,-56.2514020659015,194.80346866446015,30
21050000,-70.79448267462686,283.6265971329598,30
21075000,-93.00214482222668,284.04579733046023,30
21100000,-77.41549083139877,276.1622046985672,30
21125000,-84.61421824831159,354.07492096446026,30
21150000,-71.15442358604349,294.4554978896112,30
21175000,-86.30347086385189,368.2452874744835,30
21200000,-83.69426476562182,401.34553748747857,30
21225000,-88.15835672302032,292.7637799178446,30
21250000,-76.17881960712322,339.1993819223523,30
21275000,-75.56490927308393,257.6589539657569,30
21300000,-71.42025706507022,201.18845658659103,30
21325000,-77.33892500434109,308.453184012388,30
21350000,-75.68408593045257,277.719436377063,30
21375000,-88.69326979814706,382.2081260168833,30
21400000,-84.15219322927709,236.92001907157731,30
21425000,-80.31137487410766,261.47232458502265,30
21450000,-85.89769654591304,265.08818661625156,30
21475000,-88.90684594546656,247.9126868611878,30
21500000,-80.95439897041655,408.06387393260513,30
21525000,-86.05421526245087,338.60226551481145,30
21550000,-84.6622541997384,352.07007236813763,30
21575000,-58.65062008072986,455.52886866768455,30
21600000,-75.56111207151872,343.2006482168663,30
21625000,-87.25118432621383,337.37297671221694,30
21650000,-92.40618602681606,322.04325761624256,30.1
21675000,-101.1006841078053,326.48928666462916,30.1
21700000,-87.13184140558982,253.33935567167643,30.1
21725000,-88.49506868915316,440.2633211438799,30.1
21750000,-50.611922127435164,238.32156148363532,30.1
21775000,-66.76618965204734,266.6326429340261,30.1
21800000,-94.12763856586557,429.7732225572675,30.1
21825000,-66.43439981094927,325.51547570539645,30.1
21850000,-82.36773928793994,312.5026994344453,30.1
21875000,-64.647332363738,280.84891088657025,30.1
21900000,-84.63803574045468,267.1997775931425,30.1
21925000,-78.9440492675117,304.16904095233656,30.1
21950000,-76.3681741367439,223.17249930915656,30.1
21975000,-72.46810860233487,379.4561083343743,30.1
22000000,-80.650466723177,335.48084919597477,30.1
22025000,-82.30772282146455,258.7678914228158,30.1
22050000,-89.23446344838878,389.02878748546806,30.1
22075000,-76.03180421738492,336.07699683934345,30.1
22100000,-56.201377085212506,351.5830582037847,30.1
22125000,-74.34301600824844,326.6029872945216,30.1
22150000,-92.55066549871492,304.7010746009255,30.1
22175000,-93.45895737502667,212.25301253747924,30.1
22200000,-63.639934102050496,265.6559672948092,30.1
22225000,-55.91771952146217,322.7134311400326,30.1
22250000,-78.9712606572897,268.6478247269371,30.1
22275000,-72.31788079540323,241.56118044402055,30.1
22300000,-79.74111377265211,267.3994334305311,30.1
22325000,-67.65934848817093,438.5860634846836,30.1
22350000,-86.12503087866024,297.020312374395,30.1
22375000,-76.72743663386085,250.20274653367514,30.1
22400000,-40.007409451207565,304.52332801940247,30.1
22425000,-98.22879004840323,317.1032597131471,30.1
22450000,-83.95065247390143,252.0865237643472,30
22475000,-87.89067993790545,316.12592654273095,30
22500000,-96.05969917083715,308.21633109698206,30
22525000,-76.4369439931179,387.4445216126973,30
22550000,-84.51437015002365,394.21516558972934,30
22575000,-69.9299578827803,241.93370176222533,30
22600000,-71.98281549177399,358.5877872301198,30
22625000,-79.00159756407517,295.4521356518674,30
22650000,-83.78153970171371,258.66682112183054,30
22675000,-93.55967860817611,210.88874405039888,30
22700000,-82.66316936690473,408.7935729645175,29.9
22725000,-82.61665161740748,280.1976985065057,29.9
22750000,-75.4326428205222,229.59275960397707,29.9
22775000,-83.08546160622498,342.6056981917225,29.9
22800000,-63.198617473636126,378.4867167640956,29.9
22825000,-80.54183179900556,236.4861985471068,29.9
22850000,-86.91700218236815,336.13755538396134,29.9
22875000,-88.45520607988539,412.94109417243067,29.9
22900000,-82.76860523184168,238.02448859943226,29.9
22925000,-73.67530615664478,409.96351867550607,29.8
22950000,-64.87851469014453,240.28179065246601,29.8
22975000,-87.30543195973165,309.80169657911955,29.8
23000000,-87.18024186059185,265.8626938102965,29.8
23025000,-74.06867699050571,363.9307764595899,29.8
23050000,-83.66413941826065,303.8584662770219,29.8
23075000,-82.27112582026,394.09806782061673,29.9
23100000,-64.26526434302667,258.40804007016084,29.9
23125000,-59.66204296202378,309.81998684786174,29.9
23150000,-65.9229366644483,461.94990744960126,29.9
23175000,-103.14127040573638,358.0053802744093,29.9
23200000,-77.33776725686454,257.16775754190496,29.9
23225000,-56.22981049516841,390.8704934671033,29.9
23250000,-88.77008848867598,314.55123130595933,29.9
23275000,-63.343760748999166,293.4317331786111,29.9
23300000,-81.47501415039946,339.3778658768969,29.9
23325000,-87.06783341728494,237.38833396868372,29.9
23350000,-86.87738336091826,294.24513962006665,29.9
23375000,-73.11137065729129,348.0403854124272,29.9
23400000,-58.69439526074994,255.53387920054644,29.9
23425000,-90.49590623421528,315.5737623715738,29.9
23450000,-84.86593701806648,401.03615633202594,29.9
23475000,-95.59304158982462,249.0706189223477,29.9
23500000,-74.96553264920661,376.5430542642259,29.9
23525000,-57.09941805264578,181.20382851658331,29.9
23550000,-47.15289769714481,407.7071692575486,29.9
23575000,-73.17369310398455,265.3895602746962,29.9
23600000,-79.03688599802835,331.0175110880568,29.9
23625000,-94.44380209553663,366.58264319893806,29.9
23650000,-75.18950398514674,312.661987177926,29.9
23675000,-43.07155514396735,436.4919119974803,29.9
23700000,-85.65731270110614,275.39003478933085,29.8
23725000,-78.07103169545213,264.8020615438084,29.8
23750000,-85.43221376995402,226.1943057150054,29.8
23775000,-76.65416484157535,230.99373633965664,29.8
23800000,-63.883400966302005,264.5316768252487,29.8
23825000,-87.42621131698542,277.84779349098505,29.8
23850000,-79.06005564978378,294.49018525706975,29.8
23875000,-89.34789962876219,239.73924420883858,29.8
23900000,-82.825165312028,373.39160680515926,29.8
23925000,-69.22397791945548,201.8504894987164,29.8
23950000,-94.45055152864671,387.0297538420543,29.8
23975000,-76.63964109026492,220.357071389454,29.8
24000000,-89.3496898384575,337.49794004390407,29.8
24025000,-78.04637643717062,317.1596596281039,29.8
24050000,-94.42592340979432,309.12445753556057,29.8
24075000,-67.91232079908748,316.28957465555584,29.8
24100000,-67.75262348627545,405.871414270459,29.8
24125000,-80.32991500310884,237.93475555718203,29.8
24150000,-74.03787213722737,236.26868404386283,29.8
24175000,-72.66447830107663,257.26717114871497,29.8
24200000,-80.7343368428522,301.4186692504291,29.8
24225000,-75.65906496043954,308.27326926614944,29.8
24250000,-61.26784658654209,367.5290685060123,29.8
24275000,-77.24196224491155,283.3990132809897,29.8
24300000,-95.49812299317429,206.59765517222982,29.8
24325000,-88.19438270630627,415.5281542449494,29.8
24350000,-57.232942204778396,360.4383547492596,29.8
24375000,-72.5244087392308,343.015303517783,29.8
24400000,-83.73276918333892,285.4262567124674,29.8
24425000,-73.12789620245916,277.1953055545422,29.8
24450000,-70.38555316085936,405.2177102211172,29.8
24475000,-82.87198037088415,201.87215021757208,29.8
24500000,-79.85970355659586,291.875553099579,29.8
24525000,-84.23930280091682,396.78043666150273,29.8
24550000,-79.56499405978491,293.12189873373296,29.8
24575000,-63.71865059993586,245.25869854648636,29.8
24600000,-94.62472597491389,262.06849346966123,29.8
24625000,-78.9196892529018,262.10590859969767,29.8
24650000,-97.06268418309202,278.684615023302,29.8
24675000,-96.88966881877417,409.365931699478,29.8
24700000,-87.30430888341829,467.4257156222948,29.8
24725000,-78.45315362763841,406.3919975574697,29.8
24750000,-71.89507471080343,325.79625399629896,29.8
24775000,-85.38339194632638,192.20585262764672,29.8
24800000,-98.04395482099233,288.17289600377205,29.8
24825000,-56.714246049363155,291.86382731455024,29.8
24850000,-81.27061759518563,245.65988546278032,29.8
24875000,-79.89181071133464,464.3533635611512,29.8
24900000,-93.2492055395627,322.2489681133762,29.8
24925000,-82.8585610676889,339.64867233215585,29.8
24950000,-79.79112309821755,277.66935072124846,29.8
24975000,-77.43349764315336,352.5347328570814,29.8
25000000,-96.82186427198033,255.44396512623518,29.7
25025000,-84.86980635831948,208.49953654623243,29.7
25050000,-98.43703034285133,252.7119271835753,29.7
25075000,-85.43679429373573,270.46228063264334,29.7
25100000,-80.94197039540386,368.2604160058594,29.7
25125000,-82.6382570068909,358.17036869627486,29.7
25150000,-48.104526425732075,287.2250358766984,29.6
25175000,-68.11558167134555,402.1457063328496,29.6
25200000,-98.00797291875693,369.7249603393862,29.6
25225000,-93.0510607435055,393.90437653131676,29.6
25250000,-68.16092411209448,339.6686284056556,29.6
25275000,-106.71024397589932,232.55158952101772,29.6
25300000,-68.73379235212509,320.8134204540849,29.6
25325000,-72.37033577032494,258.1756837797537,29.6
25350000,-57.366062125053475,275.15803721987277,29.6
25375000,-68.15528460080264,318.48680577897306,29.6
25400000,-82.85018531191915,423.16686202423523,29.6
25425000,-81.31001287791116,370.7769589768378,29.6
25450000,-73.2452956888267,261.0793893414163,29.6
25475000,-69.9590830004341,332.69552520392614,29.6
25500000,-80.55781370437779,260.07292375243077,29.6
25525000,-68.83506706308022,324.0751769381087,29.6
25550000,-68.80398820540974,268.3640944544782,29.6
25575000,-86.21997644903126,276.2924043551834,29.6
25600000,-71.0823448130271,260.7060322295085,29.6
25625000,-67.77588702729031,388.4961963913641,29.6
25650000,-84.64117657652606,315.9041136628582,29.6
25675000,-100.2806775530781,267.5659410893858,29.6
25700000,-69.20499230279924,462.7939477907324,29.6
25725000,-92.88990515833655,188.8468751580958,29.6
25750000,-87.87064727080283,239.05483666254915,29.6
25775000,-78.62423790491968,270.5809135325178,29.6
25800000,-77.98957909824398,282.17153737217177,29.6
25825000,-76.12117809822058,266.989530775786,29.6
25850000,-92.61132349259249,275.45661700649265,29.6
25875000,-73.81833111560702,287.5218706480002,29.6
25900000,-79.60774864602817,321.6904952075638,29.6
25925000,-79.79196532956638,231.6222431700645,29.6
25950000,-76.98149279228605,310.2241020252312,29.6
25975000,-78.44913286741111,315.3510150792934,29.6
26000000,-61.20703324894154,210.52798883252652,29.6
26025000,-96.35404966960336,280.3371970553183,29.6
26050000,-67.6879168624871,334.38885227147523,29.6
26075000,-66.51544494590536,359.4701715323574,29.6
26100000,-90.64532457167277,297.081172171875,29.6
26125000,-79.61090548308277,254.349111634674,29.6
26150000,-94.41770427490799,373.74171160830605,29.6
26175000,-96.23904990225401,277.3820681176336,29.6
26200000,-86.44888042714012,345.71306710579773,29.6
26225000,-64.79008542942607,363.8368835988666,29.6
26250000,-89.54660514741988,208.06132960487915,29.6
26275000,-81.05328000476186,251.7319551327055,29.6
26300000,-72.97593711682292,253.7015360532172,29.6
26325000,-82.05360666055245,282.35807390003276,29.5
26350000,-67.04373999011575,418.4866254464968,29.5
26375000,-97.92774482261126,233.16863463652228,29.5
26400000,-81.85333264995928,344.0509760296378,29.5
26425000,-86.08449861016176,352.1905802641006,29.5
26450000,-55.586739480875885,368.8162330633232,29.5
26475000,-70.25045653998609,296.72508088645293,29.5
26500000,-93.40111126388517,274.7477525213785,29.5
26525000,-79.18614640574522,362.2268485448189,29.5
26550000,-86.73145153493496,264.97654179278317,29.5
26575000,-70.71480200857418,366.40619452565153,29.5
26600000,-97.29265813619196,324.39473140700966,29.5
26625000,-82.22033976678262,259.6750710805412,29.5
26650000,-82.92036660031968,264.84771359730763,29.5
26675000,-86.0673216621602,289.0549422053077,29.5
26700000,-87.7674581682014,405.59327846512616,29.5
26725000,-57.626615446353384,322.500073969111,29.5
26750000,-95.04490663366025,406.82824752326275,29.5
26775000,-64.84576405869005,209.8636034301107,29.5
26800000,-75.8107962869679,279.8721743348596,29.5
26825000,-57.041043823610416,394.69192740032184,29.5
26850000,-85.17432656471563,264.53276241244146,29.4
26875000,-71.77721503876464,315.64881420826043,29.4
26900000,-97.96246397049059,226.31813043848933,29.4
26925000,-92.1510252798877,402.6162897083024,29.4
26950000,-83.2998761402833,336.9397983024899,29.4
26975000,-95.28433145655895,228.14609629831224,29.4
27000000,-83.39401888795817,305.9367333322262,29.4
27025000,-73.33598162709393,336.6215818799493,29.4
27050000,-102.9805696450248,302.5571260001238,29.4
27075000,-82.60458949379328,354.3087506109172,29.4
27100000,-77.52121601578696,306.81490904190474,29.4
27125000,-88.87092972136854,264.30996366174884,29.4
27150000,-72.06944922705031,258.7986813551331,29.3
27175000,-86.88286520128233,329.2149833196955,29.3
27200000,-74.39476899814152,354.2923573970603,29.3
27225000,-67.77666351660393,411.7573785154461,29.3
27250000,-84.99175200283022,334.9912699876179,29.3
27275000,-87.55859016017303,265.01924529700034,29.3
27300000,-87.00954396048859,255.73516140870356,29.3
27325000,-89.76907776001211,229.77659282964234,29.3
27350000,-82.43175167944011,187.8392287175834,29.3
27375000,-88.27011848108585,290.88535209480284,29.3
27400000,-63.871430670523395,232.23170865927705,29.3
27425000,-68.91303671530615,438.3801097748314,29.3
27450000,-98.53998835882797,277.2637301196855,29.3
27475000,-61.94129187351973,303.6887067309996,29.3
27500000,-89.43814737038097,195.73648158826387,29.3
27525000,-77.02888497353652,412.4967985152547,29.3
27550000,-80.79052325642039,381.8196054466689,29.3
27575000,-90.5676071387708,346.58668767858796,29.3
27600000,-75.95322987730597,223.8074405829023,29.3
27625000,-73.59444910888445,337.5606892130375,29.3
27650000,-72.54342094297708,212.37114766054694,29.3
27675000,-93.43950843329173,273.3524570670839,29.3
27700000,-88.60591651069201,249.8421705809851,29.3
27725000,-71.82516327350635,281.0780477594255,29.3
27750000,-89.0977310581219,242.95532242324379,29.3
27775000,-64.72534384526358,330.18128348156444,29.2
27800000,-96.34905549042824,254.51199261483555,29.2
27825000,-81.85834708960073,254.30288922283862,29.2
27850000,-70.96548649675364,362.7251245132283,29.2
27875000,-84.15090110852721,230.53482605028438,29.2
27900000,-98.62634583154754,305.7759110276456,29.2
27925000,-79.6319005269396,188.26796813875228,29.2
27950000,-75.66354049298647,280.46382949396906,29.2
27975000,-74.23784655097992,283.65488925979986,29.2
28000000,-101.18459255823906,207.66632776602552,29.2
28025000,-71.09723547506417,404.45731282510025,29.1
28050000,-69.11669501499398,338.15714870385915,29.1
28075000,-84.1390852701491,239.22530435707046,29.1
28100000,-78.17830261824045,348.6217469101476,29.1
28125000,-78.43896546976245,215.8467751771023,29.1
28150000,-84.48165478737121,285.5883525345013,29.1
28175000,-84.91061077259884,226.0032381560308,29.1
28200000,-81.64533227582754,315.90115597495736,29.1
28225000,-101.05660482488234,339.6261761991144,29.1
28250000,-83.5083329541371,301.9675799835046,29.1
28275000,-106.97441419007518,300.45345245939484,29.1
28300000,-80.91269117455597,296.7852440266889,29.1
28325000,-69.57576883721529,326.39780876997213,29.1
28350000,-86.25623378563735,385.8723008978806,29.1
28375000,-77.21602533968573,314.89143812591766,29.1
28400000,-62.27568312845664,457.2374721079222,29.1
28425000,-80.93804724724453,345.9558062561195,29.1
28450000,-89.65397126049174,333.7102713862158,29.1
28475000,-93.4072368105065,166.5786641296466,29.1
28500000,-80.11849279219578,286.98461592464247,29.1
28525000,-61.16104719549933,272.5827617349222,29.1
28550000,-86.71254872621127,270.0349441357073,29.1
28575000,-93.8166521490117,245.1170424589094,29.1
28600000,-84.47566191057473,258.5859522520899,29.1
28625000,-70.03095724244434,280.249813319407,29.1
28650000,-103.85681646860704,254.63440717411,29.1
28675000,-78.89113621687011,277.5413534126003,29.1
28700000,-72.30733311352719,329.9560758186824,29.1
28725000,-86.56073596472208,368.80834467681547,29.1
28750000,-70.40920202302159,319.64006406305083,29.1
28775000,-67.37767913692257,310.6247606856412,29.1
28800000,-80.28421754244525,313.9622731005891,29.1
28825000,-92.30105537154468,307.05261208003174,29.1
28850000,-84.06833021231557,354.74948138019937,29.1
28875000,-94.09343121925536,202.0593767578665,29.1
28900000,-94.52808224211373,365.2832880133399,29.1
28925000,-81.24587551944072,240.52872424460213,29.1
28950000,-95.46900546393309,243.8139536611737,29.1
28975000,-81.15810546900569,229.08515594180125,29.1
29000000,-97.69758913555702,253.40746280270315,29
29025000,-59.35442698175386,174.01105072583428,29
29050000,-81.26643278342698,323.7488399394953,29
29075000,-71.53286106100119,277.4731224995401,29
29100000,-93.36874440057765,287.5288112687612,29
29125000,-82.47316501306734,242.22268640528625,29
29150000,-65.5160857834218,280.165447396976,29
29175000,-81.00176390799386,224.66984388917,29
29200000,-82.15405534626035,203.99894782182443,29
29225000,-71.89392518102372,252.39427233339552,29
29250000,-72.3057693838691,240.6453319378537,29
29275000,-53.590450173364005,305.90298353911004,29
29300000,-106.78111874132242,320.79021143583594,29
29325000,-80.85427250096325,249.98544490648828,29
29350000,-89.70662042561779,291.83583716206357,29
29375000,-92.29154606855393,256.7871658193926,29
29400000,-82.3564502163545,264.8293103608737,29
29425000,-87.94876856417031,344.5173808187869,29
29450000,-75.06056492946165,223.4779014988106,29
29475000,-69.87062232982524,309.4636530576262,29
29500000,-87.44900737495433,254.44938780261407,29
29525000,-92.78531370555933,286.4048161681161,29
29550000,-79.6380014459316,295.1394924631041,29
29575000,-69.84300256927172,358.87545792598536,29
29600000,-94.89989251148432,305.3963438108294,29
29625000,-68.94600313914725,255.8311737544795,29
29650000,-91.09960996641479,274.4675762898343,29
29675000,-92.75819506932987,254.96376825245432,29
29700000,-77.49850132052956,321.17086473666467,29
29725000,-89.26227415543863,288.8574206432664,29
29750000,-83.32926638439264,330.4627601863274,29
29775000,-87.43912311087523,336.67190617772286,29
29800000,-79.18240364721129,319.6900417681263,29
29825000,-87.75144312995961,269.60989925222304,29
29850000,-75.21607889200294,285.564802897488,29
29875000,-88.12768214662422,291.2085347306582,29
29900000,-69.6276915196431,199.21925696900541,29
29925000,-87.15957455324052,416.1187655520685,29
29950000,-99.07917151428319,331.6552180079595,29
29975000,-99.85810168800465,263.8621917459133,29
30000000,-100.80103998135529,317.34678598029143,29
30025000,-91.13337119573283,503.54970773992045,29
30050000,-81.5638131973232,344.2519511043877,29
30075000,-86.72298687847514,234.0509563993555,29
30100000,-89.39178163131007,295.4834930093373,29
30125000,-83.3264889329295,285.54314366666256,29
30150000,-76.59975791532085,394.06859226951764,29
30175000,-63.10542791803561,307.24676534889164,29
30200000,-72.77401357604228,488.81728335403125,29
30225000,-87.92038741069676,230.25623354012865,29
30250000,-73.17738381153758,263.2231327773313,29
30275000,-84.77192267448395,288.1914333363656,28.9
30300000,-88.22687309147315,358.58936011749444,28.9
30325000,-84.9339334153129,425.6428852602129,28.9
30350000,-86.21783545062851,262.4860902457686,28.9
30375000,-68.10095685305755,304.19754290976937,28.9
30400000,-89.27689960803306,296.8721969199625,28.9
30425000,-78.22908134202618,240.7515291787244,28.9
30450000,-72.85822557251873,238.19873504431857,28.9
30475000,-76.39280254456662,251.90357667300705,28.9
30500000,-87.10357878537839,367.0194230685831,28.9
30525000,-84.44211280465953,295.7060539256028,28.9
30550000,-76.33373540664245,278.9822185261914,28.9
30575000,-75.35965547109971,301.28227261594515,28.9
30600000,-64.69857590401386,374.94098150804894,28.9
30625000,-85.28976097786855,202.88960583712296,28.9
30650000,-78.65175005240519,456.96470943720806,28.9
30675000,-73.62774810187408,364.0365515659438,28.9
30700000,-78.58644683585736,248.61494106603,28.9
30725000,-60.155756239435505,403.16807799835607,28.9
30750000,-61.30930609801438,377.3203476911612,28.9
30775000,-76.63532954483388,288.8623596609096,28.9
30800000,-84.13808858595033,241.35281590145735,28.9
30825000,-73.47546919858382,259.4250713099245,28.9
30850000,-59.296503809720114,291.84566166086887,28.9
30875000,-77.58603951753426,328.31069540231135,28.9
30900000,-66.8216659364613,241.08570507447575,28.9
30925000,-74.26994418256812,207.64431048041962,28.9
30950000,-68.29537131020064,385.40224403115513,28.9
30975000,-58.43478914282424,221.08072107202037,28.9
31000000,-65.35575589715971,292.53835007235466,28.9
31025000,-54.750390689280714,348.91936745505205,28.9
31050000,-78.80435946637847,319.86711569195813,28.9
31075000,-61.27091343405029,298.15614336805567,28.9
31100000,-83.28942210217096,279.33189083431796,28.9
31125000,-86.06725719712263,369.1924733855469,28.9
31150000,-77.4141315921963,261.71091724188403,28.9
31175000,-75.3716952359157,304.7538148267393,28.9
31200000,-80.29742400568203,317.71988256936294,28.9
31225000,-79.06146071868932,288.13581130664414,28.9
31250000,-41.90661782460538,256.8213919586897,28.9
31275000,-87.81897913479406,260.0595965544906,28.9
31300000,-81.77755236564337,374.0228629587391,28.9
31325000,-80.67741653018666,384.07161366848754,28.9
31350000,-57.25727597133705,203.46576034708977,28.9
31375000,-51.46122616865887,330.40553905074313,28.9
31400000,-72.13378326476479,396.3325932945909,28.9
31425000,-77.37125933688935,359.2863626304534,28.9
31450000,-83.4475991640177,297.8519496073659,28.9
31475000,-72.1248022492551,243.1257538000449,28.9
31500000,-70.9672422307413,272.52493746127817,28.9
31525000,-56.799655483266946,265.3607056478499,28.9
31550000,-76.79524633214717,362.1606723911263,28.9
31575000,-86.53209263891279,301.53074529982473,28.9
31600000,-46.11224433304706,454.50585726800443,28.9
31625000,-71.59689902973665,281.4241384273134,28.9
31650000,-68.99306160167066,302.07113499054776,28.9
31675000,-58.671103018039815,299.57305825119744,28.9
31700000,-77.97114518400058,266.2958635373598,28.9
31725000,-58.11845907004942,346.93804967836206,28.9
31750000,-53.87221706006539,261.62651726690467,28.9
31775000,-60.7335228144263,229.5163967791275,28.9
31800000,-56.86997913497984,270.92952968381906,28.9
31825000,-83.17641650514683,292.1906436920433,28.9
31850000,-79.01310965107197,340.10656565985556,28.9
31875000,-90.00153435074687,348.29425645248125,28.9
31900000,-53.450847150469905,337.37110785717357,28.9
31925000,-95.00067610888333,187.36062278482603,28.9
31950000,-66.5528811994775,357.37956405651204,28.9
31975000,-62.23726215550898,359.77581498615956,28.9
32000000,-85.49415401023435,298.9704972468455,28.9
32025000,-59.40072657918911,348.4938850851368,28.9
32050000,-61.86109494157174,276.45285178803897,28.9
32075000,-46.93490548160546,316.97207300577475,28.9
32100000,-89.69173922613437,340.0841552633556,28.9
32125000,-76.95854196496575,312.097400794019,28.9
32150000,-73.44502440324368,287.317237390379,28.9
32175000,-90.18893281247546,230.98339728256673,28.9
32200000,-91.01194171545303,321.48304310299847,28.9
32225000,-81.94528620918811,321.8822547393515,28.9
32250000,-81.46504609333928,283.60956960697,28.9
32275000,-73.94069784051263,405.33650223366107,28.9
32300000,-91.61310859657301,393.715711658349,28.9
32325000,-79.19285404754325,305.97577688478265,28.9
32350000,-96.24434332995838,229.64391865580097,28.9
32375000,-83.4983791586935,402.2375088367398,28.9
32400000,-69.94909504560015,158.09753172716964,28.9
32425000,-68.2967330930507,268.5563824099009,28.9
32450000,-91.38725063169932,251.9878087910628,28.9
32475000,-89.86276894630223,326.98591732447903,28.9
32500000,-50.17442245798258,338.19892035186126,28.9
32525000,-68.46147782370932,225.52268317843453,28.9
32550000,-92.12105111549202,298.81955964467676,28.9
32575000,-80.02917468597178,248.49333235656104,28.9
32600000,-81.9946659980598,331.805283098057,28.9
32625000,-111.60791485223292,276.75387784895696,28.9
32650000,-90.89595371371455,330.8669126313397,28.9
32675000,-58.432331686375505,288.71826477727717,28.9
32700000,-82.13355807530121,246.43623993060106,28.9
32725000,-68.01470440024046,303.8178081837166,28.9
32750000,-87.02673740677588,303.75805906207,28.9
32775000,-98.34722820838942,242.7974733511178,28.9
32800000,-91.08721704955741,301.778797429979,28.9
32825000,-74.5218688581244,399.5801256755834,28.9
32850000,-87.54427332006665,222.79098067536341,28.9
32875000,-78.95558456801177,382.22879044826686,28.9
32900000,-87.14055978243435,215.64118677828665,28.9
32925000,-67.58007473019637,323.5607238605836,28.9
32950000,-85.63641035563924,272.52009994437316,28.9
32975000,-77.39063759081827,330.51902798863244,28.9
33000000,-86.29386282570357,313.1400010190207,28.9
33025000,-81.41800024270451,319.8800240555301,28.9
33050000,-80.48669415139076,208.05592480852184,28.9
33075000,-75.04526217825673,258.1554721428557,28.9
33100000,-59.11759587079192,209.59074039339177,28.9
33125000,-99.00272945674884,331.2265627720519,28.9
33150000,-85.40320602797365,318.83700909266594,28.9
33175000,-69.4551217744073,261.6653880394208,28.9
33200000,-82.47344004183331,298.05666799251674,28.9
33225000,-79.86212292407299,340.9421170356581,28.9
33250000,-95.01269310054917,274.7840078161393,28.9
33275000,-75.33403510378011,384.35942778333646,28.9
33300000,-56.19076862571724,238.71382265549087,28.9
33325000,-88.65777313500388,333.95457971499303,28.9
33350000,-81.52866705157862,332.5066413605211,28.9
33375000,-82.62934909447785,225.9827759178377,28.9
33400000,-101.97186628992378,289.683454311209,28.9
33425000,-98.05201770084392,274.12472837128007,28.9
33450000,-71.10287261493906,289.1920670902097,28.9
33475000,-63.40740983598514,235.39028446688434,28.9
33500000,-72.06582376059026,276.56414609534784,28.9
33525000,-84.4602570983707,280.46903254093,28.9
33550000,-58.430466773543536,273.9889614782941,28.9
33575000,-97.92314673743314,361.92793061193265,28.9
33600000,-82.4531847825219,224.1834326239845,28.9
33625000,-101.25622941365698,248.63755822322406,28.9
33650000,-107.40793786068981,377.90539630161464,28.9
33675000,-77.6940464770787,373.44901272682887,28.9
33700000,-54.00580131302691,260.93572293393055,28.9
33725000,-69.94442721567054,242.08315487918136,28.9
33750000,-96.03244368713554,254.54112037461567,28.9
33775000,-67.75053095620984,250.86823035446508,28.9
33800000,-64.2621781334561,179.45970443167502,28.9
33825000,-59.524987145070284,287.95454675580453,28.9
33850000,-77.42347731266956,293.5067050258825,28.9
33875000,-82.06754962834778,221.337326226188,28.9
33900000,-86.00422247463001,327.2066442411089,28.9
33925000,-75.08101527734094,304.4938047482592,28.9
33950000,-78.1294785932174,366.1426722735535,28.9
33975000,-83.003491627992,452.1980323941961,28.9
34000000,-71.52712265664428,273.07896467428714,28.9
34025000,-82.95959703430331,288.33081728898543,28.9
34050000,-71.68686805083433,325.4034672547691,28.9
34075000,-79.57123720377243,290.0363074089862,28.9
34100000,-73.21971367458528,202.6500130515604,28.9
34125000,-89.11329226020347,276.30924424587164,28.9
34150000,-63.63010595182966,244.32683761584468,28.9
34175000,-76.43606933105309,293.8501672418998,28.8
34200000,-78.19671494002185,416.6534596193229,28.8
34225000,-85.25458090305328,354.40701309059494,28.8
34250000,-83.62635651390686,391.24119058572626,28.8
34275000,-90.62459031772093,235.44251872007243,28.8
34300000,-69.38940424150294,241.86038644949616,28.8
34325000,-56.46648794730784,293.3155335558292,28.8
34350000,-77.00269221492798,311.47141356479983,28.8
34375000,-77.19339015581816,231.4817086853931,28.8
34400000,-76.36128896838781,338.99228656797703,28.8
34425000,-91.01255419408486,319.09037185849337,28.8
34450000,-93.02714721568405,257.3458717034949,28.8
34475000,-84.76212421853381,405.45283849071535,28.8
34500000,-85.23175025065973,341.36919515305686,28.8
34525000,-75.86777187277605,370.47555157872847,28.8
34550000,-98.23232013145048,264.3917255746651,28.8
34575000,-104.41622478872809,266.05648846697585,28.8
34600000,-65.61799433920466,338.3865751127004,28.8
34625000,-68.14495513335241,291.2249613192552,28.8
34650000,-71.43432507815781,255.69629733622284,28.8
34675000,-90.4352708185752,293.6950886265516,28.8
34700000,-97.81004715386071,336.79392187900413,28.8
34725000,-91.36765084954959,322.24636916786136,28.8
34750000,-79.52111215900989,252.30311700986618,28.8
34775000,-70.10305139301755,237.2966170172329,28.8
34800000,-77.6659950037988,264.46617369438735,28.8
34825000,-69.27006292530672,351.1170242572615,28.8
34850000,-79.71459901558563,277.52927785828587,28.8
34875000,-68.5848953240617,296.5727907947953,28.8
34900000,-83.94384035109198,215.51021520414156,28.8
34925000,-87.10175325602087,304.8032776784447,28.8
34950000,-83.4737335895425,367.3311217633544,28.8
34975000,-76.24317244027705,223.8242000752426,28.8
35000000,-63.70080215242641,202.78525971455977,28.8
35025000,-80.29213504702508,267.22330582534687,28.8
35050000,-69.04497072637739,272.32554169181975,28.8
35075000,-65.50277244866783,306.3555056479964,28.8
35100000,-79.4377199020646,356.9966933131301,28.8
35125000,-89.77498196206506,284.5440583712417,28.8
35150000,-75.37702234405604,385.92489932819444,28.8
35175000,-101.13753423884425,390.73252675928376,28.8
35200000,-60.25993951405629,408.8307549629629,28.8
35225000,-74.5979742237365,334.8029276285042,28.8
35250000,-86.75755435841107,188.89318328436593,28.8
35275000,-85.3993117146702,256.85627746320057,28.8
35300000,-83.8188318395749,309.54249583823133,28.8
35325000,-86.12055165850906,348.24186916617,28.8
35350000,-79.78939504122891,231.15914844075135,28.8
35375000,-73.35873377448317,262.9446307056976,28.8
35400000,-94.65098938903589,355.5018257133451,28.8
35425000,-92.90887601477864,398.3035766122289,28.8
35450000,-74.75601482055411,256.2851804625836,28.8
35475000,-68.73903767224368,286.34113258971166,28.8
35500000,-80.65095005379177,372.46865308804263,28.8
35525000,-94.17640465871796,379.0050191857257,28.8
35550000,-81.19818928146674,322.387151580435,28.8
35575000,-83.31355108988829,352.5841364180532,28.8
35600000,-68.09225138033827,265.3604331166916,28.8
35625000,-86.08846653246329,325.16249344643256,28.8
35650000,-70.34319820910741,245.29050822069567,28.8
35675000,-95.61266296654519,317.86573319315073,28.8
35700000,-84.20071852469545,277.90456125242514,28.8
35725000,-67.65905552150724,295.3920927009899,28.8
35750000,-61.35914308331495,329.6083460770083,28.8
35775000,-82.7801468873282,263.64073915208235,28.8
35800000,-90.18564910644702,285.9947635815111,28.8
35825000,-53.0801273105084,254.87915478947565,28.8
35850000,-84.02155720252294,370.91697737959237,28.8
35875000,-88.25013974349476,384.79543793267754,28.8
35900000,-85.43085149320987,285.0687834823292,28.8
35925000,-83.2895786735124,385.95761839062925,28.8
35950000,-95.44346597565672,333.977513008068,28.8
35975000,-90.33378492381252,296.3434649553439,28.8
36000000,-77.36589820257484,272.0338645688285,28.8
36025000,-83.7245508042432,188.71881130618326,28.8
36050000,-70.9962284368469,460.91606025682586,28.7
36075000,-77.63547740779266,317.1232099368183,28.7
36100000,-109.02736184397764,295.2436612322294,28.7
36125000,-83.90499476325868,288.03711456481733,28.7
36150000,-61.90032877527294,432.32445191187327,28.7
36175000,-78.67469432974609,363.22110978761793,28.7
36200000,-69.43606877301579,383.9089250576229,28.7
36225000,-68.08872542283515,272.62959846917545,28.7
36250000,-97.4789820332405,303.1127785417969,28.7
36275000,-83.02382361665182,311.69612177769847,28.7
36300000,-86.52592001876198,362.6631296091586,28.7
36325000,-89.86423856387535,298.9761693257142,28.7
36350000,-94.30458127215421,322.6083447705356,28.7
36375000,-74.11282963530184,354.0389936956543,28.7
36400000,-82.53548515122866,255.4476657636376,28.7
36425000,-77.72383773550658,293.1752016633484,28.7
36450000,-101.11529901412987,231.40855306263848,28.7
36475000,-75.95259585246608,399.50166434016154,28.7
36500000,-72.41527138149354,204.94183326824387,28.7
36525000,-96.32699880687693,364.86338689153746,28.7
36550000,-80.71275732346913,333.119888864091,28.7
36575000,-94.87088234030844,368.57274230569817,28.7
36600000,-73.38005973244546,308.8761039607788,28.7
36625000,-78.52182446395534,262.21844078345777,28.7
36650000,-92.0808607220304,279.2417708336401,28.7
36675000,-90.88952141025175,330.45876140717127,28.7
36700000,-77.87111421150436,193.73098024347357,28.7
36725000,-90.92614889973969,260.7548867200407,28.7
36750000,-75.31241453712175,358.68432567123256,28.7
36775000,-83.76705066929938,397.93242622219896,28.7
36800000,-74.84156966349268,296.7215066990668,28.7
36825000,-55.548147700329196,413.24448085768915,28.7
36850000,-93.17720671223934,256.8340364591348,28.7
36875000,-93.86333373825114,204.8656183171805,28.7
36900000,-83.92403467104918,322.8242256418329,28.7
36925000,-77.92188806489527,273.29678146661735,28.7
36950000,-72.9946331157622,295.4098125613477,28.7
36975000,-69.94093366535435,185.0948684154612,28.7
37000000,-65.85480283363835,432.945745097756,28.7
37025000,-75.51155770505359,300.694392940009,28.7
37050000,-72.45091159173091,287.17288834615806,28.7
37075000,-75.64350055280394,240.14414200200108,28.7
37100000,-89.61212611974193,253.71719556278504,28.7
37125000,-53.19723145669441,233.15040408980832,28.7
37150000,-89.79623889767436,227.1055016379148,28.7
37175000,-65.84538476890464,251.07229709645867,28.7
37200000,-84.87754513164356,315.18460903596406,28.7
37225000,-62.16882838765555,280.7143436942801,28.7
37250000,-82.31816816545916,271.57762175406117,28.7
37275000,-94.12684680679695,276.9551029356087,28.7
37300000,-79.76853651418506,314.48986329647227,28.7
37325000,-84.6336601042594,295.0263642927636,28.7
37350000,-80.79469972932012,283.4459767974598,28.7
37375000,-82.18555890743266,260.7398356960781,28.7
37400000,-79.07255020258764,291.6673779246358,28.7
37425000,-85.22611776634861,227.68186486025283,28.7
37450000,-79.23311091357314,238.6588337802816,28.7
37475000,-60.52813967779136,356.4758870206164,28.7
37500000,-71.33114277273819,284.0268890233964,28.7
37525000,-83.78154804836467,301.48865615821774,28.7
37550000,-80.45953746637511,222.60779524122233,28.7
37575000,-88.40752808606723,279.6719177292145,28.7
37600000,-83.11999028218706,294.7707468798723,28.7
37625000,-79.436314783084,295.1711744825162,28.7
37650000,-79.94235999543832,253.78996261330255,28.7
37675000,-75.49474220536044,277.86696208909495,28.7
37700000,-93.53054278918961,214.59904357746635,28.7
37725000,-70.2072140990433,268.7750128227375,28.7
37750000,-72.3700036647449,273.00275840288174,28.7
37775000,-53.80324903327644,306.72742898976185,28.7
37800000,-69.0421156218814,202.4016488661358,28.7
37825000,-83.7070434463624,244.19674362934208,28.7
37850000,-83.55040605787497,249.61877322391294,28.7
37875000,-64.36564948771249,237.57788353409825,28.7
37900000,-79.3079374395702,228.95593014535055,28.7
37925000,-63.10223244620275,390.4523788889476,28.7
37950000,-63.54808790722455,316.4200909839151,28.7
37975000,-75.5146070326065,251.5560031357606,28.7
38000000,-74.9379693115598,300.11266729116534,28.7
38025000,-98.44336831235339,223.12100094731102,28.7
38050000,-89.80187385415684,241.35702278816623,28.7
38075000,-89.74789403031005,281.29743633908566,28.7
38100000,-62.45031205154184,326.26939674081456,28.7
38125000,-70.97523101496616,372.09641301404304,28.7
38150000,-82.99301152481348,361.8146352828484,28.7
38175000,-75.44038020583683,394.2548289171971,28.7
38200000,-67.6190074513024,285.6861500621661,28.7
38225000,-82.6608650393758,248.2912680249777,28.7
38250000,-85.07046054898206,284.0162154787261,28.7
38275000,-77.79713440322625,397.7065261178705,28.7
38300000,-87.61303565378321,323.1116021650447,28.7
38325000,-103.41710259971113,254.2809460216723,28.7
38350000,-72.30544315524055,409.5049062833829,28.7
38375000,-73.58327284392487,329.7712090527081,28.7
38400000,-84.06770985469433,189.09808353867945,28.7
38425000,-83.24044519488163,389.8100748969213,28.7
38450000,-104.67728858323724,400.0612102482414,28.7
38475000,-98.23823885663411,299.80390755206133,28.7
38500000,-82.50858559284434,234.35399297172492,28.7
38525000,-85.20798483898179,363.1726286191142,28.7
38550000,-89.29026984981036,339.71158965571374,28.7
38575000,-84.54217032840586,359.99402408661217,28.7
38600000,-68.18097911186506,332.6845861865034,28.7
38625000,-74.88455653717881,341.8739845600918,28.7
38650000,-87.68463843430506,228.76403251074024,28.7
38675000,-91.543634989661,214.24093232446214,28.7
38700000,-60.271073779135115,254.47857748979536,28.7
38725000,-83.1824943050463,218.40761228987188,28.7
38750000,-76.60326480926093,361.43241989347297,28.7
38775000,-96.1687061774183,326.3685874117108,28.7
38800000,-86.99304479011079,517.3011417849456,28.7
38825000,-59.840349123832766,339.29802777114026,28.7
38850000,-90.10468071183712,263.1820477828699,28.7
38875000,-86.61900271435488,361.72373084402,28.7
38900000,-87.8891641601255,347.06255848707343,28.7
38925000,-58.06069752451642,266.39117488701083,28.7
38950000,-71.56315676616123,313.3950741333558,28.7
38975000,-89.97601806396153,261.1052838240271,28.7
39000000,-75.7849520991571,280.2741712930382,28.7
39025000,-87.80256335579344,212.2070786369715,28.7
39050000,-58.096659508463034,412.03521394056116,28.7
39075000,-76.28954195173786,320.4974479291337,28.7
39100000,-66.76422125301161,404.01889853372273,28.7
39125000,-87.15618613728826,221.66947866420045,28.7
39150000,-96.49404400395798,267.0065272781206,28.7
39175000,-96.95300186158236,334.8025834941683,28.7
39200000,-96.72802539331997,409.5506917778956,28.7
39225000,-83.22769509803193,289.47211295646537,28.7
39250000,-83.82379845746865,291.32271818026135,28.7
39275000,-55.70523500371786,310.81566672096704,28.7
39300000,-68.10545191967418,215.92687924588657,28.7
39325000,-82.54419485370539,360.95438070620753,28.7
39350000,-91.20337617931546,270.8419600310424,28.7
39375000,-74.54070686700996,412.1752885869344,28.7
39400000,-88.90137463683905,422.16226702009334,28.7
39425000,-76.56200028908097,427.64154651191603,28.7
39450000,-68.47806308084043,430.71427033922,28.7
39475000,-53.98586021704383,272.7760550840001,28.7
39500000,-72.7221134735799,350.76653984803954,28.7
39525000,-70.1674494793294,293.40963174644617,28.7
39550000,-56.63362853649621,384.60492751145927,28.7
39575000,-75.07468049750811,232.7441649173899,28.7
39600000,-68.70572126614691,372.8868916875267,28.7
39625000,-74.42702346359877,409.52385014787683,28.7
39650000,-63.030688708512905,442.91753328460413,28.7
39675000,-67.22207792219814,290.7375267647408,28.7
39700000,-79.54846235462712,307.1074479350243,28.7
39725000,-83.38462957572625,205.53634006865352,28.7
39750000,-84.2141941275429,165.79605955031386,28.7
39775000,-91.62022563539676,354.23250873252044,28.7
39800000,-22.858781691845977,285.95828838790743,28.7
39825000,-84.58084469298974,327.88593625463966,28.7
39850000,-83.53442297128366,340.0498695702217,28.7
39875000,-92.19490174264236,278.1992585664097,28.7
39900000,-72.77616693835174,353.29442305948464,28.7
39925000,-87.76390558862863,293.8222422812959,28.7
39950000,-73.16503739111525,310.0052110324194,28.7
39975000,-67.69757353569354,279.1421445672323,28.7
40000000,-82.9635979891822,309.01320937886703,28.7
40025000,-82.632543732209,267.2586175009575,28.7
40050000,-84.67047684157598,252.9276250604753,28.7
40075000,-89.89673577670149,259.452247362469,28.7
40100000,-68.6124110809354,287.04443253087885,28.7
40125000,-84.79117080763467,321.2199447856758,28.7
40150000,-69.12013903230711,311.8775756719819,28.7
40175000,-78.30012238385987,261.70548682417143,28.7
40200000,-56.49330455921788,262.21341893988773,28.7
40225000,-61.416803842704006,293.37564917552385,28.7
40250000,-79.8144688752296,304.8151323777662,28.7
40275000,-82.72867149557462,370.46669831356974,28.7
40300000,-83.08502215598273,293.69628302791875,28.7
40325000,-105.14265442476426,370.7119171906106,28.7
40350000,-89.9452255823704,287.8718494401913,28.7
40375000,-101.51690053993696,324.59153815315466,28.6
40400000,-46.29974701131316,294.5844019490888,28.6
40425000,-79.14881374701355,342.7657926822054,28.6
40450000,-87.47690639064447,343.3118975578671,28.6
40475000,-70.85214879227404,378.5220836876745,28.6
40500000,-77.18301849176832,263.4322963508195,28.6
40525000,-98.13800941479441,305.3844307883342,28.6
40550000,-75.14389172511581,258.1249555904665,28.6
40575000,-93.56891055356878,298.3511948338172,28.6
40600000,-70.63525861150777,273.06842893392354,28.6
40625000,-90.25129178554049,262.5350979646714,28.6
40650000,-82.09398986982092,356.5196900545235,28.6
40675000,-83.51288799007762,359.143662760117,28.6
40700000,-88.68154689463707,343.06911648445674,28.6
40725000,-103.54394841272287,282.71414685980386,28.6
40750000,-74.42182457430667,392.82350539705374,28.6
40775000,-95.17724772395039,272.6089272203248,28.6
40800000,-87.30050397195836,315.7163872653441,28.6
40825000,-69.48985277511409,254.08038787639575,28.6
40850000,-71.91801803074225,300.62995580058504,28.6
40875000,-73.3450025631271,245.25049682372637,28.6
40900000,-89.23225856425701,312.3627918745379,28.6
40925000,-61.43278647895283,264.5018900855794,28.6
40950000,-86.53972746437894,310.964435470694,28.6
40975000,-62.19683598052681,310.1284414930759,28.6
41000000,-63.079485700187405,318.9316026259531,28.6
41025000,-73.97339161122432,284.0453714262722,28.6
41050000,-73.30186751460883,282.1694583760042,28.6
41075000,-83.40103774613536,327.78394646424886,28.6
41100000,-75.80169207981857,260.0334284117752,28.6
41125000,-88.31205024260025,365.9504598564513,28.6
41150000,-61.82518447761924,293.26705846862797,28.6
41175000,-82.93404842822318,282.2638480305888,28.6
41200000,-97.55275537780237,297.8611371850886,28.6
41225000,-83.08620355353938,277.46339016358,28.6
41250000,-64.56663821443746,396.72635330224307,28.6
41275000,-74.95080779463059,453.8638851865137,28.6
41300000,-73.24732276141997,312.49832719304874,28.6
41325000,-85.35418417143202,328.8811584051762,28.6
41350000,-72.1543964004448,191.03283260265763,28.6
41375000,-74.20524160057988,306.0214728900533,28.6
41400000,-84.11052437438349,304.8434038142751,28.6
41425000,-69.14305950741702,365.13041658936305,28.6
41450000,-94.08089424523254,426.3085078793017,28.6
41475000,-87.04097953312083,321.0103389252117,28.6
41500000,-78.77134905496581,264.5615502791307,28.6
41525000,-77.77803263557114,269.56259685081426,28.6
41550000,-64.45209067135266,297.2347847828908,28.6
41575000,-104.06897062775647,359.0512429723397,28.6
41600000,-69.47468920149305,395.88023320767,28.6
41625000,-99.03002841230125,239.70947858475816,28.6
41650000,-84.16562073420363,335.75109613012273,28.6
41675000,-71.24036254532717,383.9124508401417,28.6
41700000,-77.36583946853261,217.45545684605256,28.6
41725000,-81.19578353136646,312.63679457170946,28.6
41750000,-73.24522785176356,315.7927421766163,28.6
41775000,-102.37561711523716,263.0364465380378,28.6
41800000,-81.29759469146767,265.23192448306446,28.6
41825000,-93.20148730875934,329.211492807023,28.6
41850000,-87.26093379584668,304.6928172218048,28.6
41875000,-72.76771672137663,317.6647442175918,28.6
41900000,-83.2719418501751,303.77383958333417,28.6
41925000,-84.99404722185795,240.92729343256931,28.6
41950000,-86.46768390066808,258.07579342007557,28.6
41975000,-67.54444222050296,257.444106420942,28.6
42000000,-93.67561166843245,342.10474842175717,28.6
42025000,-76.39439424956086,317.59116246515475,28.6
42050000,-81.49532013843807,319.46848743625304,28.6
42075000,-72.72778747009426,353.2215134686107,28.6
42100000,-74.19221274614236,287.67735074497074,28.6
42125000,-100.6737951918325,361.8443858985394,28.6
42150000,-70.85261734516067,278.4632861948599,28.6
42175000,-94.95555205844525,285.0172636099649,28.6
42200000,-99.6735789599511,314.63464017200454,28.6
42225000,-90.33518947162842,287.0732690424145,28.6
42250000,-79.64671018567947,282.6270244566039,28.6
42275000,-86.30129819985989,255.98116871854592,28.6
42300000,-88.91043313911209,245.65095976585351,28.6
42325000,-77.27849367588367,229.29212008904608,28.6
42350000,-50.30206224073049,351.1107686791542,28.6
42375000,-85.89753856129494,279.63758912987447,28.6
42400000,-81.00301624799964,295.35515692582266,28.6
42425000,-86.87648889237177,275.4715087721236,28.6
42450000,-67.29619653444887,298.433477766596,28.6
42475000,-72.15581573791181,335.4566485908193,28.6
42500000,-81.6419378013628,287.92129767891043,28.6
42525000,-81.70998713379758,309.072164970821,28.6
42550000,-77.34946621996554,355.4021294943411,28.6
42575000,-79.07295292643144,222.5172282828429,28.6
42600000,-76.24539101088033,241.3040577564804,28.6
42625000,-80.29189788667881,360.8112251584949,28.6
42650000,-61.502821649659296,345.1280371659362,28.6
42675000,-69.33147800134321,355.52495833837355,28.6
42700000,-80.77304815022475,301.9527766904495,28.6
42725000,-108.58222501982468,306.28855257776667,28.6
42750000,-82.18190219728288,211.29952010422497,28.6
42775000,-95.16006659838112,352.6071742068221,28.6
42800000,-75.76589949486772,301.7024843072364,28.6
42825000,-67.11813378975262,246.92638532002334,28.6
42850000,-96.6465166382093,291.35473088153924,28.6
42875000,-61.29578603020699,476.7731325834466,28.6
42900000,-82.89976287587353,339.99490087117505,28.6
42925000,-92.78285383111317,349.86538776416876,28.6
42950000,-61.35770815009765,391.2987383830952,28.6
42975000,-81.83322324908406,291.79867518565305,28.6
43000000,-53.800269113082386,332.24945178015855,28.6
43025000,-105.21994379340592,232.27739285253048,28.6
43050000,-43.05988631084755,288.4197165994401,28.6
43075000,-88.48904932402752,209.21045621917992,28.6
43100000,-80.4565210688214,372.7407312721996,28.6
43125000,-70.05065139811495,248.2796676890489,28.6
43150000,-83.435709803115,308.31177938326283,28.6
43175000,-91.55646814967413,314.31937199929837,28.6
43200000,-87.91077300987274,301.96468629967205,28.6
43225000,-78.32118266844401,334.00100210254595,28.6
43250000,-74.26897552106725,300.6528077367213,28.6
43275000,-77.57523685344952,355.93664721363314,28.6
43300000,-69.81600374669853,218.70229910333862,28.6
43325000,-79.24238868823677,292.3925361998002,28.6
43350000,-78.42065077628304,302.461730783656,28.6
43375000,-89.10033644050006,305.60668346855095,28.6
43400000,-70.05628682150547,284.91778680966786,28.6
43425000,-88.506700207529,350.06206291451866,28.6
43450000,-68.49434705539687,219.87901799797115,28.6
43475000,-74.9563258824908,371.791042775315,28.6
43500000,-63.67733978149023,319.76156334522244,28.6
43525000,-72.0748089955863,187.77272815424888,28.6
43550000,-97.80880983247077,260.40932130501545,28.6
43575000,-54.704545472194994,261.07506965019536,28.6
43600000,-85.62494329799394,237.3766269439035,28.6
43625000,-78.57470469284398,308.8101739819995,28.6
43650000,-69.10066430118096,318.04619967251864,28.6
43675000,-76.37330817273265,332.0669859329042,28.6
43700000,-89.08587396122904,341.4801196768142,28.6
43725000,-87.3351040263295,315.87769339736843,28.6
43750000,-88.23727705337612,232.08946256484876,28.6
43775000,-73.97059652773771,240.04150718730548,28.6
43800000,-84.28956073159816,372.25904651456506,28.6
43825000,-46.806624171261504,302.01263612493733,28.6
43850000,-88.79193502816238,317.74738499631354,28.6
43875000,-78.97141407956151,379.03990030784297,28.6
43900000,-71.78267239141908,273.38600863243505,28.6
43925000,-89.30136354696808,290.28914720602614,28.6
43950000,-77.82277317375384,372.7053269040891,28.6
43975000,-91.70578725672922,218.7688779101242,28.6
44000000,-78.79537956390199,229.5514152670384,28.6
44025000,-76.66526103449102,328.70289731965045,28.6
44050000,-49.752470598278876,214.0941548697832,28.6
44075000,-33.974852049539166,348.8404610070218,28.6
44100000,-73.69463954509911,199.82689006381844,28.6
44125000,-95.25483784834641,326.7950021078044,28.6
44150000,-79.52117902593181,299.6206936892943,28.6
44175000,-84.97372887254434,272.65947788031224,28.6
44200000,-82.79766921016292,286.3677724586118,28.6
44225000,-49.78923104807369,386.7814948375669,28.6
44250000,-61.48046844763732,344.979314151423,28.6
44275000,-69.06061033178909,286.46645449473823,28.6
44300000,-90.65611159461149,254.94903749198144,28.6
44325000,-84.71048524386197,305.3902041128307,28.6
44350000,-80.87009025248581,280.88159646658596,28.6
44375000,-90.36864369141846,346.1734830311324,28.6
44400000,-86.48536074695753,353.93597497817785,28.6
44425000,-85.94508744738937,226.5583901330983,28.6
44450000,-69.68889453811884,255.3789532447975,28.6
44475000,-79.04788599082792,260.3638672817717,28.6
44500000,-85.4848373851912,213.33741077492044,28.6
44525000,-84.63490430250559,357.9694900852969,28.6
44550000,-85.50722020834888,322.79028320739127,28.6
44575000,-82.4346465292167,337.70669978746497,28.6
44600000,-86.93978811101525,301.3743001663486,28.6
44625000,-77.23835769984053,483.10037648092606,28.6
44650000,-70.25957632749811,200.09179123449158,28.6
44675000,-102.02190352301031,288.10207506567696,28.6
44700000,-90.50103219870013,260.2683695366395,28.6
44725000,-81.64667157771734,329.53354757019844,28.6
44750000,-91.10871554377628,419.42618663165234,28.6
44775000,-76.79636489294793,230.46337491712106,28.6
44800000,-75.47946191139302,376.07136625930957,28.6
44825000,-63.41387730932916,337.3706719984406,28.6
44850000,-63.89729117016077,362.72721056704586,28.6
44875000,-93.19827134750975,167.66307461329404,28.6
44900000,-94.20622820997818,376.8424487972498,28.6
44925000,-68.53667224083057,282.0653613147775,28.6
44950000,-77.07901097285762,260.092336360796,28.6
44975000,-75.0828280347269,388.7432998622382,28.6
45000000,-60.886543350776996,253.8195573288708,28.6
45025000,-52.36916664289437,290.51154620903264,28.6
45050000,-85.88113054608992,230.89571753102794,28.6
45075000,-74.92713287795543,243.90662826683797,28.6
45100000,-70.50751536957642,296.3558466976173,28.6
45125000,-91.54376949748237,238.89548188930664,28.6
45150000,-68.88695655216421,266.7497251572504,28.6
45175000,-56.14596990684295,320.3795060731056,28.6
45200000,-89.7332319438053,232.57269667900704,28.6
45225000,-60.94159540584491,283.54267527649927,28.6
45250000,-69.27603847090236,431.18559669650114,28.6
45275000,-66.958672138249,273.19535540572406,28.6
45300000,-59.320355817182254,328.4832256785402,28.6
45325000,-80.7507860516557,266.72821804665205,28.6
45350000,-83.04586961940228,373.926135848283,28.6
45375000,-53.889123145247716,361.68141228663455,28.6
45400000,-89.28235278312721,346.1185450246046,28.6
45425000,-61.71833791742834,303.6596344587755,28.6
45450000,-65.99742637104676,331.03632518817795,28.6
45475000,-85.07856678246054,367.72892395408206,28.6
45500000,-79.49514091481629,231.2001480824781,28.6
45525000,-70.02243249185514,201.63492580153277,28.6
45550000,-80.67428064889583,234.22755566325287,28.6
45575000,-93.1435335688902,308.1186880113897,28.5
45600000,-77.59853276070183,238.47061164398323,28.5
45625000,-82.58904762948103,272.9123172723061,28.5
45650000,-91.30764456854159,191.80907894213703,28.5
45675000,-67.90276989049214,286.53114810426905,28.5
45700000,-58.844624946985384,305.76898629516893,28.5
45725000,-82.20888165331708,391.4469327920037,28.5
45750000,-62.18724067792087,386.4731211067322,28.5
45775000,-64.93671430864943,371.6995636492238,28.5
45800000,-65.42113294783883,429.3811879392251,28.5
45825000,-84.13670858481208,380.38900965035646,28.5
45850000,-91.77526759177638,365.03731107473055,28.5
45875000,-90.97012644099581,252.21017826230403,28.5
45900000,-89.76994913513194,312.7007276497482,28.5
45925000,-68.40969552216055,293.0230546739196,28.5
45950000,-61.192255551684916,256.78482936996863,28.5
45975000,-51.85186953061458,305.8625180163013,28.5
46000000,-83.76319731287242,354.65405170170976,28.5
46025000,-75.86651853830605,371.72505780353055,28.5
46050000,-84.28649140949594,190.17657821602933,28.5
46075000,-92.65455242540672,316.56371425571155,28.5
46100000,-97.69752289117517,377.97645280536557,28.5
46125000,-89.4254006304053,238.80755165443105,28.5
46150000,-71.45699041568383,290.63739181878475,28.5
46175000,-96.58337072258325,293.70727406699274,28.5
46200000,-74.63591825907605,399.5513990598035,28.5
46225000,-78.67277449068958,298.01945573536904,28.5
46250000,-66.9353174862896,284.0443565123141,28.5
46275000,-78.52004458344943,262.7920243620573,28.5
46300000,-81.48457787876121,299.47304685802106,28.5
46325000,-76.94804817270682,252.02064779375604,28.5
46350000,-81.39953841859517,244.57657639774,28.5
46375000,-81.31056630106033,390.47129533279036,28.5
46400000,-89.62744149211184,253.59301324621347,28.5
46425000,-75.79157967718072,228.24050650438798,28.5
46450000,-59.95785864747523,296.10294374409614,28.5
46475000,-57.113603692053566,235.44637983388586,28.5
46500000,-73.08314939241434,185.2312710998325,28.5
46525000,-78.55479340182976,261.21792605190785,28.5
46550000,-94.71523403984344,253.43984013264904,28.5
46575000,-68.83433889856947,356.6392641981971,28.5
46600000,-94.56224270568367,375.68215064889324,28.5
46625000,-88.38660264234807,352.30137663693444,28.5
46650000,-92.65986207593261,352.1747901553448,28.5
46675000,-93.61864660360573,465.75100608549417,28.5
46700000,-58.40581645923161,198.30867129496195,28.5
46725000,-70.5976640737039,227.8815492642066,28.5
46750000,-87.03217870640756,332.7515416858119,28.5
46775000,-55.79633958315874,270.79180851835383,28.5
46800000,-64.88938370547989,315.88473652785603,28.5
46825000,-76.80719412983981,357.67480117527,28.5
46850000,-74.1418578716984,288.220922636029,28.5
46875000,-74.27039617270839,271.23493381959224,28.5
46900000,-84.63936353477916,320.3442857378022,28.5
46925000,-77.1177982731152,253.92671741676932,28.5
46950000,-84.24234185077383,380.347292902907,28.5
46975000,-86.81064609412806,261.26802951697397,28.5
47000000,-78.26732878186334,268.67909585100915,28.5
47025000,-56.95305275773581,352.1279659669521,28.5
47050000,-78.65286926077815,250.39576394688507,28.5
47075000,-93.16414279806934,288.77648506920167,28.5
47100000,-64.70673422839252,308.7163716683589,28.5
47125000,-64.13549066676848,370.5263359672877,28.5
47150000,-81.76339505458145,312.42380588134955,28.5
47175000,-80.37436467112653,284.8994325553472,28.5
47200000,-82.10347211573112,340.1936039154593,28.5
47225000,-70.63574204041282,261.5657453232987,28.5
47250000,-79.22055420833199,242.07180099779,28.5
47275000,-20.873262376497266,257.708465503745,28.5
47300000,-99.99642717221266,434.4798911996474,28.5
47325000,-57.33769100441606,347.62596725135273,28.5
47350000,-62.09580690380502,463.8000966974675,28.5
47375000,-79.95636405663188,357.8914926970635,28.5
47400000,-60.29027833444535,309.45936854774965,28.5
47425000,-93.10424526689894,402.79525593355,28.5
47450000,-75.20848640787693,292.04485446315294,28.5
47475000,-84.8945314860566,266.1146226229078,28.5
47500000,-64.81022064644348,226.81821672686496,28.5
47525000,-72.97848156372662,450.81596143780826,28.5
47550000,-83.97521718179591,294.8829982678954,28.5
47575000,-84.86673185269049,263.88583700577067,28.5
47600000,-86.68609080752525,258.4261666495345,28.5
47625000,-84.74090132825759,260.59517050149327,28.5
47650000,-67.28466046880628,304.1570516614446,28.5
47675000,-73.02880194723218,275.4609811871733,28.5
47700000,-68.58757838754424,305.14650132714934,28.5
47725000,-73.5115409922057,417.8017377973065,28.5
47750000,-77.6133048478429,378.37205454918785,28.5
47775000,-59.11883990208476,240.79775345467863,28.5
47800000,-102.2232037572063,273.8558324902814,28.5
47825000,-85.9169180518723,293.68617791653156,28.5
47850000,-92.88085400187502,340.868629740918,28.5
47875000,-98.16575162417078,288.37131277621864,28.5
47900000,-68.67549393075561,250.73645835192227,28.5
47925000,-77.5306370786634,315.24144551180973,28.5
47950000,-85.90675368695838,348.0392529340847,28.5
47975000,-72.28144094601731,310.1889451532318,28.5
48000000,-82.90854303286972,337.7181590992684,28.5
48025000,-68.83234978902203,219.2624077424272,28.5
48050000,-80.75328110022552,295.3471846571007,28.5
48075000,-58.910473260610466,394.69198009134726,28.5
48100000,-86.55038280417934,260.63116944043225,28.4
48125000,-82.56647826203542,335.633363865917,28.4
48150000,-79.31986561782603,291.9348288472124,28.4
48175000,-71.53523537758238,276.68737782668273,28.4
48200000,-64.64640906743504,226.77508963041075,28.4
48225000,-80.94127242668215,339.4622774959989,28.4
48250000,-75.17031894933757,300.44523745019274,28.4
48275000,-90.43198387926303,262.4576519997681,28.4
48300000,-65.86531094677912,174.54583813117995,28.4
48325000,-84.88355984804531,312.0801526503047,28.4
48350000,-83.84925894187359,314.7845610274284,28.4
48375000,-61.264868051706344,329.2464984785671,28.4
48400000,-63.727082489522864,334.27576401727424,28.4
48425000,-74.72186872530841,411.56378514309085,28.4
48450000,-78.87487038751877,400.6169913579146,28.4
48475000,-72.61118038403812,371.352664805558,28.3
48500000,-75.72721025593685,317.62046460802674,28.3
48525000,-81.02880272181721,219.35223784329654,28.3
48550000,-79.27174382775436,242.69650795641925,28.3
48575000,-79.44642250987985,353.4294190546433,28.3
48600000,-78.80429008339974,310.2715229893564,28.3
48625000,-75.60269081969182,285.99660344044486,28.3
48650000,-90.47088420155947,259.3281096943495,28.3
48675000,-87.80882424688215,273.75227701718194,28.3
48700000,-82.2259118155003,376.7468015979101,28.3
48725000,-54.25841830408219,361.8081299601531,28.3
48750000,-73.35584435875722,252.76323364956744,28.3
48775000,-51.20648267275692,275.8083787011186,28.3
48800000,-69.60109682207519,366.4132177401787,28.3
48825000,-77.71766931662135,281.41545282522924,28.3
48850000,-75.96453877812934,293.4009417312374,28.3
48875000,-76.97071343496206,259.24163290298566,28.3
48900000,-87.84762948417253,361.68183686171017,28.3
48925000,-77.08041420564444,314.59185305183723,28.3
48950000,-67.44597969002689,471.3940289128422,28.3
48975000,-67.30574249870963,168.78513303927636,28.3
49000000,-66.6703879926048,268.72413914411794,28.3
49025000,-76.20761189773273,243.47117574983122,28.3
49050000,-82.28530780423253,346.1712975261572,28.3
49075000,-63.47703342071832,265.3690912077664,28.3
49100000,-90.85641470866803,282.7376632171198,28.3
49125000,-92.93862405379257,282.3763522256047,28.3
49150000,-77.68111091871192,385.41950083298775,28.3
49175000,-57.83107210196316,270.49543422397943,28.3
49200000,-74.51186701424899,257.823870034976,28.3
49225000,-91.65725241275206,204.3172770497879,28.3
49250000,-62.637588632432525,342.56922935991554,28.3
49275000,-77.36612027704263,206.77808553089673,28.3
49300000,-91.53034764966259,212.1033227887288,28.3
49325000,-54.26976445451192,344.0026900401146,28.3
49350000,-83.42939197641846,292.5845471482037,28.3
49375000,-88.09175674120752,255.97004175786563,28.3
49400000,-78.05469666121185,362.7533324476814,28.3
49425000,-73.19289397281571,481.54574809456693,28.3
49450000,-97.75934103872707,263.423382035836,28.3
49475000,-84.0985730200523,332.45747922062566,28.3
49500000,-93.79912853436923,331.3361578516087,28.3
49525000,-69.82527740609274,250.77317528449305,28.3
49550000,-85.67732847680695,286.69561174065365,28.3
49575000,-81.28334442120652,408.0471098140775,28.3
49600000,-90.37835969836945,256.43719021167124,28.3
49625000,-78.17733827408638,403.0690646370537,28.3
49650000,-62.359189507155094,240.694979087754,28.3
49675000,-63.69311101425993,278.4733622269601,28.3
49700000,-59.102820650816284,332.8373491695901,28.3
49725000,-64.16949741122752,244.6341164334676,28.3
49750000,-73.74254434907212,266.8858519379637,28.3
49775000,-78.56773109159784,326.6996395739328,28.3
49800000,-90.9289499510925,334.13078126364303,28.3
49825000,-77.53888559426994,281.0169913480018,28.3
49850000,-82.70460844256141,403.90245447257826,28.3
49875000,-90.63375911681415,241.3273078395953,28.3
49900000,-82.39338783415734,173.9822699854983,28.3
49925000,-95.80451724021886,473.987576663675,28.3
49950000,-70.32996226694296,331.5980627625805,28.3
49975000,-82.55346124750903,270.00569074015414,28.3
50000000,-51.857964350759154,306.1860177927949,28.3
